year,player,school,position,game,source_url
2009,Alex Mack,California,OL,senior_bowl,https://en.wikipedia.org/wiki/2009_Senior_Bowl
2009,Alex Magee,Purdue,DL,senior_bowl,https://en.wikipedia.org/wiki/2009_Senior_Bowl
2009,Alphonso Smith,Wake Forest,DB,senior_bowl,https://en.wikipedia.org/wiki/2009_Senior_Bowl
2009,Andre Brown,NC State,RB,senior_bowl,https://en.wikipedia.org/wiki/2009_Senior_Bowl
2009,Andy Levitre,Oregon State,OL,senior_bowl,https://en.wikipedia.org/wiki/2009_Senior_Bowl
2009,Anthony Hill,NC State,TE,senior_bowl,https://en.wikipedia.org/wiki/2009_Senior_Bowl
2009,Antoine Caldwell,Alabama,OL,senior_bowl,https://en.wikipedia.org/wiki/2009_Senior_Bowl
2009,Antone Smith,Florida State,RB,senior_bowl,https://en.wikipedia.org/wiki/2009_Senior_Bowl
2009,Ashlee Palmer,Ole Miss,LB,senior_bowl,https://en.wikipedia.org/wiki/2009_Senior_Bowl
2009,B. J. Raji,Boston College,DL,senior_bowl,https://en.wikipedia.org/wiki/2009_Senior_Bowl
2009,Brandon Gibson,Washington State,WR,senior_bowl,https://en.wikipedia.org/wiki/2009_Senior_Bowl
2009,Brandon Pettigrew,Oklahoma State,TE,senior_bowl,https://en.wikipedia.org/wiki/2009_Senior_Bowl
2009,Brian Cushing,USC,LB,senior_bowl,https://en.wikipedia.org/wiki/2009_Senior_Bowl
2009,Brian Robiskie,Ohio State,WR,senior_bowl,https://en.wikipedia.org/wiki/2009_Senior_Bowl
2009,Cedric Peerman,Virginia,RB,senior_bowl,https://en.wikipedia.org/wiki/2009_Senior_Bowl
2009,Chip Vaughn,Wake Forest,DB,senior_bowl,https://en.wikipedia.org/wiki/2009_Senior_Bowl
2009,Clay Matthews III,USC,LB,senior_bowl,https://en.wikipedia.org/wiki/2009_Senior_Bowl
2009,Clint Sintim,Virginia,LB,senior_bowl,https://en.wikipedia.org/wiki/2009_Senior_Bowl
2009,Cody Brown,Connecticut,DL,senior_bowl,https://en.wikipedia.org/wiki/2009_Senior_Bowl
2009,Connor Barwin,Cincinnati,TE,senior_bowl,https://en.wikipedia.org/wiki/2009_Senior_Bowl
2009,Corvey Irvin,Georgia,DL,senior_bowl,https://en.wikipedia.org/wiki/2009_Senior_Bowl
2009,Coye Francies,San Jose State,DB,senior_bowl,https://en.wikipedia.org/wiki/2009_Senior_Bowl
2009,Cullen Harper,Clemson,QB,senior_bowl,https://en.wikipedia.org/wiki/2009_Senior_Bowl
2009,Darius Butler,Connecticut,DB,senior_bowl,https://en.wikipedia.org/wiki/2009_Senior_Bowl
2009,Darry Beckwith,LSU,LB,senior_bowl,https://en.wikipedia.org/wiki/2009_Senior_Bowl
2009,David Bruton,Notre Dame,DB,senior_bowl,https://en.wikipedia.org/wiki/2009_Senior_Bowl
2009,David Veikune,Hawaii,DL,senior_bowl,https://en.wikipedia.org/wiki/2009_Senior_Bowl
2009,DeAngelo Smith,Cincinnati,DB,senior_bowl,https://en.wikipedia.org/wiki/2009_Senior_Bowl
2009,Derek Pegues,Mississippi St.,DB,senior_bowl,https://en.wikipedia.org/wiki/2009_Senior_Bowl
2009,Derrick Williams,Penn State,WR,senior_bowl,https://en.wikipedia.org/wiki/2009_Senior_Bowl
2009,Domonique Johnson,Jackson State,DB,senior_bowl,https://en.wikipedia.org/wiki/2009_Senior_Bowl
2009,Ellis Lankster,West Virginia,DB,senior_bowl,https://en.wikipedia.org/wiki/2009_Senior_Bowl
2009,Eric Kettani,Navy,RB,senior_bowl,https://en.wikipedia.org/wiki/2009_Senior_Bowl
2009,Eric Wood,Louisville,OL,senior_bowl,https://en.wikipedia.org/wiki/2009_Senior_Bowl
2009,Evander Hood,Missouri,DL,senior_bowl,https://en.wikipedia.org/wiki/2009_Senior_Bowl
2009,Fili Moala,USC,DL,senior_bowl,https://en.wikipedia.org/wiki/2009_Senior_Bowl
2009,Graham Harrell,Texas Tech,QB,senior_bowl,https://en.wikipedia.org/wiki/2009_Senior_Bowl
2009,Greg Carr,Florida State,WR,senior_bowl,https://en.wikipedia.org/wiki/2009_Senior_Bowl
2009,Herman Johnson,LSU,OL,senior_bowl,https://en.wikipedia.org/wiki/2009_Senior_Bowl
2009,Jake Ingram,Hawaii,DS,senior_bowl,https://en.wikipedia.org/wiki/2009_Senior_Bowl
2009,James Davis,Clemson,RB,senior_bowl,https://en.wikipedia.org/wiki/2009_Senior_Bowl
2009,Jason Watkins,Florida,OL,senior_bowl,https://en.wikipedia.org/wiki/2009_Senior_Bowl
2009,Jeremiah Johnson,Oregon,RB,senior_bowl,https://en.wikipedia.org/wiki/2009_Senior_Bowl
2009,John Parker Wilson,Alabama,QB,senior_bowl,https://en.wikipedia.org/wiki/2009_Senior_Bowl
2009,John Phillips,Virginia,TE,senior_bowl,https://en.wikipedia.org/wiki/2009_Senior_Bowl
2009,Jonathan Luigs,Arkansas,OL,senior_bowl,https://en.wikipedia.org/wiki/2009_Senior_Bowl
2009,Juaquin Iglesias,Oklahoma,WR,senior_bowl,https://en.wikipedia.org/wiki/2009_Senior_Bowl
2009,Keenan Lewis,Oregon State,DB,senior_bowl,https://en.wikipedia.org/wiki/2009_Senior_Bowl
2009,Kevin Huber,Cincinnati,P,senior_bowl,https://en.wikipedia.org/wiki/2009_Senior_Bowl
2009,Kory Sheets,Purdue,RB,senior_bowl,https://en.wikipedia.org/wiki/2009_Senior_Bowl
2009,Kraig Urbik,Wisconsin,OL,senior_bowl,https://en.wikipedia.org/wiki/2009_Senior_Bowl
2009,Kyle Moore,USC,DL,senior_bowl,https://en.wikipedia.org/wiki/2009_Senior_Bowl
2009,Larry English,Northern Illinois,DL,senior_bowl,https://en.wikipedia.org/wiki/2009_Senior_Bowl
2009,Lawrence Sidbury,Richmond,DL,senior_bowl,https://en.wikipedia.org/wiki/2009_Senior_Bowl
2009,Louie Sakoda,Utah,K,senior_bowl,https://en.wikipedia.org/wiki/2009_Senior_Bowl
2009,Louis Delmas,Western Michigan,DB,senior_bowl,https://en.wikipedia.org/wiki/2009_Senior_Bowl
2009,Macho Harris,Virginia Tech,DB,senior_bowl,https://en.wikipedia.org/wiki/2009_Senior_Bowl
2009,Manuel Johnson,Oklahoma,WR,senior_bowl,https://en.wikipedia.org/wiki/2009_Senior_Bowl
2009,Marcus Freeman,Ohio State,LB,senior_bowl,https://en.wikipedia.org/wiki/2009_Senior_Bowl
2009,Mark Estermyer,Pittsburgh,DS,senior_bowl,https://en.wikipedia.org/wiki/2009_Senior_Bowl
2009,Max Unger,Oregon,OL,senior_bowl,https://en.wikipedia.org/wiki/2009_Senior_Bowl
2009,Michael Hamlin,Clemson,DB,senior_bowl,https://en.wikipedia.org/wiki/2009_Senior_Bowl
2009,Michael Oher,Ole Miss,OL,senior_bowl,https://en.wikipedia.org/wiki/2009_Senior_Bowl
2009,Mike Thomas,Arizona,WR,senior_bowl,https://en.wikipedia.org/wiki/2009_Senior_Bowl
2009,Mike Wallace,Ole Miss,WR,senior_bowl,https://en.wikipedia.org/wiki/2009_Senior_Bowl
2009,Mitch King,Iowa,DL,senior_bowl,https://en.wikipedia.org/wiki/2009_Senior_Bowl
2009,Moise Fokou,Maryland,LB,senior_bowl,https://en.wikipedia.org/wiki/2009_Senior_Bowl
2009,Morgan Trent,Michigan,DB,senior_bowl,https://en.wikipedia.org/wiki/2009_Senior_Bowl
2009,Nathan Brown,Central Arkansas,QB,senior_bowl,https://en.wikipedia.org/wiki/2009_Senior_Bowl
2009,Pat McAfee,West Virginia,K,senior_bowl,https://en.wikipedia.org/wiki/2009_Senior_Bowl
2009,Pat White,West Virginia,QB,senior_bowl,https://en.wikipedia.org/wiki/2009_Senior_Bowl
2009,Patrick Chung,Oregon,DB,senior_bowl,https://en.wikipedia.org/wiki/2009_Senior_Bowl
2009,Patrick Turner,USC,WR,senior_bowl,https://en.wikipedia.org/wiki/2009_Senior_Bowl
2009,Peria Jerry,Ole Miss,DL,senior_bowl,https://en.wikipedia.org/wiki/2009_Senior_Bowl
2009,Phil Loadholt,Oklahoma,OL,senior_bowl,https://en.wikipedia.org/wiki/2009_Senior_Bowl
2009,Quan Cosby,Texas,WR,senior_bowl,https://en.wikipedia.org/wiki/2009_Senior_Bowl
2009,Quinn Johnson,LSU,RB,senior_bowl,https://en.wikipedia.org/wiki/2009_Senior_Bowl
2009,Ramses Barden,Cal Poly,WR,senior_bowl,https://en.wikipedia.org/wiki/2009_Senior_Bowl
2009,Rashad Jennings,Liberty,RB,senior_bowl,https://en.wikipedia.org/wiki/2009_Senior_Bowl
2009,Rashad Johnson,Alabama,DB,senior_bowl,https://en.wikipedia.org/wiki/2009_Senior_Bowl
2009,Rey Maualuga,USC,LB,senior_bowl,https://en.wikipedia.org/wiki/2009_Senior_Bowl
2009,Rhett Bomar,Sam Houston State,QB,senior_bowl,https://en.wikipedia.org/wiki/2009_Senior_Bowl
2009,Robert Ayers,Tennessee,DL,senior_bowl,https://en.wikipedia.org/wiki/2009_Senior_Bowl
2009,Ron Brace,Boston College,DL,senior_bowl,https://en.wikipedia.org/wiki/2009_Senior_Bowl
2009,Ryan Shuman,Virginia Tech,OL,senior_bowl,https://en.wikipedia.org/wiki/2009_Senior_Bowl
2009,Scott McKillop,Pittsburgh,LB,senior_bowl,https://en.wikipedia.org/wiki/2009_Senior_Bowl
2009,Shawn Nelson,Southern Miss,TE,senior_bowl,https://en.wikipedia.org/wiki/2009_Senior_Bowl
2009,Sherrod Martin,Troy,DB,senior_bowl,https://en.wikipedia.org/wiki/2009_Senior_Bowl
2009,Thomas Morstead,SMU,P,senior_bowl,https://en.wikipedia.org/wiki/2009_Senior_Bowl
2009,Tim Jamison,Michigan,DL,senior_bowl,https://en.wikipedia.org/wiki/2009_Senior_Bowl
2009,Tony Fiammetta,Syracuse,RB,senior_bowl,https://en.wikipedia.org/wiki/2009_Senior_Bowl
2009,Travis McCall,Alabama,TE,senior_bowl,https://en.wikipedia.org/wiki/2009_Senior_Bowl
2009,Trevor Canfield,Cincinnati,OL,senior_bowl,https://en.wikipedia.org/wiki/2009_Senior_Bowl
2009,Troy Kropog,Tulane,OL,senior_bowl,https://en.wikipedia.org/wiki/2009_Senior_Bowl
2009,Tyrone McKenzie,South Florida,LB,senior_bowl,https://en.wikipedia.org/wiki/2009_Senior_Bowl
2009,Tyronne Green,Auburn,OL,senior_bowl,https://en.wikipedia.org/wiki/2009_Senior_Bowl
2009,Vance Walker,Georgia Tech,DL,senior_bowl,https://en.wikipedia.org/wiki/2009_Senior_Bowl
2009,Will Davis,Illinois,DL,senior_bowl,https://en.wikipedia.org/wiki/2009_Senior_Bowl
2009,William Beatty,Connecticut,OL,senior_bowl,https://en.wikipedia.org/wiki/2009_Senior_Bowl
2009,William Moore,Missouri,DB,senior_bowl,https://en.wikipedia.org/wiki/2009_Senior_Bowl
2009,Xavier Fulton,Illinois,OL,senior_bowl,https://en.wikipedia.org/wiki/2009_Senior_Bowl
2009,Zack Follett,California,LB,senior_bowl,https://en.wikipedia.org/wiki/2009_Senior_Bowl
2010,A. J. Edds,Iowa,LB,senior_bowl,https://en.wikipedia.org/wiki/2010_Senior_Bowl
2010,Alex Carrington,Arkansas State,DL,senior_bowl,https://en.wikipedia.org/wiki/2010_Senior_Bowl
2010,Andre Roberts,The Citadel,WR,senior_bowl,https://en.wikipedia.org/wiki/2010_Senior_Bowl
2010,Anthony Dixon,Mississippi State,RB,senior_bowl,https://en.wikipedia.org/wiki/2010_Senior_Bowl
2010,Anthony McCoy,Southern Cal,TE,senior_bowl,https://en.wikipedia.org/wiki/2010_Senior_Bowl
2010,Antonio Coleman,Auburn,DL,senior_bowl,https://en.wikipedia.org/wiki/2010_Senior_Bowl
2010,Austen Lane,Murray State,DL,senior_bowl,https://en.wikipedia.org/wiki/2010_Senior_Bowl
2010,Ben Tate,Auburn,RB,senior_bowl,https://en.wikipedia.org/wiki/2010_Senior_Bowl
2010,Brandon Ghee,Wake Forest,DB,senior_bowl,https://en.wikipedia.org/wiki/2010_Senior_Bowl
2010,Brandon Graham,Michigan,DL,senior_bowl,https://en.wikipedia.org/wiki/2010_Senior_Bowl
2010,Brandon Lang,Troy,DL,senior_bowl,https://en.wikipedia.org/wiki/2010_Senior_Bowl
2010,Brett Swenson,Michigan State,PK,senior_bowl,https://en.wikipedia.org/wiki/2010_Senior_Bowl
2010,C. J. Wilson,East Carolina,DL,senior_bowl,https://en.wikipedia.org/wiki/2010_Senior_Bowl
2010,Cam Thomas,North Carolina,DL,senior_bowl,https://en.wikipedia.org/wiki/2010_Senior_Bowl
2010,Cameron Sheffield,Troy,LB,senior_bowl,https://en.wikipedia.org/wiki/2010_Senior_Bowl
2010,Chris Brown,Oklahoma,RB,senior_bowl,https://en.wikipedia.org/wiki/2010_Senior_Bowl
2010,Chris Cook,Virginia,DB,senior_bowl,https://en.wikipedia.org/wiki/2010_Senior_Bowl
2010,Chris Scott,Tennessee,OL,senior_bowl,https://en.wikipedia.org/wiki/2010_Senior_Bowl
2010,Ciron Black,LSU,OL,senior_bowl,https://en.wikipedia.org/wiki/2010_Senior_Bowl
2010,Colin Peek,Alabama,TE,senior_bowl,https://en.wikipedia.org/wiki/2010_Senior_Bowl
2010,Cory Jackson,Maryland,RB,senior_bowl,https://en.wikipedia.org/wiki/2010_Senior_Bowl
2010,D'Anthony Smith,Louisiana Tech,DL,senior_bowl,https://en.wikipedia.org/wiki/2010_Senior_Bowl
2010,Dan LeFevour,Central Michigan,QB,senior_bowl,https://en.wikipedia.org/wiki/2010_Senior_Bowl
2010,Dan Williams,Tennessee,DL,senior_bowl,https://en.wikipedia.org/wiki/2010_Senior_Bowl
2010,Danario Alexander,Missouri,WR,senior_bowl,https://en.wikipedia.org/wiki/2010_Senior_Bowl
2010,Darryl Sharpton,Miami,LB,senior_bowl,https://en.wikipedia.org/wiki/2010_Senior_Bowl
2010,Daryl Washington,TCU,LB,senior_bowl,https://en.wikipedia.org/wiki/2010_Senior_Bowl
2010,Dekoda Watson,Florida State,LB,senior_bowl,https://en.wikipedia.org/wiki/2010_Senior_Bowl
2010,Devin McCourty,Rutgers,DB,senior_bowl,https://en.wikipedia.org/wiki/2010_Senior_Bowl
2010,Dexter McCluster,Ole Miss,WR,senior_bowl,https://en.wikipedia.org/wiki/2010_Senior_Bowl
2010,Donald Butler,Washington,LB,senior_bowl,https://en.wikipedia.org/wiki/2010_Senior_Bowl
2010,Donald Jones,Youngstown State,WR,senior_bowl,https://en.wikipedia.org/wiki/2010_Senior_Bowl
2010,Dorin Dickerson,Pittsburgh,WR,senior_bowl,https://en.wikipedia.org/wiki/2010_Senior_Bowl
2010,Ed Dickson,Oregon,TE,senior_bowl,https://en.wikipedia.org/wiki/2010_Senior_Bowl
2010,Ed Wang,Virginia Tech,OL,senior_bowl,https://en.wikipedia.org/wiki/2010_Senior_Bowl
2010,Eric Norwood,South Carolina,LB,senior_bowl,https://en.wikipedia.org/wiki/2010_Senior_Bowl
2010,Eric Olsen,Notre Dame,OL,senior_bowl,https://en.wikipedia.org/wiki/2010_Senior_Bowl
2010,Garrett Graham,Wisconsin,TE,senior_bowl,https://en.wikipedia.org/wiki/2010_Senior_Bowl
2010,Geno Atkins,Georgia,DL,senior_bowl,https://en.wikipedia.org/wiki/2010_Senior_Bowl
2010,George Selvie,South Florida,DL,senior_bowl,https://en.wikipedia.org/wiki/2010_Senior_Bowl
2010,Harry Coleman,LSU,DB,senior_bowl,https://en.wikipedia.org/wiki/2010_Senior_Bowl
2010,J. D. Walton,Baylor,OL,senior_bowl,https://en.wikipedia.org/wiki/2010_Senior_Bowl
2010,Jacoby Ford,Clemson,WR,senior_bowl,https://en.wikipedia.org/wiki/2010_Senior_Bowl
2010,Jamar Chaney,Mississippi State,LB,senior_bowl,https://en.wikipedia.org/wiki/2010_Senior_Bowl
2010,Jared Odrick,Penn State,DL,senior_bowl,https://en.wikipedia.org/wiki/2010_Senior_Bowl
2010,Jarrett Brown,West Virginia,QB,senior_bowl,https://en.wikipedia.org/wiki/2010_Senior_Bowl
2010,Javier Arenas,Alabama,DB,senior_bowl,https://en.wikipedia.org/wiki/2010_Senior_Bowl
2010,Jeff Byers,Southern Cal,OL,senior_bowl,https://en.wikipedia.org/wiki/2010_Senior_Bowl
2010,Jeff Owens,Georgia,DL,senior_bowl,https://en.wikipedia.org/wiki/2010_Senior_Bowl
2010,Jeremy Williams,Tulane,WR,senior_bowl,https://en.wikipedia.org/wiki/2010_Senior_Bowl
2010,Jerome Murphy,South Florida,DB,senior_bowl,https://en.wikipedia.org/wiki/2010_Senior_Bowl
2010,Jimmy Graham,Miami,TE,senior_bowl,https://en.wikipedia.org/wiki/2010_Senior_Bowl
2010,Joe Webb,UAB,WR,senior_bowl,https://en.wikipedia.org/wiki/2010_Senior_Bowl
2010,John Conner,Kentucky,RB,senior_bowl,https://en.wikipedia.org/wiki/2010_Senior_Bowl
2010,John Jerry,Ole Miss,OL,senior_bowl,https://en.wikipedia.org/wiki/2010_Senior_Bowl
2010,Joique Bell,Wayne State,RB,senior_bowl,https://en.wikipedia.org/wiki/2010_Senior_Bowl
2010,Justin Cole,San Jose State,DL,senior_bowl,https://en.wikipedia.org/wiki/2010_Senior_Bowl
2010,Koa Misi,Utah,LB,senior_bowl,https://en.wikipedia.org/wiki/2010_Senior_Bowl
2010,Kurt Coleman,Ohio State,DB,senior_bowl,https://en.wikipedia.org/wiki/2010_Senior_Bowl
2010,Kyle McCarthy,Notre Dame,DB,senior_bowl,https://en.wikipedia.org/wiki/2010_Senior_Bowl
2010,Kyle Wilson,Boise State,DB,senior_bowl,https://en.wikipedia.org/wiki/2010_Senior_Bowl
2010,Lamarr Houston,Texas,DL,senior_bowl,https://en.wikipedia.org/wiki/2010_Senior_Bowl
2010,Larry Asante,Nebraska,DB,senior_bowl,https://en.wikipedia.org/wiki/2010_Senior_Bowl
2010,LeGarrette Blount,Oregon,RB,senior_bowl,https://en.wikipedia.org/wiki/2010_Senior_Bowl
2010,Leigh Tiffin,Alabama,PK,senior_bowl,https://en.wikipedia.org/wiki/2010_Senior_Bowl
2010,Lonyae Miller,Fresno State,RB,senior_bowl,https://en.wikipedia.org/wiki/2010_Senior_Bowl
2010,Mardy Gilyard,Cincinnati,WR,senior_bowl,https://en.wikipedia.org/wiki/2010_Senior_Bowl
2010,Matt Dodge,East Carolina,P,senior_bowl,https://en.wikipedia.org/wiki/2010_Senior_Bowl
2010,Matt Tennant,Boston College,OL,senior_bowl,https://en.wikipedia.org/wiki/2010_Senior_Bowl
2010,Mike Hoomanawanui,Illinois,TE,senior_bowl,https://en.wikipedia.org/wiki/2010_Senior_Bowl
2010,Mike Iupati,Idaho,OL,senior_bowl,https://en.wikipedia.org/wiki/2010_Senior_Bowl
2010,Mike Johnson,Alabama,OL,senior_bowl,https://en.wikipedia.org/wiki/2010_Senior_Bowl
2010,Mike Neal,Purdue,DL,senior_bowl,https://en.wikipedia.org/wiki/2010_Senior_Bowl
2010,Mike Windt,Cincinnati,DS,senior_bowl,https://en.wikipedia.org/wiki/2010_Senior_Bowl
2010,Mitch Petrus,Arkansas,OL,senior_bowl,https://en.wikipedia.org/wiki/2010_Senior_Bowl
2010,Morgan Cox,Tennessee,DS,senior_bowl,https://en.wikipedia.org/wiki/2010_Senior_Bowl
2010,Myron Rolle,Florida State,DB,senior_bowl,https://en.wikipedia.org/wiki/2010_Senior_Bowl
2010,Nate Allen,South Florida,DB,senior_bowl,https://en.wikipedia.org/wiki/2010_Senior_Bowl
2010,Patrick Robinson,Florida State,DB,senior_bowl,https://en.wikipedia.org/wiki/2010_Senior_Bowl
2010,Perrish Cox,Oklahoma State,DB,senior_bowl,https://en.wikipedia.org/wiki/2010_Senior_Bowl
2010,Phillip Dillard,Nebraska,LB,senior_bowl,https://en.wikipedia.org/wiki/2010_Senior_Bowl
2010,Rashawn Jackson,Virginia,RB,senior_bowl,https://en.wikipedia.org/wiki/2010_Senior_Bowl
2010,Riley Cooper,Florida,WR,senior_bowl,https://en.wikipedia.org/wiki/2010_Senior_Bowl
2010,Roddrick Muckelroy,Texas,LB,senior_bowl,https://en.wikipedia.org/wiki/2010_Senior_Bowl
2010,Roy Upchurch,Alabama,RB,senior_bowl,https://en.wikipedia.org/wiki/2010_Senior_Bowl
2010,Sam Young,Notre Dame,OL,senior_bowl,https://en.wikipedia.org/wiki/2010_Senior_Bowl
2010,Sean Canfield,Oregon State,QB,senior_bowl,https://en.wikipedia.org/wiki/2010_Senior_Bowl
2010,Sean Weatherspoon,Missouri,LB,senior_bowl,https://en.wikipedia.org/wiki/2010_Senior_Bowl
2010,Selvish Capers,West Virginia,OL,senior_bowl,https://en.wikipedia.org/wiki/2010_Senior_Bowl
2010,Shawn Lauvao,Arizona State,OL,senior_bowl,https://en.wikipedia.org/wiki/2010_Senior_Bowl
2010,Shay Hodge,Ole Miss,WR,senior_bowl,https://en.wikipedia.org/wiki/2010_Senior_Bowl
2010,Stafon Johnson,Southern Cal,RB,senior_bowl,https://en.wikipedia.org/wiki/2010_Senior_Bowl
2010,Syd'Quan Thompson,California,DB,senior_bowl,https://en.wikipedia.org/wiki/2010_Senior_Bowl
2010,Taylor Mays,Southern Cal,DB,senior_bowl,https://en.wikipedia.org/wiki/2010_Senior_Bowl
2010,Taylor Price,Ohio,WR,senior_bowl,https://en.wikipedia.org/wiki/2010_Senior_Bowl
2010,Ted Larsen,N.C. State,OL,senior_bowl,https://en.wikipedia.org/wiki/2010_Senior_Bowl
2010,Terrell Skinner,Maryland,DB,senior_bowl,https://en.wikipedia.org/wiki/2010_Senior_Bowl
2010,Terrence Cody,Alabama,DL,senior_bowl,https://en.wikipedia.org/wiki/2010_Senior_Bowl
2010,Thomas Welch,Vanderbilt,OL,senior_bowl,https://en.wikipedia.org/wiki/2010_Senior_Bowl
2010,Tim Tebow,Florida,QB,senior_bowl,https://en.wikipedia.org/wiki/2010_Senior_Bowl
2010,Tony Pike,Cincinnati,QB,senior_bowl,https://en.wikipedia.org/wiki/2010_Senior_Bowl
2010,Trevard Lindley,Kentucky,DB,senior_bowl,https://en.wikipedia.org/wiki/2010_Senior_Bowl
2010,Tyson Alualu,California,DL,senior_bowl,https://en.wikipedia.org/wiki/2010_Senior_Bowl
2010,Vladimir Ducasse,Massachusetts,OL,senior_bowl,https://en.wikipedia.org/wiki/2010_Senior_Bowl
2010,Zac Robinson,Oklahoma State,QB,senior_bowl,https://en.wikipedia.org/wiki/2010_Senior_Bowl
2010,Zane Beadles,Utah,OL,senior_bowl,https://en.wikipedia.org/wiki/2010_Senior_Bowl
2010,Zoltan Mesko,Michigan,P,senior_bowl,https://en.wikipedia.org/wiki/2010_Senior_Bowl
2012,A.J. Jenkins,Illinois,WR,senior_bowl,https://en.wikipedia.org/wiki/2012_Senior_Bowl
2012,Alameda Ta'amu,Washington,DL,senior_bowl,https://en.wikipedia.org/wiki/2012_Senior_Bowl
2012,Alfred Morris,Florida Atlantic,FB,senior_bowl,https://en.wikipedia.org/wiki/2012_Senior_Bowl
2012,Antonio Allen,South Carolina,DB,senior_bowl,https://en.wikipedia.org/wiki/2012_Senior_Bowl
2012,Asa Jackson,Cal Poly,DB,senior_bowl,https://en.wikipedia.org/wiki/2012_Senior_Bowl
2012,Audie Cole,NC State,LB,senior_bowl,https://en.wikipedia.org/wiki/2012_Senior_Bowl
2012,Ben Jones,Georgia,OL,senior_bowl,https://en.wikipedia.org/wiki/2012_Senior_Bowl
2012,Billy Winn,Boise State,DL,senior_bowl,https://en.wikipedia.org/wiki/2012_Senior_Bowl
2012,Bobby Wagner,Utah State,LB,senior_bowl,https://en.wikipedia.org/wiki/2012_Senior_Bowl
2012,Brad Nortman,Wisconsin,P,senior_bowl,https://en.wikipedia.org/wiki/2012_Senior_Bowl
2012,Brad Smelley,Alabama,TE,senior_bowl,https://en.wikipedia.org/wiki/2012_Senior_Bowl
2012,Bradie Ewing,Wisconsin,FB,senior_bowl,https://en.wikipedia.org/wiki/2012_Senior_Bowl
2012,Brandon Boykin,Georgia,DB,senior_bowl,https://en.wikipedia.org/wiki/2012_Senior_Bowl
2012,Brandon Taylor,LSU,DB,senior_bowl,https://en.wikipedia.org/wiki/2012_Senior_Bowl
2012,Brandon Thompson,Clemson,DL,senior_bowl,https://en.wikipedia.org/wiki/2012_Senior_Bowl
2012,Brandon Weeden,Oklahoma State,QB,senior_bowl,https://en.wikipedia.org/wiki/2012_Senior_Bowl
2012,Brian Linthicum,Michigan State,TE,senior_bowl,https://en.wikipedia.org/wiki/2012_Senior_Bowl
2012,Brian Quick,Appalachian State,WR,senior_bowl,https://en.wikipedia.org/wiki/2012_Senior_Bowl
2012,Cam Johnson,Virginia,LB,senior_bowl,https://en.wikipedia.org/wiki/2012_Senior_Bowl
2012,Carson Wiggs,Purdue,K,senior_bowl,https://en.wikipedia.org/wiki/2012_Senior_Bowl
2012,Casey Hayward,Vanderbilt,DB,senior_bowl,https://en.wikipedia.org/wiki/2012_Senior_Bowl
2012,Chris Polk,Washington,RB,senior_bowl,https://en.wikipedia.org/wiki/2012_Senior_Bowl
2012,Chris Rainey,Florida,RB,senior_bowl,https://en.wikipedia.org/wiki/2012_Senior_Bowl
2012,Cordy Glenn,Georgia,OL,senior_bowl,https://en.wikipedia.org/wiki/2012_Senior_Bowl
2012,Courtney Upshaw,Alabama,DL,senior_bowl,https://en.wikipedia.org/wiki/2012_Senior_Bowl
2012,D'Anton Lynn,Penn State,DB,senior_bowl,https://en.wikipedia.org/wiki/2012_Senior_Bowl
2012,Dan Herron,Ohio State,RB,senior_bowl,https://en.wikipedia.org/wiki/2012_Senior_Bowl
2012,DeQuan Menzie,Alabama,DB,senior_bowl,https://en.wikipedia.org/wiki/2012_Senior_Bowl
2012,DeVier Posey,Ohio State,WR,senior_bowl,https://en.wikipedia.org/wiki/2012_Senior_Bowl
2012,Deangelo Peterson,LSU,TE,senior_bowl,https://en.wikipedia.org/wiki/2012_Senior_Bowl
2012,Demario Davis,Arkansas State,LB,senior_bowl,https://en.wikipedia.org/wiki/2012_Senior_Bowl
2012,Derek Wolfe,Cincinnati,DL,senior_bowl,https://en.wikipedia.org/wiki/2012_Senior_Bowl
2012,Donnie Fletcher,Boston College,DB,senior_bowl,https://en.wikipedia.org/wiki/2012_Senior_Bowl
2012,Doug Martin,Boise State,RB,senior_bowl,https://en.wikipedia.org/wiki/2012_Senior_Bowl
2012,Drew Butler,Georgia,P,senior_bowl,https://en.wikipedia.org/wiki/2012_Senior_Bowl
2012,Dwight Bentley,Louisiana-Lafayette,DB,senior_bowl,https://en.wikipedia.org/wiki/2012_Senior_Bowl
2012,Dwight Jones,North Carolina,WR,senior_bowl,https://en.wikipedia.org/wiki/2012_Senior_Bowl
2012,Emil Igwenagu,Massachusetts,TE,senior_bowl,https://en.wikipedia.org/wiki/2012_Senior_Bowl
2012,Emmanuel Acho,Texas,LB,senior_bowl,https://en.wikipedia.org/wiki/2012_Senior_Bowl
2012,George Iloka,Boise State,DB,senior_bowl,https://en.wikipedia.org/wiki/2012_Senior_Bowl
2012,Gerell Robinson,Arizona State,WR,senior_bowl,https://en.wikipedia.org/wiki/2012_Senior_Bowl
2012,Harrison Smith,Notre Dame,DB,senior_bowl,https://en.wikipedia.org/wiki/2012_Senior_Bowl
2012,Isaiah Pead,Cincinnati,RB,senior_bowl,https://en.wikipedia.org/wiki/2012_Senior_Bowl
2012,Jack Crawford,Penn State,DL,senior_bowl,https://en.wikipedia.org/wiki/2012_Senior_Bowl
2012,Jake Bequette,Arkansas,LB,senior_bowl,https://en.wikipedia.org/wiki/2012_Senior_Bowl
2012,Jamell Fleming,Oklahoma,DB,senior_bowl,https://en.wikipedia.org/wiki/2012_Senior_Bowl
2012,James Brown,Troy,OL,senior_bowl,https://en.wikipedia.org/wiki/2012_Senior_Bowl
2012,James-Michael Johnson,Nevada,LB,senior_bowl,https://en.wikipedia.org/wiki/2012_Senior_Bowl
2012,Janoris Jenkins,North Alabama,DB,senior_bowl,https://en.wikipedia.org/wiki/2012_Senior_Bowl
2012,Jaye Howard,Florida,DL,senior_bowl,https://en.wikipedia.org/wiki/2012_Senior_Bowl
2012,Jeff Allen,Illinois,OL,senior_bowl,https://en.wikipedia.org/wiki/2012_Senior_Bowl
2012,Jeff Fuller,Texas A&M,WR,senior_bowl,https://en.wikipedia.org/wiki/2012_Senior_Bowl
2012,Joe Adams,Arkansas,WR,senior_bowl,https://en.wikipedia.org/wiki/2012_Senior_Bowl
2012,Johnnie Troutman,Penn State,OL,senior_bowl,https://en.wikipedia.org/wiki/2012_Senior_Bowl
2012,Josh Harris,Auburn,LS,senior_bowl,https://en.wikipedia.org/wiki/2012_Senior_Bowl
2012,Josh Norman,Coastal Carolina,DB,senior_bowl,https://en.wikipedia.org/wiki/2012_Senior_Bowl
2012,Juron Criner,Arizona,WR,senior_bowl,https://en.wikipedia.org/wiki/2012_Senior_Bowl
2012,Keenan Robinson,Texas,LB,senior_bowl,https://en.wikipedia.org/wiki/2012_Senior_Bowl
2012,Kelechi Osemele,Iowa State,OL,senior_bowl,https://en.wikipedia.org/wiki/2012_Senior_Bowl
2012,Kellen Moore,Boise State,QB,senior_bowl,https://en.wikipedia.org/wiki/2012_Senior_Bowl
2012,Kendall Reyes,Connecticut,DL,senior_bowl,https://en.wikipedia.org/wiki/2012_Senior_Bowl
2012,Kevin Zeitler,Wisconsin,OL,senior_bowl,https://en.wikipedia.org/wiki/2012_Senior_Bowl
2012,Kheeston Randall,Texas,DL,senior_bowl,https://en.wikipedia.org/wiki/2012_Senior_Bowl
2012,Kirk Cousins,Michigan State,QB,senior_bowl,https://en.wikipedia.org/wiki/2012_Senior_Bowl
2012,Kyle Wojta,Wisconsin,LS,senior_bowl,https://en.wikipedia.org/wiki/2012_Senior_Bowl
2012,Ladarius Green,Louisiana-Lafayette,TE,senior_bowl,https://en.wikipedia.org/wiki/2012_Senior_Bowl
2012,Lavonte David,Nebraska,LB,senior_bowl,https://en.wikipedia.org/wiki/2012_Senior_Bowl
2012,Lennon Creer,Louisiana Tech,RB,senior_bowl,https://en.wikipedia.org/wiki/2012_Senior_Bowl
2012,Leonard Johnson,Iowa State,DB,senior_bowl,https://en.wikipedia.org/wiki/2012_Senior_Bowl
2012,Malik Jackson,Tennessee,DL,senior_bowl,https://en.wikipedia.org/wiki/2012_Senior_Bowl
2012,Markelle Martin,Oklahoma State,DB,senior_bowl,https://en.wikipedia.org/wiki/2012_Senior_Bowl
2012,Marvin Jones,California,WR,senior_bowl,https://en.wikipedia.org/wiki/2012_Senior_Bowl
2012,Marvin McNutt,Iowa,WR,senior_bowl,https://en.wikipedia.org/wiki/2012_Senior_Bowl
2012,Matt McCants,UAB,OL,senior_bowl,https://en.wikipedia.org/wiki/2012_Senior_Bowl
2012,Melvin Ingram,South Carolina,DL,senior_bowl,https://en.wikipedia.org/wiki/2012_Senior_Bowl
2012,Michael Egnew,Missouri,TE,senior_bowl,https://en.wikipedia.org/wiki/2012_Senior_Bowl
2012,Mike Adams,Ohio State,OL,senior_bowl,https://en.wikipedia.org/wiki/2012_Senior_Bowl
2012,Mike Brewster,Ohio State,OL,senior_bowl,https://en.wikipedia.org/wiki/2012_Senior_Bowl
2012,Mike Martin,Michigan,DL,senior_bowl,https://en.wikipedia.org/wiki/2012_Senior_Bowl
2012,Mitchell Schwartz,California,OL,senior_bowl,https://en.wikipedia.org/wiki/2012_Senior_Bowl
2012,Nick Foles,Arizona,QB,senior_bowl,https://en.wikipedia.org/wiki/2012_Senior_Bowl
2012,Nigel Bradham,Florida State,LB,senior_bowl,https://en.wikipedia.org/wiki/2012_Senior_Bowl
2012,Philip Blake,Baylor,OL,senior_bowl,https://en.wikipedia.org/wiki/2012_Senior_Bowl
2012,Quinton Coples,North Carolina,DL,senior_bowl,https://en.wikipedia.org/wiki/2012_Senior_Bowl
2012,Randy Bullock,Texas A&M,K,senior_bowl,https://en.wikipedia.org/wiki/2012_Senior_Bowl
2012,Rishaw Johnson,California (PA),OL,senior_bowl,https://en.wikipedia.org/wiki/2012_Senior_Bowl
2012,Russell Wilson,Wisconsin,QB,senior_bowl,https://en.wikipedia.org/wiki/2012_Senior_Bowl
2012,Ryan Lindley,San Diego State,QB,senior_bowl,https://en.wikipedia.org/wiki/2012_Senior_Bowl
2012,Ryan Steed,Furman,DB,senior_bowl,https://en.wikipedia.org/wiki/2012_Senior_Bowl
2012,Sean Spence,Miami (FL),LB,senior_bowl,https://en.wikipedia.org/wiki/2012_Senior_Bowl
2012,Senio Kelemete,Washington,OL,senior_bowl,https://en.wikipedia.org/wiki/2012_Senior_Bowl
2012,Shea McClellin,Boise State,DL,senior_bowl,https://en.wikipedia.org/wiki/2012_Senior_Bowl
2012,T. J. Graham,NC State,WR,senior_bowl,https://en.wikipedia.org/wiki/2012_Senior_Bowl
2012,Terrance Ganaway,Baylor,RB,senior_bowl,https://en.wikipedia.org/wiki/2012_Senior_Bowl
2012,Tony Bergstrom,Utah,OL,senior_bowl,https://en.wikipedia.org/wiki/2012_Senior_Bowl
2012,Tony Jerod-Eddie,Texas A&M,DL,senior_bowl,https://en.wikipedia.org/wiki/2012_Senior_Bowl
2012,Trenton Robinson,Michigan State,DB,senior_bowl,https://en.wikipedia.org/wiki/2012_Senior_Bowl
2012,Tydreke Powell,North Carolina,DL,senior_bowl,https://en.wikipedia.org/wiki/2012_Senior_Bowl
2012,Vick Ballard,Mississippi State,RB,senior_bowl,https://en.wikipedia.org/wiki/2012_Senior_Bowl
2012,Vinny Curry,Marshall,DL,senior_bowl,https://en.wikipedia.org/wiki/2012_Senior_Bowl
2012,Will Blackwell,LSU,OL,senior_bowl,https://en.wikipedia.org/wiki/2012_Senior_Bowl
2012,William Vlachos,Alabama,OL,senior_bowl,https://en.wikipedia.org/wiki/2012_Senior_Bowl
2012,Zach Brown,North Carolina,LB,senior_bowl,https://en.wikipedia.org/wiki/2012_Senior_Bowl
2012,Zebrie Sanders,Florida State,OL,senior_bowl,https://en.wikipedia.org/wiki/2012_Senior_Bowl
2013,Aaron Dobson,Marshall,WR,senior_bowl,https://en.wikipedia.org/wiki/2013_Senior_Bowl
2013,Aaron Mellette,Elon,WR,senior_bowl,https://en.wikipedia.org/wiki/2013_Senior_Bowl
2013,Alex Okafor,Texas,DL,senior_bowl,https://en.wikipedia.org/wiki/2013_Senior_Bowl
2013,Andre Ellington,Clemson,RB,senior_bowl,https://en.wikipedia.org/wiki/2013_Senior_Bowl
2013,Arthur Brown,Kansas State,LB,senior_bowl,https://en.wikipedia.org/wiki/2013_Senior_Bowl
2013,B. W. Webb,William & Mary,DB,senior_bowl,https://en.wikipedia.org/wiki/2013_Senior_Bowl
2013,Bacarri Rambo,Georgia,DB,senior_bowl,https://en.wikipedia.org/wiki/2013_Senior_Bowl
2013,Blidi Wreh-Wilson,Connecticut,DB,senior_bowl,https://en.wikipedia.org/wiki/2013_Senior_Bowl
2013,Brandon Williams,Missouri Southern,DL,senior_bowl,https://en.wikipedia.org/wiki/2013_Senior_Bowl
2013,Braxston Cave,Notre Dame,OL,senior_bowl,https://en.wikipedia.org/wiki/2013_Senior_Bowl
2013,Brian Schwenke,California,OL,senior_bowl,https://en.wikipedia.org/wiki/2013_Senior_Bowl
2013,Brian Winters,Kent State,OL,senior_bowl,https://en.wikipedia.org/wiki/2013_Senior_Bowl
2013,Carson Tinker,Alabama,LS,senior_bowl,https://en.wikipedia.org/wiki/2013_Senior_Bowl
2013,Chase Thomas,Stanford,LB,senior_bowl,https://en.wikipedia.org/wiki/2013_Senior_Bowl
2013,Chris Harper,Kansas State,WR,senior_bowl,https://en.wikipedia.org/wiki/2013_Senior_Bowl
2013,Cobi Hamilton,Arkansas,WR,senior_bowl,https://en.wikipedia.org/wiki/2013_Senior_Bowl
2013,Conner Vernon,Duke,WR,senior_bowl,https://en.wikipedia.org/wiki/2013_Senior_Bowl
2013,Cornelius Washington,Georgia,DL,senior_bowl,https://en.wikipedia.org/wiki/2013_Senior_Bowl
2013,D. J. Fluker,Alabama,OL,senior_bowl,https://en.wikipedia.org/wiki/2013_Senior_Bowl
2013,Dallas Thomas,Tennessee,OL,senior_bowl,https://en.wikipedia.org/wiki/2013_Senior_Bowl
2013,Dalton Freeman,Clemson,OL,senior_bowl,https://en.wikipedia.org/wiki/2013_Senior_Bowl
2013,Datone Jones,UCLA,DL,senior_bowl,https://en.wikipedia.org/wiki/2013_Senior_Bowl
2013,David Quessenberry,San Jose State,OL,senior_bowl,https://en.wikipedia.org/wiki/2013_Senior_Bowl
2013,Denard Robinson,Michigan,WR,senior_bowl,https://en.wikipedia.org/wiki/2013_Senior_Bowl
2013,Desmond Trufant,Washington,DB,senior_bowl,https://en.wikipedia.org/wiki/2013_Senior_Bowl
2013,Duke Williams,Nevada,DB,senior_bowl,https://en.wikipedia.org/wiki/2013_Senior_Bowl
2013,Dustin Hopkins,Florida State,K,senior_bowl,https://en.wikipedia.org/wiki/2013_Senior_Bowl
2013,Dwayne Gratz,Connecticut,DB,senior_bowl,https://en.wikipedia.org/wiki/2013_Senior_Bowl
2013,EJ Manuel,Florida State,QB,senior_bowl,https://en.wikipedia.org/wiki/2013_Senior_Bowl
2013,Eric Fisher,Central Michigan,OL,senior_bowl,https://en.wikipedia.org/wiki/2013_Senior_Bowl
2013,Everett Dawkins,Florida State,DL,senior_bowl,https://en.wikipedia.org/wiki/2013_Senior_Bowl
2013,Ezekiel Ansah,Brigham Young,DL,senior_bowl,https://en.wikipedia.org/wiki/2013_Senior_Bowl
2013,Garrett Gilkey,Chadron State,OL,senior_bowl,https://en.wikipedia.org/wiki/2013_Senior_Bowl
2013,Hugh Thornton,Illinois,OL,senior_bowl,https://en.wikipedia.org/wiki/2013_Senior_Bowl
2013,J. C. Tretter,Cornell,OL,senior_bowl,https://en.wikipedia.org/wiki/2013_Senior_Bowl
2013,J. J. Wilcox,Georgia Southern,DB,senior_bowl,https://en.wikipedia.org/wiki/2013_Senior_Bowl
2013,Jack Doyle,Western Kentucky,TE,senior_bowl,https://en.wikipedia.org/wiki/2013_Senior_Bowl
2013,Jamar Taylor,Boise State,DB,senior_bowl,https://en.wikipedia.org/wiki/2013_Senior_Bowl
2013,Jamie Collins,Southern Mississippi,LB,senior_bowl,https://en.wikipedia.org/wiki/2013_Senior_Bowl
2013,Jeff Locke,UCLA,P,senior_bowl,https://en.wikipedia.org/wiki/2013_Senior_Bowl
2013,Joe Madsen,West Virginia,OL,senior_bowl,https://en.wikipedia.org/wiki/2013_Senior_Bowl
2013,John Jenkins,Georgia,DL,senior_bowl,https://en.wikipedia.org/wiki/2013_Senior_Bowl
2013,John Simon,Ohio State,LB,senior_bowl,https://en.wikipedia.org/wiki/2013_Senior_Bowl
2013,Johnathan Cyprien,Florida International,DB,senior_bowl,https://en.wikipedia.org/wiki/2013_Senior_Bowl
2013,Johnathan Franklin,UCLA,RB,senior_bowl,https://en.wikipedia.org/wiki/2013_Senior_Bowl
2013,Jordan Hill,Penn State,DL,senior_bowl,https://en.wikipedia.org/wiki/2013_Senior_Bowl
2013,Jordan Poyer,Oregon State,DB,senior_bowl,https://en.wikipedia.org/wiki/2013_Senior_Bowl
2013,Justin Pugh,Syracuse,OL,senior_bowl,https://en.wikipedia.org/wiki/2013_Senior_Bowl
2013,Kawann Short,Purdue,DL,senior_bowl,https://en.wikipedia.org/wiki/2013_Senior_Bowl
2013,Kenjon Barner,Oregon,RB,senior_bowl,https://en.wikipedia.org/wiki/2013_Senior_Bowl
2013,Kevin Reddick,North Carolina,LB,senior_bowl,https://en.wikipedia.org/wiki/2013_Senior_Bowl
2013,Khaseem Greene,Rutgers,LB,senior_bowl,https://en.wikipedia.org/wiki/2013_Senior_Bowl
2013,Kyle Juszczyk,Harvard,FB,senior_bowl,https://en.wikipedia.org/wiki/2013_Senior_Bowl
2013,Kyle Long,Oregon,OL,senior_bowl,https://en.wikipedia.org/wiki/2013_Senior_Bowl
2013,Landry Jones,Oklahoma,QB,senior_bowl,https://en.wikipedia.org/wiki/2013_Senior_Bowl
2013,Lane Johnson,Oklahoma,OL,senior_bowl,https://en.wikipedia.org/wiki/2013_Senior_Bowl
2013,Larry Warford,Kentucky,OL,senior_bowl,https://en.wikipedia.org/wiki/2013_Senior_Bowl
2013,Lavar Edwards,LSU,DL,senior_bowl,https://en.wikipedia.org/wiki/2013_Senior_Bowl
2013,Leon McFadden,San Diego State,DB,senior_bowl,https://en.wikipedia.org/wiki/2013_Senior_Bowl
2013,Luke Ingram,Hawaii,LS,senior_bowl,https://en.wikipedia.org/wiki/2013_Senior_Bowl
2013,Malliciah Goodman,Clemson,DL,senior_bowl,https://en.wikipedia.org/wiki/2013_Senior_Bowl
2013,Marc Anthony,California,DB,senior_bowl,https://en.wikipedia.org/wiki/2013_Senior_Bowl
2013,Margus Hunt,Southern Methodist,DL,senior_bowl,https://en.wikipedia.org/wiki/2013_Senior_Bowl
2013,Markus Wheaton,Oregon State,WR,senior_bowl,https://en.wikipedia.org/wiki/2013_Senior_Bowl
2013,Marquise Goodwin,Texas,WR,senior_bowl,https://en.wikipedia.org/wiki/2013_Senior_Bowl
2013,Michael Buchanan,Illinois,DL,senior_bowl,https://en.wikipedia.org/wiki/2013_Senior_Bowl
2013,Michael Williams,Alabama,TE,senior_bowl,https://en.wikipedia.org/wiki/2013_Senior_Bowl
2013,Mike Gillislee,Florida,RB,senior_bowl,https://en.wikipedia.org/wiki/2013_Senior_Bowl
2013,Mike Glennon,North Carolina State,QB,senior_bowl,https://en.wikipedia.org/wiki/2013_Senior_Bowl
2013,Mike James,Miami (FL),RB,senior_bowl,https://en.wikipedia.org/wiki/2013_Senior_Bowl
2013,Montori Hughes,Tennessee-Martin,DL,senior_bowl,https://en.wikipedia.org/wiki/2013_Senior_Bowl
2013,Mychal Rivera,Tennessee,TE,senior_bowl,https://en.wikipedia.org/wiki/2013_Senior_Bowl
2013,Nick Kasa,Colorado,TE,senior_bowl,https://en.wikipedia.org/wiki/2013_Senior_Bowl
2013,Nico Johnson,Alabama,LB,senior_bowl,https://en.wikipedia.org/wiki/2013_Senior_Bowl
2013,Oday Aboushi,Virginia,OL,senior_bowl,https://en.wikipedia.org/wiki/2013_Senior_Bowl
2013,Onterio McCalebb,Auburn,RB/WR,senior_bowl,https://en.wikipedia.org/wiki/2013_Senior_Bowl
2013,Phillip Thomas,Fresno State,DB,senior_bowl,https://en.wikipedia.org/wiki/2013_Senior_Bowl
2013,Quinn Sharp,Oklahoma State,K,senior_bowl,https://en.wikipedia.org/wiki/2013_Senior_Bowl
2013,Quinton Patton,Louisiana Tech,WR,senior_bowl,https://en.wikipedia.org/wiki/2013_Senior_Bowl
2013,Ricky Wagner,Wisconsin,OL,senior_bowl,https://en.wikipedia.org/wiki/2013_Senior_Bowl
2013,Robbie Rouse,Fresno State,RB,senior_bowl,https://en.wikipedia.org/wiki/2013_Senior_Bowl
2013,Robert Alford,Southeastern Louisiana,DB,senior_bowl,https://en.wikipedia.org/wiki/2013_Senior_Bowl
2013,Robert Lester,Alabama,DB,senior_bowl,https://en.wikipedia.org/wiki/2013_Senior_Bowl
2013,Ryan Allen,Louisiana Tech,P,senior_bowl,https://en.wikipedia.org/wiki/2013_Senior_Bowl
2013,Ryan Nassib,Syracuse,QB,senior_bowl,https://en.wikipedia.org/wiki/2013_Senior_Bowl
2013,Ryan Otten,San Jose State,TE,senior_bowl,https://en.wikipedia.org/wiki/2013_Senior_Bowl
2013,Ryan Swope,Texas A&M,WR,senior_bowl,https://en.wikipedia.org/wiki/2013_Senior_Bowl
2013,Sanders Commings,Georgia,DB,senior_bowl,https://en.wikipedia.org/wiki/2013_Senior_Bowl
2013,Sean Porter,Texas A&M,LB,senior_bowl,https://en.wikipedia.org/wiki/2013_Senior_Bowl
2013,Shawn Williams,Georgia,DB,senior_bowl,https://en.wikipedia.org/wiki/2013_Senior_Bowl
2013,Stepfan Taylor,Stanford,RB,senior_bowl,https://en.wikipedia.org/wiki/2013_Senior_Bowl
2013,Steve Beauharnais,Rutgers,LB,senior_bowl,https://en.wikipedia.org/wiki/2013_Senior_Bowl
2013,Sylvester Williams,North Carolina,DL,senior_bowl,https://en.wikipedia.org/wiki/2013_Senior_Bowl
2013,T. J. McDonald,USC,DB,senior_bowl,https://en.wikipedia.org/wiki/2013_Senior_Bowl
2013,Tavarres King,Georgia,WR,senior_bowl,https://en.wikipedia.org/wiki/2013_Senior_Bowl
2013,Terrance Williams,Baylor,WR,senior_bowl,https://en.wikipedia.org/wiki/2013_Senior_Bowl
2013,Tommy Bohanon,Wake Forest,FB,senior_bowl,https://en.wikipedia.org/wiki/2013_Senior_Bowl
2013,Trevardo Williams,Connecticut,LB,senior_bowl,https://en.wikipedia.org/wiki/2013_Senior_Bowl
2013,Ty Powell,Harding,LB,senior_bowl,https://en.wikipedia.org/wiki/2013_Senior_Bowl
2013,Tyler Wilson,Arkansas,QB,senior_bowl,https://en.wikipedia.org/wiki/2013_Senior_Bowl
2013,Vance McDonald,Rice,TE,senior_bowl,https://en.wikipedia.org/wiki/2013_Senior_Bowl
2013,Vince Williams,Florida State,LB,senior_bowl,https://en.wikipedia.org/wiki/2013_Senior_Bowl
2013,Will Davis,Utah State,DB,senior_bowl,https://en.wikipedia.org/wiki/2013_Senior_Bowl
2013,Xavier Nixon,Florida,OL,senior_bowl,https://en.wikipedia.org/wiki/2013_Senior_Bowl
2013,Zac Dysert,Miami (OH),QB,senior_bowl,https://en.wikipedia.org/wiki/2013_Senior_Bowl
2013,Zaviar Gooden,Missouri,LB,senior_bowl,https://en.wikipedia.org/wiki/2013_Senior_Bowl
2014,Aaron Colvin,Oklahoma,CB,senior_bowl,https://en.wikipedia.org/wiki/2014_Senior_Bowl
2014,Aaron Donald,Pittsburgh,DT,senior_bowl,https://en.wikipedia.org/wiki/2014_Senior_Bowl
2014,Adrian Hubbard,Alabama,OLB,senior_bowl,https://en.wikipedia.org/wiki/2014_Senior_Bowl
2014,Ahmad Dixon,Baylor,S,senior_bowl,https://en.wikipedia.org/wiki/2014_Senior_Bowl
2014,Antonio Andrews,Western Kentucky,RB,senior_bowl,https://en.wikipedia.org/wiki/2014_Senior_Bowl
2014,Arthur Lynch,Georgia,TE,senior_bowl,https://en.wikipedia.org/wiki/2014_Senior_Bowl
2014,Billy Turner,North Dakota State,OT,senior_bowl,https://en.wikipedia.org/wiki/2014_Senior_Bowl
2014,Brandon Linder,Miami (FL),OG,senior_bowl,https://en.wikipedia.org/wiki/2014_Senior_Bowl
2014,Brandon Thomas,Clemson,OT,senior_bowl,https://en.wikipedia.org/wiki/2014_Senior_Bowl
2014,Brent Urban,Virginia,DE,senior_bowl,https://en.wikipedia.org/wiki/2014_Senior_Bowl
2014,Bryan Stork,Florida State,C,senior_bowl,https://en.wikipedia.org/wiki/2014_Senior_Bowl
2014,C. J. Fiedorowicz,Iowa,TE,senior_bowl,https://en.wikipedia.org/wiki/2014_Senior_Bowl
2014,Caraun Reid,Princeton,DT,senior_bowl,https://en.wikipedia.org/wiki/2014_Senior_Bowl
2014,Charles Sims,West Virginia,RB,senior_bowl,https://en.wikipedia.org/wiki/2014_Senior_Bowl
2014,Chris Borland,Wisconsin,ILB,senior_bowl,https://en.wikipedia.org/wiki/2014_Senior_Bowl
2014,Chris Boswell,Rice,K,senior_bowl,https://en.wikipedia.org/wiki/2014_Senior_Bowl
2014,Chris Davis,Auburn,CB,senior_bowl,https://en.wikipedia.org/wiki/2014_Senior_Bowl
2014,Chris Smith,Arkansas,DE,senior_bowl,https://en.wikipedia.org/wiki/2014_Senior_Bowl
2014,Christian Jones,Florida State,ILB,senior_bowl,https://en.wikipedia.org/wiki/2014_Senior_Bowl
2014,Christian Kirksey,Iowa,OLB,senior_bowl,https://en.wikipedia.org/wiki/2014_Senior_Bowl
2014,Cody Hoffman,BYU,WR,senior_bowl,https://en.wikipedia.org/wiki/2014_Senior_Bowl
2014,Cody Mandell,Alabama,P,senior_bowl,https://en.wikipedia.org/wiki/2014_Senior_Bowl
2014,Cody Parkey,Auburn,K,senior_bowl,https://en.wikipedia.org/wiki/2014_Senior_Bowl
2014,Craig Loston,LSU,S,senior_bowl,https://en.wikipedia.org/wiki/2014_Senior_Bowl
2014,Cyril Richardson,Baylor,OG,senior_bowl,https://en.wikipedia.org/wiki/2014_Senior_Bowl
2014,DaQuan Jones,Penn State,DT,senior_bowl,https://en.wikipedia.org/wiki/2014_Senior_Bowl
2014,Daniel McCullers,Tennessee,DT,senior_bowl,https://en.wikipedia.org/wiki/2014_Senior_Bowl
2014,David Fales,San Jose State,QB,senior_bowl,https://en.wikipedia.org/wiki/2014_Senior_Bowl
2014,David Fluellen,Toledo,RB,senior_bowl,https://en.wikipedia.org/wiki/2014_Senior_Bowl
2014,Deandre Coleman,California,DT,senior_bowl,https://en.wikipedia.org/wiki/2014_Senior_Bowl
2014,Dee Ford,Auburn,DE,senior_bowl,https://en.wikipedia.org/wiki/2014_Senior_Bowl
2014,Deone Bucannon,Washington State,S,senior_bowl,https://en.wikipedia.org/wiki/2014_Senior_Bowl
2014,Derek Carr,Fresno State,QB,senior_bowl,https://en.wikipedia.org/wiki/2014_Senior_Bowl
2014,Dezmen Southward,Wisconsin,S,senior_bowl,https://en.wikipedia.org/wiki/2014_Senior_Bowl
2014,Dontae Johnson,North Carolina State,CB,senior_bowl,https://en.wikipedia.org/wiki/2014_Senior_Bowl
2014,Ed Stinson,Alabama,DE,senior_bowl,https://en.wikipedia.org/wiki/2014_Senior_Bowl
2014,Gabe Ikard,Oklahoma,C,senior_bowl,https://en.wikipedia.org/wiki/2014_Senior_Bowl
2014,Gabe Jackson,Mississippi State,OG,senior_bowl,https://en.wikipedia.org/wiki/2014_Senior_Bowl
2014,Gator Hoskins,Marshall,TE,senior_bowl,https://en.wikipedia.org/wiki/2014_Senior_Bowl
2014,Isaiah Lewis,Michigan State,S,senior_bowl,https://en.wikipedia.org/wiki/2014_Senior_Bowl
2014,Ja'Wuan James,Tennessee,OT,senior_bowl,https://en.wikipedia.org/wiki/2014_Senior_Bowl
2014,Jack Mewhort,Ohio State,OT,senior_bowl,https://en.wikipedia.org/wiki/2014_Senior_Bowl
2014,Jacob Pedersen,Wisconsin,TE,senior_bowl,https://en.wikipedia.org/wiki/2014_Senior_Bowl
2014,Jalen Saunders,Oklahoma,WR,senior_bowl,https://en.wikipedia.org/wiki/2014_Senior_Bowl
2014,James Gayle,Virginia Tech,DE,senior_bowl,https://en.wikipedia.org/wiki/2014_Senior_Bowl
2014,James White,Wisconsin,RB,senior_bowl,https://en.wikipedia.org/wiki/2014_Senior_Bowl
2014,Jared Abbrederis,Wisconsin,WR,senior_bowl,https://en.wikipedia.org/wiki/2014_Senior_Bowl
2014,Jay Prosch,Auburn,FB,senior_bowl,https://en.wikipedia.org/wiki/2014_Senior_Bowl
2014,Jaylen Watkins,Florida,CB,senior_bowl,https://en.wikipedia.org/wiki/2014_Senior_Bowl
2014,Jeff Janis,Saginaw Valley State,WR,senior_bowl,https://en.wikipedia.org/wiki/2014_Senior_Bowl
2014,Jemea Thomas,Georgia Tech,S,senior_bowl,https://en.wikipedia.org/wiki/2014_Senior_Bowl
2014,Jeremiah Attaochu,Georgia Tech,OLB,senior_bowl,https://en.wikipedia.org/wiki/2014_Senior_Bowl
2014,Jerick McKinnon,Georgia Southern,RB,senior_bowl,https://en.wikipedia.org/wiki/2014_Senior_Bowl
2014,Jimmie Ward,Northern Illinois,CB,senior_bowl,https://en.wikipedia.org/wiki/2014_Senior_Bowl
2014,Jimmy Garoppolo,Eastern Illinois,QB,senior_bowl,https://en.wikipedia.org/wiki/2014_Senior_Bowl
2014,Joel Bitonio,Nevada,OG,senior_bowl,https://en.wikipedia.org/wiki/2014_Senior_Bowl
2014,Jon Halapio,Florida,OG,senior_bowl,https://en.wikipedia.org/wiki/2014_Senior_Bowl
2014,Jonathan Brown,Illinois,OLB,senior_bowl,https://en.wikipedia.org/wiki/2014_Senior_Bowl
2014,Jordan Matthews,Vanderbilt,WR,senior_bowl,https://en.wikipedia.org/wiki/2014_Senior_Bowl
2014,Jordan Tripp,Montana,OLB,senior_bowl,https://en.wikipedia.org/wiki/2014_Senior_Bowl
2014,Jordan Zumwalt,UCLA,ILB,senior_bowl,https://en.wikipedia.org/wiki/2014_Senior_Bowl
2014,Josh Huff,Oregon,WR,senior_bowl,https://en.wikipedia.org/wiki/2014_Senior_Bowl
2014,Justin Ellis,Louisiana Tech,DT,senior_bowl,https://en.wikipedia.org/wiki/2014_Senior_Bowl
2014,Kadeem Edwards,Tennessee State,OG,senior_bowl,https://en.wikipedia.org/wiki/2014_Senior_Bowl
2014,Kain Colter,Northwestern,WR,senior_bowl,https://en.wikipedia.org/wiki/2014_Senior_Bowl
2014,Kareem Martin,North Carolina,DE,senior_bowl,https://en.wikipedia.org/wiki/2014_Senior_Bowl
2014,Keith McGill,Utah,CB,senior_bowl,https://en.wikipedia.org/wiki/2014_Senior_Bowl
2014,Kenny Ladler,Vanderbilt,S,senior_bowl,https://en.wikipedia.org/wiki/2014_Senior_Bowl
2014,Kevin Norwood,Alabama,WR,senior_bowl,https://en.wikipedia.org/wiki/2014_Senior_Bowl
2014,Kirby Van Der Kamp,Iowa State,P,senior_bowl,https://en.wikipedia.org/wiki/2014_Senior_Bowl
2014,Kyle Van Noy,BYU,OLB,senior_bowl,https://en.wikipedia.org/wiki/2014_Senior_Bowl
2014,Lamin Barrow,LSU,ILB,senior_bowl,https://en.wikipedia.org/wiki/2014_Senior_Bowl
2014,Lavelle Westbrooks,Georgia Southern,CB,senior_bowl,https://en.wikipedia.org/wiki/2014_Senior_Bowl
2014,Logan Thomas,Virginia Tech,QB,senior_bowl,https://en.wikipedia.org/wiki/2014_Senior_Bowl
2014,Lorenzo Taliaferro,Coastal Carolina,RB,senior_bowl,https://en.wikipedia.org/wiki/2014_Senior_Bowl
2014,Marcel Jensen,Fresno State,TE,senior_bowl,https://en.wikipedia.org/wiki/2014_Senior_Bowl
2014,Marcus Heit,Kansas State,LS,senior_bowl,https://en.wikipedia.org/wiki/2014_Senior_Bowl
2014,Marcus Smith,Louisville,OLB,senior_bowl,https://en.wikipedia.org/wiki/2014_Senior_Bowl
2014,Marqueston Huff,Wyoming,CB,senior_bowl,https://en.wikipedia.org/wiki/2014_Senior_Bowl
2014,Michael Campanaro,Wake Forest,WR,senior_bowl,https://en.wikipedia.org/wiki/2014_Senior_Bowl
2014,Michael Sam,Missouri,OLB,senior_bowl,https://en.wikipedia.org/wiki/2014_Senior_Bowl
2014,Michael Schofield,Michigan,OG,senior_bowl,https://en.wikipedia.org/wiki/2014_Senior_Bowl
2014,Mike Davis,Texas,WR,senior_bowl,https://en.wikipedia.org/wiki/2014_Senior_Bowl
2014,Morgan Moses,Virginia,OT,senior_bowl,https://en.wikipedia.org/wiki/2014_Senior_Bowl
2014,Nevin Lawson,Utah State,CB,senior_bowl,https://en.wikipedia.org/wiki/2014_Senior_Bowl
2014,Pierre Desir,Lindenwood,CB,senior_bowl,https://en.wikipedia.org/wiki/2014_Senior_Bowl
2014,Ra'Shede Hageman,Minnesota,DT,senior_bowl,https://en.wikipedia.org/wiki/2014_Senior_Bowl
2014,Robert Herron,Wyoming,WR,senior_bowl,https://en.wikipedia.org/wiki/2014_Senior_Bowl
2014,Ryan Grant,Tulane,WR,senior_bowl,https://en.wikipedia.org/wiki/2014_Senior_Bowl
2014,Ryan Hewitt,Stanford,FB,senior_bowl,https://en.wikipedia.org/wiki/2014_Senior_Bowl
2014,Seantrel Henderson,Miami (FL),OT,senior_bowl,https://en.wikipedia.org/wiki/2014_Senior_Bowl
2014,Shamar Stephen,UConn,DT,senior_bowl,https://en.wikipedia.org/wiki/2014_Senior_Bowl
2014,Shaquelle Evans,UCLA,WR,senior_bowl,https://en.wikipedia.org/wiki/2014_Senior_Bowl
2014,Solomon Patton,Florida,WR,senior_bowl,https://en.wikipedia.org/wiki/2014_Senior_Bowl
2014,Stanley Jean-Baptiste,Nebraska,CB,senior_bowl,https://en.wikipedia.org/wiki/2014_Senior_Bowl
2014,Stephen Morris,Miami (FL),QB,senior_bowl,https://en.wikipedia.org/wiki/2014_Senior_Bowl
2014,Tajh Boyd,Clemson,QB,senior_bowl,https://en.wikipedia.org/wiki/2014_Senior_Bowl
2014,Telvin Smith,Florida State,OLB,senior_bowl,https://en.wikipedia.org/wiki/2014_Senior_Bowl
2014,Terrence Brooks,Florida State,S,senior_bowl,https://en.wikipedia.org/wiki/2014_Senior_Bowl
2014,Travis Swanson,Arkansas,C,senior_bowl,https://en.wikipedia.org/wiki/2014_Senior_Bowl
2014,Trent Murphy,Stanford,DE,senior_bowl,https://en.wikipedia.org/wiki/2014_Senior_Bowl
2014,Tyler Larsen,Utah State,C,senior_bowl,https://en.wikipedia.org/wiki/2014_Senior_Bowl
2014,Tyler Ott,Harvard,LS,senior_bowl,https://en.wikipedia.org/wiki/2014_Senior_Bowl
2014,Walt Aikens,Liberty,CB,senior_bowl,https://en.wikipedia.org/wiki/2014_Senior_Bowl
2014,Wesley Johnson,Vanderbilt,OG,senior_bowl,https://en.wikipedia.org/wiki/2014_Senior_Bowl
2014,Weston Richburg,Colorado State,C,senior_bowl,https://en.wikipedia.org/wiki/2014_Senior_Bowl
2014,Will Clarke,West Virginia,DT,senior_bowl,https://en.wikipedia.org/wiki/2014_Senior_Bowl
2014,Will Sutton,Arizona State,DT,senior_bowl,https://en.wikipedia.org/wiki/2014_Senior_Bowl
2014,Zach Martin,Notre Dame,OT,senior_bowl,https://en.wikipedia.org/wiki/2014_Senior_Bowl
2015,Adrian Amos,Penn State,S,senior_bowl,https://en.wikipedia.org/wiki/2015_Senior_Bowl
2015,Ali Marpet,Hobart,OT,senior_bowl,https://en.wikipedia.org/wiki/2015_Senior_Bowl
2015,Amarlo Herrera,Georgia,ILB,senior_bowl,https://en.wikipedia.org/wiki/2015_Senior_Bowl
2015,Ameer Abdullah,Nebraska,RB,senior_bowl,https://en.wikipedia.org/wiki/2015_Senior_Bowl
2015,Andrew East,Vanderbilt,LS,senior_bowl,https://en.wikipedia.org/wiki/2015_Senior_Bowl
2015,Anthony Jefferson,UCLA,S,senior_bowl,https://en.wikipedia.org/wiki/2015_Senior_Bowl
2015,Antwan Goodley,Baylor,WR,senior_bowl,https://en.wikipedia.org/wiki/2015_Senior_Bowl
2015,Arie Kouandjio,Alabama,OG,senior_bowl,https://en.wikipedia.org/wiki/2015_Senior_Bowl
2015,Austin Shepheard,Alabama,OT,senior_bowl,https://en.wikipedia.org/wiki/2015_Senior_Bowl
2015,Ben Koyack,Notre Dame,TE,senior_bowl,https://en.wikipedia.org/wiki/2015_Senior_Bowl
2015,Blaine Clausell,Mississippi State,OT,senior_bowl,https://en.wikipedia.org/wiki/2015_Senior_Bowl
2015,Blake Sims,Alabama,QB,senior_bowl,https://en.wikipedia.org/wiki/2015_Senior_Bowl
2015,Bryan Bennett,SE Louisiana,QB,senior_bowl,https://en.wikipedia.org/wiki/2015_Senior_Bowl
2015,Bryce Petty,Baylor,QB,senior_bowl,https://en.wikipedia.org/wiki/2015_Senior_Bowl
2015,C. J. Uzomah,Auburn,TE,senior_bowl,https://en.wikipedia.org/wiki/2015_Senior_Bowl
2015,Cameron Artis-Payne,Auburn,RB,senior_bowl,https://en.wikipedia.org/wiki/2015_Senior_Bowl
2015,Carl Davis,Iowa,DT,senior_bowl,https://en.wikipedia.org/wiki/2015_Senior_Bowl
2015,Casey Pierce,Kent State,TE,senior_bowl,https://en.wikipedia.org/wiki/2015_Senior_Bowl
2015,Chris Jasperse,Marshall,C,senior_bowl,https://en.wikipedia.org/wiki/2015_Senior_Bowl
2015,Clayton Geathers,Central Florida,S,senior_bowl,https://en.wikipedia.org/wiki/2015_Senior_Bowl
2015,Clive Walford,Miami (FL),TE,senior_bowl,https://en.wikipedia.org/wiki/2015_Senior_Bowl
2015,Cody Prewitt,Mississippi,S,senior_bowl,https://en.wikipedia.org/wiki/2015_Senior_Bowl
2015,Connor Neighbors,LSU,FB,senior_bowl,https://en.wikipedia.org/wiki/2015_Senior_Bowl
2015,Curtis Grant,Ohio State,ILB,senior_bowl,https://en.wikipedia.org/wiki/2015_Senior_Bowl
2015,Damarious Randall,Arizona State,S,senior_bowl,https://en.wikipedia.org/wiki/2015_Senior_Bowl
2015,Danny Shelton,Washington,DT,senior_bowl,https://en.wikipedia.org/wiki/2015_Senior_Bowl
2015,Daryl Williams,Oklahoma,OT,senior_bowl,https://en.wikipedia.org/wiki/2015_Senior_Bowl
2015,David Cobb,Minnesota,RB,senior_bowl,https://en.wikipedia.org/wiki/2015_Senior_Bowl
2015,David Johnson,Northern Iowa,RB,senior_bowl,https://en.wikipedia.org/wiki/2015_Senior_Bowl
2015,Deion Barnes,Penn State,DE,senior_bowl,https://en.wikipedia.org/wiki/2015_Senior_Bowl
2015,Denzel Perryman,Miami (FL),ILB,senior_bowl,https://en.wikipedia.org/wiki/2015_Senior_Bowl
2015,Devin Mahina,BYU,TE,senior_bowl,https://en.wikipedia.org/wiki/2015_Senior_Bowl
2015,Devin Smith,Ohio State,WR,senior_bowl,https://en.wikipedia.org/wiki/2015_Senior_Bowl
2015,Dezmin Lewis,Central Arkansas,WR,senior_bowl,https://en.wikipedia.org/wiki/2015_Senior_Bowl
2015,Dillon Day,Mississippi State,C,senior_bowl,https://en.wikipedia.org/wiki/2015_Senior_Bowl
2015,Donatella Luckett,Harding,WR,senior_bowl,https://en.wikipedia.org/wiki/2015_Senior_Bowl
2015,Donovan Smith,Penn State,OT,senior_bowl,https://en.wikipedia.org/wiki/2015_Senior_Bowl
2015,Doran Grant,Ohio State,CB,senior_bowl,https://en.wikipedia.org/wiki/2015_Senior_Bowl
2015,Eric Rowe,Utah,CB,senior_bowl,https://en.wikipedia.org/wiki/2015_Senior_Bowl
2015,Gabe Wright,Auburn,DT,senior_bowl,https://en.wikipedia.org/wiki/2015_Senior_Bowl
2015,Garrett Grayson,Colorado State,QB,senior_bowl,https://en.wikipedia.org/wiki/2015_Senior_Bowl
2015,Geneo Grissom,Oklahoma,OLB,senior_bowl,https://en.wikipedia.org/wiki/2015_Senior_Bowl
2015,Grady Jarrett,Clemson,DT,senior_bowl,https://en.wikipedia.org/wiki/2015_Senior_Bowl
2015,Hau'oli Kikaha,Washington,DE,senior_bowl,https://en.wikipedia.org/wiki/2015_Senior_Bowl
2015,Hayes Pullard,USC,ILB,senior_bowl,https://en.wikipedia.org/wiki/2015_Senior_Bowl
2015,Henry Anderson,Stanford,DE,senior_bowl,https://en.wikipedia.org/wiki/2015_Senior_Bowl
2015,Ibraheim Campbell,Northwestern,S,senior_bowl,https://en.wikipedia.org/wiki/2015_Senior_Bowl
2015,Imoan Claiborne,Northwestern State,CB,senior_bowl,https://en.wikipedia.org/wiki/2015_Senior_Bowl
2015,Jalston Fowler,Alabama,FB,senior_bowl,https://en.wikipedia.org/wiki/2015_Senior_Bowl
2015,Jamil Douglas,Arizona State,OT,senior_bowl,https://en.wikipedia.org/wiki/2015_Senior_Bowl
2015,Jamison Crowder,Duke,WR,senior_bowl,https://en.wikipedia.org/wiki/2015_Senior_Bowl
2015,Jaquiski Tartt,Samford,S,senior_bowl,https://en.wikipedia.org/wiki/2015_Senior_Bowl
2015,Jeff Luc,Cincinnati,ILB,senior_bowl,https://en.wikipedia.org/wiki/2015_Senior_Bowl
2015,Jeremy Langford,Michigan State,RB,senior_bowl,https://en.wikipedia.org/wiki/2015_Senior_Bowl
2015,Joe Cardona,Navy,LS,senior_bowl,https://en.wikipedia.org/wiki/2015_Senior_Bowl
2015,Joey Mbu,Houston,DT,senior_bowl,https://en.wikipedia.org/wiki/2015_Senior_Bowl
2015,Jordan Hicks,Texas,OLB,senior_bowl,https://en.wikipedia.org/wiki/2015_Senior_Bowl
2015,Josh Harper,Fresno State,WR,senior_bowl,https://en.wikipedia.org/wiki/2015_Senior_Bowl
2015,Josh Shaw,USC,CB,senior_bowl,https://en.wikipedia.org/wiki/2015_Senior_Bowl
2015,Justin Hardy,East Carolina,WR,senior_bowl,https://en.wikipedia.org/wiki/2015_Senior_Bowl
2015,Justin Manton,Louisiana–Monroe,K,senior_bowl,https://en.wikipedia.org/wiki/2015_Senior_Bowl
2015,Kaleb Eulls,Mississippi State,DT,senior_bowl,https://en.wikipedia.org/wiki/2015_Senior_Bowl
2015,Kevin White,TCU,CB,senior_bowl,https://en.wikipedia.org/wiki/2015_Senior_Bowl
2015,Kurtis Drummond,Michigan State,S,senior_bowl,https://en.wikipedia.org/wiki/2015_Senior_Bowl
2015,Kyle Loomis,Portland State,P,senior_bowl,https://en.wikipedia.org/wiki/2015_Senior_Bowl
2015,La'el Collins,LSU,OT,senior_bowl,https://en.wikipedia.org/wiki/2015_Senior_Bowl
2015,Ladarius Gunter,Miami (FL),CB,senior_bowl,https://en.wikipedia.org/wiki/2015_Senior_Bowl
2015,Laken Tomlinson,Duke,OG,senior_bowl,https://en.wikipedia.org/wiki/2015_Senior_Bowl
2015,Lorenzo Mauldin,Louisville,OLB,senior_bowl,https://en.wikipedia.org/wiki/2015_Senior_Bowl
2015,Louis Trinca-Pasat,Iowa,DT,senior_bowl,https://en.wikipedia.org/wiki/2015_Senior_Bowl
2015,Lynden Trail,Norfolk State,OLB,senior_bowl,https://en.wikipedia.org/wiki/2015_Senior_Bowl
2015,Marcus Hardison,Arizona State,DE,senior_bowl,https://en.wikipedia.org/wiki/2015_Senior_Bowl
2015,Marcus Murphy,Missouri,RB,senior_bowl,https://en.wikipedia.org/wiki/2015_Senior_Bowl
2015,Markus Golden,Missouri,DE,senior_bowl,https://en.wikipedia.org/wiki/2015_Senior_Bowl
2015,Martrell Spaight,Arkansas,OLB,senior_bowl,https://en.wikipedia.org/wiki/2015_Senior_Bowl
2015,Max Garcia,Florida,C,senior_bowl,https://en.wikipedia.org/wiki/2015_Senior_Bowl
2015,Nate Orchard,Utah,DE,senior_bowl,https://en.wikipedia.org/wiki/2015_Senior_Bowl
2015,Nick Boyle,Delaware,TE,senior_bowl,https://en.wikipedia.org/wiki/2015_Senior_Bowl
2015,Nick Marshall,Auburn,CB,senior_bowl,https://en.wikipedia.org/wiki/2015_Senior_Bowl
2015,Owamagbe Odighizuwa,UCLA,DE,senior_bowl,https://en.wikipedia.org/wiki/2015_Senior_Bowl
2015,Phillip Dorsett,Miami (FL),WR,senior_bowl,https://en.wikipedia.org/wiki/2015_Senior_Bowl
2015,Preston Smith,Mississippi State,DE,senior_bowl,https://en.wikipedia.org/wiki/2015_Senior_Bowl
2015,Quandre Diggs,Texas,CB,senior_bowl,https://en.wikipedia.org/wiki/2015_Senior_Bowl
2015,Quinten Rollins,Miami (OH),CB,senior_bowl,https://en.wikipedia.org/wiki/2015_Senior_Bowl
2015,Rannell Hall,Central Florida,WR,senior_bowl,https://en.wikipedia.org/wiki/2015_Senior_Bowl
2015,Reese Dismukes,Auburn,C,senior_bowl,https://en.wikipedia.org/wiki/2015_Senior_Bowl
2015,Rob Havenstein,Wisconsin,OT,senior_bowl,https://en.wikipedia.org/wiki/2015_Senior_Bowl
2015,Robert Myers,Tennessee State,OG,senior_bowl,https://en.wikipedia.org/wiki/2015_Senior_Bowl
2015,Sammie Coates,Auburn,WR,senior_bowl,https://en.wikipedia.org/wiki/2015_Senior_Bowl
2015,Sean Mannion,Oregon State,QB,senior_bowl,https://en.wikipedia.org/wiki/2015_Senior_Bowl
2015,Senquez Golson,Mississippi,CB,senior_bowl,https://en.wikipedia.org/wiki/2015_Senior_Bowl
2015,Shane Carden,East Carolina,QB,senior_bowl,https://en.wikipedia.org/wiki/2015_Senior_Bowl
2015,Shaq Mason,Georgia Tech,OG,senior_bowl,https://en.wikipedia.org/wiki/2015_Senior_Bowl
2015,Stephone Anthony,Clemson,ILB,senior_bowl,https://en.wikipedia.org/wiki/2015_Senior_Bowl
2015,Steven Nelson,Oregon State,CB,senior_bowl,https://en.wikipedia.org/wiki/2015_Senior_Bowl
2015,T. J. Clemmings,Pittsburgh,OT,senior_bowl,https://en.wikipedia.org/wiki/2015_Senior_Bowl
2015,Terrance Plummer,Central Florida,ILB,senior_bowl,https://en.wikipedia.org/wiki/2015_Senior_Bowl
2015,Tom Obarski,Concordia (MN),K,senior_bowl,https://en.wikipedia.org/wiki/2015_Senior_Bowl
2015,Tony Lippett,Michigan State,WR,senior_bowl,https://en.wikipedia.org/wiki/2015_Senior_Bowl
2015,Tre Jackson,Florida State,OG,senior_bowl,https://en.wikipedia.org/wiki/2015_Senior_Bowl
2015,Trent Brown,Florida,OT,senior_bowl,https://en.wikipedia.org/wiki/2015_Senior_Bowl
2015,Trey Flowers,Arkansas,DE,senior_bowl,https://en.wikipedia.org/wiki/2015_Senior_Bowl
2015,Ty Montgomery,Stanford,WR,senior_bowl,https://en.wikipedia.org/wiki/2015_Senior_Bowl
2015,Tyler Lockett,Kansas State,WR,senior_bowl,https://en.wikipedia.org/wiki/2015_Senior_Bowl
2015,Tyler Varga,Yale,FB,senior_bowl,https://en.wikipedia.org/wiki/2015_Senior_Bowl
2015,Vince Mayle,Washington State,WR,senior_bowl,https://en.wikipedia.org/wiki/2015_Senior_Bowl
2015,Za'Darius Smith,Kentucky,DE,senior_bowl,https://en.wikipedia.org/wiki/2015_Senior_Bowl
2015,Zack Hodges,Harvard,OLB,senior_bowl,https://en.wikipedia.org/wiki/2015_Senior_Bowl
2016,Aaron Green,TCU,RB,senior_bowl,https://en.wikipedia.org/wiki/2016_Senior_Bowl
2016,Adolphus Washington,Ohio State,DT,senior_bowl,https://en.wikipedia.org/wiki/2016_Senior_Bowl
2016,Alex Kinal,Wake Forest,P,senior_bowl,https://en.wikipedia.org/wiki/2016_Senior_Bowl
2016,Antonio Morrison,Florida,ILB,senior_bowl,https://en.wikipedia.org/wiki/2016_Senior_Bowl
2016,Austin Blythe,Iowa,C,senior_bowl,https://en.wikipedia.org/wiki/2016_Senior_Bowl
2016,Austin Johnson,Penn State,DT,senior_bowl,https://en.wikipedia.org/wiki/2016_Senior_Bowl
2016,Blake Martinez,Stanford,ILB,senior_bowl,https://en.wikipedia.org/wiki/2016_Senior_Bowl
2016,Brandon Allen,Arkansas,QB,senior_bowl,https://en.wikipedia.org/wiki/2016_Senior_Bowl
2016,Braxton Miller,Ohio State,WR,senior_bowl,https://en.wikipedia.org/wiki/2016_Senior_Bowl
2016,Bronson Kaufusi,Brigham Young,DE,senior_bowl,https://en.wikipedia.org/wiki/2016_Senior_Bowl
2016,Bryce Williams,East Carolina,TE,senior_bowl,https://en.wikipedia.org/wiki/2016_Senior_Bowl
2016,Carl Nassib,Penn State,DE,senior_bowl,https://en.wikipedia.org/wiki/2016_Senior_Bowl
2016,Carson Wentz,North Dakota State,QB,senior_bowl,https://en.wikipedia.org/wiki/2016_Senior_Bowl
2016,Charles Tapper,Oklahoma,DT,senior_bowl,https://en.wikipedia.org/wiki/2016_Senior_Bowl
2016,Charone Peake,Clemson,WR,senior_bowl,https://en.wikipedia.org/wiki/2016_Senior_Bowl
2016,Chris Moore,Cincinnati,WR,senior_bowl,https://en.wikipedia.org/wiki/2016_Senior_Bowl
2016,Chris Swain,Navy,RB,senior_bowl,https://en.wikipedia.org/wiki/2016_Senior_Bowl
2016,Christian Westerman,Arizona State,OG,senior_bowl,https://en.wikipedia.org/wiki/2016_Senior_Bowl
2016,Cody Kessler,USC,QB,senior_bowl,https://en.wikipedia.org/wiki/2016_Senior_Bowl
2016,Cody Whitehair,Kansas State,OG,senior_bowl,https://en.wikipedia.org/wiki/2016_Senior_Bowl
2016,Cole Toner,Harvard,OT,senior_bowl,https://en.wikipedia.org/wiki/2016_Senior_Bowl
2016,Connor McGovern,Missouri,OG,senior_bowl,https://en.wikipedia.org/wiki/2016_Senior_Bowl
2016,Cyrus Jones,Alabama,CB,senior_bowl,https://en.wikipedia.org/wiki/2016_Senior_Bowl
2016,Dadi Nicolas,Virginia Tech,DE,senior_bowl,https://en.wikipedia.org/wiki/2016_Senior_Bowl
2016,Dak Prescott,Mississippi State,QB,senior_bowl,https://en.wikipedia.org/wiki/2016_Senior_Bowl
2016,Dan Vitale,Northwestern,FB,senior_bowl,https://en.wikipedia.org/wiki/2016_Senior_Bowl
2016,Darian Thompson,Boise State,S,senior_bowl,https://en.wikipedia.org/wiki/2016_Senior_Bowl
2016,DeAndre Houston-Carson,William & Mary,S,senior_bowl,https://en.wikipedia.org/wiki/2016_Senior_Bowl
2016,DeAndré Washington,Texas Tech,RB,senior_bowl,https://en.wikipedia.org/wiki/2016_Senior_Bowl
2016,Deion Jones,LSU,ILB,senior_bowl,https://en.wikipedia.org/wiki/2016_Senior_Bowl
2016,Deiondre' Hall,Northern Iowa,CB,senior_bowl,https://en.wikipedia.org/wiki/2016_Senior_Bowl
2016,Eric Murray,Minnesota,CB,senior_bowl,https://en.wikipedia.org/wiki/2016_Senior_Bowl
2016,Eric Striker,Oklahoma,OLB,senior_bowl,https://en.wikipedia.org/wiki/2016_Senior_Bowl
2016,Evan Boehm,Missouri,C,senior_bowl,https://en.wikipedia.org/wiki/2016_Senior_Bowl
2016,Glenn Gronkowski,Kansas State,TE,senior_bowl,https://en.wikipedia.org/wiki/2016_Senior_Bowl
2016,Graham Glasgow,Michigan,C,senior_bowl,https://en.wikipedia.org/wiki/2016_Senior_Bowl
2016,Harlan Miller,SE Louisiana,CB,senior_bowl,https://en.wikipedia.org/wiki/2016_Senior_Bowl
2016,Henry Krieger-Coble,Iowa,TE,senior_bowl,https://en.wikipedia.org/wiki/2016_Senior_Bowl
2016,Jack Allen,Michigan State,C,senior_bowl,https://en.wikipedia.org/wiki/2016_Senior_Bowl
2016,Jacoby Brissett,NC State,QB,senior_bowl,https://en.wikipedia.org/wiki/2016_Senior_Bowl
2016,Jake Coker,Alabama,QB,senior_bowl,https://en.wikipedia.org/wiki/2016_Senior_Bowl
2016,Jake McGee,Florida,TE,senior_bowl,https://en.wikipedia.org/wiki/2016_Senior_Bowl
2016,Jalen Mills,LSU,CB,senior_bowl,https://en.wikipedia.org/wiki/2016_Senior_Bowl
2016,James Bradberry,Samford,CB,senior_bowl,https://en.wikipedia.org/wiki/2016_Senior_Bowl
2016,Jared Norris,Utah,ILB,senior_bowl,https://en.wikipedia.org/wiki/2016_Senior_Bowl
2016,Jarran Reed,Alabama,DT,senior_bowl,https://en.wikipedia.org/wiki/2016_Senior_Bowl
2016,Jason Fanaika,Utah,DE,senior_bowl,https://en.wikipedia.org/wiki/2016_Senior_Bowl
2016,Jason Spriggs,Indiana,OT,senior_bowl,https://en.wikipedia.org/wiki/2016_Senior_Bowl
2016,Jay Lee,Baylor,WR,senior_bowl,https://en.wikipedia.org/wiki/2016_Senior_Bowl
2016,Jeff Driskel,Louisiana Tech,QB,senior_bowl,https://en.wikipedia.org/wiki/2016_Senior_Bowl
2016,Jeff Overbaugh,San Diego State,LS,senior_bowl,https://en.wikipedia.org/wiki/2016_Senior_Bowl
2016,Jerell Adams,South Carolina,TE,senior_bowl,https://en.wikipedia.org/wiki/2016_Senior_Bowl
2016,Jeremy Cash,Duke,S,senior_bowl,https://en.wikipedia.org/wiki/2016_Senior_Bowl
2016,Jihad Ward,Illinois,DE,senior_bowl,https://en.wikipedia.org/wiki/2016_Senior_Bowl
2016,Jimmy Landes,Baylor,LS,senior_bowl,https://en.wikipedia.org/wiki/2016_Senior_Bowl
2016,Joe Dahl,Washington State,OG,senior_bowl,https://en.wikipedia.org/wiki/2016_Senior_Bowl
2016,Joe Haeg,North Dakota State,OT,senior_bowl,https://en.wikipedia.org/wiki/2016_Senior_Bowl
2016,Joe Schobert,Wisconsin,OLB,senior_bowl,https://en.wikipedia.org/wiki/2016_Senior_Bowl
2016,John Theus,Georgia,OT,senior_bowl,https://en.wikipedia.org/wiki/2016_Senior_Bowl
2016,Jonathan Jones,Auburn,CB,senior_bowl,https://en.wikipedia.org/wiki/2016_Senior_Bowl
2016,Jonathan Williams,Arkansas,RB,senior_bowl,https://en.wikipedia.org/wiki/2016_Senior_Bowl
2016,Jordan Jenkins,Georgia,OLB,senior_bowl,https://en.wikipedia.org/wiki/2016_Senior_Bowl
2016,Jordan Payton,UCLA,WR,senior_bowl,https://en.wikipedia.org/wiki/2016_Senior_Bowl
2016,Josh Forrest,Kentucky,ILB,senior_bowl,https://en.wikipedia.org/wiki/2016_Senior_Bowl
2016,Joshua Garnett,Stanford,OG,senior_bowl,https://en.wikipedia.org/wiki/2016_Senior_Bowl
2016,Joshua Perry,Ohio State,OLB,senior_bowl,https://en.wikipedia.org/wiki/2016_Senior_Bowl
2016,K. J. Dillon,West Virginia,S,senior_bowl,https://en.wikipedia.org/wiki/2016_Senior_Bowl
2016,K. J. Maye,Minnesota,WR,senior_bowl,https://en.wikipedia.org/wiki/2016_Senior_Bowl
2016,Kaʻimi Fairbairn,UCLA,K,senior_bowl,https://en.wikipedia.org/wiki/2016_Senior_Bowl
2016,Kenneth Dixon,Louisiana Tech,RB,senior_bowl,https://en.wikipedia.org/wiki/2016_Senior_Bowl
2016,Kenyan Drake,Alabama,RB,senior_bowl,https://en.wikipedia.org/wiki/2016_Senior_Bowl
2016,Kevin Byard,Middle Tennessee,S,senior_bowl,https://en.wikipedia.org/wiki/2016_Senior_Bowl
2016,Kevin Hogan,Stanford,QB,senior_bowl,https://en.wikipedia.org/wiki/2016_Senior_Bowl
2016,Kevin Peterson,Oklahoma State,CB,senior_bowl,https://en.wikipedia.org/wiki/2016_Senior_Bowl
2016,Kyle Murphy,Stanford,OT,senior_bowl,https://en.wikipedia.org/wiki/2016_Senior_Bowl
2016,Kyler Fackrell,Utah State,OLB,senior_bowl,https://en.wikipedia.org/wiki/2016_Senior_Bowl
2016,Lawrence Thomas,Michigan State,DE,senior_bowl,https://en.wikipedia.org/wiki/2016_Senior_Bowl
2016,Le'Raven Clark,Texas Tech,OT,senior_bowl,https://en.wikipedia.org/wiki/2016_Senior_Bowl
2016,Leonte Carroo,Rutgers,WR,senior_bowl,https://en.wikipedia.org/wiki/2016_Senior_Bowl
2016,Malcolm Mitchell,Georgia,WR,senior_bowl,https://en.wikipedia.org/wiki/2016_Senior_Bowl
2016,Matt Ioannidis,Temple,DT,senior_bowl,https://en.wikipedia.org/wiki/2016_Senior_Bowl
2016,Maurice Canady,Virginia,CB,senior_bowl,https://en.wikipedia.org/wiki/2016_Senior_Bowl
2016,Miles Killebrew,Southern Utah,S,senior_bowl,https://en.wikipedia.org/wiki/2016_Senior_Bowl
2016,Nick Kwiatkoski,West Virginia,ILB,senior_bowl,https://en.wikipedia.org/wiki/2016_Senior_Bowl
2016,Nick Martin,Notre Dame,OG,senior_bowl,https://en.wikipedia.org/wiki/2016_Senior_Bowl
2016,Nick Vannett,Ohio State,TE,senior_bowl,https://en.wikipedia.org/wiki/2016_Senior_Bowl
2016,Noah Spence,Eastern Kentucky,DE,senior_bowl,https://en.wikipedia.org/wiki/2016_Senior_Bowl
2016,Paul McRoberts,SE Missouri State,WR,senior_bowl,https://en.wikipedia.org/wiki/2016_Senior_Bowl
2016,Quinton Jefferson,Maryland,DT,senior_bowl,https://en.wikipedia.org/wiki/2016_Senior_Bowl
2016,Reggie Ragland,Alabama,OLB,senior_bowl,https://en.wikipedia.org/wiki/2016_Senior_Bowl
2016,Riley Dixon,Syracuse,P,senior_bowl,https://en.wikipedia.org/wiki/2016_Senior_Bowl
2016,Ross Martin,Duke,K,senior_bowl,https://en.wikipedia.org/wiki/2016_Senior_Bowl
2016,Sean Davis,Maryland,S,senior_bowl,https://en.wikipedia.org/wiki/2016_Senior_Bowl
2016,Sebastian Tretola,Arkansas,OG,senior_bowl,https://en.wikipedia.org/wiki/2016_Senior_Bowl
2016,Shawn Oakman,Baylor,DE,senior_bowl,https://en.wikipedia.org/wiki/2016_Senior_Bowl
2016,Sheldon Day,Notre Dame,DT,senior_bowl,https://en.wikipedia.org/wiki/2016_Senior_Bowl
2016,Sheldon Rankins,Louisville,DT,senior_bowl,https://en.wikipedia.org/wiki/2016_Senior_Bowl
2016,Soma Vainuku,USC,FB,senior_bowl,https://en.wikipedia.org/wiki/2016_Senior_Bowl
2016,Spencer Drango,Baylor,OT,senior_bowl,https://en.wikipedia.org/wiki/2016_Senior_Bowl
2016,Sterling Shepard,Oklahoma,WR,senior_bowl,https://en.wikipedia.org/wiki/2016_Senior_Bowl
2016,Tajae Sharpe,UMass,WR,senior_bowl,https://en.wikipedia.org/wiki/2016_Senior_Bowl
2016,Tavon Young,Temple,CB,senior_bowl,https://en.wikipedia.org/wiki/2016_Senior_Bowl
2016,Tyler Ervin,San Jose State,RB,senior_bowl,https://en.wikipedia.org/wiki/2016_Senior_Bowl
2016,Tyler Matakevich,Temple,ILB,senior_bowl,https://en.wikipedia.org/wiki/2016_Senior_Bowl
2016,Tyvis Powell,Ohio State,S,senior_bowl,https://en.wikipedia.org/wiki/2016_Senior_Bowl
2016,Vadal Alexander,LSU,OT,senior_bowl,https://en.wikipedia.org/wiki/2016_Senior_Bowl
2016,Vernon Butler,Louisiana Tech,DT,senior_bowl,https://en.wikipedia.org/wiki/2016_Senior_Bowl
2016,Willie Beavers,Western Michigan,OG,senior_bowl,https://en.wikipedia.org/wiki/2016_Senior_Bowl
2017,Aarion Penton,Missouri,CB,senior_bowl,https://en.wikipedia.org/wiki/2017_Senior_Bowl
2017,Adam Bisnowaty,Pittsburgh,OT,senior_bowl,https://en.wikipedia.org/wiki/2017_Senior_Bowl
2017,Alex Anzalone,Florida,ILB,senior_bowl,https://en.wikipedia.org/wiki/2017_Senior_Bowl
2017,Amara Darboh,Michigan,WR,senior_bowl,https://en.wikipedia.org/wiki/2017_Senior_Bowl
2017,Amba Etta-Tawo,Syracuse,WR,senior_bowl,https://en.wikipedia.org/wiki/2017_Senior_Bowl
2017,Antonio Garcia,Troy,OT,senior_bowl,https://en.wikipedia.org/wiki/2017_Senior_Bowl
2017,Antonio Pipkin,Tiffin,QB,senior_bowl,https://en.wikipedia.org/wiki/2017_Senior_Bowl
2017,Artavis Scott,Clemson,WR,senior_bowl,https://en.wikipedia.org/wiki/2017_Senior_Bowl
2017,Ben Boulware,Clemson,ILB,senior_bowl,https://en.wikipedia.org/wiki/2017_Senior_Bowl
2017,Ben Gedeon,Michigan,ILB,senior_bowl,https://en.wikipedia.org/wiki/2017_Senior_Bowl
2017,Brendan Langley,Lamar,CB,senior_bowl,https://en.wikipedia.org/wiki/2017_Senior_Bowl
2017,C. J. Beathard,Iowa,QB,senior_bowl,https://en.wikipedia.org/wiki/2017_Senior_Bowl
2017,Cameron Sutton,Tennessee,CB,senior_bowl,https://en.wikipedia.org/wiki/2017_Senior_Bowl
2017,Carlos Watkins,Clemson,DT,senior_bowl,https://en.wikipedia.org/wiki/2017_Senior_Bowl
2017,Carroll Phillips,Illinois,OLB,senior_bowl,https://en.wikipedia.org/wiki/2017_Senior_Bowl
2017,Chad Williams,Grambling State,WR,senior_bowl,https://en.wikipedia.org/wiki/2017_Senior_Bowl
2017,Chris Wormley,Michigan,DE,senior_bowl,https://en.wikipedia.org/wiki/2017_Senior_Bowl
2017,Cole Mazza,Alabama,LS,senior_bowl,https://en.wikipedia.org/wiki/2017_Senior_Bowl
2017,Colin Holba,Louisville,LS,senior_bowl,https://en.wikipedia.org/wiki/2017_Senior_Bowl
2017,Connor Harris,Lindenwood,ILB,senior_bowl,https://en.wikipedia.org/wiki/2017_Senior_Bowl
2017,Conor McDermott,UCLA,OT,senior_bowl,https://en.wikipedia.org/wiki/2017_Senior_Bowl
2017,Cooper Kupp,Eastern Washington,WR,senior_bowl,https://en.wikipedia.org/wiki/2017_Senior_Bowl
2017,Corey Clement,Wisconsin,RB,senior_bowl,https://en.wikipedia.org/wiki/2017_Senior_Bowl
2017,Corn Elder,Miami (FL),CB,senior_bowl,https://en.wikipedia.org/wiki/2017_Senior_Bowl
2017,Daeshon Hall,Texas A&M,DE,senior_bowl,https://en.wikipedia.org/wiki/2017_Senior_Bowl
2017,Dalvin Tomlinson,Alabama,DT,senior_bowl,https://en.wikipedia.org/wiki/2017_Senior_Bowl
2017,Damontae Kazee,San Diego State,CB,senior_bowl,https://en.wikipedia.org/wiki/2017_Senior_Bowl
2017,Dan Feeney,Indiana,OG,senior_bowl,https://en.wikipedia.org/wiki/2017_Senior_Bowl
2017,Danny Isidora,Miami (FL),OG,senior_bowl,https://en.wikipedia.org/wiki/2017_Senior_Bowl
2017,Davis Webb,California,QB,senior_bowl,https://en.wikipedia.org/wiki/2017_Senior_Bowl
2017,Dawuane Smoot,Illinois,DE,senior_bowl,https://en.wikipedia.org/wiki/2017_Senior_Bowl
2017,De'Veon Smith,Michigan,RB,senior_bowl,https://en.wikipedia.org/wiki/2017_Senior_Bowl
2017,Derek Rivers,Youngstown State,OLB,senior_bowl,https://en.wikipedia.org/wiki/2017_Senior_Bowl
2017,Desmond King,Iowa,CB,senior_bowl,https://en.wikipedia.org/wiki/2017_Senior_Bowl
2017,Dion Dawkins,Temple,OG,senior_bowl,https://en.wikipedia.org/wiki/2017_Senior_Bowl
2017,Donnel Pumphrey,San Diego State,RB,senior_bowl,https://en.wikipedia.org/wiki/2017_Senior_Bowl
2017,Duke Riley,LSU,ILB,senior_bowl,https://en.wikipedia.org/wiki/2017_Senior_Bowl
2017,Eddie Vanderdoes,UCLA,DT,senior_bowl,https://en.wikipedia.org/wiki/2017_Senior_Bowl
2017,Ethan Pocic,LSU,OC,senior_bowl,https://en.wikipedia.org/wiki/2017_Senior_Bowl
2017,Evan Engram,Ole Miss,TE,senior_bowl,https://en.wikipedia.org/wiki/2017_Senior_Bowl
2017,Ezra Robinson,Tennessee State,CB,senior_bowl,https://en.wikipedia.org/wiki/2017_Senior_Bowl
2017,Forrest Lamp,Western Kentucky,OT,senior_bowl,https://en.wikipedia.org/wiki/2017_Senior_Bowl
2017,Fred Ross,Mississippi State,WR,senior_bowl,https://en.wikipedia.org/wiki/2017_Senior_Bowl
2017,Freddie Stevenson,Florida State,FB,senior_bowl,https://en.wikipedia.org/wiki/2017_Senior_Bowl
2017,Gerald Everett,South Alabama,TE,senior_bowl,https://en.wikipedia.org/wiki/2017_Senior_Bowl
2017,Haason Reddick,Temple,ILB,senior_bowl,https://en.wikipedia.org/wiki/2017_Senior_Bowl
2017,Harvey Langi,BYU,ILB,senior_bowl,https://en.wikipedia.org/wiki/2017_Senior_Bowl
2017,Isaac Asiata,Utah,OG,senior_bowl,https://en.wikipedia.org/wiki/2017_Senior_Bowl
2017,Isaac Rochell,Notre Dame,DE,senior_bowl,https://en.wikipedia.org/wiki/2017_Senior_Bowl
2017,Jake Elliott,Memphis,PK,senior_bowl,https://en.wikipedia.org/wiki/2017_Senior_Bowl
2017,Jaleel Johnson,Iowa,DT,senior_bowl,https://en.wikipedia.org/wiki/2017_Senior_Bowl
2017,Jalen Robinette,Air Force,WR,senior_bowl,https://en.wikipedia.org/wiki/2017_Senior_Bowl
2017,Jamaal Williams,BYU,RB,senior_bowl,https://en.wikipedia.org/wiki/2017_Senior_Bowl
2017,Jamari Staples,Louisville,WR,senior_bowl,https://en.wikipedia.org/wiki/2017_Senior_Bowl
2017,Jeremy Sprinkle,Arkansas,TE,senior_bowl,https://en.wikipedia.org/wiki/2017_Senior_Bowl
2017,Jessamen Dunker,Tennessee State,OG,senior_bowl,https://en.wikipedia.org/wiki/2017_Senior_Bowl
2017,John Johnson,Boston College,S,senior_bowl,https://en.wikipedia.org/wiki/2017_Senior_Bowl
2017,Johnathan Ford,Auburn,S,senior_bowl,https://en.wikipedia.org/wiki/2017_Senior_Bowl
2017,Jon Toth,Kentucky,OC,senior_bowl,https://en.wikipedia.org/wiki/2017_Senior_Bowl
2017,Jonnu Smith,Florida International,TE,senior_bowl,https://en.wikipedia.org/wiki/2017_Senior_Bowl
2017,Jordan Herdman,Simon Fraser,ILB,senior_bowl,https://en.wikipedia.org/wiki/2017_Senior_Bowl
2017,Jordan Morgan,Kutztown,OG,senior_bowl,https://en.wikipedia.org/wiki/2017_Senior_Bowl
2017,Jordan Sterns,Oklahoma State,S,senior_bowl,https://en.wikipedia.org/wiki/2017_Senior_Bowl
2017,Jordan Willis,Kansas State,DE,senior_bowl,https://en.wikipedia.org/wiki/2017_Senior_Bowl
2017,Josh Carraway,TCU,DE,senior_bowl,https://en.wikipedia.org/wiki/2017_Senior_Bowl
2017,Josh Reynolds,Texas A&M,WR,senior_bowl,https://en.wikipedia.org/wiki/2017_Senior_Bowl
2017,Joshua Dobbs,Tennessee,QB,senior_bowl,https://en.wikipedia.org/wiki/2017_Senior_Bowl
2017,Jourdan Lewis,Michigan,CB,senior_bowl,https://en.wikipedia.org/wiki/2017_Senior_Bowl
2017,Julien Davenport,Bucknell,OT,senior_bowl,https://en.wikipedia.org/wiki/2017_Senior_Bowl
2017,Justin Evans,Texas A&M,S,senior_bowl,https://en.wikipedia.org/wiki/2017_Senior_Bowl
2017,Justin Senior,Mississippi State,OT,senior_bowl,https://en.wikipedia.org/wiki/2017_Senior_Bowl
2017,Justin Vogel,Miami (FL),P,senior_bowl,https://en.wikipedia.org/wiki/2017_Senior_Bowl
2017,Kareem Hunt,Toledo,RB,senior_bowl,https://en.wikipedia.org/wiki/2017_Senior_Bowl
2017,Keionta Davis,Chattanooga,DE,senior_bowl,https://en.wikipedia.org/wiki/2017_Senior_Bowl
2017,Kyle Fuller,Baylor,OC,senior_bowl,https://en.wikipedia.org/wiki/2017_Senior_Bowl
2017,Kyle Kalis,Michigan,OG,senior_bowl,https://en.wikipedia.org/wiki/2017_Senior_Bowl
2017,Larry Ogunjobi,Charlotte,DT,senior_bowl,https://en.wikipedia.org/wiki/2017_Senior_Bowl
2017,Lorenzo Jerome,St. Francis (PA),S,senior_bowl,https://en.wikipedia.org/wiki/2017_Senior_Bowl
2017,Marquez White,Florida State,CB,senior_bowl,https://en.wikipedia.org/wiki/2017_Senior_Bowl
2017,Matthew Dayes,North Carolina State,RB,senior_bowl,https://en.wikipedia.org/wiki/2017_Senior_Bowl
2017,Michael Roberts,Toledo,TE,senior_bowl,https://en.wikipedia.org/wiki/2017_Senior_Bowl
2017,Montravius Adams,Auburn,DT,senior_bowl,https://en.wikipedia.org/wiki/2017_Senior_Bowl
2017,Nate Gerry,Nebraska,S,senior_bowl,https://en.wikipedia.org/wiki/2017_Senior_Bowl
2017,Nathan Peterman,Pittsburgh,QB,senior_bowl,https://en.wikipedia.org/wiki/2017_Senior_Bowl
2017,Nico Siragusa,San Diego State,OG,senior_bowl,https://en.wikipedia.org/wiki/2017_Senior_Bowl
2017,O. J. Howard,Alabama,TE,senior_bowl,https://en.wikipedia.org/wiki/2017_Senior_Bowl
2017,Obi Melifonwu,UConn,S,senior_bowl,https://en.wikipedia.org/wiki/2017_Senior_Bowl
2017,Rasul Douglas,West Virginia,CB,senior_bowl,https://en.wikipedia.org/wiki/2017_Senior_Bowl
2017,Rayshawn Jenkins,Miami (FL),S,senior_bowl,https://en.wikipedia.org/wiki/2017_Senior_Bowl
2017,Ryan Anderson,Alabama,OLB,senior_bowl,https://en.wikipedia.org/wiki/2017_Senior_Bowl
2017,Ryan Glasgow,Michigan,DT,senior_bowl,https://en.wikipedia.org/wiki/2017_Senior_Bowl
2017,Ryan Switzer,North Carolina,WR,senior_bowl,https://en.wikipedia.org/wiki/2017_Senior_Bowl
2017,Sam Rogers,Virginia Tech,FB,senior_bowl,https://en.wikipedia.org/wiki/2017_Senior_Bowl
2017,Sefo Liufau,Colorado,QB,senior_bowl,https://en.wikipedia.org/wiki/2017_Senior_Bowl
2017,Stevie Tu'ikolovatu,USC,DT,senior_bowl,https://en.wikipedia.org/wiki/2017_Senior_Bowl
2017,Tanoh Kpassagnon,Villanova,DE,senior_bowl,https://en.wikipedia.org/wiki/2017_Senior_Bowl
2017,Tanzel Smart,Tulane,DT,senior_bowl,https://en.wikipedia.org/wiki/2017_Senior_Bowl
2017,Tarell Basham,Ohio,DE,senior_bowl,https://en.wikipedia.org/wiki/2017_Senior_Bowl
2017,Taylor Moton,Western Michigan,OT,senior_bowl,https://en.wikipedia.org/wiki/2017_Senior_Bowl
2017,Taywan Taylor,Western Kentucky,WR,senior_bowl,https://en.wikipedia.org/wiki/2017_Senior_Bowl
2017,Toby Baker,Arkansas,P,senior_bowl,https://en.wikipedia.org/wiki/2017_Senior_Bowl
2017,Travin Dural,LSU,WR,senior_bowl,https://en.wikipedia.org/wiki/2017_Senior_Bowl
2017,Tre'Davious White,LSU,CB,senior_bowl,https://en.wikipedia.org/wiki/2017_Senior_Bowl
2017,Trent Taylor,Louisiana Tech,WR,senior_bowl,https://en.wikipedia.org/wiki/2017_Senior_Bowl
2017,Tyler Orlosky,West Virginia,OC,senior_bowl,https://en.wikipedia.org/wiki/2017_Senior_Bowl
2017,Tyus Bowser,Houston,OLB,senior_bowl,https://en.wikipedia.org/wiki/2017_Senior_Bowl
2017,Vince Biegel,Wisconsin,OLB,senior_bowl,https://en.wikipedia.org/wiki/2017_Senior_Bowl
2017,Zach Banner,USC,OT,senior_bowl,https://en.wikipedia.org/wiki/2017_Senior_Bowl
2017,Zane Gonzalez,Arizona State,PK,senior_bowl,https://en.wikipedia.org/wiki/2017_Senior_Bowl
2017,Zay Jones,East Carolina,WR,senior_bowl,https://en.wikipedia.org/wiki/2017_Senior_Bowl
2018,Adam Breneman,UMass,TE,senior_bowl,https://en.wikipedia.org/wiki/2018_Senior_Bowl
2018,Akrum Wadley,Iowa,RB,senior_bowl,https://en.wikipedia.org/wiki/2018_Senior_Bowl
2018,Alex Cappa,Humboldt State,OT,senior_bowl,https://en.wikipedia.org/wiki/2018_Senior_Bowl
2018,Allen Lazard,Iowa State,WR,senior_bowl,https://en.wikipedia.org/wiki/2018_Senior_Bowl
2018,Andrew Brown,Virginia,DT,senior_bowl,https://en.wikipedia.org/wiki/2018_Senior_Bowl
2018,Armani Watts,Texas A&M,S,senior_bowl,https://en.wikipedia.org/wiki/2018_Senior_Bowl
2018,Austin Corbett,Nevada,C,senior_bowl,https://en.wikipedia.org/wiki/2018_Senior_Bowl
2018,B. J. Hill,NC State,DT,senior_bowl,https://en.wikipedia.org/wiki/2018_Senior_Bowl
2018,Baker Mayfield,Oklahoma,QB,senior_bowl,https://en.wikipedia.org/wiki/2018_Senior_Bowl
2018,Bradley Bozeman,Alabama,C,senior_bowl,https://en.wikipedia.org/wiki/2018_Senior_Bowl
2018,Brandon Parker,North Carolina A&T,OT,senior_bowl,https://en.wikipedia.org/wiki/2018_Senior_Bowl
2018,Brandon Silvers,Troy,QB,senior_bowl,https://en.wikipedia.org/wiki/2018_Senior_Bowl
2018,Braxton Berrios,Miami (FL),WR,senior_bowl,https://en.wikipedia.org/wiki/2018_Senior_Bowl
2018,Brett Toth,Army,OT,senior_bowl,https://en.wikipedia.org/wiki/2018_Senior_Bowl
2018,Brian O'Neill,Pittsburgh,OT,senior_bowl,https://en.wikipedia.org/wiki/2018_Senior_Bowl
2018,Byron Pringle,Kansas State,WR,senior_bowl,https://en.wikipedia.org/wiki/2018_Senior_Bowl
2018,Cedrick Wilson Jr.,Boise State,WR,senior_bowl,https://en.wikipedia.org/wiki/2018_Senior_Bowl
2018,Chad Thomas,Miami (FL),DE,senior_bowl,https://en.wikipedia.org/wiki/2018_Senior_Bowl
2018,Chandon Sullivan,Georgia State,CB,senior_bowl,https://en.wikipedia.org/wiki/2018_Senior_Bowl
2018,Christian Campbell,Penn State,CB,senior_bowl,https://en.wikipedia.org/wiki/2018_Senior_Bowl
2018,Christian LaCouture,LSU,DT,senior_bowl,https://en.wikipedia.org/wiki/2018_Senior_Bowl
2018,Colby Gossett,Appalachian State,G,senior_bowl,https://en.wikipedia.org/wiki/2018_Senior_Bowl
2018,Cole Madison,Washington State,G,senior_bowl,https://en.wikipedia.org/wiki/2018_Senior_Bowl
2018,D'montre Wade,Murray State,CB,senior_bowl,https://en.wikipedia.org/wiki/2018_Senior_Bowl
2018,D. J. Chark,LSU,WR,senior_bowl,https://en.wikipedia.org/wiki/2018_Senior_Bowl
2018,Da'Shawn Hand,Alabama,DE,senior_bowl,https://en.wikipedia.org/wiki/2018_Senior_Bowl
2018,DaeSean Hamilton,Penn State,WR,senior_bowl,https://en.wikipedia.org/wiki/2018_Senior_Bowl
2018,Dallas Goedert,South Dakota State,TE,senior_bowl,https://en.wikipedia.org/wiki/2018_Senior_Bowl
2018,Daniel Carlson,Auburn,K,senior_bowl,https://en.wikipedia.org/wiki/2018_Senior_Bowl
2018,Danny Johnson,Southern,CB,senior_bowl,https://en.wikipedia.org/wiki/2018_Senior_Bowl
2018,Darius Phillips,Western Michigan,CB,senior_bowl,https://en.wikipedia.org/wiki/2018_Senior_Bowl
2018,Darrel Williams,LSU,RB,senior_bowl,https://en.wikipedia.org/wiki/2018_Senior_Bowl
2018,Deon Yelder,Western Kentucky,TE,senior_bowl,https://en.wikipedia.org/wiki/2018_Senior_Bowl
2018,Desmond Harrison,West Georgia,OT,senior_bowl,https://en.wikipedia.org/wiki/2018_Senior_Bowl
2018,Dewey Jarvis,Brown,OLB,senior_bowl,https://en.wikipedia.org/wiki/2018_Senior_Bowl
2018,Dimitri Flowers,Oklahoma,FB,senior_bowl,https://en.wikipedia.org/wiki/2018_Senior_Bowl
2018,Dorian O'Daniel,Clemson,ILB,senior_bowl,https://en.wikipedia.org/wiki/2018_Senior_Bowl
2018,Duke Dawson,Florida,CB,senior_bowl,https://en.wikipedia.org/wiki/2018_Senior_Bowl
2018,Durham Smythe,Notre Dame,TE,senior_bowl,https://en.wikipedia.org/wiki/2018_Senior_Bowl
2018,Fred Warner,BYU,ILB,senior_bowl,https://en.wikipedia.org/wiki/2018_Senior_Bowl
2018,Garret Dooley,Wisconsin,OLB,senior_bowl,https://en.wikipedia.org/wiki/2018_Senior_Bowl
2018,Greg Gilmore,LSU,DT,senior_bowl,https://en.wikipedia.org/wiki/2018_Senior_Bowl
2018,Harrison Phillips,Stanford,DT,senior_bowl,https://en.wikipedia.org/wiki/2018_Senior_Bowl
2018,Ian Thomas,Indiana,TE,senior_bowl,https://en.wikipedia.org/wiki/2018_Senior_Bowl
2018,Ike Powell,Auburn,LS,senior_bowl,https://en.wikipedia.org/wiki/2018_Senior_Bowl
2018,Isaac Yiadom,Boston College,CB,senior_bowl,https://en.wikipedia.org/wiki/2018_Senior_Bowl
2018,Isaiah Wynn,Georgia,G,senior_bowl,https://en.wikipedia.org/wiki/2018_Senior_Bowl
2018,Ito Smith,Southern Miss,RB,senior_bowl,https://en.wikipedia.org/wiki/2018_Senior_Bowl
2018,J'Mon Moore,Missouri,WR,senior_bowl,https://en.wikipedia.org/wiki/2018_Senior_Bowl
2018,J. K. Scott,Alabama,P,senior_bowl,https://en.wikipedia.org/wiki/2018_Senior_Bowl
2018,Ja'Whaun Bentley,Purdue,ILB,senior_bowl,https://en.wikipedia.org/wiki/2018_Senior_Bowl
2018,JaMarcus King,South Carolina,CB,senior_bowl,https://en.wikipedia.org/wiki/2018_Senior_Bowl
2018,Jaleel Scott,New Mexico State,WR,senior_bowl,https://en.wikipedia.org/wiki/2018_Senior_Bowl
2018,Jalyn Holmes,Ohio State,DE,senior_bowl,https://en.wikipedia.org/wiki/2018_Senior_Bowl
2018,James Washington,Oklahoma State,WR,senior_bowl,https://en.wikipedia.org/wiki/2018_Senior_Bowl
2018,Jamil Demby,Maine,OT,senior_bowl,https://en.wikipedia.org/wiki/2018_Senior_Bowl
2018,Jaylen Samuels,NC State,RB,senior_bowl,https://en.wikipedia.org/wiki/2018_Senior_Bowl
2018,Jeremy Reaves,South Alabama,S,senior_bowl,https://en.wikipedia.org/wiki/2018_Senior_Bowl
2018,Johnny Townsend,Florida,P,senior_bowl,https://en.wikipedia.org/wiki/2018_Senior_Bowl
2018,Jordan Akins,Central Florida,TE,senior_bowl,https://en.wikipedia.org/wiki/2018_Senior_Bowl
2018,Joseph Noteboom,TCU,OT,senior_bowl,https://en.wikipedia.org/wiki/2018_Senior_Bowl
2018,Josh Allen,Wyoming,QB,senior_bowl,https://en.wikipedia.org/wiki/2018_Senior_Bowl
2018,Justin Jones,NC State,DT,senior_bowl,https://en.wikipedia.org/wiki/2018_Senior_Bowl
2018,Justin Watson,Penn,WR,senior_bowl,https://en.wikipedia.org/wiki/2018_Senior_Bowl
2018,Kalen Ballage,Arizona State,RB,senior_bowl,https://en.wikipedia.org/wiki/2018_Senior_Bowl
2018,Kameron Kelly,San Diego State,CB,senior_bowl,https://en.wikipedia.org/wiki/2018_Senior_Bowl
2018,Kemoko Turay,Rutgers,OLB,senior_bowl,https://en.wikipedia.org/wiki/2018_Senior_Bowl
2018,Kurt Benkert,Virginia,QB,senior_bowl,https://en.wikipedia.org/wiki/2018_Senior_Bowl
2018,Kyle Lauletta,Richmond,QB,senior_bowl,https://en.wikipedia.org/wiki/2018_Senior_Bowl
2018,Kylie Fitts,Utah,DE,senior_bowl,https://en.wikipedia.org/wiki/2018_Senior_Bowl
2018,Kyzir White,West Virginia,S,senior_bowl,https://en.wikipedia.org/wiki/2018_Senior_Bowl
2018,Levi Wallace,Alabama,CB,senior_bowl,https://en.wikipedia.org/wiki/2018_Senior_Bowl
2018,Luke Falk,Washington State,QB,senior_bowl,https://en.wikipedia.org/wiki/2018_Senior_Bowl
2018,M. J. Stewart,North Carolina,CB,senior_bowl,https://en.wikipedia.org/wiki/2018_Senior_Bowl
2018,Marcell Ateman,Oklahoma State,WR,senior_bowl,https://en.wikipedia.org/wiki/2018_Senior_Bowl
2018,Marcus Allen,Penn State,S,senior_bowl,https://en.wikipedia.org/wiki/2018_Senior_Bowl
2018,Marcus Davenport,UTSA,DE,senior_bowl,https://en.wikipedia.org/wiki/2018_Senior_Bowl
2018,Marquis Haynes,Mississippi,OLB,senior_bowl,https://en.wikipedia.org/wiki/2018_Senior_Bowl
2018,Mason Cole,Michigan,C,senior_bowl,https://en.wikipedia.org/wiki/2018_Senior_Bowl
2018,Micah Kiser,Virginia,ILB,senior_bowl,https://en.wikipedia.org/wiki/2018_Senior_Bowl
2018,Michael Badgley,Miami (FL),K,senior_bowl,https://en.wikipedia.org/wiki/2018_Senior_Bowl
2018,Michael Gallup,Colorado State,WR,senior_bowl,https://en.wikipedia.org/wiki/2018_Senior_Bowl
2018,Michael Joseph,Dubuque,CB,senior_bowl,https://en.wikipedia.org/wiki/2018_Senior_Bowl
2018,Mike Gesicki,Penn State,TE,senior_bowl,https://en.wikipedia.org/wiki/2018_Senior_Bowl
2018,Mike McCray,Michigan,ILB,senior_bowl,https://en.wikipedia.org/wiki/2018_Senior_Bowl
2018,Mike White,Western Kentucky,QB,senior_bowl,https://en.wikipedia.org/wiki/2018_Senior_Bowl
2018,Myles Pierce,The Citadel,ILB,senior_bowl,https://en.wikipedia.org/wiki/2018_Senior_Bowl
2018,Nate Andrews,Florida State,S,senior_bowl,https://en.wikipedia.org/wiki/2018_Senior_Bowl
2018,Nathan Shepherd,Fort Hays State,DT,senior_bowl,https://en.wikipedia.org/wiki/2018_Senior_Bowl
2018,Nick Bawden,San Diego State,FB,senior_bowl,https://en.wikipedia.org/wiki/2018_Senior_Bowl
2018,Nick DeLuca,North Dakota State,ILB,senior_bowl,https://en.wikipedia.org/wiki/2018_Senior_Bowl
2018,Ogbonnia Okoronkwo,Oklahoma,DE,senior_bowl,https://en.wikipedia.org/wiki/2018_Senior_Bowl
2018,Oren Burks,Vanderbilt,ILB,senior_bowl,https://en.wikipedia.org/wiki/2018_Senior_Bowl
2018,Poona Ford,Texas,DT,senior_bowl,https://en.wikipedia.org/wiki/2018_Senior_Bowl
2018,Quin Blanding,Virginia,S,senior_bowl,https://en.wikipedia.org/wiki/2018_Senior_Bowl
2018,Rashaad Penny,San Diego State,RB,senior_bowl,https://en.wikipedia.org/wiki/2018_Senior_Bowl
2018,Scott Quessenberry,UCLA,C,senior_bowl,https://en.wikipedia.org/wiki/2018_Senior_Bowl
2018,Sean Welsh,Iowa,G,senior_bowl,https://en.wikipedia.org/wiki/2018_Senior_Bowl
2018,Shaquem Griffin,Central Florida,OLB,senior_bowl,https://en.wikipedia.org/wiki/2018_Senior_Bowl
2018,Shaquille Leonard,South Carolina State,ILB,senior_bowl,https://en.wikipedia.org/wiki/2018_Senior_Bowl
2018,Siran Neal,Jacksonville State,CB,senior_bowl,https://en.wikipedia.org/wiki/2018_Senior_Bowl
2018,Skyler Phillips,Idaho State,G,senior_bowl,https://en.wikipedia.org/wiki/2018_Senior_Bowl
2018,Tanner Carew,Oregon,LS,senior_bowl,https://en.wikipedia.org/wiki/2018_Senior_Bowl
2018,Tanner Lee,Nebraska,QB,senior_bowl,https://en.wikipedia.org/wiki/2018_Senior_Bowl
2018,Taron Johnson,Weber State,CB,senior_bowl,https://en.wikipedia.org/wiki/2018_Senior_Bowl
2018,Taylor Hearn,Clemson,G,senior_bowl,https://en.wikipedia.org/wiki/2018_Senior_Bowl
2018,Tray Matthews,Auburn,S,senior_bowl,https://en.wikipedia.org/wiki/2018_Senior_Bowl
2018,Trayvon Henderson,Hawaii,S,senior_bowl,https://en.wikipedia.org/wiki/2018_Senior_Bowl
2018,Tre' Williams,Auburn,ILB,senior_bowl,https://en.wikipedia.org/wiki/2018_Senior_Bowl
2018,Tre'Quan Smith,Central Florida,WR,senior_bowl,https://en.wikipedia.org/wiki/2018_Senior_Bowl
2018,Troy Fumagalli,Wisconsin,TE,senior_bowl,https://en.wikipedia.org/wiki/2018_Senior_Bowl
2018,Tyler Conklin,Central Michigan,TE,senior_bowl,https://en.wikipedia.org/wiki/2018_Senior_Bowl
2018,Tyquan Lewis,Ohio State,DE,senior_bowl,https://en.wikipedia.org/wiki/2018_Senior_Bowl
2018,Tyrell Crosby,Oregon,OT,senior_bowl,https://en.wikipedia.org/wiki/2018_Senior_Bowl
2018,Uchenna Nwosu,USC,OLB,senior_bowl,https://en.wikipedia.org/wiki/2018_Senior_Bowl
2018,Will Hernandez,UTEP,G,senior_bowl,https://en.wikipedia.org/wiki/2018_Senior_Bowl
2018,Wyatt Teller,Virginia Tech,G,senior_bowl,https://en.wikipedia.org/wiki/2018_Senior_Bowl
2019,Alec Ingold,Wisconsin,FB,senior_bowl,https://en.wikipedia.org/wiki/2019_Senior_Bowl
2019,Alex Wesley,Northern Colorado,WR,senior_bowl,https://en.wikipedia.org/wiki/2019_Senior_Bowl
2019,Amani Oruwariye,Penn State,CB,senior_bowl,https://en.wikipedia.org/wiki/2019_Senior_Bowl
2019,Andre Dillard,Washington State,OT,senior_bowl,https://en.wikipedia.org/wiki/2019_Senior_Bowl
2019,Andy Isabella,UMass,WR,senior_bowl,https://en.wikipedia.org/wiki/2019_Senior_Bowl
2019,Anthony Johnson,Buffalo,WR,senior_bowl,https://en.wikipedia.org/wiki/2019_Senior_Bowl
2019,Anthony Nelson,Iowa,DE,senior_bowl,https://en.wikipedia.org/wiki/2019_Senior_Bowl
2019,Austin Seibert,Oklahoma,K,senior_bowl,https://en.wikipedia.org/wiki/2019_Senior_Bowl
2019,B. J. Autry,Jacksonville State,OG,senior_bowl,https://en.wikipedia.org/wiki/2019_Senior_Bowl
2019,Beau Benzschawel,Wisconsin,OG,senior_bowl,https://en.wikipedia.org/wiki/2019_Senior_Bowl
2019,Ben Banogu,TCU,OLB,senior_bowl,https://en.wikipedia.org/wiki/2019_Senior_Bowl
2019,Ben Powers,Oklahoma,OG,senior_bowl,https://en.wikipedia.org/wiki/2019_Senior_Bowl
2019,Bobby Okereke,Stanford,ILB,senior_bowl,https://en.wikipedia.org/wiki/2019_Senior_Bowl
2019,Byron Cowart,Maryland,DE,senior_bowl,https://en.wikipedia.org/wiki/2019_Senior_Bowl
2019,Caleb Wilson,UCLA,TE,senior_bowl,https://en.wikipedia.org/wiki/2019_Senior_Bowl
2019,Cam Smith,USC,ILB,senior_bowl,https://en.wikipedia.org/wiki/2019_Senior_Bowl
2019,Carl Granderson,Wyoming,DE,senior_bowl,https://en.wikipedia.org/wiki/2019_Senior_Bowl
2019,Charles Omenihu,Texas,DE,senior_bowl,https://en.wikipedia.org/wiki/2019_Senior_Bowl
2019,Chris Lindstrom,Boston College,OG,senior_bowl,https://en.wikipedia.org/wiki/2019_Senior_Bowl
2019,Chuma Edoga,USC,OT,senior_bowl,https://en.wikipedia.org/wiki/2019_Senior_Bowl
2019,Cole Tracy,LSU,K,senior_bowl,https://en.wikipedia.org/wiki/2019_Senior_Bowl
2019,Corey Ballentine,Washburn,CB,senior_bowl,https://en.wikipedia.org/wiki/2019_Senior_Bowl
2019,Dalton Risner,Kansas State,OT,senior_bowl,https://en.wikipedia.org/wiki/2019_Senior_Bowl
2019,Dan Godsil,Indiana,LS,senior_bowl,https://en.wikipedia.org/wiki/2019_Senior_Bowl
2019,Daniel Jones,Duke,QB,senior_bowl,https://en.wikipedia.org/wiki/2019_Senior_Bowl
2019,Darius West,Kentucky,S,senior_bowl,https://en.wikipedia.org/wiki/2019_Senior_Bowl
2019,Darnell Savage,Maryland,S,senior_bowl,https://en.wikipedia.org/wiki/2019_Senior_Bowl
2019,Darrin Hall,Pittsburgh,RB,senior_bowl,https://en.wikipedia.org/wiki/2019_Senior_Bowl
2019,David Long Jr.,West Virginia,ILB,senior_bowl,https://en.wikipedia.org/wiki/2019_Senior_Bowl
2019,David Sills,West Virginia,WR,senior_bowl,https://en.wikipedia.org/wiki/2019_Senior_Bowl
2019,Dax Raymond,Utah State,TE,senior_bowl,https://en.wikipedia.org/wiki/2019_Senior_Bowl
2019,Daylon Mack,Texas A&M,DT,senior_bowl,https://en.wikipedia.org/wiki/2019_Senior_Bowl
2019,Deebo Samuel,South Carolina,WR,senior_bowl,https://en.wikipedia.org/wiki/2019_Senior_Bowl
2019,Demarcus Christmas,Florida State,DT,senior_bowl,https://en.wikipedia.org/wiki/2019_Senior_Bowl
2019,Dennis Daley,South Carolina,OT,senior_bowl,https://en.wikipedia.org/wiki/2019_Senior_Bowl
2019,Deshaun Davis,Auburn,ILB,senior_bowl,https://en.wikipedia.org/wiki/2019_Senior_Bowl
2019,Dexter Williams,Notre Dame,RB,senior_bowl,https://en.wikipedia.org/wiki/2019_Senior_Bowl
2019,Donald Parham,Stetson,TE,senior_bowl,https://en.wikipedia.org/wiki/2019_Senior_Bowl
2019,Dontavius Russell,Auburn,DT,senior_bowl,https://en.wikipedia.org/wiki/2019_Senior_Bowl
2019,Dre Greenlaw,Arkansas,OLB,senior_bowl,https://en.wikipedia.org/wiki/2019_Senior_Bowl
2019,Drew Lock,Missouri,QB,senior_bowl,https://en.wikipedia.org/wiki/2019_Senior_Bowl
2019,Drew Sample,Washington,TE,senior_bowl,https://en.wikipedia.org/wiki/2019_Senior_Bowl
2019,Dru Samia,Oklahoma,OG,senior_bowl,https://en.wikipedia.org/wiki/2019_Senior_Bowl
2019,Drue Tranquill,Notre Dame,OLB,senior_bowl,https://en.wikipedia.org/wiki/2019_Senior_Bowl
2019,Elgton Jenkins,Mississippi State,OC,senior_bowl,https://en.wikipedia.org/wiki/2019_Senior_Bowl
2019,Erik McCoy,Texas A&M,C,senior_bowl,https://en.wikipedia.org/wiki/2019_Senior_Bowl
2019,Foster Moreau,LSU,TE,senior_bowl,https://en.wikipedia.org/wiki/2019_Senior_Bowl
2019,Gardner Minshew,Washington State,QB,senior_bowl,https://en.wikipedia.org/wiki/2019_Senior_Bowl
2019,Garrett Bradbury,North Carolina State,C,senior_bowl,https://en.wikipedia.org/wiki/2019_Senior_Bowl
2019,Gary Jennings Jr.,West Virginia,WR,senior_bowl,https://en.wikipedia.org/wiki/2019_Senior_Bowl
2019,Germaine Pratt,North Carolina State,ILB,senior_bowl,https://en.wikipedia.org/wiki/2019_Senior_Bowl
2019,Gerri Green,Mississippi State,OLB,senior_bowl,https://en.wikipedia.org/wiki/2019_Senior_Bowl
2019,Greg Gaines,Washington,DT,senior_bowl,https://en.wikipedia.org/wiki/2019_Senior_Bowl
2019,Hunter Renfrow,Clemson,WR,senior_bowl,https://en.wikipedia.org/wiki/2019_Senior_Bowl
2019,Iman Marshall,USC,CB,senior_bowl,https://en.wikipedia.org/wiki/2019_Senior_Bowl
2019,Isaiah Buggs,Alabama,DT,senior_bowl,https://en.wikipedia.org/wiki/2019_Senior_Bowl
2019,Isaiah Johnson,Houston,CB,senior_bowl,https://en.wikipedia.org/wiki/2019_Senior_Bowl
2019,Jake Bailey,Stanford,P,senior_bowl,https://en.wikipedia.org/wiki/2019_Senior_Bowl
2019,Jakobi Meyers,North Carolina State,WR,senior_bowl,https://en.wikipedia.org/wiki/2019_Senior_Bowl
2019,Jalen Jelks,Oregon,DE,senior_bowl,https://en.wikipedia.org/wiki/2019_Senior_Bowl
2019,Jaquan Johnson,Miami,S,senior_bowl,https://en.wikipedia.org/wiki/2019_Senior_Bowl
2019,Jarrett Stidham,Auburn,QB,senior_bowl,https://en.wikipedia.org/wiki/2019_Senior_Bowl
2019,Javon Patterson,Ole Miss,OG,senior_bowl,https://en.wikipedia.org/wiki/2019_Senior_Bowl
2019,Jaylen Smith,Louisville,WR,senior_bowl,https://en.wikipedia.org/wiki/2019_Senior_Bowl
2019,Jaylon Ferguson,Louisiana Tech,DE,senior_bowl,https://en.wikipedia.org/wiki/2019_Senior_Bowl
2019,Jimmy Moreland,James Madison,CB,senior_bowl,https://en.wikipedia.org/wiki/2019_Senior_Bowl
2019,John Cominsky,Charleston,DE,senior_bowl,https://en.wikipedia.org/wiki/2019_Senior_Bowl
2019,Johnathan Abram,Mississippi State,S,senior_bowl,https://en.wikipedia.org/wiki/2019_Senior_Bowl
2019,Jonathan Ledbetter,Georgia,DE,senior_bowl,https://en.wikipedia.org/wiki/2019_Senior_Bowl
2019,Jordan Brown,South Dakota State,CB,senior_bowl,https://en.wikipedia.org/wiki/2019_Senior_Bowl
2019,Josh Oliver,San Jose State,TE,senior_bowl,https://en.wikipedia.org/wiki/2019_Senior_Bowl
2019,Juan Thornhill,Virginia,S,senior_bowl,https://en.wikipedia.org/wiki/2019_Senior_Bowl
2019,Kaleb McGary,Washington,OT,senior_bowl,https://en.wikipedia.org/wiki/2019_Senior_Bowl
2019,Karan Higdon,Michigan,RB,senior_bowl,https://en.wikipedia.org/wiki/2019_Senior_Bowl
2019,Keelan Doss,UC Davis,WR,senior_bowl,https://en.wikipedia.org/wiki/2019_Senior_Bowl
2019,Khalen Saunders,Western Illinois,DT,senior_bowl,https://en.wikipedia.org/wiki/2019_Senior_Bowl
2019,Khari Willis,Michigan State,S,senior_bowl,https://en.wikipedia.org/wiki/2019_Senior_Bowl
2019,Kingsley Keke,Texas A&M,DT,senior_bowl,https://en.wikipedia.org/wiki/2019_Senior_Bowl
2019,Kris Boyd,Texas,CB,senior_bowl,https://en.wikipedia.org/wiki/2019_Senior_Bowl
2019,L. J. Collier,TCU,DE,senior_bowl,https://en.wikipedia.org/wiki/2019_Senior_Bowl
2019,Lonnie Johnson Jr.,Kentucky,CB,senior_bowl,https://en.wikipedia.org/wiki/2019_Senior_Bowl
2019,Mark Fields,Clemson,CB,senior_bowl,https://en.wikipedia.org/wiki/2019_Senior_Bowl
2019,Marquise Blair,Utah,S,senior_bowl,https://en.wikipedia.org/wiki/2019_Senior_Bowl
2019,Max Scharping,Northern Illinois,OT,senior_bowl,https://en.wikipedia.org/wiki/2019_Senior_Bowl
2019,Michael Deiter,Wisconsin,OG,senior_bowl,https://en.wikipedia.org/wiki/2019_Senior_Bowl
2019,Mike Edwards,Kentucky,S,senior_bowl,https://en.wikipedia.org/wiki/2019_Senior_Bowl
2019,Mitch Wishnowsky,Utah,P,senior_bowl,https://en.wikipedia.org/wiki/2019_Senior_Bowl
2019,Montez Sweat,Mississippi State,DE,senior_bowl,https://en.wikipedia.org/wiki/2019_Senior_Bowl
2019,Nasir Adderley,Delaware,S,senior_bowl,https://en.wikipedia.org/wiki/2019_Senior_Bowl
2019,Nate Davis,Charlotte,OG,senior_bowl,https://en.wikipedia.org/wiki/2019_Senior_Bowl
2019,Nick Moore,Georgia,LS,senior_bowl,https://en.wikipedia.org/wiki/2019_Senior_Bowl
2019,Oli Udoh,Elon,OT,senior_bowl,https://en.wikipedia.org/wiki/2019_Senior_Bowl
2019,Oshane Ximines,Old Dominion,DE,senior_bowl,https://en.wikipedia.org/wiki/2019_Senior_Bowl
2019,Penny Hart,Georgia State,WR,senior_bowl,https://en.wikipedia.org/wiki/2019_Senior_Bowl
2019,Renell Wren,Arizona State,DT,senior_bowl,https://en.wikipedia.org/wiki/2019_Senior_Bowl
2019,Rock Ya-Sin,Temple,CB,senior_bowl,https://en.wikipedia.org/wiki/2019_Senior_Bowl
2019,Ross Pierschbacher,Alabama,OC,senior_bowl,https://en.wikipedia.org/wiki/2019_Senior_Bowl
2019,Ryan Finley,North Carolina State,QB,senior_bowl,https://en.wikipedia.org/wiki/2019_Senior_Bowl
2019,Ryquell Armstead,Temple,RB,senior_bowl,https://en.wikipedia.org/wiki/2019_Senior_Bowl
2019,Sheldrick Redwine,Miami,CB,senior_bowl,https://en.wikipedia.org/wiki/2019_Senior_Bowl
2019,Sione Takitaki,BYU,OLB,senior_bowl,https://en.wikipedia.org/wiki/2019_Senior_Bowl
2019,Sutton Smith,Northern Illinois,OLB,senior_bowl,https://en.wikipedia.org/wiki/2019_Senior_Bowl
2019,Te'Von Coney,Notre Dame,ILB,senior_bowl,https://en.wikipedia.org/wiki/2019_Senior_Bowl
2019,Terrill Hanks,New Mexico State,OLB,senior_bowl,https://en.wikipedia.org/wiki/2019_Senior_Bowl
2019,Terry McLaurin,Ohio State,WR,senior_bowl,https://en.wikipedia.org/wiki/2019_Senior_Bowl
2019,Tommy Sweeney,Boston College,TE,senior_bowl,https://en.wikipedia.org/wiki/2019_Senior_Bowl
2019,Tony Pollard,Memphis,RB,senior_bowl,https://en.wikipedia.org/wiki/2019_Senior_Bowl
2019,Trace McSorley,Penn State,QB,senior_bowl,https://en.wikipedia.org/wiki/2019_Senior_Bowl
2019,Travis Fulgham,Old Dominion,WR,senior_bowl,https://en.wikipedia.org/wiki/2019_Senior_Bowl
2019,Trevon Wesco,West Virginia,FB,senior_bowl,https://en.wikipedia.org/wiki/2019_Senior_Bowl
2019,Tyre Brady,Marshall,WR,senior_bowl,https://en.wikipedia.org/wiki/2019_Senior_Bowl
2019,Tyree Jackson,Buffalo,QB,senior_bowl,https://en.wikipedia.org/wiki/2019_Senior_Bowl
2019,Tytus Howard,Alabama State,OT,senior_bowl,https://en.wikipedia.org/wiki/2019_Senior_Bowl
2019,Wes Hills,Slippery Rock,RB,senior_bowl,https://en.wikipedia.org/wiki/2019_Senior_Bowl
2019,Will Grier,West Virginia,QB,senior_bowl,https://en.wikipedia.org/wiki/2019_Senior_Bowl
2019,Will Harris,Boston College,S,senior_bowl,https://en.wikipedia.org/wiki/2019_Senior_Bowl
2019,Zach Allen,Boston College,DE,senior_bowl,https://en.wikipedia.org/wiki/2019_Senior_Bowl
2020,A. J. Green,Oklahoma State,CB,senior_bowl,https://en.wikipedia.org/wiki/2020_Senior_Bowl
2020,Adam Trautman,Dayton,TE,senior_bowl,https://en.wikipedia.org/wiki/2020_Senior_Bowl
2020,Akeem Davis-Gaither,Appalachian State,OLB,senior_bowl,https://en.wikipedia.org/wiki/2020_Senior_Bowl
2020,Alex Taylor,South Carolina State,OT,senior_bowl,https://en.wikipedia.org/wiki/2020_Senior_Bowl
2020,Alohi Gilman,Notre Dame,S,senior_bowl,https://en.wikipedia.org/wiki/2020_Senior_Bowl
2020,Alton Robinson,Syracuse,DE,senior_bowl,https://en.wikipedia.org/wiki/2020_Senior_Bowl
2020,Anfernee Jennings,Alabama,ILB,senior_bowl,https://en.wikipedia.org/wiki/2020_Senior_Bowl
2020,Anthony Gordon,Washington State,QB,senior_bowl,https://en.wikipedia.org/wiki/2020_Senior_Bowl
2020,Antoine Brooks,Maryland,S,senior_bowl,https://en.wikipedia.org/wiki/2020_Senior_Bowl
2020,Antonio Gandy-Golden,Liberty,WR,senior_bowl,https://en.wikipedia.org/wiki/2020_Senior_Bowl
2020,Antonio Gibson,Memphis,RB,senior_bowl,https://en.wikipedia.org/wiki/2020_Senior_Bowl
2020,Ashtyn Davis,California,S,senior_bowl,https://en.wikipedia.org/wiki/2020_Senior_Bowl
2020,Austin Mack,Ohio State,WR,senior_bowl,https://en.wikipedia.org/wiki/2020_Senior_Bowl
2020,Ben Bartch,Saint John's,OG,senior_bowl,https://en.wikipedia.org/wiki/2020_Senior_Bowl
2020,Ben Bredeson,Michigan,OG,senior_bowl,https://en.wikipedia.org/wiki/2020_Senior_Bowl
2020,Benito Jones,Ole Miss,DT,senior_bowl,https://en.wikipedia.org/wiki/2020_Senior_Bowl
2020,Blake Ferguson,LSU,LS,senior_bowl,https://en.wikipedia.org/wiki/2020_Senior_Bowl
2020,Braden Mann,Texas A&M,P,senior_bowl,https://en.wikipedia.org/wiki/2020_Senior_Bowl
2020,Bradlee Anae,Utah,DE,senior_bowl,https://en.wikipedia.org/wiki/2020_Senior_Bowl
2020,Brandon Aiyuk,Arizona State,WR,senior_bowl,https://en.wikipedia.org/wiki/2020_Senior_Bowl
2020,Brian Cole II,Mississippi State,S,senior_bowl,https://en.wikipedia.org/wiki/2020_Senior_Bowl
2020,Brycen Hopkins,Purdue,TE,senior_bowl,https://en.wikipedia.org/wiki/2020_Senior_Bowl
2020,Calvin Throckmorton,Oregon,OL,senior_bowl,https://en.wikipedia.org/wiki/2020_Senior_Bowl
2020,Cam Brown,Penn State,OLB,senior_bowl,https://en.wikipedia.org/wiki/2020_Senior_Bowl
2020,Carter Coughlin,Minnesota,DE,senior_bowl,https://en.wikipedia.org/wiki/2020_Senior_Bowl
2020,Charlie Heck,North Carolina,OT,senior_bowl,https://en.wikipedia.org/wiki/2020_Senior_Bowl
2020,Charlie Taumoepeau,Portland State,TE,senior_bowl,https://en.wikipedia.org/wiki/2020_Senior_Bowl
2020,Chase Claypool,Notre Dame,WR,senior_bowl,https://en.wikipedia.org/wiki/2020_Senior_Bowl
2020,Collin Johnson,Texas,WR,senior_bowl,https://en.wikipedia.org/wiki/2020_Senior_Bowl
2020,Colton McKivitz,West Virginia,OT,senior_bowl,https://en.wikipedia.org/wiki/2020_Senior_Bowl
2020,D. J. Wonnum,South Carolina,OLB,senior_bowl,https://en.wikipedia.org/wiki/2020_Senior_Bowl
2020,DaVon Hamilton,Ohio State,DT,senior_bowl,https://en.wikipedia.org/wiki/2020_Senior_Bowl
2020,Damien Lewis,LSU,OL,senior_bowl,https://en.wikipedia.org/wiki/2020_Senior_Bowl
2020,Dane Jackson,Pittsburgh,CB,senior_bowl,https://en.wikipedia.org/wiki/2020_Senior_Bowl
2020,Darius Anderson,TCU,RB,senior_bowl,https://en.wikipedia.org/wiki/2020_Senior_Bowl
2020,Darnay Holmes,UCLA,CB,senior_bowl,https://en.wikipedia.org/wiki/2020_Senior_Bowl
2020,Darrell Taylor,Tennessee,DE,senior_bowl,https://en.wikipedia.org/wiki/2020_Senior_Bowl
2020,Darrion Daniels,Nebraska,DT,senior_bowl,https://en.wikipedia.org/wiki/2020_Senior_Bowl
2020,Davion Taylor,Colorado,OLB,senior_bowl,https://en.wikipedia.org/wiki/2020_Senior_Bowl
2020,Denzel Mims,Baylor,WR,senior_bowl,https://en.wikipedia.org/wiki/2020_Senior_Bowl
2020,Devin Duvernay,Texas,WR,senior_bowl,https://en.wikipedia.org/wiki/2020_Senior_Bowl
2020,Eno Benjamin,Arizona State,RB,senior_bowl,https://en.wikipedia.org/wiki/2020_Senior_Bowl
2020,Essang Bassey,Wake Forest,CB,senior_bowl,https://en.wikipedia.org/wiki/2020_Senior_Bowl
2020,Evan Weaver,California,ILB,senior_bowl,https://en.wikipedia.org/wiki/2020_Senior_Bowl
2020,Francis Bernard,Utah,ILB,senior_bowl,https://en.wikipedia.org/wiki/2020_Senior_Bowl
2020,Hakeem Adeniji,Kansas,OT,senior_bowl,https://en.wikipedia.org/wiki/2020_Senior_Bowl
2020,Harrison Bryant,Florida Atlantic,TE,senior_bowl,https://en.wikipedia.org/wiki/2020_Senior_Bowl
2020,JaMycal Hasty,Baylor,RB,senior_bowl,https://en.wikipedia.org/wiki/2020_Senior_Bowl
2020,Jabari Zuniga,Florida,DE,senior_bowl,https://en.wikipedia.org/wiki/2020_Senior_Bowl
2020,Jalen Elliott,Notre Dame,S,senior_bowl,https://en.wikipedia.org/wiki/2020_Senior_Bowl
2020,Jalen Hurts,Oklahoma,QB,senior_bowl,https://en.wikipedia.org/wiki/2020_Senior_Bowl
2020,James Proche,SMU,WR,senior_bowl,https://en.wikipedia.org/wiki/2020_Senior_Bowl
2020,Jared Mayden,Alabama,S,senior_bowl,https://en.wikipedia.org/wiki/2020_Senior_Bowl
2020,Jared Pinkney,Vanderbilt,TE,senior_bowl,https://en.wikipedia.org/wiki/2020_Senior_Bowl
2020,Jason Strowbridge,North Carolina,DE,senior_bowl,https://en.wikipedia.org/wiki/2020_Senior_Bowl
2020,Jauan Jennings,Tennessee,WR,senior_bowl,https://en.wikipedia.org/wiki/2020_Senior_Bowl
2020,Javon Kinlaw,South Carolina,DT,senior_bowl,https://en.wikipedia.org/wiki/2020_Senior_Bowl
2020,Jeremy Chinn,Southern Illinois,S,senior_bowl,https://en.wikipedia.org/wiki/2020_Senior_Bowl
2020,John Simpson,Clemson,OG,senior_bowl,https://en.wikipedia.org/wiki/2020_Senior_Bowl
2020,Jonah Jackson,Ohio State,OG,senior_bowl,https://en.wikipedia.org/wiki/2020_Senior_Bowl
2020,Jonathan Greenard,Florida,DE,senior_bowl,https://en.wikipedia.org/wiki/2020_Senior_Bowl
2020,Jordan Love,Utah State,QB,senior_bowl,https://en.wikipedia.org/wiki/2020_Senior_Bowl
2020,Joseph Charlton,South Carolina,P,senior_bowl,https://en.wikipedia.org/wiki/2020_Senior_Bowl
2020,Josh Jones,Houston,T,senior_bowl,https://en.wikipedia.org/wiki/2020_Senior_Bowl
2020,Josh Metellus,Michigan,S,senior_bowl,https://en.wikipedia.org/wiki/2020_Senior_Bowl
2020,Josh Uche,Michigan,OLB,senior_bowl,https://en.wikipedia.org/wiki/2020_Senior_Bowl
2020,Joshua Kelley,UCLA,RB,senior_bowl,https://en.wikipedia.org/wiki/2020_Senior_Bowl
2020,Josiah Coatney,Ole Miss,DT,senior_bowl,https://en.wikipedia.org/wiki/2020_Senior_Bowl
2020,Josiah Deguara,Cincinnati,TE,senior_bowl,https://en.wikipedia.org/wiki/2020_Senior_Bowl
2020,Justin Herbert,Oregon,QB,senior_bowl,https://en.wikipedia.org/wiki/2020_Senior_Bowl
2020,Justin Herron,Wake Forest,OT,senior_bowl,https://en.wikipedia.org/wiki/2020_Senior_Bowl
2020,K'Von Wallace,Clemson,S,senior_bowl,https://en.wikipedia.org/wiki/2020_Senior_Bowl
2020,K. J. Hill,Ohio State,WR,senior_bowl,https://en.wikipedia.org/wiki/2020_Senior_Bowl
2020,Kalija Lipscomb,Vanderbilt,WR,senior_bowl,https://en.wikipedia.org/wiki/2020_Senior_Bowl
2020,Ke'Shawn Vaughn,Vanderbilt,RB,senior_bowl,https://en.wikipedia.org/wiki/2020_Senior_Bowl
2020,Keith Ismael,San Diego State,OL,senior_bowl,https://en.wikipedia.org/wiki/2020_Senior_Bowl
2020,Kenny Willekes,Michigan State,DE,senior_bowl,https://en.wikipedia.org/wiki/2020_Senior_Bowl
2020,Khaleke Hudson,Michigan,S,senior_bowl,https://en.wikipedia.org/wiki/2020_Senior_Bowl
2020,Kindle Vildor,Georgia Southern,CB,senior_bowl,https://en.wikipedia.org/wiki/2020_Senior_Bowl
2020,Kyle Dugger,Lenoir-Rhyne,S,senior_bowl,https://en.wikipedia.org/wiki/2020_Senior_Bowl
2020,La'Mical Perine,Florida,RB,senior_bowl,https://en.wikipedia.org/wiki/2020_Senior_Bowl
2020,Lamar Jackson,Nebraska,CB,senior_bowl,https://en.wikipedia.org/wiki/2020_Senior_Bowl
2020,Larrell Murchison,NC State,DT,senior_bowl,https://en.wikipedia.org/wiki/2020_Senior_Bowl
2020,Leki Fotu,Utah,DT,senior_bowl,https://en.wikipedia.org/wiki/2020_Senior_Bowl
2020,Lloyd Cushenberry,LSU,OL,senior_bowl,https://en.wikipedia.org/wiki/2020_Senior_Bowl
2020,Logan Stenberg,Kentucky,OG,senior_bowl,https://en.wikipedia.org/wiki/2020_Senior_Bowl
2020,Logan Wilson,Wyoming,ILB,senior_bowl,https://en.wikipedia.org/wiki/2020_Senior_Bowl
2020,Malik Harrison,Ohio State,ILB,senior_bowl,https://en.wikipedia.org/wiki/2020_Senior_Bowl
2020,Marlon Davidson,Auburn,DE,senior_bowl,https://en.wikipedia.org/wiki/2020_Senior_Bowl
2020,Matt Hennessy,Temple,OL,senior_bowl,https://en.wikipedia.org/wiki/2020_Senior_Bowl
2020,Matt Peart,UConn,OT,senior_bowl,https://en.wikipedia.org/wiki/2020_Senior_Bowl
2020,Michael Ojemudia,Iowa,CB,senior_bowl,https://en.wikipedia.org/wiki/2020_Senior_Bowl
2020,Michael Pittman Jr.,USC,WR,senior_bowl,https://en.wikipedia.org/wiki/2020_Senior_Bowl
2020,Neville Gallimore,Oklahoma,DT,senior_bowl,https://en.wikipedia.org/wiki/2020_Senior_Bowl
2020,Nick Harris,Washington,C,senior_bowl,https://en.wikipedia.org/wiki/2020_Senior_Bowl
2020,Prince Tega Wanogho,Auburn,OT,senior_bowl,https://en.wikipedia.org/wiki/2020_Senior_Bowl
2020,Quartney Davis,Texas A&M,WR,senior_bowl,https://en.wikipedia.org/wiki/2020_Senior_Bowl
2020,Reggie Robinson,Tulsa,DB,senior_bowl,https://en.wikipedia.org/wiki/2020_Senior_Bowl
2020,Robert Windsor,Penn State,DT,senior_bowl,https://en.wikipedia.org/wiki/2020_Senior_Bowl
2020,Rodrigo Blankenship,Georgia,K,senior_bowl,https://en.wikipedia.org/wiki/2020_Senior_Bowl
2020,Sean McKeon,Michigan,TE,senior_bowl,https://en.wikipedia.org/wiki/2020_Senior_Bowl
2020,Shea Patterson,Michigan,QB,senior_bowl,https://en.wikipedia.org/wiki/2020_Senior_Bowl
2020,Stephen Sullivan,LSU,TE,senior_bowl,https://en.wikipedia.org/wiki/2020_Senior_Bowl
2020,Steven Montez,Colorado,QB,senior_bowl,https://en.wikipedia.org/wiki/2020_Senior_Bowl
2020,Steven Wirtel,Iowa State,LS,senior_bowl,https://en.wikipedia.org/wiki/2020_Senior_Bowl
2020,T. J. Brunson,South Carolina,ILB,senior_bowl,https://en.wikipedia.org/wiki/2020_Senior_Bowl
2020,Terence Steele,Texas Tech,OT,senior_bowl,https://en.wikipedia.org/wiki/2020_Senior_Bowl
2020,Terrell Burgess,Utah,DB,senior_bowl,https://en.wikipedia.org/wiki/2020_Senior_Bowl
2020,Terrell Lewis,Alabama,OLB,senior_bowl,https://en.wikipedia.org/wiki/2020_Senior_Bowl
2020,Tremayne Anchrum,Clemson,OL,senior_bowl,https://en.wikipedia.org/wiki/2020_Senior_Bowl
2020,Trevis Gipson,Tulsa,DE,senior_bowl,https://en.wikipedia.org/wiki/2020_Senior_Bowl
2020,Trevon Hill,Miami (FL),DE,senior_bowl,https://en.wikipedia.org/wiki/2020_Senior_Bowl
2020,Trey Adams,Washington,OT,senior_bowl,https://en.wikipedia.org/wiki/2020_Senior_Bowl
2020,Troy Pride,Notre Dame,CB,senior_bowl,https://en.wikipedia.org/wiki/2020_Senior_Bowl
2020,Tyler Bass,Georgia Southern,K,senior_bowl,https://en.wikipedia.org/wiki/2020_Senior_Bowl
2020,Tyre Phillips,Mississippi State,OT,senior_bowl,https://en.wikipedia.org/wiki/2020_Senior_Bowl
2020,Van Jefferson,Florida,WR,senior_bowl,https://en.wikipedia.org/wiki/2020_Senior_Bowl
2020,Zack Baun,Wisconsin,OLB,senior_bowl,https://en.wikipedia.org/wiki/2020_Senior_Bowl
2021,Aaron Banks,Notre Dame,OL,senior_bowl,https://en.wikipedia.org/wiki/2021_Senior_Bowl
2021,Aaron Robinson,UCF,DB,senior_bowl,https://en.wikipedia.org/wiki/2021_Senior_Bowl
2021,Adetokunbo Ogundeji,Notre Dame,DL,senior_bowl,https://en.wikipedia.org/wiki/2021_Senior_Bowl
2021,Adrian Ealy,Oklahoma,OL,senior_bowl,https://en.wikipedia.org/wiki/2021_Senior_Bowl
2021,Alaric Jackson,Iowa,OL,senior_bowl,https://en.wikipedia.org/wiki/2021_Senior_Bowl
2021,Alex Leatherwood,Alabama,OL,senior_bowl,https://en.wikipedia.org/wiki/2021_Senior_Bowl
2021,Amari Rodgers,Clemson,WR,senior_bowl,https://en.wikipedia.org/wiki/2021_Senior_Bowl
2021,Ambry Thomas,Michigan,DB,senior_bowl,https://en.wikipedia.org/wiki/2021_Senior_Bowl
2021,Austin Watkins Jr.,UAB,WR,senior_bowl,https://en.wikipedia.org/wiki/2021_Senior_Bowl
2021,Baron Browning,Ohio State,LB,senior_bowl,https://en.wikipedia.org/wiki/2021_Senior_Bowl
2021,Ben Cleveland,Georgia,OL,senior_bowl,https://en.wikipedia.org/wiki/2021_Senior_Bowl
2021,Ben Mason,Michigan,FB,senior_bowl,https://en.wikipedia.org/wiki/2021_Senior_Bowl
2021,Ben Skowronek,Notre Dame,WR,senior_bowl,https://en.wikipedia.org/wiki/2021_Senior_Bowl
2021,Benjamin St-Juste,Minnesota,DB,senior_bowl,https://en.wikipedia.org/wiki/2021_Senior_Bowl
2021,Brenden Jaimes,Nebraska,OL,senior_bowl,https://en.wikipedia.org/wiki/2021_Senior_Bowl
2021,Bryan Mills,North Carolina Central,DB,senior_bowl,https://en.wikipedia.org/wiki/2021_Senior_Bowl
2021,Cade Johnson,South Dakota State,WR,senior_bowl,https://en.wikipedia.org/wiki/2021_Senior_Bowl
2021,Camaron Cheeseman,Michigan,LS,senior_bowl,https://en.wikipedia.org/wiki/2021_Senior_Bowl
2021,Cameron Sample,Tulane,DL,senior_bowl,https://en.wikipedia.org/wiki/2021_Senior_Bowl
2021,Camryn Bynum,California,DB,senior_bowl,https://en.wikipedia.org/wiki/2021_Senior_Bowl
2021,Carlos Basham Jr.,Wake Forest,DL,senior_bowl,https://en.wikipedia.org/wiki/2021_Senior_Bowl
2021,Carson Green,Texas A&M,OL,senior_bowl,https://en.wikipedia.org/wiki/2021_Senior_Bowl
2021,Charles Snowden,Virginia,LB,senior_bowl,https://en.wikipedia.org/wiki/2021_Senior_Bowl
2021,Chauncey Golston,Iowa,DL,senior_bowl,https://en.wikipedia.org/wiki/2021_Senior_Bowl
2021,Chazz Surratt,North Carolina,LB,senior_bowl,https://en.wikipedia.org/wiki/2021_Senior_Bowl
2021,Chris Evans,Michigan,RB,senior_bowl,https://en.wikipedia.org/wiki/2021_Senior_Bowl
2021,Christian Uphoff,Illinois State,DB,senior_bowl,https://en.wikipedia.org/wiki/2021_Senior_Bowl
2021,Cornell Powell,Clemson,WR,senior_bowl,https://en.wikipedia.org/wiki/2021_Senior_Bowl
2021,Creed Humphrey,Oklahoma,OL,senior_bowl,https://en.wikipedia.org/wiki/2021_Senior_Bowl
2021,D'Ante Smith,East Carolina,OL,senior_bowl,https://en.wikipedia.org/wiki/2021_Senior_Bowl
2021,D'Wayne Eskridge,Western Michigan,WR,senior_bowl,https://en.wikipedia.org/wiki/2021_Senior_Bowl
2021,D. J. Daniel,Georgia,DB,senior_bowl,https://en.wikipedia.org/wiki/2021_Senior_Bowl
2021,Daelin Hayes,Notre Dame,DL,senior_bowl,https://en.wikipedia.org/wiki/2021_Senior_Bowl
2021,Damar Hamlin,Pittsburgh,DB,senior_bowl,https://en.wikipedia.org/wiki/2021_Senior_Bowl
2021,Dan Moore Jr.,Texas A&M,OL,senior_bowl,https://en.wikipedia.org/wiki/2021_Senior_Bowl
2021,Darren Hall,San Diego State,DB,senior_bowl,https://en.wikipedia.org/wiki/2021_Senior_Bowl
2021,David Moore,Grambling State,OL,senior_bowl,https://en.wikipedia.org/wiki/2021_Senior_Bowl
2021,DeVonta Smith,Alabama,WR,senior_bowl,https://en.wikipedia.org/wiki/2021_Senior_Bowl
2021,Demetric Felton,UCLA,RB,senior_bowl,https://en.wikipedia.org/wiki/2021_Senior_Bowl
2021,Deonte Brown,Alabama,OL,senior_bowl,https://en.wikipedia.org/wiki/2021_Senior_Bowl
2021,Derrick Barnes,Purdue,LB,senior_bowl,https://en.wikipedia.org/wiki/2021_Senior_Bowl
2021,Dez Fitzpatrick,Louisville,WR,senior_bowl,https://en.wikipedia.org/wiki/2021_Senior_Bowl
2021,Dillon Radunz,North Dakota State,OL,senior_bowl,https://en.wikipedia.org/wiki/2021_Senior_Bowl
2021,Divine Deablo,Virginia Tech,DB,senior_bowl,https://en.wikipedia.org/wiki/2021_Senior_Bowl
2021,Drake Jackson,Kentucky,OL,senior_bowl,https://en.wikipedia.org/wiki/2021_Senior_Bowl
2021,Elerson Smith,Northern Iowa,DL,senior_bowl,https://en.wikipedia.org/wiki/2021_Senior_Bowl
2021,Elijah Mitchell,Louisiana,RB,senior_bowl,https://en.wikipedia.org/wiki/2021_Senior_Bowl
2021,Feleipe Franks,Arkansas,QB,senior_bowl,https://en.wikipedia.org/wiki/2021_Senior_Bowl
2021,Frank Darby,Arizona State,WR,senior_bowl,https://en.wikipedia.org/wiki/2021_Senior_Bowl
2021,Grant Stuard,Houston,LB,senior_bowl,https://en.wikipedia.org/wiki/2021_Senior_Bowl
2021,Hamilcar Rashed Jr.,Oregon State,LB,senior_bowl,https://en.wikipedia.org/wiki/2021_Senior_Bowl
2021,Hamsah Nasirildeen,Florida State,DB,senior_bowl,https://en.wikipedia.org/wiki/2021_Senior_Bowl
2021,Hunter Long,Boston College,TE,senior_bowl,https://en.wikipedia.org/wiki/2021_Senior_Bowl
2021,Ian Book,Notre Dame,QB,senior_bowl,https://en.wikipedia.org/wiki/2021_Senior_Bowl
2021,Ifeatu Melifonwu,Syracuse,DB,senior_bowl,https://en.wikipedia.org/wiki/2021_Senior_Bowl
2021,JaCoby Stevens,LSU,DB,senior_bowl,https://en.wikipedia.org/wiki/2021_Senior_Bowl
2021,Jabril Cox,LSU,LB,senior_bowl,https://en.wikipedia.org/wiki/2021_Senior_Bowl
2021,Jack Anderson,Texas Tech,OL,senior_bowl,https://en.wikipedia.org/wiki/2021_Senior_Bowl
2021,Jake Curhan,California,OL,senior_bowl,https://en.wikipedia.org/wiki/2021_Senior_Bowl
2021,James Hudson,Cincinnati,OL,senior_bowl,https://en.wikipedia.org/wiki/2021_Senior_Bowl
2021,James Smith,Cincinnati,P,senior_bowl,https://en.wikipedia.org/wiki/2021_Senior_Bowl
2021,Jamie Newman,Wake Forest,QB,senior_bowl,https://en.wikipedia.org/wiki/2021_Senior_Bowl
2021,Janarius Robinson,Florida State,EDGE,senior_bowl,https://en.wikipedia.org/wiki/2021_Senior_Bowl
2021,Jaylon Moore,Western Michigan,OL,senior_bowl,https://en.wikipedia.org/wiki/2021_Senior_Bowl
2021,John Bates,Boise State,TE,senior_bowl,https://en.wikipedia.org/wiki/2021_Senior_Bowl
2021,Jonathon Cooper,Ohio State,DL,senior_bowl,https://en.wikipedia.org/wiki/2021_Senior_Bowl
2021,Jordan Smith,UAB,LB,senior_bowl,https://en.wikipedia.org/wiki/2021_Senior_Bowl
2021,Josh Palmer,Tennessee,WR,senior_bowl,https://en.wikipedia.org/wiki/2021_Senior_Bowl
2021,Joshuah Bledsoe,Missouri,DB,senior_bowl,https://en.wikipedia.org/wiki/2021_Senior_Bowl
2021,José Borregales,"Miami, Florida",K,senior_bowl,https://en.wikipedia.org/wiki/2021_Senior_Bowl
2021,Justin Hilliard,Ohio State,LB,senior_bowl,https://en.wikipedia.org/wiki/2021_Senior_Bowl
2021,K. J. Britt,Auburn,LB,senior_bowl,https://en.wikipedia.org/wiki/2021_Senior_Bowl
2021,Kadarius Toney,Florida,WR,senior_bowl,https://en.wikipedia.org/wiki/2021_Senior_Bowl
2021,Keith Taylor Jr.,Washington,DB,senior_bowl,https://en.wikipedia.org/wiki/2021_Senior_Bowl
2021,Kellen Mond,Texas A&M,QB,senior_bowl,https://en.wikipedia.org/wiki/2021_Senior_Bowl
2021,Kenny Yeboah,Ole Miss,TE,senior_bowl,https://en.wikipedia.org/wiki/2021_Senior_Bowl
2021,Khalil Herbert,Virginia Tech,RB,senior_bowl,https://en.wikipedia.org/wiki/2021_Senior_Bowl
2021,Kylen Granson,SMU,TE,senior_bowl,https://en.wikipedia.org/wiki/2021_Senior_Bowl
2021,Kylin Hill,Mississippi State,RB,senior_bowl,https://en.wikipedia.org/wiki/2021_Senior_Bowl
2021,Landon Dickerson,Alabama,OL,senior_bowl,https://en.wikipedia.org/wiki/2021_Senior_Bowl
2021,Larry Rountree III,Missouri,RB,senior_bowl,https://en.wikipedia.org/wiki/2021_Senior_Bowl
2021,Levi Onwuzurike,Washington,DL,senior_bowl,https://en.wikipedia.org/wiki/2021_Senior_Bowl
2021,Mac Jones,Alabama,QB,senior_bowl,https://en.wikipedia.org/wiki/2021_Senior_Bowl
2021,Malik Herring,Georgia,DL,senior_bowl,https://en.wikipedia.org/wiki/2021_Senior_Bowl
2021,Mark Webb,Georgia,DB,senior_bowl,https://en.wikipedia.org/wiki/2021_Senior_Bowl
2021,Marlon Tuipulotu,USC,DL,senior_bowl,https://en.wikipedia.org/wiki/2021_Senior_Bowl
2021,Marquez Stevenson,Houston,WR,senior_bowl,https://en.wikipedia.org/wiki/2021_Senior_Bowl
2021,Marvin Wilson,Florida State,DL,senior_bowl,https://en.wikipedia.org/wiki/2021_Senior_Bowl
2021,Max Duffy,Kentucky,P,senior_bowl,https://en.wikipedia.org/wiki/2021_Senior_Bowl
2021,Michael Carter,North Carolina,RB,senior_bowl,https://en.wikipedia.org/wiki/2021_Senior_Bowl
2021,Monty Rice,Georgia,LB,senior_bowl,https://en.wikipedia.org/wiki/2021_Senior_Bowl
2021,Najee Harris,Alabama,RB,senior_bowl,https://en.wikipedia.org/wiki/2021_Senior_Bowl
2021,Nico Collins,Michigan,WR,senior_bowl,https://en.wikipedia.org/wiki/2021_Senior_Bowl
2021,Noah Gray,Duke,TE,senior_bowl,https://en.wikipedia.org/wiki/2021_Senior_Bowl
2021,Osa Odighizuwa,UCLA,DL,senior_bowl,https://en.wikipedia.org/wiki/2021_Senior_Bowl
2021,Paddy Fisher,Northwestern,LB,senior_bowl,https://en.wikipedia.org/wiki/2021_Senior_Bowl
2021,Patrick Jones II,Pittsburgh,DL,senior_bowl,https://en.wikipedia.org/wiki/2021_Senior_Bowl
2021,Payton Turner,Houston,DL,senior_bowl,https://en.wikipedia.org/wiki/2021_Senior_Bowl
2021,Quincy Roche,"Miami, Florida",EDGE,senior_bowl,https://en.wikipedia.org/wiki/2021_Senior_Bowl
2021,Quinn Meinerz,Wisconsin–Whitewater,OL,senior_bowl,https://en.wikipedia.org/wiki/2021_Senior_Bowl
2021,Quintin Morris,Bowling Green,TE,senior_bowl,https://en.wikipedia.org/wiki/2021_Senior_Bowl
2021,Racey McMath,LSU,WR,senior_bowl,https://en.wikipedia.org/wiki/2021_Senior_Bowl
2021,Rashad Weaver,Pittsburgh,DL,senior_bowl,https://en.wikipedia.org/wiki/2021_Senior_Bowl
2021,Rhamondre Stevenson,Oklahoma,RB,senior_bowl,https://en.wikipedia.org/wiki/2021_Senior_Bowl
2021,Richie Grant,UCF,DB,senior_bowl,https://en.wikipedia.org/wiki/2021_Senior_Bowl
2021,Riley Cole,South Alabama,LB,senior_bowl,https://en.wikipedia.org/wiki/2021_Senior_Bowl
2021,Riley Patterson,Memphis,K,senior_bowl,https://en.wikipedia.org/wiki/2021_Senior_Bowl
2021,Robert Hainsey,Notre Dame,OL,senior_bowl,https://en.wikipedia.org/wiki/2021_Senior_Bowl
2021,Robert Jones,Middle Tennessee,OL,senior_bowl,https://en.wikipedia.org/wiki/2021_Senior_Bowl
2021,Robert Rochell,Central Arkansas,DB,senior_bowl,https://en.wikipedia.org/wiki/2021_Senior_Bowl
2021,Rodarius Williams,Oklahoma State,DB,senior_bowl,https://en.wikipedia.org/wiki/2021_Senior_Bowl
2021,Royce Newman,Ole Miss,OL,senior_bowl,https://en.wikipedia.org/wiki/2021_Senior_Bowl
2021,Ryan Langan,Georgia Southern,LS,senior_bowl,https://en.wikipedia.org/wiki/2021_Senior_Bowl
2021,Sage Surratt,Wake Forest,WR,senior_bowl,https://en.wikipedia.org/wiki/2021_Senior_Bowl
2021,Sam Ehlinger,Texas,QB,senior_bowl,https://en.wikipedia.org/wiki/2021_Senior_Bowl
2021,Shaka Toney,Penn State,EDGE,senior_bowl,https://en.wikipedia.org/wiki/2021_Senior_Bowl
2021,Shawn Davis,Florida,DB,senior_bowl,https://en.wikipedia.org/wiki/2021_Senior_Bowl
2021,Shi Smith,South Carolina,WR,senior_bowl,https://en.wikipedia.org/wiki/2021_Senior_Bowl
2021,Spencer Brown,Northern Iowa,OL,senior_bowl,https://en.wikipedia.org/wiki/2021_Senior_Bowl
2021,Ta'Quon Graham,Texas,DL,senior_bowl,https://en.wikipedia.org/wiki/2021_Senior_Bowl
2021,Tarron Jackson,Coastal Carolina,DL,senior_bowl,https://en.wikipedia.org/wiki/2021_Senior_Bowl
2021,Thomas Fletcher,Alabama,LS,senior_bowl,https://en.wikipedia.org/wiki/2021_Senior_Bowl
2021,Thomas Graham Jr.,Oregon,DB,senior_bowl,https://en.wikipedia.org/wiki/2021_Senior_Bowl
2021,Tony Fields II,West Virginia,LB,senior_bowl,https://en.wikipedia.org/wiki/2021_Senior_Bowl
2021,Tre Brown,Oklahoma,DB,senior_bowl,https://en.wikipedia.org/wiki/2021_Senior_Bowl
2021,Tre Norwood,Oklahoma,DB,senior_bowl,https://en.wikipedia.org/wiki/2021_Senior_Bowl
2021,Tre' McKitty,Georgia,TE,senior_bowl,https://en.wikipedia.org/wiki/2021_Senior_Bowl
2021,Trevon Grimes,Florida,WR,senior_bowl,https://en.wikipedia.org/wiki/2021_Senior_Bowl
2021,Trey Sermon,Ohio State,RB,senior_bowl,https://en.wikipedia.org/wiki/2021_Senior_Bowl
2021,Trey Smith,Tennessee,OL,senior_bowl,https://en.wikipedia.org/wiki/2021_Senior_Bowl
2021,Tuf Borland,Ohio State,LB,senior_bowl,https://en.wikipedia.org/wiki/2021_Senior_Bowl
2021,Tylan Wallace,Oklahoma State,WR,senior_bowl,https://en.wikipedia.org/wiki/2021_Senior_Bowl
2021,Tyree Gillespie,Missouri,DB,senior_bowl,https://en.wikipedia.org/wiki/2021_Senior_Bowl
2021,William Bradley-King,Baylor,EDGE,senior_bowl,https://en.wikipedia.org/wiki/2021_Senior_Bowl
2021,Wyatt Hubert,Kansas State,DE,senior_bowl,https://en.wikipedia.org/wiki/2021_Senior_Bowl
2022,Aaron Hansford,Texas A&M,LB,senior_bowl,https://en.wikipedia.org/wiki/2022_Senior_Bowl
2022,Abraham Lucas,Washington State,OL,senior_bowl,https://en.wikipedia.org/wiki/2022_Senior_Bowl
2022,Abram Smith,Baylor,LB,senior_bowl,https://en.wikipedia.org/wiki/2022_Senior_Bowl
2022,Akayleb Evans,Missouri,DB,senior_bowl,https://en.wikipedia.org/wiki/2022_Senior_Bowl
2022,Alec Pierce,Cincinnati,WR,senior_bowl,https://en.wikipedia.org/wiki/2022_Senior_Bowl
2022,Alontae Taylor,Tennessee,DB,senior_bowl,https://en.wikipedia.org/wiki/2022_Senior_Bowl
2022,Amaré Barno,Virginia Tech,DL,senior_bowl,https://en.wikipedia.org/wiki/2022_Senior_Bowl
2022,Andrew Mevis,Iowa State,K,senior_bowl,https://en.wikipedia.org/wiki/2022_Senior_Bowl
2022,Andrew Stueber,Michigan,OL,senior_bowl,https://en.wikipedia.org/wiki/2022_Senior_Bowl
2022,Arnold Ebiketie,Penn State,DL,senior_bowl,https://en.wikipedia.org/wiki/2022_Senior_Bowl
2022,Bailey Zappe,Western Kentucky,QB,senior_bowl,https://en.wikipedia.org/wiki/2022_Senior_Bowl
2022,Bernhard Raimann,Central Michigan,OL,senior_bowl,https://en.wikipedia.org/wiki/2022_Senior_Bowl
2022,Bo Melton,Rutgers,WR,senior_bowl,https://en.wikipedia.org/wiki/2022_Senior_Bowl
2022,Boye Mafe,Minnesota,DL,senior_bowl,https://en.wikipedia.org/wiki/2022_Senior_Bowl
2022,Braxton Jones,Southern Utah,OL,senior_bowl,https://en.wikipedia.org/wiki/2022_Senior_Bowl
2022,Braylon Sanders,Ole Miss,WR,senior_bowl,https://en.wikipedia.org/wiki/2022_Senior_Bowl
2022,Brian Asamoah,Oklahoma,LB,senior_bowl,https://en.wikipedia.org/wiki/2022_Senior_Bowl
2022,Brian Robinson Jr.,Alabama,RB,senior_bowl,https://en.wikipedia.org/wiki/2022_Senior_Bowl
2022,Cade Mays,Tennessee,OL,senior_bowl,https://en.wikipedia.org/wiki/2022_Senior_Bowl
2022,Cal Adomitis,Pittsburgh,LS,senior_bowl,https://en.wikipedia.org/wiki/2022_Senior_Bowl
2022,Calvin Austin,Memphis,WR,senior_bowl,https://en.wikipedia.org/wiki/2022_Senior_Bowl
2022,Cam Taylor-Britt,Nebraska,DB,senior_bowl,https://en.wikipedia.org/wiki/2022_Senior_Bowl
2022,Cameron Dicker,Texas,K,senior_bowl,https://en.wikipedia.org/wiki/2022_Senior_Bowl
2022,Cameron Thomas,San Diego State,DL,senior_bowl,https://en.wikipedia.org/wiki/2022_Senior_Bowl
2022,Carson Strong,Nevada,QB,senior_bowl,https://en.wikipedia.org/wiki/2022_Senior_Bowl
2022,Chad Muma,Wyoming,LB,senior_bowl,https://en.wikipedia.org/wiki/2022_Senior_Bowl
2022,Channing Tindall,Georgia,LB,senior_bowl,https://en.wikipedia.org/wiki/2022_Senior_Bowl
2022,Charlie Kolar,Iowa State,TE,senior_bowl,https://en.wikipedia.org/wiki/2022_Senior_Bowl
2022,Chasen Hines,LSU,OL,senior_bowl,https://en.wikipedia.org/wiki/2022_Senior_Bowl
2022,Chris Paul,Tulsa,OL,senior_bowl,https://en.wikipedia.org/wiki/2022_Senior_Bowl
2022,Christian Watson,North Dakota State,WR,senior_bowl,https://en.wikipedia.org/wiki/2022_Senior_Bowl
2022,Coby Bryant,Cincinnati,DB,senior_bowl,https://en.wikipedia.org/wiki/2022_Senior_Bowl
2022,Cole Strange,Chattanooga,OL,senior_bowl,https://en.wikipedia.org/wiki/2022_Senior_Bowl
2022,Cole Turner,Nevada,TE,senior_bowl,https://en.wikipedia.org/wiki/2022_Senior_Bowl
2022,Connor Heyward,Michigan State,FB,senior_bowl,https://en.wikipedia.org/wiki/2022_Senior_Bowl
2022,D'Marco Jackson,Appalachian State,LB,senior_bowl,https://en.wikipedia.org/wiki/2022_Senior_Bowl
2022,D'Vonte Price,FIU,RB,senior_bowl,https://en.wikipedia.org/wiki/2022_Senior_Bowl
2022,Damarri Mathis,Pittsburgh,DB,senior_bowl,https://en.wikipedia.org/wiki/2022_Senior_Bowl
2022,Dameon Pierce,Florida,RB,senior_bowl,https://en.wikipedia.org/wiki/2022_Senior_Bowl
2022,Damone Clark,LSU,LB,senior_bowl,https://en.wikipedia.org/wiki/2022_Senior_Bowl
2022,Daniel Bellinger,San Diego State,TE,senior_bowl,https://en.wikipedia.org/wiki/2022_Senior_Bowl
2022,Daniel Faalele,Minnesota,OL,senior_bowl,https://en.wikipedia.org/wiki/2022_Senior_Bowl
2022,Danny Gray,SMU,WR,senior_bowl,https://en.wikipedia.org/wiki/2022_Senior_Bowl
2022,Darian Kinnard,Kentucky,OL,senior_bowl,https://en.wikipedia.org/wiki/2022_Senior_Bowl
2022,Darrian Beavers,Cincinnati,LB,senior_bowl,https://en.wikipedia.org/wiki/2022_Senior_Bowl
2022,DeAngelo Malone,Western Kentucky,DL,senior_bowl,https://en.wikipedia.org/wiki/2022_Senior_Bowl
2022,Derion Kendrick,Georgia,DB,senior_bowl,https://en.wikipedia.org/wiki/2022_Senior_Bowl
2022,Desmond Ridder,Cincinnati,QB,senior_bowl,https://en.wikipedia.org/wiki/2022_Senior_Bowl
2022,Devonte Wyatt,Georgia,DL,senior_bowl,https://en.wikipedia.org/wiki/2022_Senior_Bowl
2022,Dominique Robinson,Miami (OH),DL,senior_bowl,https://en.wikipedia.org/wiki/2022_Senior_Bowl
2022,Dontario Drummond,Ole Miss,WR,senior_bowl,https://en.wikipedia.org/wiki/2022_Senior_Bowl
2022,Dylan Parham,Memphis,OL,senior_bowl,https://en.wikipedia.org/wiki/2022_Senior_Bowl
2022,Ed Ingram,LSU,OL,senior_bowl,https://en.wikipedia.org/wiki/2022_Senior_Bowl
2022,Eric Johnson,Missouri State,DL,senior_bowl,https://en.wikipedia.org/wiki/2022_Senior_Bowl
2022,Grant Calcaterra,SMU,TE,senior_bowl,https://en.wikipedia.org/wiki/2022_Senior_Bowl
2022,Greg Dulcich,UCLA,TE,senior_bowl,https://en.wikipedia.org/wiki/2022_Senior_Bowl
2022,Gregory Junior,Ouachita Baptist,DB,senior_bowl,https://en.wikipedia.org/wiki/2022_Senior_Bowl
2022,Haskell Garrett,Ohio State,DL,senior_bowl,https://en.wikipedia.org/wiki/2022_Senior_Bowl
2022,Hassan Haskins,Michigan,RB,senior_bowl,https://en.wikipedia.org/wiki/2022_Senior_Bowl
2022,Isaiah Likely,Coastal Carolina,TE,senior_bowl,https://en.wikipedia.org/wiki/2022_Senior_Bowl
2022,Isaiah Thomas,Oklahoma,DL,senior_bowl,https://en.wikipedia.org/wiki/2022_Senior_Bowl
2022,JT Woods,Baylor,DB,senior_bowl,https://en.wikipedia.org/wiki/2022_Senior_Bowl
2022,Ja'Tyre Carter,Southern,OL,senior_bowl,https://en.wikipedia.org/wiki/2022_Senior_Bowl
2022,Jahan Dotson,Penn State,WR,senior_bowl,https://en.wikipedia.org/wiki/2022_Senior_Bowl
2022,Jake Camarda,Georgia,P,senior_bowl,https://en.wikipedia.org/wiki/2022_Senior_Bowl
2022,Jake Ferguson,Wisconsin,TE,senior_bowl,https://en.wikipedia.org/wiki/2022_Senior_Bowl
2022,Jalen Pitre,Baylor,DB,senior_bowl,https://en.wikipedia.org/wiki/2022_Senior_Bowl
2022,Jalen Tolbert,South Alabama,WR,senior_bowl,https://en.wikipedia.org/wiki/2022_Senior_Bowl
2022,Jamaree Salyer,Georgia,OL,senior_bowl,https://en.wikipedia.org/wiki/2022_Senior_Bowl
2022,Jaylen Watson,Washington State,DB,senior_bowl,https://en.wikipedia.org/wiki/2022_Senior_Bowl
2022,Jequez Ezzard,Sam Houston State,WR,senior_bowl,https://en.wikipedia.org/wiki/2022_Senior_Bowl
2022,Jeremiah Hall,Oklahoma,FB,senior_bowl,https://en.wikipedia.org/wiki/2022_Senior_Bowl
2022,Jeremy Ruckert,Ohio State,TE,senior_bowl,https://en.wikipedia.org/wiki/2022_Senior_Bowl
2022,Jermaine Johnson II,Florida State,DL,senior_bowl,https://en.wikipedia.org/wiki/2022_Senior_Bowl
2022,Jerome Ford,Cincinnati,RB,senior_bowl,https://en.wikipedia.org/wiki/2022_Senior_Bowl
2022,Jesse Luketa,Penn State,LB,senior_bowl,https://en.wikipedia.org/wiki/2022_Senior_Bowl
2022,JoJo Domann,Nebraska,LB,senior_bowl,https://en.wikipedia.org/wiki/2022_Senior_Bowl
2022,John Ridgeway III,Arkansas,DL,senior_bowl,https://en.wikipedia.org/wiki/2022_Senior_Bowl
2022,Jordan Silver,Arkansas,LS,senior_bowl,https://en.wikipedia.org/wiki/2022_Senior_Bowl
2022,Jordan Stout,Penn State,P,senior_bowl,https://en.wikipedia.org/wiki/2022_Senior_Bowl
2022,Josh Thompson,Texas,DB,senior_bowl,https://en.wikipedia.org/wiki/2022_Senior_Bowl
2022,Joshua Williams,Fayetteville State,DB,senior_bowl,https://en.wikipedia.org/wiki/2022_Senior_Bowl
2022,Justin Shaffer,Georgia,OL,senior_bowl,https://en.wikipedia.org/wiki/2022_Senior_Bowl
2022,Kenny Pickett,Pittsburgh,QB,senior_bowl,https://en.wikipedia.org/wiki/2022_Senior_Bowl
2022,Kerby Joseph,Illinois,DB,senior_bowl,https://en.wikipedia.org/wiki/2022_Senior_Bowl
2022,Khalil Shakir,Boise State,WR,senior_bowl,https://en.wikipedia.org/wiki/2022_Senior_Bowl
2022,Kingsley Enagbare,South Carolina,DL,senior_bowl,https://en.wikipedia.org/wiki/2022_Senior_Bowl
2022,Kyron Johnson,Kansas,LB,senior_bowl,https://en.wikipedia.org/wiki/2022_Senior_Bowl
2022,Lecitus Smith,Virginia Tech,OL,senior_bowl,https://en.wikipedia.org/wiki/2022_Senior_Bowl
2022,Leon O'Neal Jr.,Texas A&M,DB,senior_bowl,https://en.wikipedia.org/wiki/2022_Senior_Bowl
2022,Logan Hall,Houston,DL,senior_bowl,https://en.wikipedia.org/wiki/2022_Senior_Bowl
2022,Luke Fortner,Kentucky,OL,senior_bowl,https://en.wikipedia.org/wiki/2022_Senior_Bowl
2022,Luke Goedeke,Central Michigan,OL,senior_bowl,https://en.wikipedia.org/wiki/2022_Senior_Bowl
2022,Malik Willis,Liberty,QB,senior_bowl,https://en.wikipedia.org/wiki/2022_Senior_Bowl
2022,Mario Goodrich,Clemson,DB,senior_bowl,https://en.wikipedia.org/wiki/2022_Senior_Bowl
2022,Marquis Hayes,Oklahoma,OL,senior_bowl,https://en.wikipedia.org/wiki/2022_Senior_Bowl
2022,Matt Waletzko,North Dakota,OL,senior_bowl,https://en.wikipedia.org/wiki/2022_Senior_Bowl
2022,Max Mitchell,Louisiana,OL,senior_bowl,https://en.wikipedia.org/wiki/2022_Senior_Bowl
2022,Micheal Clemons,Texas A&M,DL,senior_bowl,https://en.wikipedia.org/wiki/2022_Senior_Bowl
2022,Mike Rose,Iowa State,LB,senior_bowl,https://en.wikipedia.org/wiki/2022_Senior_Bowl
2022,Myjai Sanders,Cincinnati,DL,senior_bowl,https://en.wikipedia.org/wiki/2022_Senior_Bowl
2022,Neil Farrell Jr.,LSU,DL,senior_bowl,https://en.wikipedia.org/wiki/2022_Senior_Bowl
2022,Nick Zakelj,Fordham,OL,senior_bowl,https://en.wikipedia.org/wiki/2022_Senior_Bowl
2022,Otito Ogbonnia,UCLA,DL,senior_bowl,https://en.wikipedia.org/wiki/2022_Senior_Bowl
2022,Perrion Winfrey,Oklahoma,DL,senior_bowl,https://en.wikipedia.org/wiki/2022_Senior_Bowl
2022,Phidarian Mathis,Alabama,DL,senior_bowl,https://en.wikipedia.org/wiki/2022_Senior_Bowl
2022,Rachaad White,Arizona State,RB,senior_bowl,https://en.wikipedia.org/wiki/2022_Senior_Bowl
2022,Roger McCreary,Auburn,DB,senior_bowl,https://en.wikipedia.org/wiki/2022_Senior_Bowl
2022,Romeo Doubs,Nevada,WR,senior_bowl,https://en.wikipedia.org/wiki/2022_Senior_Bowl
2022,Sam Howell,North Carolina,QB,senior_bowl,https://en.wikipedia.org/wiki/2022_Senior_Bowl
2022,Sam Williams,Ole Miss,DL,senior_bowl,https://en.wikipedia.org/wiki/2022_Senior_Bowl
2022,Spencer Burford,UTSA,OL,senior_bowl,https://en.wikipedia.org/wiki/2022_Senior_Bowl
2022,Sterling Weatherford,Miami (OH),DB,senior_bowl,https://en.wikipedia.org/wiki/2022_Senior_Bowl
2022,T. J. Pledger,Utah,RB,senior_bowl,https://en.wikipedia.org/wiki/2022_Senior_Bowl
2022,Tariq Carpenter,Georgia Tech,DB,senior_bowl,https://en.wikipedia.org/wiki/2022_Senior_Bowl
2022,Tariq Castro-Fields,Penn State,DB,senior_bowl,https://en.wikipedia.org/wiki/2022_Senior_Bowl
2022,Tariq Woolen,UTSA,DB,senior_bowl,https://en.wikipedia.org/wiki/2022_Senior_Bowl
2022,Terrel Bernard,Baylor,LB,senior_bowl,https://en.wikipedia.org/wiki/2022_Senior_Bowl
2022,Trae Barry,Boston College,TE,senior_bowl,https://en.wikipedia.org/wiki/2022_Senior_Bowl
2022,Travis Jones,UConn,DL,senior_bowl,https://en.wikipedia.org/wiki/2022_Senior_Bowl
2022,Trevor Penning,Northern Iowa,OL,senior_bowl,https://en.wikipedia.org/wiki/2022_Senior_Bowl
2022,Trey McBride,Colorado State,TE,senior_bowl,https://en.wikipedia.org/wiki/2022_Senior_Bowl
2022,Troy Andersen,Montana State,LB,senior_bowl,https://en.wikipedia.org/wiki/2022_Senior_Bowl
2022,Tré Turner,Virginia Tech,WR,senior_bowl,https://en.wikipedia.org/wiki/2022_Senior_Bowl
2022,Tycen Anderson,Toledo,DB,senior_bowl,https://en.wikipedia.org/wiki/2022_Senior_Bowl
2022,Tyler Badie,Missouri,RB,senior_bowl,https://en.wikipedia.org/wiki/2022_Senior_Bowl
2022,Tyreke Smith,Ohio State,DL,senior_bowl,https://en.wikipedia.org/wiki/2022_Senior_Bowl
2022,Velus Jones Jr.,Tennessee,WR,senior_bowl,https://en.wikipedia.org/wiki/2022_Senior_Bowl
2022,Verone McKinley III,Oregon,DB,senior_bowl,https://en.wikipedia.org/wiki/2022_Senior_Bowl
2022,Yusuf Corker,Kentucky,DB,senior_bowl,https://en.wikipedia.org/wiki/2022_Senior_Bowl
2022,ZaQuandre White,South Carolina,RB,senior_bowl,https://en.wikipedia.org/wiki/2022_Senior_Bowl
2022,Zachary Carter,Florida,DL,senior_bowl,https://en.wikipedia.org/wiki/2022_Senior_Bowl
2022,Zion Johnson,Boston College,OL,senior_bowl,https://en.wikipedia.org/wiki/2022_Senior_Bowl
2022,Zyon McCollum,Sam Houston State,DB,senior_bowl,https://en.wikipedia.org/wiki/2022_Senior_Bowl
2023,Adam Korsak,Rutgers,P,senior_bowl,https://en.wikipedia.org/wiki/2023_Senior_Bowl
2023,Adetomiwa Adebawore,Northwestern,DT,senior_bowl,https://en.wikipedia.org/wiki/2023_Senior_Bowl
2023,Alex Ward,UCF,LS,senior_bowl,https://en.wikipedia.org/wiki/2023_Senior_Bowl
2023,Ali Gaye,LSU,DT,senior_bowl,https://en.wikipedia.org/wiki/2023_Senior_Bowl
2023,Andre Carter II,Army,LB,senior_bowl,https://en.wikipedia.org/wiki/2023_Senior_Bowl
2023,Andrei Iosivas,Princeton,WR,senior_bowl,https://en.wikipedia.org/wiki/2023_Senior_Bowl
2023,Andrew Vorhees,USC,C,senior_bowl,https://en.wikipedia.org/wiki/2023_Senior_Bowl
2023,Anthony Johnson,Virginia,CB,senior_bowl,https://en.wikipedia.org/wiki/2023_Senior_Bowl
2023,Asim Richards,North Carolina,G,senior_bowl,https://en.wikipedia.org/wiki/2023_Senior_Bowl
2023,Aubrey Miller Jr.,Jackson State,LB,senior_bowl,https://en.wikipedia.org/wiki/2023_Senior_Bowl
2023,Blake Freeland,BYU,G,senior_bowl,https://en.wikipedia.org/wiki/2023_Senior_Bowl
2023,Brayden Willis,Oklahoma,TE,senior_bowl,https://en.wikipedia.org/wiki/2023_Senior_Bowl
2023,Bryce Baringer,Michigan State,P,senior_bowl,https://en.wikipedia.org/wiki/2023_Senior_Bowl
2023,Byron Young,Tennessee,DT,senior_bowl,https://en.wikipedia.org/wiki/2023_Senior_Bowl
2023,Byron Young,Alabama,DE,senior_bowl,https://en.wikipedia.org/wiki/2023_Senior_Bowl
2023,Cam Jones,Indiana,LB,senior_bowl,https://en.wikipedia.org/wiki/2023_Senior_Bowl
2023,Cameron Latu,Alabama,TE,senior_bowl,https://en.wikipedia.org/wiki/2023_Senior_Bowl
2023,Cameron Young,Mississippi State,NT,senior_bowl,https://en.wikipedia.org/wiki/2023_Senior_Bowl
2023,Camerun Peoples,Appalachian State,RB,senior_bowl,https://en.wikipedia.org/wiki/2023_Senior_Bowl
2023,Carlton Martial,Troy,LB,senior_bowl,https://en.wikipedia.org/wiki/2023_Senior_Bowl
2023,Chad Ryland,Maryland,K,senior_bowl,https://en.wikipedia.org/wiki/2023_Senior_Bowl
2023,Chamarri Conner,Virginia Tech,CB,senior_bowl,https://en.wikipedia.org/wiki/2023_Senior_Bowl
2023,Chase Brown,Illinois,RB,senior_bowl,https://en.wikipedia.org/wiki/2023_Senior_Bowl
2023,Chris Rodriguez Jr.,Kentucky,RB,senior_bowl,https://en.wikipedia.org/wiki/2023_Senior_Bowl
2023,Christopher Smith II,Georgia,S,senior_bowl,https://en.wikipedia.org/wiki/2023_Senior_Bowl
2023,Clayton Tune,Houston,QB,senior_bowl,https://en.wikipedia.org/wiki/2023_Senior_Bowl
2023,Cody Mauch,North Dakota State,OL,senior_bowl,https://en.wikipedia.org/wiki/2023_Senior_Bowl
2023,D. J. Dale,Alabama,DT,senior_bowl,https://en.wikipedia.org/wiki/2023_Senior_Bowl
2023,D. J. Johnson,Oregon,LB,senior_bowl,https://en.wikipedia.org/wiki/2023_Senior_Bowl
2023,Daiyan Henley,Washington State,LB,senior_bowl,https://en.wikipedia.org/wiki/2023_Senior_Bowl
2023,Daniel Scott,California,DB,senior_bowl,https://en.wikipedia.org/wiki/2023_Senior_Bowl
2023,Darius Rush,South Carolina,CB,senior_bowl,https://en.wikipedia.org/wiki/2023_Senior_Bowl
2023,Darnell Wright,Tennessee,OT,senior_bowl,https://en.wikipedia.org/wiki/2023_Senior_Bowl
2023,Darrell Luter Jr.,South Alabama,S,senior_bowl,https://en.wikipedia.org/wiki/2023_Senior_Bowl
2023,Davis Allen,Clemson,TE,senior_bowl,https://en.wikipedia.org/wiki/2023_Senior_Bowl
2023,Dawand Jones,Ohio State,OT,senior_bowl,https://en.wikipedia.org/wiki/2023_Senior_Bowl
2023,DeMarcco Hellams,Alabama,DB,senior_bowl,https://en.wikipedia.org/wiki/2023_Senior_Bowl
2023,DeMarvion Overshown,Texas,LB,senior_bowl,https://en.wikipedia.org/wiki/2023_Senior_Bowl
2023,Dee Winters,TCU,LB,senior_bowl,https://en.wikipedia.org/wiki/2023_Senior_Bowl
2023,Derick Hall,Auburn,DE,senior_bowl,https://en.wikipedia.org/wiki/2023_Senior_Bowl
2023,Derius Davis,TCU,WR,senior_bowl,https://en.wikipedia.org/wiki/2023_Senior_Bowl
2023,Dontayvion Wicks,Virginia,WR,senior_bowl,https://en.wikipedia.org/wiki/2023_Senior_Bowl
2023,Dorian Williams,Tulane,LB,senior_bowl,https://en.wikipedia.org/wiki/2023_Senior_Bowl
2023,Dylan Horton,TCU,DE,senior_bowl,https://en.wikipedia.org/wiki/2023_Senior_Bowl
2023,Eku Leota,Auburn,LB,senior_bowl,https://en.wikipedia.org/wiki/2023_Senior_Bowl
2023,Elijah Higgins,Stanford,WR,senior_bowl,https://en.wikipedia.org/wiki/2023_Senior_Bowl
2023,Emil Ekiyor Jr.,Alabama,G,senior_bowl,https://en.wikipedia.org/wiki/2023_Senior_Bowl
2023,Eric Gray,Oklahoma,RB,senior_bowl,https://en.wikipedia.org/wiki/2023_Senior_Bowl
2023,Evan Hull,Northwestern,RB,senior_bowl,https://en.wikipedia.org/wiki/2023_Senior_Bowl
2023,Grant DuBose,Charlotte,WR,senior_bowl,https://en.wikipedia.org/wiki/2023_Senior_Bowl
2023,Hendon Hooker,Tennessee,QB,senior_bowl,https://en.wikipedia.org/wiki/2023_Senior_Bowl
2023,Henry To'oTo'o,Alabama,LB,senior_bowl,https://en.wikipedia.org/wiki/2023_Senior_Bowl
2023,Isaiah Foskey,Notre Dame,DE,senior_bowl,https://en.wikipedia.org/wiki/2023_Senior_Bowl
2023,Isaiah Land,Florida A&M,DE,senior_bowl,https://en.wikipedia.org/wiki/2023_Senior_Bowl
2023,Isaiah McGuire,Missouri,DE,senior_bowl,https://en.wikipedia.org/wiki/2023_Senior_Bowl
2023,Ivan Pace Jr.,Cincinnati,LB,senior_bowl,https://en.wikipedia.org/wiki/2023_Senior_Bowl
2023,JL Skinner,Boise State,S,senior_bowl,https://en.wikipedia.org/wiki/2023_Senior_Bowl
2023,Jack Podlesny,Georgia,K,senior_bowl,https://en.wikipedia.org/wiki/2023_Senior_Bowl
2023,Jaelyn Duncan,Maryland,OT,senior_bowl,https://en.wikipedia.org/wiki/2023_Senior_Bowl
2023,Jake Andrews,Troy,C,senior_bowl,https://en.wikipedia.org/wiki/2023_Senior_Bowl
2023,Jake Haener,Fresno State,QB,senior_bowl,https://en.wikipedia.org/wiki/2023_Senior_Bowl
2023,Jakorian Bennett,Maryland,CB,senior_bowl,https://en.wikipedia.org/wiki/2023_Senior_Bowl
2023,Jalen Redmond,Oklahoma,DT,senior_bowl,https://en.wikipedia.org/wiki/2023_Senior_Bowl
2023,Jalen Wayne,South Alabama,WR,senior_bowl,https://en.wikipedia.org/wiki/2023_Senior_Bowl
2023,Jammie Robinson,Florida State,S,senior_bowl,https://en.wikipedia.org/wiki/2023_Senior_Bowl
2023,Jaren Hall,BYU,QB,senior_bowl,https://en.wikipedia.org/wiki/2023_Senior_Bowl
2023,Jarrett Patterson,Notre Dame,G,senior_bowl,https://en.wikipedia.org/wiki/2023_Senior_Bowl
2023,Jay Ward,LSU,S,senior_bowl,https://en.wikipedia.org/wiki/2023_Senior_Bowl
2023,Jayden Reed,Michigan State,WR,senior_bowl,https://en.wikipedia.org/wiki/2023_Senior_Bowl
2023,Jerrod Clark,Coastal Carolina,DT,senior_bowl,https://en.wikipedia.org/wiki/2023_Senior_Bowl
2023,Joey Fisher,Shepherd,OL,senior_bowl,https://en.wikipedia.org/wiki/2023_Senior_Bowl
2023,John Michael Schmitz,Minnesota,C,senior_bowl,https://en.wikipedia.org/wiki/2023_Senior_Bowl
2023,Jonathan Mingo,Ole Miss,WR,senior_bowl,https://en.wikipedia.org/wiki/2023_Senior_Bowl
2023,Josh Whyle,Cincinnati,TE,senior_bowl,https://en.wikipedia.org/wiki/2023_Senior_Bowl
2023,JuJu Brents,Kansas State,CB,senior_bowl,https://en.wikipedia.org/wiki/2023_Senior_Bowl
2023,KJ Henry,Clemson,DE,senior_bowl,https://en.wikipedia.org/wiki/2023_Senior_Bowl
2023,Kaevon Merriweather,Iowa,DB,senior_bowl,https://en.wikipedia.org/wiki/2023_Senior_Bowl
2023,Karl Brooks,Bowling Green,DT,senior_bowl,https://en.wikipedia.org/wiki/2023_Senior_Bowl
2023,Keeanu Benton,Wisconsin,DT,senior_bowl,https://en.wikipedia.org/wiki/2023_Senior_Bowl
2023,Keidron Smith,Kentucky,S,senior_bowl,https://en.wikipedia.org/wiki/2023_Senior_Bowl
2023,Keion White,Georgia Tech,DE,senior_bowl,https://en.wikipedia.org/wiki/2023_Senior_Bowl
2023,Kenny McIntosh,Georgia,RB,senior_bowl,https://en.wikipedia.org/wiki/2023_Senior_Bowl
2023,Kyu Blu Kelly,Stanford,CB,senior_bowl,https://en.wikipedia.org/wiki/2023_Senior_Bowl
2023,Lonnie Phelps,Kansas,DE,senior_bowl,https://en.wikipedia.org/wiki/2023_Senior_Bowl
2023,Luke Musgrave,Oregon State,TE,senior_bowl,https://en.wikipedia.org/wiki/2023_Senior_Bowl
2023,Malik Cunningham,Louisville,QB,senior_bowl,https://en.wikipedia.org/wiki/2023_Senior_Bowl
2023,Marte Mapu,Sacramento State,LB,senior_bowl,https://en.wikipedia.org/wiki/2023_Senior_Bowl
2023,Matthew Bergeron,Syracuse,OT,senior_bowl,https://en.wikipedia.org/wiki/2023_Senior_Bowl
2023,Max Duggan,TCU,QB,senior_bowl,https://en.wikipedia.org/wiki/2023_Senior_Bowl
2023,McClendon Curtis,Chattanooga,G,senior_bowl,https://en.wikipedia.org/wiki/2023_Senior_Bowl
2023,Mekhi Blackmon,USC,CB,senior_bowl,https://en.wikipedia.org/wiki/2023_Senior_Bowl
2023,Michael Wilson,Stanford,WR,senior_bowl,https://en.wikipedia.org/wiki/2023_Senior_Bowl
2023,Nesta Jade Silvera,Arizona State,DT,senior_bowl,https://en.wikipedia.org/wiki/2023_Senior_Bowl
2023,Nick Broeker,Ole Miss,C,senior_bowl,https://en.wikipedia.org/wiki/2023_Senior_Bowl
2023,Nick Hampton,Appalachian State,LB,senior_bowl,https://en.wikipedia.org/wiki/2023_Senior_Bowl
2023,Nick Saldiveri,Old Dominion,G,senior_bowl,https://en.wikipedia.org/wiki/2023_Senior_Bowl
2023,O'Cyrus Torrence,Florida,G,senior_bowl,https://en.wikipedia.org/wiki/2023_Senior_Bowl
2023,Olusegun Oluwatimi,Michigan,G,senior_bowl,https://en.wikipedia.org/wiki/2023_Senior_Bowl
2023,Payne Durham,Purdue,TE,senior_bowl,https://en.wikipedia.org/wiki/2023_Senior_Bowl
2023,Puka Nacua,BYU,WR,senior_bowl,https://en.wikipedia.org/wiki/2023_Senior_Bowl
2023,Quan Martin,Illinois,CB,senior_bowl,https://en.wikipedia.org/wiki/2023_Senior_Bowl
2023,Rashee Rice,SMU,WR,senior_bowl,https://en.wikipedia.org/wiki/2023_Senior_Bowl
2023,Rejzohn Wright,Oregon State,DB,senior_bowl,https://en.wikipedia.org/wiki/2023_Senior_Bowl
2023,Richard Gouraige,Florida,G,senior_bowl,https://en.wikipedia.org/wiki/2023_Senior_Bowl
2023,Riley Moss,Iowa,CB,senior_bowl,https://en.wikipedia.org/wiki/2023_Senior_Bowl
2023,Robert Soderholm,VMI,LS,senior_bowl,https://en.wikipedia.org/wiki/2023_Senior_Bowl
2023,Ronnie Bell,Michigan,WR,senior_bowl,https://en.wikipedia.org/wiki/2023_Senior_Bowl
2023,Ronnie Hickman,Ohio State,S,senior_bowl,https://en.wikipedia.org/wiki/2023_Senior_Bowl
2023,Roschon Johnson,Texas,RB,senior_bowl,https://en.wikipedia.org/wiki/2023_Senior_Bowl
2023,Ryan Hayes,Michigan,OT,senior_bowl,https://en.wikipedia.org/wiki/2023_Senior_Bowl
2023,SaRodorick Thompson,Texas Tech,RB,senior_bowl,https://en.wikipedia.org/wiki/2023_Senior_Bowl
2023,SirVocea Dennis,Pittsburgh,LB,senior_bowl,https://en.wikipedia.org/wiki/2023_Senior_Bowl
2023,Steve Avila,TCU,G,senior_bowl,https://en.wikipedia.org/wiki/2023_Senior_Bowl
2023,Sydney Brown,Illinois,SS,senior_bowl,https://en.wikipedia.org/wiki/2023_Senior_Bowl
2023,Tank Dell,Houston,WR,senior_bowl,https://en.wikipedia.org/wiki/2023_Senior_Bowl
2023,Tavius Robinson,Ole Miss,DE,senior_bowl,https://en.wikipedia.org/wiki/2023_Senior_Bowl
2023,Thomas Incoom,Central Michigan,DE,senior_bowl,https://en.wikipedia.org/wiki/2023_Senior_Bowl
2023,Tre Tucker,Cincinnati,WR,senior_bowl,https://en.wikipedia.org/wiki/2023_Senior_Bowl
2023,Trey Palmer,Nebraska,WR,senior_bowl,https://en.wikipedia.org/wiki/2023_Senior_Bowl
2023,Tyjae Spears,Tulane,RB,senior_bowl,https://en.wikipedia.org/wiki/2023_Senior_Bowl
2023,Tyler Lacy,Oklahoma State,DE,senior_bowl,https://en.wikipedia.org/wiki/2023_Senior_Bowl
2023,Tyler Steen,Alabama,G,senior_bowl,https://en.wikipedia.org/wiki/2023_Senior_Bowl
2023,Tyrique Stevenson,Miami,CB,senior_bowl,https://en.wikipedia.org/wiki/2023_Senior_Bowl
2023,Tyson Bagent,Shepherd,QB,senior_bowl,https://en.wikipedia.org/wiki/2023_Senior_Bowl
2023,Wanya Morris,Oklahoma,OL,senior_bowl,https://en.wikipedia.org/wiki/2023_Senior_Bowl
2023,Warren McClendon,Georgia,G,senior_bowl,https://en.wikipedia.org/wiki/2023_Senior_Bowl
2023,Will Mallory,Miami,TE,senior_bowl,https://en.wikipedia.org/wiki/2023_Senior_Bowl
2023,Will McDonald IV,Iowa State,DE,senior_bowl,https://en.wikipedia.org/wiki/2023_Senior_Bowl
2023,Xavier Hutchinson,Iowa State,WR,senior_bowl,https://en.wikipedia.org/wiki/2023_Senior_Bowl
2023,YaYa Diaby,Louisville,LB,senior_bowl,https://en.wikipedia.org/wiki/2023_Senior_Bowl
2023,Zacch Pickens,South Carolina,DT,senior_bowl,https://en.wikipedia.org/wiki/2023_Senior_Bowl
2024,A. J. Barner,Michigan,TE,senior_bowl,https://en.wikipedia.org/wiki/2024_Senior_Bowl
2024,Adisa Isaac,Penn State,OLB,senior_bowl,https://en.wikipedia.org/wiki/2024_Senior_Bowl
2024,Ainias Smith,Texas A&M,WR,senior_bowl,https://en.wikipedia.org/wiki/2024_Senior_Bowl
2024,Andrew Raym,Oklahoma,OL,senior_bowl,https://en.wikipedia.org/wiki/2024_Senior_Bowl
2024,Andru Phillips,Kentucky,DB,senior_bowl,https://en.wikipedia.org/wiki/2024_Senior_Bowl
2024,Austin Booker,Kansas,DE,senior_bowl,https://en.wikipedia.org/wiki/2024_Senior_Bowl
2024,Austin McNamara,Texas Tech,P,senior_bowl,https://en.wikipedia.org/wiki/2024_Senior_Bowl
2024,Beau Brade,Maryland,DB,senior_bowl,https://en.wikipedia.org/wiki/2024_Senior_Bowl
2024,Beaux Limmer,Arkansas,OL,senior_bowl,https://en.wikipedia.org/wiki/2024_Senior_Bowl
2024,Ben Sinnott,Kansas State,TE,senior_bowl,https://en.wikipedia.org/wiki/2024_Senior_Bowl
2024,Bo Nix,Oregon,QB,senior_bowl,https://en.wikipedia.org/wiki/2024_Senior_Bowl
2024,Braden Fiske,Florida State,DL,senior_bowl,https://en.wikipedia.org/wiki/2024_Senior_Bowl
2024,Brandon Coleman,TCU,OL,senior_bowl,https://en.wikipedia.org/wiki/2024_Senior_Bowl
2024,Brandon Dorlus,Oregon,DE,senior_bowl,https://en.wikipedia.org/wiki/2024_Senior_Bowl
2024,Brenden Rice,USC,WR,senior_bowl,https://en.wikipedia.org/wiki/2024_Senior_Bowl
2024,Brennan Jackson,Washington State,OLB,senior_bowl,https://en.wikipedia.org/wiki/2024_Senior_Bowl
2024,Brevyn Spann-Ford,Minnesota,TE,senior_bowl,https://en.wikipedia.org/wiki/2024_Senior_Bowl
2024,Cam Hart,Notre Dame,CB,senior_bowl,https://en.wikipedia.org/wiki/2024_Senior_Bowl
2024,Carlton Johnson,Fresno State,DB,senior_bowl,https://en.wikipedia.org/wiki/2024_Senior_Bowl
2024,Carter Bradley,South Alabama,QB,senior_bowl,https://en.wikipedia.org/wiki/2024_Senior_Bowl
2024,Cedric Gray,North Carolina,ILB,senior_bowl,https://en.wikipedia.org/wiki/2024_Senior_Bowl
2024,Cedric Johnson,Ole Miss,DL,senior_bowl,https://en.wikipedia.org/wiki/2024_Senior_Bowl
2024,Charles Turner III,LSU,OL,senior_bowl,https://en.wikipedia.org/wiki/2024_Senior_Bowl
2024,Chau Smith-Wade,Washington State,CB,senior_bowl,https://en.wikipedia.org/wiki/2024_Senior_Bowl
2024,Chris Braswell,Alabama,DL,senior_bowl,https://en.wikipedia.org/wiki/2024_Senior_Bowl
2024,Christian Haynes,UConn,OL,senior_bowl,https://en.wikipedia.org/wiki/2024_Senior_Bowl
2024,Christian Jones,Texas,OL,senior_bowl,https://en.wikipedia.org/wiki/2024_Senior_Bowl
2024,Cody Schrader,Missouri,RB,senior_bowl,https://en.wikipedia.org/wiki/2024_Senior_Bowl
2024,Cole Bishop,Utah,S,senior_bowl,https://en.wikipedia.org/wiki/2024_Senior_Bowl
2024,D. J. James,Auburn,DB,senior_bowl,https://en.wikipedia.org/wiki/2024_Senior_Bowl
2024,Daijun Edwards,Georgia,RB,senior_bowl,https://en.wikipedia.org/wiki/2024_Senior_Bowl
2024,Darius Robinson,Missouri,DL,senior_bowl,https://en.wikipedia.org/wiki/2024_Senior_Bowl
2024,DeWayne Carter,Duke,DE,senior_bowl,https://en.wikipedia.org/wiki/2024_Senior_Bowl
2024,Delmar Glaze,Maryland,OL,senior_bowl,https://en.wikipedia.org/wiki/2024_Senior_Bowl
2024,Devontez Walker,North Carolina,WR,senior_bowl,https://en.wikipedia.org/wiki/2024_Senior_Bowl
2024,Dominick Puni,Kansas,G,senior_bowl,https://en.wikipedia.org/wiki/2024_Senior_Bowl
2024,Dylan Laube,New Hampshire,RB,senior_bowl,https://en.wikipedia.org/wiki/2024_Senior_Bowl
2024,Edefuan Ulofoshio,Washington,LB,senior_bowl,https://en.wikipedia.org/wiki/2024_Senior_Bowl
2024,Elijah Jones,Boston College,DB,senior_bowl,https://en.wikipedia.org/wiki/2024_Senior_Bowl
2024,Emani Bailey,TCU,RB,senior_bowl,https://en.wikipedia.org/wiki/2024_Senior_Bowl
2024,Eric Watts,UConn,DL,senior_bowl,https://en.wikipedia.org/wiki/2024_Senior_Bowl
2024,Ethan Driskell,Marshall,G,senior_bowl,https://en.wikipedia.org/wiki/2024_Senior_Bowl
2024,Evan Williams,Oregon,S,senior_bowl,https://en.wikipedia.org/wiki/2024_Senior_Bowl
2024,Gabe Hall,Baylor,DT,senior_bowl,https://en.wikipedia.org/wiki/2024_Senior_Bowl
2024,Isaiah Adams,Illinois,G,senior_bowl,https://en.wikipedia.org/wiki/2024_Senior_Bowl
2024,Isaiah Davis,South Dakota State,RB,senior_bowl,https://en.wikipedia.org/wiki/2024_Senior_Bowl
2024,JD Bertrand,Notre Dame,LB,senior_bowl,https://en.wikipedia.org/wiki/2024_Senior_Bowl
2024,Jackson Powers-Johnson,Oregon,C,senior_bowl,https://en.wikipedia.org/wiki/2024_Senior_Bowl
2024,Jacob Cowing,Arizona,WR,senior_bowl,https://en.wikipedia.org/wiki/2024_Senior_Bowl
2024,Jaden Crumedy,Mississippi State,DL,senior_bowl,https://en.wikipedia.org/wiki/2024_Senior_Bowl
2024,Jaheim Bell,Florida State,TE,senior_bowl,https://en.wikipedia.org/wiki/2024_Senior_Bowl
2024,Jalyx Hunt,Houston Christian,LB,senior_bowl,https://en.wikipedia.org/wiki/2024_Senior_Bowl
2024,Jamari Thrash,Louisville,WR,senior_bowl,https://en.wikipedia.org/wiki/2024_Senior_Bowl
2024,James Williams,Miami,LB,senior_bowl,https://en.wikipedia.org/wiki/2024_Senior_Bowl
2024,Jared Wiley,TCU,TE,senior_bowl,https://en.wikipedia.org/wiki/2024_Senior_Bowl
2024,Jarvis Brownlee Jr.,Louisville,DB,senior_bowl,https://en.wikipedia.org/wiki/2024_Senior_Bowl
2024,Javion Cohen,Miami,OL,senior_bowl,https://en.wikipedia.org/wiki/2024_Senior_Bowl
2024,Javon Baker,UCF,WR,senior_bowl,https://en.wikipedia.org/wiki/2024_Senior_Bowl
2024,Javon Bullard,Georgia,DB,senior_bowl,https://en.wikipedia.org/wiki/2024_Senior_Bowl
2024,Javon Foster,Missouri,OL,senior_bowl,https://en.wikipedia.org/wiki/2024_Senior_Bowl
2024,Javon Solomon,Troy,LB,senior_bowl,https://en.wikipedia.org/wiki/2024_Senior_Bowl
2024,Javontae Jean-Baptiste,Notre Dame,DL,senior_bowl,https://en.wikipedia.org/wiki/2024_Senior_Bowl
2024,Jaylen Harrell,Michigan,DE,senior_bowl,https://en.wikipedia.org/wiki/2024_Senior_Bowl
2024,Jermey Flax,Kentucky,OL,senior_bowl,https://en.wikipedia.org/wiki/2024_Senior_Bowl
2024,Jha'Quan Jackson,Tulane,WR,senior_bowl,https://en.wikipedia.org/wiki/2024_Senior_Bowl
2024,Joe Milton,Tennessee,QB,senior_bowl,https://en.wikipedia.org/wiki/2024_Senior_Bowl
2024,Johnny Dixon,Penn State,C B,senior_bowl,https://en.wikipedia.org/wiki/2024_Senior_Bowl
2024,Johnny Wilson,Florida State,WR,senior_bowl,https://en.wikipedia.org/wiki/2024_Senior_Bowl
2024,Jontrey Hunter,Georgia State,CB,senior_bowl,https://en.wikipedia.org/wiki/2024_Senior_Bowl
2024,Jordan Jefferson,LSU,DL,senior_bowl,https://en.wikipedia.org/wiki/2024_Senior_Bowl
2024,Jordan Morgan,Arizona,OT,senior_bowl,https://en.wikipedia.org/wiki/2024_Senior_Bowl
2024,Joshua Karty,Stanford,K,senior_bowl,https://en.wikipedia.org/wiki/2024_Senior_Bowl
2024,Justin Eboigbe,Alabama,DL,senior_bowl,https://en.wikipedia.org/wiki/2024_Senior_Bowl
2024,Kamren Kinchens,Miami,DB,senior_bowl,https://en.wikipedia.org/wiki/2024_Senior_Bowl
2024,Keith Randolph Jr.,Illinois,DT,senior_bowl,https://en.wikipedia.org/wiki/2024_Senior_Bowl
2024,Khyree Jackson,Oregon,CB,senior_bowl,https://en.wikipedia.org/wiki/2024_Senior_Bowl
2024,Kimani Vidal,Troy,RB,senior_bowl,https://en.wikipedia.org/wiki/2024_Senior_Bowl
2024,Kingsley Eguakun,Florida,C,senior_bowl,https://en.wikipedia.org/wiki/2024_Senior_Bowl
2024,Kingsley Suamataia,BYU,OT,senior_bowl,https://en.wikipedia.org/wiki/2024_Senior_Bowl
2024,Kitan Oladapo,Oregon State,SS,senior_bowl,https://en.wikipedia.org/wiki/2024_Senior_Bowl
2024,Kris Abrams-Draine,Missouri,DB,senior_bowl,https://en.wikipedia.org/wiki/2024_Senior_Bowl
2024,LaDarius Henderson,Michigan,OT,senior_bowl,https://en.wikipedia.org/wiki/2024_Senior_Bowl
2024,Ladd McConkey,Georgia,WR,senior_bowl,https://en.wikipedia.org/wiki/2024_Senior_Bowl
2024,Laiatu Latu,UCLA,DE,senior_bowl,https://en.wikipedia.org/wiki/2024_Senior_Bowl
2024,Layden Robinson,Texas A&M,OL,senior_bowl,https://en.wikipedia.org/wiki/2024_Senior_Bowl
2024,Luke McCaffrey,Rice,WR,senior_bowl,https://en.wikipedia.org/wiki/2024_Senior_Bowl
2024,Malik Mustapha,Wake Forest,DB,senior_bowl,https://en.wikipedia.org/wiki/2024_Senior_Bowl
2024,MarShawn Lloyd,USC,RB,senior_bowl,https://en.wikipedia.org/wiki/2024_Senior_Bowl
2024,Marcus Harris,Auburn,DL,senior_bowl,https://en.wikipedia.org/wiki/2024_Senior_Bowl
2024,Marcus Rosemy-Jacksaint,Georgia,WR,senior_bowl,https://en.wikipedia.org/wiki/2024_Senior_Bowl
2024,Marshawn Kneeland,Western Michigan,DE,senior_bowl,https://en.wikipedia.org/wiki/2024_Senior_Bowl
2024,Max Melton,Rutgers,CB,senior_bowl,https://en.wikipedia.org/wiki/2024_Senior_Bowl
2024,McKinnley Jackson,Texas A&M,DL,senior_bowl,https://en.wikipedia.org/wiki/2024_Senior_Bowl
2024,Michael Penix Jr.,Washington,QB,senior_bowl,https://en.wikipedia.org/wiki/2024_Senior_Bowl
2024,Michael Pratt,Tulane,QB,senior_bowl,https://en.wikipedia.org/wiki/2024_Senior_Bowl
2024,Michael Wiley,Arizona,RB,senior_bowl,https://en.wikipedia.org/wiki/2024_Senior_Bowl
2024,Mike Hall Jr.,Ohio State,DT,senior_bowl,https://en.wikipedia.org/wiki/2024_Senior_Bowl
2024,Myles Cole,Texas Tech,DL,senior_bowl,https://en.wikipedia.org/wiki/2024_Senior_Bowl
2024,Nathaniel Watson,Mississippi State,LB,senior_bowl,https://en.wikipedia.org/wiki/2024_Senior_Bowl
2024,Nehemiah Pritchett,Auburn,DB,senior_bowl,https://en.wikipedia.org/wiki/2024_Senior_Bowl
2024,Nelson Ceaser,Houston,DL,senior_bowl,https://en.wikipedia.org/wiki/2024_Senior_Bowl
2024,Payton Wilson,NC State,LB,senior_bowl,https://en.wikipedia.org/wiki/2024_Senior_Bowl
2024,Peter Bowden,Wisconsin,LS,senior_bowl,https://en.wikipedia.org/wiki/2024_Senior_Bowl
2024,Quinyon Mitchell,Toledo,CB,senior_bowl,https://en.wikipedia.org/wiki/2024_Senior_Bowl
2024,Rasheen Ali,Marshall,RB,senior_bowl,https://en.wikipedia.org/wiki/2024_Senior_Bowl
2024,Ray Davis,Kentucky,RB,senior_bowl,https://en.wikipedia.org/wiki/2024_Senior_Bowl
2024,Ricky Pearsall,Florida,WR,senior_bowl,https://en.wikipedia.org/wiki/2024_Senior_Bowl
2024,Roger Rosengarten,Washington,OT,senior_bowl,https://en.wikipedia.org/wiki/2024_Senior_Bowl
2024,Roman Wilson,Michigan,WR,senior_bowl,https://en.wikipedia.org/wiki/2024_Senior_Bowl
2024,Ryan Flournoy,Southeast Missouri State,WR,senior_bowl,https://en.wikipedia.org/wiki/2024_Senior_Bowl
2024,Sam Hartman,Notre Dame,QB,senior_bowl,https://en.wikipedia.org/wiki/2024_Senior_Bowl
2024,Sataoa Laumea,Utah,G,senior_bowl,https://en.wikipedia.org/wiki/2024_Senior_Bowl
2024,Sione Vaki,Utah,S,senior_bowl,https://en.wikipedia.org/wiki/2024_Senior_Bowl
2024,Spencer Rattler,South Carolina,QB,senior_bowl,https://en.wikipedia.org/wiki/2024_Senior_Bowl
2024,T'Vondre Sweat,Texas,DL,senior_bowl,https://en.wikipedia.org/wiki/2024_Senior_Bowl
2024,Taliese Fuaga,Oregon State,OT,senior_bowl,https://en.wikipedia.org/wiki/2024_Senior_Bowl
2024,Tanor Bortolini,Wisconsin,C,senior_bowl,https://en.wikipedia.org/wiki/2024_Senior_Bowl
2024,Theo Johnson,Penn State,TE,senior_bowl,https://en.wikipedia.org/wiki/2024_Senior_Bowl
2024,Trevin Wallace,Kentucky,LB,senior_bowl,https://en.wikipedia.org/wiki/2024_Senior_Bowl
2024,Trevor Keegan,Michigan,G,senior_bowl,https://en.wikipedia.org/wiki/2024_Senior_Bowl
2024,Tykee Smith,Georgia,DB,senior_bowl,https://en.wikipedia.org/wiki/2024_Senior_Bowl
2024,Tyler Davis,Clemson,DT,senior_bowl,https://en.wikipedia.org/wiki/2024_Senior_Bowl
2024,Tyler Guyton,Oklahoma,OL,senior_bowl,https://en.wikipedia.org/wiki/2024_Senior_Bowl
2024,Tyrice Knight,UTEP,LB,senior_bowl,https://en.wikipedia.org/wiki/2024_Senior_Bowl
2024,Will Reichard,Alabama,K,senior_bowl,https://en.wikipedia.org/wiki/2024_Senior_Bowl
2024,William Mote,Georgia,LS,senior_bowl,https://en.wikipedia.org/wiki/2024_Senior_Bowl
2024,Willie Drew,Virginia State,S,senior_bowl,https://en.wikipedia.org/wiki/2024_Senior_Bowl
2024,Xavier Legette,South Carolina,WR,senior_bowl,https://en.wikipedia.org/wiki/2024_Senior_Bowl
2024,Zach Frazier,West Virginia,C,senior_bowl,https://en.wikipedia.org/wiki/2024_Senior_Bowl
2025,Aeneas Peebles,Virginia Tech,DL,senior_bowl,https://en.wikipedia.org/wiki/2025_Senior_Bowl
2025,Aireontae Ersery,Minnesota,OL,senior_bowl,https://en.wikipedia.org/wiki/2025_Senior_Bowl
2025,Anthony Belton,NC State,OL,senior_bowl,https://en.wikipedia.org/wiki/2025_Senior_Bowl
2025,Arian Smith,Georgia,WR,senior_bowl,https://en.wikipedia.org/wiki/2025_Senior_Bowl
2025,Austin Brinkman,West Virginia,LS,senior_bowl,https://en.wikipedia.org/wiki/2025_Senior_Bowl
2025,Azareye'h Thomas,Florida State,DB,senior_bowl,https://en.wikipedia.org/wiki/2025_Senior_Bowl
2025,BJ Adams,UCF,DB,senior_bowl,https://en.wikipedia.org/wiki/2025_Senior_Bowl
2025,Barryn Sorrell,Texas,DL,senior_bowl,https://en.wikipedia.org/wiki/2025_Senior_Bowl
2025,Bhayshul Tuten,Virginia Tech,RB,senior_bowl,https://en.wikipedia.org/wiki/2025_Senior_Bowl
2025,Bilhal Kone,Western Michigan,DB,senior_bowl,https://en.wikipedia.org/wiki/2025_Senior_Bowl
2025,Billy Bowman Jr.,Oklahoma,DB,senior_bowl,https://en.wikipedia.org/wiki/2025_Senior_Bowl
2025,Brashard Smith,SMU,RB,senior_bowl,https://en.wikipedia.org/wiki/2025_Senior_Bowl
2025,CJ Dippre,Alabama,TE,senior_bowl,https://en.wikipedia.org/wiki/2025_Senior_Bowl
2025,Caden Davis,Ole Miss,K,senior_bowl,https://en.wikipedia.org/wiki/2025_Senior_Bowl
2025,Caleb Ransaw,Tulane,DB,senior_bowl,https://en.wikipedia.org/wiki/2025_Senior_Bowl
2025,Caleb Rogers,Texas Tech,OL,senior_bowl,https://en.wikipedia.org/wiki/2025_Senior_Bowl
2025,Cam Jackson,Florida,DL,senior_bowl,https://en.wikipedia.org/wiki/2025_Senior_Bowl
2025,Carson Vinson,Alabama A&M,OL,senior_bowl,https://en.wikipedia.org/wiki/2025_Senior_Bowl
2025,Chimere Dike,Florida,WR,senior_bowl,https://en.wikipedia.org/wiki/2025_Senior_Bowl
2025,Clay Webb,Jacksonville State,OL,senior_bowl,https://en.wikipedia.org/wiki/2025_Senior_Bowl
2025,Cody Lindenberg,Minnesota,LB,senior_bowl,https://en.wikipedia.org/wiki/2025_Senior_Bowl
2025,Collin Oliver,Oklahoma State,LB,senior_bowl,https://en.wikipedia.org/wiki/2025_Senior_Bowl
2025,Da'Quan Felton,Virginia Tech,WR,senior_bowl,https://en.wikipedia.org/wiki/2025_Senior_Bowl
2025,Damien Martinez,Miami (FL),RB,senior_bowl,https://en.wikipedia.org/wiki/2025_Senior_Bowl
2025,Dan Jackson,Georgia,DB,senior_bowl,https://en.wikipedia.org/wiki/2025_Senior_Bowl
2025,Danny Striggow,Minnesota,DL,senior_bowl,https://en.wikipedia.org/wiki/2025_Senior_Bowl
2025,Dante Trader Jr.,Maryland,DB,senior_bowl,https://en.wikipedia.org/wiki/2025_Senior_Bowl
2025,Darien Porter,Iowa State,DB,senior_bowl,https://en.wikipedia.org/wiki/2025_Senior_Bowl
2025,Darius Alexander,Toledo,DL,senior_bowl,https://en.wikipedia.org/wiki/2025_Senior_Bowl
2025,David Walker,Central Arkansas,LB,senior_bowl,https://en.wikipedia.org/wiki/2025_Senior_Bowl
2025,Demetrius Knight,South Carolina,LB,senior_bowl,https://en.wikipedia.org/wiki/2025_Senior_Bowl
2025,Deone Walker,Kentucky,DL,senior_bowl,https://en.wikipedia.org/wiki/2025_Senior_Bowl
2025,Devin Neal,Kansas,RB,senior_bowl,https://en.wikipedia.org/wiki/2025_Senior_Bowl
2025,Dillon Gabriel,Oregon,QB,senior_bowl,https://en.wikipedia.org/wiki/2025_Senior_Bowl
2025,Donovan Edwards,Michigan,RB,senior_bowl,https://en.wikipedia.org/wiki/2025_Senior_Bowl
2025,Elijah Arroyo,Miami (FL),TE,senior_bowl,https://en.wikipedia.org/wiki/2025_Senior_Bowl
2025,Emery Jones,LSU,OL,senior_bowl,https://en.wikipedia.org/wiki/2025_Senior_Bowl
2025,Eugene Asante,Auburn,LB,senior_bowl,https://en.wikipedia.org/wiki/2025_Senior_Bowl
2025,Garrett Dellinger,LSU,OL,senior_bowl,https://en.wikipedia.org/wiki/2025_Senior_Bowl
2025,Gavin Bartholomew,Pittsburgh,TE,senior_bowl,https://en.wikipedia.org/wiki/2025_Senior_Bowl
2025,Grey Zabel,North Dakota State,OL,senior_bowl,https://en.wikipedia.org/wiki/2025_Senior_Bowl
2025,Harold Fannin Jr.,Bowling Green,TE,senior_bowl,https://en.wikipedia.org/wiki/2025_Senior_Bowl
2025,Hunter Wohler,Wisconsin,DB,senior_bowl,https://en.wikipedia.org/wiki/2025_Senior_Bowl
2025,Isaac TeSlaa,Arkansas,WR,senior_bowl,https://en.wikipedia.org/wiki/2025_Senior_Bowl
2025,Jack Bech,TCU,WR,senior_bowl,https://en.wikipedia.org/wiki/2025_Senior_Bowl
2025,Jack Kiser,Notre Dame,LB,senior_bowl,https://en.wikipedia.org/wiki/2025_Senior_Bowl
2025,Jackson Hawes,Georgia Tech,TE,senior_bowl,https://en.wikipedia.org/wiki/2025_Senior_Bowl
2025,Jackson Slater,Sacramento State,OL,senior_bowl,https://en.wikipedia.org/wiki/2025_Senior_Bowl
2025,Jacob Bayer,Arkansas State,OL,senior_bowl,https://en.wikipedia.org/wiki/2025_Senior_Bowl
2025,Jacob Parrish,Kansas State,DB,senior_bowl,https://en.wikipedia.org/wiki/2025_Senior_Bowl
2025,Jah Joyner,Minnesota,DL,senior_bowl,https://en.wikipedia.org/wiki/2025_Senior_Bowl
2025,Jake Briningstool,Clemson,TE,senior_bowl,https://en.wikipedia.org/wiki/2025_Senior_Bowl
2025,Jalen McLeod,Auburn,LB,senior_bowl,https://en.wikipedia.org/wiki/2025_Senior_Bowl
2025,Jalen Milroe,Alabama,QB,senior_bowl,https://en.wikipedia.org/wiki/2025_Senior_Bowl
2025,Jalen Rivers,Miami (FL),OL,senior_bowl,https://en.wikipedia.org/wiki/2025_Senior_Bowl
2025,Jalen Royals,Utah State,WR,senior_bowl,https://en.wikipedia.org/wiki/2025_Senior_Bowl
2025,Jalen Travis,Iowa State,OL,senior_bowl,https://en.wikipedia.org/wiki/2025_Senior_Bowl
2025,Jamaal Pritchett,South Alabama,WR,senior_bowl,https://en.wikipedia.org/wiki/2025_Senior_Bowl
2025,Jamaree Caldwell,Oregon,DL,senior_bowl,https://en.wikipedia.org/wiki/2025_Senior_Bowl
2025,James Burnip,Alabama,P,senior_bowl,https://en.wikipedia.org/wiki/2025_Senior_Bowl
2025,Jared Ivey,Ole Miss,DL,senior_bowl,https://en.wikipedia.org/wiki/2025_Senior_Bowl
2025,Jarquez Hunter,Auburn,RB,senior_bowl,https://en.wikipedia.org/wiki/2025_Senior_Bowl
2025,Jaxson Dart,Ole Miss,QB,senior_bowl,https://en.wikipedia.org/wiki/2025_Senior_Bowl
2025,Jayden Higgins,Iowa State,WR,senior_bowl,https://en.wikipedia.org/wiki/2025_Senior_Bowl
2025,Jaylin Lane,Virginia Tech,WR,senior_bowl,https://en.wikipedia.org/wiki/2025_Senior_Bowl
2025,Jaylin Noel,Iowa State,WR,senior_bowl,https://en.wikipedia.org/wiki/2025_Senior_Bowl
2025,Jaylin Smith,USC,DB,senior_bowl,https://en.wikipedia.org/wiki/2025_Senior_Bowl
2025,Jeffrey Bassa,Oregon,LB,senior_bowl,https://en.wikipedia.org/wiki/2025_Senior_Bowl
2025,Jeremy Crawshaw,Florida,P,senior_bowl,https://en.wikipedia.org/wiki/2025_Senior_Bowl
2025,Johnathan Edwards,Tulane,DB,senior_bowl,https://en.wikipedia.org/wiki/2025_Senior_Bowl
2025,Jonah Monheim,USC,OL,senior_bowl,https://en.wikipedia.org/wiki/2025_Senior_Bowl
2025,Jonah Savaiinaea,Arizona,OL,senior_bowl,https://en.wikipedia.org/wiki/2025_Senior_Bowl
2025,Jonas Sanker,Virginia,DB,senior_bowl,https://en.wikipedia.org/wiki/2025_Senior_Bowl
2025,Josaiah Stewart,Michigan,DL,senior_bowl,https://en.wikipedia.org/wiki/2025_Senior_Bowl
2025,Josh Conerly Jr.,Oregon,OL,senior_bowl,https://en.wikipedia.org/wiki/2025_Senior_Bowl
2025,Joshua Farmer,Florida State,DL,senior_bowl,https://en.wikipedia.org/wiki/2025_Senior_Bowl
2025,Junior Tafuna,Utah,DL,senior_bowl,https://en.wikipedia.org/wiki/2025_Senior_Bowl
2025,Justin Barron,Syracuse,DB,senior_bowl,https://en.wikipedia.org/wiki/2025_Senior_Bowl
2025,Karene Reid,Utah,LB,senior_bowl,https://en.wikipedia.org/wiki/2025_Senior_Bowl
2025,Keondre Jackson,Illinois State,DB,senior_bowl,https://en.wikipedia.org/wiki/2025_Senior_Bowl
2025,Kobe Hudson,UCF,WR,senior_bowl,https://en.wikipedia.org/wiki/2025_Senior_Bowl
2025,Kyle Williams,Washington State,WR,senior_bowl,https://en.wikipedia.org/wiki/2025_Senior_Bowl
2025,Landon Jackson,Arkansas,DL,senior_bowl,https://en.wikipedia.org/wiki/2025_Senior_Bowl
2025,LeQuint Allen,Syracuse,RB,senior_bowl,https://en.wikipedia.org/wiki/2025_Senior_Bowl
2025,Logan Brown,Kansas,OL,senior_bowl,https://en.wikipedia.org/wiki/2025_Senior_Bowl
2025,Mac McWilliams,UCF,DB,senior_bowl,https://en.wikipedia.org/wiki/2025_Senior_Bowl
2025,Marcus Mbow,Purdue,OL,senior_bowl,https://en.wikipedia.org/wiki/2025_Senior_Bowl
2025,Marcus Yarns,Delaware,RB,senior_bowl,https://en.wikipedia.org/wiki/2025_Senior_Bowl
2025,Mason Taylor,LSU,TE,senior_bowl,https://en.wikipedia.org/wiki/2025_Senior_Bowl
2025,Maxen Hook,Toledo,DB,senior_bowl,https://en.wikipedia.org/wiki/2025_Senior_Bowl
2025,Maxwell Hairston,Kentucky,DB,senior_bowl,https://en.wikipedia.org/wiki/2025_Senior_Bowl
2025,Melvin Smith,Southern Arkansas,DB,senior_bowl,https://en.wikipedia.org/wiki/2025_Senior_Bowl
2025,Miles Frazier,LSU,OL,senior_bowl,https://en.wikipedia.org/wiki/2025_Senior_Bowl
2025,Moliki Matavao,UCLA,TE,senior_bowl,https://en.wikipedia.org/wiki/2025_Senior_Bowl
2025,Nickolas Martin,Oklahoma State,LB,senior_bowl,https://en.wikipedia.org/wiki/2025_Senior_Bowl
2025,Ollie Gordon II,Oklahoma State,RB,senior_bowl,https://en.wikipedia.org/wiki/2025_Senior_Bowl
2025,Oluwafemi Oladejo,UCLA,LB,senior_bowl,https://en.wikipedia.org/wiki/2025_Senior_Bowl
2025,Omarr Norman-Lott,Tennessee,DL,senior_bowl,https://en.wikipedia.org/wiki/2025_Senior_Bowl
2025,Ozzy Trapilo,Boston College,OL,senior_bowl,https://en.wikipedia.org/wiki/2025_Senior_Bowl
2025,Pat Bryant,Illinois,WR,senior_bowl,https://en.wikipedia.org/wiki/2025_Senior_Bowl
2025,Princely Umanmielen,Ole Miss,DL,senior_bowl,https://en.wikipedia.org/wiki/2025_Senior_Bowl
2025,Quincy Riley,Louisville,DB,senior_bowl,https://en.wikipedia.org/wiki/2025_Senior_Bowl
2025,RJ Harvey,UCF,RB,senior_bowl,https://en.wikipedia.org/wiki/2025_Senior_Bowl
2025,RJ Oben,Notre Dame,DL,senior_bowl,https://en.wikipedia.org/wiki/2025_Senior_Bowl
2025,Rayuan Lane III,Navy,DB,senior_bowl,https://en.wikipedia.org/wiki/2025_Senior_Bowl
2025,Riley Leonard,Notre Dame,QB,senior_bowl,https://en.wikipedia.org/wiki/2025_Senior_Bowl
2025,Ryan Fitzgerald,Florida State,K,senior_bowl,https://en.wikipedia.org/wiki/2025_Senior_Bowl
2025,Sai'vion Jones,LSU,DL,senior_bowl,https://en.wikipedia.org/wiki/2025_Senior_Bowl
2025,Sebastian Castro,Iowa,DB,senior_bowl,https://en.wikipedia.org/wiki/2025_Senior_Bowl
2025,Seth Henigan,Memphis,QB,senior_bowl,https://en.wikipedia.org/wiki/2025_Senior_Bowl
2025,Shemar James,Florida,LB,senior_bowl,https://en.wikipedia.org/wiki/2025_Senior_Bowl
2025,Smael Mondon Jr.,Georgia,LB,senior_bowl,https://en.wikipedia.org/wiki/2025_Senior_Bowl
2025,T. J. Sanders,South Carolina,DL,senior_bowl,https://en.wikipedia.org/wiki/2025_Senior_Bowl
2025,Tai Felton,Maryland,WR,senior_bowl,https://en.wikipedia.org/wiki/2025_Senior_Bowl
2025,Taylor Elgersma,Wilfrid Laurier,QB,senior_bowl,https://en.wikipedia.org/wiki/2025_Senior_Bowl
2025,Terrance Ferguson,Oregon,TE,senior_bowl,https://en.wikipedia.org/wiki/2025_Senior_Bowl
2025,Tez Johnson,Oregon,WR,senior_bowl,https://en.wikipedia.org/wiki/2025_Senior_Bowl
2025,Thomas Fidone II,Nebraska,TE,senior_bowl,https://en.wikipedia.org/wiki/2025_Senior_Bowl
2025,Tim Smith,Alabama,DL,senior_bowl,https://en.wikipedia.org/wiki/2025_Senior_Bowl
2025,Tommi Hill,Nebraska,DB,senior_bowl,https://en.wikipedia.org/wiki/2025_Senior_Bowl
2025,Trevor Etienne,Georgia,RB,senior_bowl,https://en.wikipedia.org/wiki/2025_Senior_Bowl
2025,Trey Rucker,Oklahoma State,DB,senior_bowl,https://en.wikipedia.org/wiki/2025_Senior_Bowl
2025,Ty Robinson,Nebraska,DL,senior_bowl,https://en.wikipedia.org/wiki/2025_Senior_Bowl
2025,Tyler Shough,Louisville,QB,senior_bowl,https://en.wikipedia.org/wiki/2025_Senior_Bowl
2025,Tyrion Ingram-Dawkins,Georgia,DL,senior_bowl,https://en.wikipedia.org/wiki/2025_Senior_Bowl
2025,Upton Stout,Western Kentucky,DB,senior_bowl,https://en.wikipedia.org/wiki/2025_Senior_Bowl
2025,Walter Nolen,Ole Miss,DL,senior_bowl,https://en.wikipedia.org/wiki/2025_Senior_Bowl
2025,William Wagner,Michigan,LS,senior_bowl,https://en.wikipedia.org/wiki/2025_Senior_Bowl
2025,Willie Lampkin,North Carolina,OL,senior_bowl,https://en.wikipedia.org/wiki/2025_Senior_Bowl
2025,Woody Marks,USC,RB,senior_bowl,https://en.wikipedia.org/wiki/2025_Senior_Bowl
2025,Wyatt Milum,West Virginia,OL,senior_bowl,https://en.wikipedia.org/wiki/2025_Senior_Bowl
2025,Xavier Restrepo,Miami (FL),WR,senior_bowl,https://en.wikipedia.org/wiki/2025_Senior_Bowl
2025,Yahya Black,Iowa,DL,senior_bowl,https://en.wikipedia.org/wiki/2025_Senior_Bowl
2026,Aaron Anderson,LSU,WR,senior_bowl,https://en.wikipedia.org/wiki/2026_Senior_Bowl
2026,Adam Randall,Clemson,RB,senior_bowl,https://en.wikipedia.org/wiki/2026_Senior_Bowl
2026,Alan Herron,Maryland,OL,senior_bowl,https://en.wikipedia.org/wiki/2026_Senior_Bowl
2026,Austin Barber,Florida,OL,senior_bowl,https://en.wikipedia.org/wiki/2026_Senior_Bowl
2026,Barion Brown,LSU,WR,senior_bowl,https://en.wikipedia.org/wiki/2026_Senior_Bowl
2026,Beau Gardner,Georgia,LS,senior_bowl,https://en.wikipedia.org/wiki/2026_Senior_Bowl
2026,Beau Stephens,Iowa,OL,senior_bowl,https://en.wikipedia.org/wiki/2026_Senior_Bowl
2026,Brett Thorson,Georgia,P,senior_bowl,https://en.wikipedia.org/wiki/2026_Senior_Bowl
2026,Bryce Boettcher,Oregon,LB,senior_bowl,https://en.wikipedia.org/wiki/2026_Senior_Bowl
2026,Bryson Eason,Tennessee,DT,senior_bowl,https://en.wikipedia.org/wiki/2026_Senior_Bowl
2026,Bud Clark,TCU,SAF,senior_bowl,https://en.wikipedia.org/wiki/2026_Senior_Bowl
2026,Caleb Banks,Florida,DT,senior_bowl,https://en.wikipedia.org/wiki/2026_Senior_Bowl
2026,Caleb Douglas,Texas Tech,WR,senior_bowl,https://en.wikipedia.org/wiki/2026_Senior_Bowl
2026,Cameron Ball,Arkansas,DT,senior_bowl,https://en.wikipedia.org/wiki/2026_Senior_Bowl
2026,Carver Willis,Washington,OL,senior_bowl,https://en.wikipedia.org/wiki/2026_Senior_Bowl
2026,Caullin Lacy,Louisville,WR,senior_bowl,https://en.wikipedia.org/wiki/2026_Senior_Bowl
2026,Chandler Rivers,Duke,CB,senior_bowl,https://en.wikipedia.org/wiki/2026_Senior_Bowl
2026,Charles Demmings,Stephen F. Austin,CB,senior_bowl,https://en.wikipedia.org/wiki/2026_Senior_Bowl
2026,Chris Hilton Jr.,LSU,WR,senior_bowl,https://en.wikipedia.org/wiki/2026_Senior_Bowl
2026,Chris Johnson,San Diego State,CB,senior_bowl,https://en.wikipedia.org/wiki/2026_Senior_Bowl
2026,Chris McClellan,Missouri,DT,senior_bowl,https://en.wikipedia.org/wiki/2026_Senior_Bowl
2026,Cian Slone,NC State,DE,senior_bowl,https://en.wikipedia.org/wiki/2026_Senior_Bowl
2026,Cole Payton,North Dakota State,QB,senior_bowl,https://en.wikipedia.org/wiki/2026_Senior_Bowl
2026,Collin Wright,Stanford,CB,senior_bowl,https://en.wikipedia.org/wiki/2026_Senior_Bowl
2026,Colton Hood,Tennessee,CB,senior_bowl,https://en.wikipedia.org/wiki/2026_Senior_Bowl
2026,Cyrus Allen,Cincinnati,WR,senior_bowl,https://en.wikipedia.org/wiki/2026_Senior_Bowl
2026,DJ Rogers,TCU,TE,senior_bowl,https://en.wikipedia.org/wiki/2026_Senior_Bowl
2026,Dametrious Crownover,Texas A&M,OL,senior_bowl,https://en.wikipedia.org/wiki/2026_Senior_Bowl
2026,Dan Villari,Syracuse,TE,senior_bowl,https://en.wikipedia.org/wiki/2026_Senior_Bowl
2026,Dani Dennis-Sutton,Penn State,DE,senior_bowl,https://en.wikipedia.org/wiki/2026_Senior_Bowl
2026,Darrell Jackson Jr.,Florida State,DL,senior_bowl,https://en.wikipedia.org/wiki/2026_Senior_Bowl
2026,Davison Igbinosun,Ohio State,DB,senior_bowl,https://en.wikipedia.org/wiki/2026_Senior_Bowl
2026,Daylen Everette,Georgia,CB,senior_bowl,https://en.wikipedia.org/wiki/2026_Senior_Bowl
2026,Dayon Hayes,Texas A&M,DE,senior_bowl,https://en.wikipedia.org/wiki/2026_Senior_Bowl
2026,DeShon Singleton,Nebraska,SAF,senior_bowl,https://en.wikipedia.org/wiki/2026_Senior_Bowl
2026,Delby Lemieux,Dartmouth,OL,senior_bowl,https://en.wikipedia.org/wiki/2026_Senior_Bowl
2026,Derrick Moore,Michigan,DE,senior_bowl,https://en.wikipedia.org/wiki/2026_Senior_Bowl
2026,Deven Eastern,Minnesota,DT,senior_bowl,https://en.wikipedia.org/wiki/2026_Senior_Bowl
2026,Devin Voisin,South Alabama,WR,senior_bowl,https://en.wikipedia.org/wiki/2026_Senior_Bowl
2026,Diego Pavia,Vanderbilt,QB,senior_bowl,https://en.wikipedia.org/wiki/2026_Senior_Bowl
2026,Donaven McCulley,Michigan,WR,senior_bowl,https://en.wikipedia.org/wiki/2026_Senior_Bowl
2026,Drew Stevens,Iowa,K,senior_bowl,https://en.wikipedia.org/wiki/2026_Senior_Bowl
2026,Ephesians Prysock,Washington,CB,senior_bowl,https://en.wikipedia.org/wiki/2026_Senior_Bowl
2026,Ethan Onianwa,Ohio State,OL,senior_bowl,https://en.wikipedia.org/wiki/2026_Senior_Bowl
2026,Fernando Carmona,Arkansas,OL,senior_bowl,https://en.wikipedia.org/wiki/2026_Senior_Bowl
2026,Fred Davis II,Northwestern,CB,senior_bowl,https://en.wikipedia.org/wiki/2026_Senior_Bowl
2026,Gabe Jacas,Illinois,DL,senior_bowl,https://en.wikipedia.org/wiki/2026_Senior_Bowl
2026,Garrett Nussmeier,LSU,QB,senior_bowl,https://en.wikipedia.org/wiki/2026_Senior_Bowl
2026,Gennings Dunker,Iowa,OL,senior_bowl,https://en.wikipedia.org/wiki/2026_Senior_Bowl
2026,Gracen Halton,Oklahoma,DT,senior_bowl,https://en.wikipedia.org/wiki/2026_Senior_Bowl
2026,Harrison Wallace III,Ole Miss,WR,senior_bowl,https://en.wikipedia.org/wiki/2026_Senior_Bowl
2026,Hezekiah Masses,California,CB,senior_bowl,https://en.wikipedia.org/wiki/2026_Senior_Bowl
2026,J'Mari Taylor,Virginia,RB,senior_bowl,https://en.wikipedia.org/wiki/2026_Senior_Bowl
2026,J. C. Davis,Illinois,OL,senior_bowl,https://en.wikipedia.org/wiki/2026_Senior_Bowl
2026,Ja'Kobi Lane,USC,WR,senior_bowl,https://en.wikipedia.org/wiki/2026_Senior_Bowl
2026,Jack Kelly,BYU,LB,senior_bowl,https://en.wikipedia.org/wiki/2026_Senior_Bowl
2026,Jacob Rodriguez,Texas Tech,LB,senior_bowl,https://en.wikipedia.org/wiki/2026_Senior_Bowl
2026,Jake Slaughter,Florida,OL,senior_bowl,https://en.wikipedia.org/wiki/2026_Senior_Bowl
2026,Jalen Farmer,Kentucky,OL,senior_bowl,https://en.wikipedia.org/wiki/2026_Senior_Bowl
2026,Jalen McMurray,Tennessee,CB,senior_bowl,https://en.wikipedia.org/wiki/2026_Senior_Bowl
2026,Jalen Stroman,Notre Dame,DB,senior_bowl,https://en.wikipedia.org/wiki/2026_Senior_Bowl
2026,Jalon Kilgore,South Carolina,SAF,senior_bowl,https://en.wikipedia.org/wiki/2026_Senior_Bowl
2026,James Brockermeyer,Miami,OL,senior_bowl,https://en.wikipedia.org/wiki/2026_Senior_Bowl
2026,Jaydn Ott,Oklahoma,RB,senior_bowl,https://en.wikipedia.org/wiki/2026_Senior_Bowl
2026,Jeffrey M'Ba,SMU,DT,senior_bowl,https://en.wikipedia.org/wiki/2026_Senior_Bowl
2026,Jeremiah Wright,Auburn,OL,senior_bowl,https://en.wikipedia.org/wiki/2026_Senior_Bowl
2026,John Michael Gyllenborg,Wyoming,TE,senior_bowl,https://en.wikipedia.org/wiki/2026_Senior_Bowl
2026,Jordan Hudson,SMU,WR,senior_bowl,https://en.wikipedia.org/wiki/2026_Senior_Bowl
2026,Josh Cameron,Baylor,WR,senior_bowl,https://en.wikipedia.org/wiki/2026_Senior_Bowl
2026,Josh Cuevas,Alabama,TE,senior_bowl,https://en.wikipedia.org/wiki/2026_Senior_Bowl
2026,Jude Bowry,Boston College,OL,senior_bowl,https://en.wikipedia.org/wiki/2026_Senior_Bowl
2026,Julian Neal,Arkansas,CB,senior_bowl,https://en.wikipedia.org/wiki/2026_Senior_Bowl
2026,Justin Joly,NC State,TE,senior_bowl,https://en.wikipedia.org/wiki/2026_Senior_Bowl
2026,Kaelon Black,Indiana,RB,senior_bowl,https://en.wikipedia.org/wiki/2026_Senior_Bowl
2026,Kage Casey,Boise State,OL,senior_bowl,https://en.wikipedia.org/wiki/2026_Senior_Bowl
2026,Kaleb Elarms-Orr,TCU,LB,senior_bowl,https://en.wikipedia.org/wiki/2026_Senior_Bowl
2026,Kamari Ramsey,USC,SAF,senior_bowl,https://en.wikipedia.org/wiki/2026_Senior_Bowl
2026,Kaytron Allen,Penn State,RB,senior_bowl,https://en.wikipedia.org/wiki/2026_Senior_Bowl
2026,Kejon Owens,FIU,RB,senior_bowl,https://en.wikipedia.org/wiki/2026_Senior_Bowl
2026,Kevin Coleman Jr.,Missouri,WR,senior_bowl,https://en.wikipedia.org/wiki/2026_Senior_Bowl
2026,Keylan Rutledge,Georgia Tech,OL,senior_bowl,https://en.wikipedia.org/wiki/2026_Senior_Bowl
2026,Keyron Crawford,Auburn,OLB,senior_bowl,https://en.wikipedia.org/wiki/2026_Senior_Bowl
2026,Keyshaun Elliott,Arizona State,LB,senior_bowl,https://en.wikipedia.org/wiki/2026_Senior_Bowl
2026,Kyle Louis,Pittsburgh,LB,senior_bowl,https://en.wikipedia.org/wiki/2026_Senior_Bowl
2026,LT Overton,Alabama,DL,senior_bowl,https://en.wikipedia.org/wiki/2026_Senior_Bowl
2026,Lee Hunter,Texas Tech,DT,senior_bowl,https://en.wikipedia.org/wiki/2026_Senior_Bowl
2026,Lewis Bond,Boston College,WR,senior_bowl,https://en.wikipedia.org/wiki/2026_Senior_Bowl
2026,Logan Fano,Utah,DE,senior_bowl,https://en.wikipedia.org/wiki/2026_Senior_Bowl
2026,Logan Taylor,Boston College,OL,senior_bowl,https://en.wikipedia.org/wiki/2026_Senior_Bowl
2026,Luke Altmyer,Illinois,QB,senior_bowl,https://en.wikipedia.org/wiki/2026_Senior_Bowl
2026,Luke Basso,Oregon,LS,senior_bowl,https://en.wikipedia.org/wiki/2026_Senior_Bowl
2026,Malachi Fields,Notre Dame,WR,senior_bowl,https://en.wikipedia.org/wiki/2026_Senior_Bowl
2026,Malik Muhammad,Texas,CB,senior_bowl,https://en.wikipedia.org/wiki/2026_Senior_Bowl
2026,Markel Bell,Miami,OL,senior_bowl,https://en.wikipedia.org/wiki/2026_Senior_Bowl
2026,Matthew Hibner,SMU,TE,senior_bowl,https://en.wikipedia.org/wiki/2026_Senior_Bowl
2026,Max Iheanachor,Arizona State,OL,senior_bowl,https://en.wikipedia.org/wiki/2026_Senior_Bowl
2026,Max Llewellyn,Iowa,DE,senior_bowl,https://en.wikipedia.org/wiki/2026_Senior_Bowl
2026,Melvin Priestly,Illinois,OL,senior_bowl,https://en.wikipedia.org/wiki/2026_Senior_Bowl
2026,Michael Taaffe,Texas,SAF,senior_bowl,https://en.wikipedia.org/wiki/2026_Senior_Bowl
2026,Mike Washington Jr.,Arkansas,RB,senior_bowl,https://en.wikipedia.org/wiki/2026_Senior_Bowl
2026,Nadame Tucker,Western Michigan,OLB,senior_bowl,https://en.wikipedia.org/wiki/2026_Senior_Bowl
2026,Namdi Obiazor,TCU,LB,senior_bowl,https://en.wikipedia.org/wiki/2026_Senior_Bowl
2026,Nate Boerkircher,Texas A&M,TE,senior_bowl,https://en.wikipedia.org/wiki/2026_Senior_Bowl
2026,Nick Barrett,South Carolina,DT,senior_bowl,https://en.wikipedia.org/wiki/2026_Senior_Bowl
2026,Nick Singleton,Penn State,RB,senior_bowl,https://en.wikipedia.org/wiki/2026_Senior_Bowl
2026,Nyjalik Kelly,UCF,DE,senior_bowl,https://en.wikipedia.org/wiki/2026_Senior_Bowl
2026,Owen Heinecke,Oklahoma,LB,senior_bowl,https://en.wikipedia.org/wiki/2026_Senior_Bowl
2026,Quintayvious Hutchins,Boston College,DE,senior_bowl,https://en.wikipedia.org/wiki/2026_Senior_Bowl
2026,Rahsul Faison,South Carolina,RB,senior_bowl,https://en.wikipedia.org/wiki/2026_Senior_Bowl
2026,Rayshaun Benny,Michigan,DT,senior_bowl,https://en.wikipedia.org/wiki/2026_Senior_Bowl
2026,Reggie Virgil,Texas Tech,WR,senior_bowl,https://en.wikipedia.org/wiki/2026_Senior_Bowl
2026,Rene Konga,Louisville,DL,senior_bowl,https://en.wikipedia.org/wiki/2026_Senior_Bowl
2026,Romello Brinson,SMU,WR,senior_bowl,https://en.wikipedia.org/wiki/2026_Senior_Bowl
2026,Romello Height,Texas Tech,DE,senior_bowl,https://en.wikipedia.org/wiki/2026_Senior_Bowl
2026,Ryan Eckley,Michigan State,P,senior_bowl,https://en.wikipedia.org/wiki/2026_Senior_Bowl
2026,Sam Hecht,Kansas State,OL,senior_bowl,https://en.wikipedia.org/wiki/2026_Senior_Bowl
2026,Sam Roush,Stanford,TE,senior_bowl,https://en.wikipedia.org/wiki/2026_Senior_Bowl
2026,Sawyer Robertson,Baylor,QB,senior_bowl,https://en.wikipedia.org/wiki/2026_Senior_Bowl
2026,Scooby Williams,Texas A&M,LB,senior_bowl,https://en.wikipedia.org/wiki/2026_Senior_Bowl
2026,Seth McGowan,Kentucky,RB,senior_bowl,https://en.wikipedia.org/wiki/2026_Senior_Bowl
2026,Star Thomas,Tennessee,RB,senior_bowl,https://en.wikipedia.org/wiki/2026_Senior_Bowl
2026,T. J. Parker,Clemson,DE,senior_bowl,https://en.wikipedia.org/wiki/2026_Senior_Bowl
2026,TJ Hall,Iowa,CB,senior_bowl,https://en.wikipedia.org/wiki/2026_Senior_Bowl
2026,TJ Quinn,Louisville,LB,senior_bowl,https://en.wikipedia.org/wiki/2026_Senior_Bowl
2026,Tanner Koziol,Houston,TE,senior_bowl,https://en.wikipedia.org/wiki/2026_Senior_Bowl
2026,Taylen Green,Arkansas,QB,senior_bowl,https://en.wikipedia.org/wiki/2026_Senior_Bowl
2026,Ted Hurst,Georgia State,WR,senior_bowl,https://en.wikipedia.org/wiki/2026_Senior_Bowl
2026,Thaddeus Dixon,North Carolina,DB,senior_bowl,https://en.wikipedia.org/wiki/2026_Senior_Bowl
2026,Tim Keenan III,Alabama,DT,senior_bowl,https://en.wikipedia.org/wiki/2026_Senior_Bowl
2026,Trey Zuhn III,Texas A&M,OL,senior_bowl,https://en.wikipedia.org/wiki/2026_Senior_Bowl
2026,Tyre West,Tennessee,DL,senior_bowl,https://en.wikipedia.org/wiki/2026_Senior_Bowl
2026,Tyreak Sapp,Florida,DL,senior_bowl,https://en.wikipedia.org/wiki/2026_Senior_Bowl
2026,Tyren Montgomery,John Carroll,WR,senior_bowl,https://en.wikipedia.org/wiki/2026_Senior_Bowl
2026,VJ Payne,Kansas State,SAF,senior_bowl,https://en.wikipedia.org/wiki/2026_Senior_Bowl
2026,Vincent Anthony Jr.,Duke,DE,senior_bowl,https://en.wikipedia.org/wiki/2026_Senior_Bowl
2026,Vinny Anthony II,Wisconsin,WR,senior_bowl,https://en.wikipedia.org/wiki/2026_Senior_Bowl
2026,Will Ferrin,BYU,K,senior_bowl,https://en.wikipedia.org/wiki/2026_Senior_Bowl
2026,Will Kacmarek,Ohio State,TE,senior_bowl,https://en.wikipedia.org/wiki/2026_Senior_Bowl
2026,Wydett Williams,Ole Miss,SAF,senior_bowl,https://en.wikipedia.org/wiki/2026_Senior_Bowl
2026,Xavian Sorey,Arkansas,LB,senior_bowl,https://en.wikipedia.org/wiki/2026_Senior_Bowl
2026,Zakee Wheatley,Penn State,SAF,senior_bowl,https://en.wikipedia.org/wiki/2026_Senior_Bowl
2026,Zane Durant,Penn State,DT,senior_bowl,https://en.wikipedia.org/wiki/2026_Senior_Bowl
2026,Zion Young,Missouri,DE,senior_bowl,https://en.wikipedia.org/wiki/2026_Senior_Bowl
2010,A.J. Trump,University of Miami,,shrine,https://en.wikipedia.org/wiki/2010_East–West_Shrine_Game
2010,Aaron Berry,University of Pittsburgh,,shrine,https://en.wikipedia.org/wiki/2010_East–West_Shrine_Game
2010,Alejandro Villanueva,Army,,shrine,https://en.wikipedia.org/wiki/2010_East–West_Shrine_Game
2010,Alric Arnett,West Virginia University,,shrine,https://en.wikipedia.org/wiki/2010_East–West_Shrine_Game
2010,Alterraun Verner,UCLA,,shrine,https://en.wikipedia.org/wiki/2010_East–West_Shrine_Game
2010,Andre Dixon,University of Connecticut,,shrine,https://en.wikipedia.org/wiki/2010_East–West_Shrine_Game
2010,Andrew Quarless,Penn State University,,shrine,https://en.wikipedia.org/wiki/2010_East–West_Shrine_Game
2010,André Anderson,Tulane University,,shrine,https://en.wikipedia.org/wiki/2010_East–West_Shrine_Game
2010,Barry Church,University of Toledo,,shrine,https://en.wikipedia.org/wiki/2010_East–West_Shrine_Game
2010,Blair White,Michigan State University,,shrine,https://en.wikipedia.org/wiki/2010_East–West_Shrine_Game
2010,Brandon Carter,Texas Tech University,,shrine,https://en.wikipedia.org/wiki/2010_East–West_Shrine_Game
2010,Brian Jackson,University of Oklahoma,,shrine,https://en.wikipedia.org/wiki/2010_East–West_Shrine_Game
2010,Carter Brunelle,Baylor University,,shrine,https://en.wikipedia.org/wiki/2010_East–West_Shrine_Game
2010,Chris Chancellor,Clemson University,,shrine,https://en.wikipedia.org/wiki/2010_East–West_Shrine_Game
2010,Chris DeGeare,Wake Forest University,,shrine,https://en.wikipedia.org/wiki/2010_East–West_Shrine_Game
2010,Chris Marinelli,Stanford University,,shrine,https://en.wikipedia.org/wiki/2010_East–West_Shrine_Game
2010,Chris McCoy,Middle Tennessee State,,shrine,https://en.wikipedia.org/wiki/2010_East–West_Shrine_Game
2010,Chris Scott,University of Tennessee,,shrine,https://en.wikipedia.org/wiki/2010_East–West_Shrine_Game
2010,Chris Thomas,Air Force Academy,,shrine,https://en.wikipedia.org/wiki/2010_East–West_Shrine_Game
2010,Cole Pemberton,Colorado State University,,shrine,https://en.wikipedia.org/wiki/2010_East–West_Shrine_Game
2010,Cord Howard,Georgia Tech,,shrine,https://en.wikipedia.org/wiki/2010_East–West_Shrine_Game
2010,Daniel Te'o Nesheim,University of Washington,,shrine,https://en.wikipedia.org/wiki/2010_East–West_Shrine_Game
2010,Darian Stewart,University of South Carolina,,shrine,https://en.wikipedia.org/wiki/2010_East–West_Shrine_Game
2010,Darrell Stuckey,University of Kansas,,shrine,https://en.wikipedia.org/wiki/2010_East–West_Shrine_Game
2010,Daryll Clark,Penn State University,,shrine,https://en.wikipedia.org/wiki/2010_East–West_Shrine_Game
2010,David Reed,University of Utah,,shrine,https://en.wikipedia.org/wiki/2010_East–West_Shrine_Game
2010,Dennis Pitta,Brigham Young University,,shrine,https://en.wikipedia.org/wiki/2010_East–West_Shrine_Game
2010,Devin Ross,University of Arizona,,shrine,https://en.wikipedia.org/wiki/2010_East–West_Shrine_Game
2010,Dimitri Nance,Arizona State University,,shrine,https://en.wikipedia.org/wiki/2010_East–West_Shrine_Game
2010,Doug Worthington,Ohio State University,,shrine,https://en.wikipedia.org/wiki/2010_East–West_Shrine_Game
2010,Earl Mitchell,University of Arizona,,shrine,https://en.wikipedia.org/wiki/2010_East–West_Shrine_Game
2010,Ekom Udofia,Stanford University,,shrine,https://en.wikipedia.org/wiki/2010_East–West_Shrine_Game
2010,Emmanuel Sanders,Southern Methodist University,,shrine,https://en.wikipedia.org/wiki/2010_East–West_Shrine_Game
2010,Freddie Barnes,Bowling Green State University,,shrine,https://en.wikipedia.org/wiki/2010_East–West_Shrine_Game
2010,Greg Hardy,University of Mississippi,,shrine,https://en.wikipedia.org/wiki/2010_East–West_Shrine_Game
2010,Hunter Lawrence,University of Texas,,shrine,https://en.wikipedia.org/wiki/2010_East–West_Shrine_Game
2010,Jamar Chaney,Mississippi State University,,shrine,https://en.wikipedia.org/wiki/2010_East–West_Shrine_Game
2010,Jamar Wall,Texas Tech University,,shrine,https://en.wikipedia.org/wiki/2010_East–West_Shrine_Game
2010,James Ruffin,University of Northern Iowa,,shrine,https://en.wikipedia.org/wiki/2010_East–West_Shrine_Game
2010,Jan Jorgensen,Brigham Young University,,shrine,https://en.wikipedia.org/wiki/2010_East–West_Shrine_Game
2010,Jaron Baston,University of Missouri,,shrine,https://en.wikipedia.org/wiki/2010_East–West_Shrine_Game
2010,Jason Beauchamp,UNLV,,shrine,https://en.wikipedia.org/wiki/2010_East–West_Shrine_Game
2010,Javarris James,University of Miami,,shrine,https://en.wikipedia.org/wiki/2010_East–West_Shrine_Game
2010,Jeffery Fitzgerald,Kansas State University,,shrine,https://en.wikipedia.org/wiki/2010_East–West_Shrine_Game
2010,Jeremy Boone,Penn State University,,shrine,https://en.wikipedia.org/wiki/2010_East–West_Shrine_Game
2010,Jim Cordle,Ohio State University,,shrine,https://en.wikipedia.org/wiki/2010_East–West_Shrine_Game
2010,Joe Pawelek,Baylor University,,shrine,https://en.wikipedia.org/wiki/2010_East–West_Shrine_Game
2010,John Estes,University of Hawaii,,shrine,https://en.wikipedia.org/wiki/2010_East–West_Shrine_Game
2010,John Skelton,Fordham University,,shrine,https://en.wikipedia.org/wiki/2010_East–West_Shrine_Game
2010,Joshua Shene,University of Mississippi,,shrine,https://en.wikipedia.org/wiki/2010_East–West_Shrine_Game
2010,Justin Woodall,University of Alabama,,shrine,https://en.wikipedia.org/wiki/2010_East–West_Shrine_Game
2010,Kam Chancellor,Virginia Tech,,shrine,https://en.wikipedia.org/wiki/2010_East–West_Shrine_Game
2010,Kavell Conner,Clemson University,,shrine,https://en.wikipedia.org/wiki/2010_East–West_Shrine_Game
2010,Keaton Kristick,Oregon State University,,shrine,https://en.wikipedia.org/wiki/2010_East–West_Shrine_Game
2010,Keith Toston,Oklahoma State University,,shrine,https://en.wikipedia.org/wiki/2010_East–West_Shrine_Game
2010,Kenny Alfred,Washington State University,,shrine,https://en.wikipedia.org/wiki/2010_East–West_Shrine_Game
2010,Kerry Meier,University of Kansas,,shrine,https://en.wikipedia.org/wiki/2010_East–West_Shrine_Game
2010,Kevin Haslam,Rutgers University,,shrine,https://en.wikipedia.org/wiki/2010_East–West_Shrine_Game
2010,Kion Wilson,University of South Florida,,shrine,https://en.wikipedia.org/wiki/2010_East–West_Shrine_Game
2010,Klint Kubiak,Colorado State University,,shrine,https://en.wikipedia.org/wiki/2010_East–West_Shrine_Game
2010,Kyle Calloway,University of Iowa,,shrine,https://en.wikipedia.org/wiki/2010_East–West_Shrine_Game
2010,Lee Campbell,University of Minnesota,,shrine,https://en.wikipedia.org/wiki/2010_East–West_Shrine_Game
2010,Lindsey Witten,University of Connecticut,,shrine,https://en.wikipedia.org/wiki/2010_East–West_Shrine_Game
2010,Lonyae Miller,Fresno State University,,shrine,https://en.wikipedia.org/wiki/2010_East–West_Shrine_Game
2010,Marshall Newhouse,Texas Christian University,,shrine,https://en.wikipedia.org/wiki/2010_East–West_Shrine_Game
2010,Martin Tevaseu,UNLV,,shrine,https://en.wikipedia.org/wiki/2010_East–West_Shrine_Game
2010,Matt Nichols,Eastern Washington University,,shrine,https://en.wikipedia.org/wiki/2010_East–West_Shrine_Game
2010,Max Hall,Brigham Young University,,shrine,https://en.wikipedia.org/wiki/2010_East–West_Shrine_Game
2010,Michael Shumard,Texas A& M University,,shrine,https://en.wikipedia.org/wiki/2010_East–West_Shrine_Game
2010,Mike Kafka,Northwestern University,,shrine,https://en.wikipedia.org/wiki/2010_East–West_Shrine_Game
2010,Mike McLaughlin,Boston College,,shrine,https://en.wikipedia.org/wiki/2010_East–West_Shrine_Game
2010,Mike Neal,Purdue University,,shrine,https://en.wikipedia.org/wiki/2010_East–West_Shrine_Game
2010,Mike Tepper,University of California,,shrine,https://en.wikipedia.org/wiki/2010_East–West_Shrine_Game
2010,Mitch Petrus,University of Arkansas,,shrine,https://en.wikipedia.org/wiki/2010_East–West_Shrine_Game
2010,Naaman Roosevelt,University at Buffalo,,shrine,https://en.wikipedia.org/wiki/2010_East–West_Shrine_Game
2010,Nate Byham,University of Pittsburgh,,shrine,https://en.wikipedia.org/wiki/2010_East–West_Shrine_Game
2010,Nate Collins,University of Virginia,,shrine,https://en.wikipedia.org/wiki/2010_East–West_Shrine_Game
2010,Nathan Overbay,Eastern Washington University,,shrine,https://en.wikipedia.org/wiki/2010_East–West_Shrine_Game
2010,O'Brien Schofield,University of Wisconsin,,shrine,https://en.wikipedia.org/wiki/2010_East–West_Shrine_Game
2010,Patrick Simonds,Colgate University,,shrine,https://en.wikipedia.org/wiki/2010_East–West_Shrine_Game
2010,Rahim Alem,Louisiana State University,,shrine,https://en.wikipedia.org/wiki/2010_East–West_Shrine_Game
2010,Reggie Carter,UCLA,,shrine,https://en.wikipedia.org/wiki/2010_East–West_Shrine_Game
2010,Reggie Stephens,Iowa State University,,shrine,https://en.wikipedia.org/wiki/2010_East–West_Shrine_Game
2010,Riar Geer,University of Colorado,,shrine,https://en.wikipedia.org/wiki/2010_East–West_Shrine_Game
2010,Richard Dickson,Louisiana State University,,shrine,https://en.wikipedia.org/wiki/2010_East–West_Shrine_Game
2010,Robert Johnson,University of Utah,,shrine,https://en.wikipedia.org/wiki/2010_East–West_Shrine_Game
2010,Robert Malone,Fresno State University,,shrine,https://en.wikipedia.org/wiki/2010_East–West_Shrine_Game
2010,Rodger Saffold III,Indiana University,,shrine,https://en.wikipedia.org/wiki/2010_East–West_Shrine_Game
2010,Ross Pospisil,Navy,,shrine,https://en.wikipedia.org/wiki/2010_East–West_Shrine_Game
2010,Ryan Moya,UCLA,,shrine,https://en.wikipedia.org/wiki/2010_East–West_Shrine_Game
2010,Sergio Render,Virginia Tech,,shrine,https://en.wikipedia.org/wiki/2010_East–West_Shrine_Game
2010,Seyi Ajirotutu,Fresno State University,,shrine,https://en.wikipedia.org/wiki/2010_East–West_Shrine_Game
2010,Shelley Smith,Colorado State University,,shrine,https://en.wikipedia.org/wiki/2010_East–West_Shrine_Game
2010,Stephan Virgil,Virginia Tech,,shrine,https://en.wikipedia.org/wiki/2010_East–West_Shrine_Game
2010,Stevenson Sylvester,University of Utah,,shrine,https://en.wikipedia.org/wiki/2010_East–West_Shrine_Game
2010,T. J. Ward,University of Oregon,,shrine,https://en.wikipedia.org/wiki/2010_East–West_Shrine_Game
2010,Terrence Austin,UCLA,,shrine,https://en.wikipedia.org/wiki/2010_East–West_Shrine_Game
2010,Thad Turner,Ohio University,,shrine,https://en.wikipedia.org/wiki/2010_East–West_Shrine_Game
2010,Thomas Austin,Clemson University,,shrine,https://en.wikipedia.org/wiki/2010_East–West_Shrine_Game
2010,Todd Reesing,University of Kansas,,shrine,https://en.wikipedia.org/wiki/2010_East–West_Shrine_Game
2010,Torell Troup,University of Central Florida,,shrine,https://en.wikipedia.org/wiki/2010_East–West_Shrine_Game
2010,Van Eskridge,East Carolina University,,shrine,https://en.wikipedia.org/wiki/2010_East–West_Shrine_Game
2010,Verran Tucker,University of California,,shrine,https://en.wikipedia.org/wiki/2010_East–West_Shrine_Game
2010,Willie Young,North Carolina State University,,shrine,https://en.wikipedia.org/wiki/2010_East–West_Shrine_Game
2013,A. J. Francis,Maryland,DL,shrine,https://en.wikipedia.org/wiki/2013_East–West_Shrine_Game
2013,A. J. Klein,Iowa State,LB,shrine,https://en.wikipedia.org/wiki/2013_East–West_Shrine_Game
2013,Aaron Hester,UCLA,CB,shrine,https://en.wikipedia.org/wiki/2013_East–West_Shrine_Game
2013,Albert Rosette,Nevada,LB,shrine,https://en.wikipedia.org/wiki/2013_East–West_Shrine_Game
2013,Alex Carder,Western Michigan,QB,shrine,https://en.wikipedia.org/wiki/2013_East–West_Shrine_Game
2013,Andrew Robiskie,Western Illinois,OL,shrine,https://en.wikipedia.org/wiki/2013_East–West_Shrine_Game
2013,Anthony Amos,Middle Tennessee State,WR,shrine,https://en.wikipedia.org/wiki/2013_East–West_Shrine_Game
2013,Anthony McCloud,Florida State,DL,shrine,https://en.wikipedia.org/wiki/2013_East–West_Shrine_Game
2013,Blaize Foltz,Texas Christian,OL,shrine,https://en.wikipedia.org/wiki/2013_East–West_Shrine_Game
2013,Blake Emory,Auburn,WR,shrine,https://en.wikipedia.org/wiki/2013_East–West_Shrine_Game
2013,Braden Brown,Brigham Young,OL,shrine,https://en.wikipedia.org/wiki/2013_East–West_Shrine_Game
2013,Bradley McDougald,Kansas,S,shrine,https://en.wikipedia.org/wiki/2013_East–West_Shrine_Game
2013,Brandan Bishop,North Carolina State,S,shrine,https://en.wikipedia.org/wiki/2013_East–West_Shrine_Game
2013,Branden Smith,Georgia,CB,shrine,https://en.wikipedia.org/wiki/2013_East–West_Shrine_Game
2013,Brandon McGee,Miami (FL),CB,shrine,https://en.wikipedia.org/wiki/2013_East–West_Shrine_Game
2013,Brandon Thurmond,Arkansas-Pine Bluff,DL,shrine,https://en.wikipedia.org/wiki/2013_East–West_Shrine_Game
2013,Brandon Turner,Navy,WR,shrine,https://en.wikipedia.org/wiki/2013_East–West_Shrine_Game
2013,Caleb Schreibeis,Montana State,DL,shrine,https://en.wikipedia.org/wiki/2013_East–West_Shrine_Game
2013,Cameron Colby,Louisiana Tech,QB,shrine,https://en.wikipedia.org/wiki/2013_East–West_Shrine_Game
2013,Cameron Meredith,Nebraska,DL,shrine,https://en.wikipedia.org/wiki/2013_East–West_Shrine_Game
2013,Chad Bumphis,Mississippi State,WR,shrine,https://en.wikipedia.org/wiki/2013_East–West_Shrine_Game
2013,Chris Pantale,Boston College,TE,shrine,https://en.wikipedia.org/wiki/2013_East–West_Shrine_Game
2013,Christine Michael,Texas A&M,RB,shrine,https://en.wikipedia.org/wiki/2013_East–West_Shrine_Game
2013,Cody Davis,Texas Tech,S,shrine,https://en.wikipedia.org/wiki/2013_East–West_Shrine_Game
2013,Collin Klein,Kansas State,QB,shrine,https://en.wikipedia.org/wiki/2013_East–West_Shrine_Game
2013,Cooper Taylor,Richmond,S,shrine,https://en.wikipedia.org/wiki/2013_East–West_Shrine_Game
2013,Corey Fuller,Virginia Tech,WR,shrine,https://en.wikipedia.org/wiki/2013_East–West_Shrine_Game
2013,Craig Roh,Michigan,DL,shrine,https://en.wikipedia.org/wiki/2013_East–West_Shrine_Game
2013,D. C. Jefferson,Rutgers,TE,shrine,https://en.wikipedia.org/wiki/2013_East–West_Shrine_Game
2013,Dan Buckner,Arizona,WR,shrine,https://en.wikipedia.org/wiki/2013_East–West_Shrine_Game
2013,Dann O'Neill,Western Michigan,OL,shrine,https://en.wikipedia.org/wiki/2013_East–West_Shrine_Game
2013,David Bass,Missouri Western State,DL,shrine,https://en.wikipedia.org/wiki/2013_East–West_Shrine_Game
2013,DeVonte Holloman,South Carolina,LB,shrine,https://en.wikipedia.org/wiki/2013_East–West_Shrine_Game
2013,Demontre Hurst,Oklahoma,CB,shrine,https://en.wikipedia.org/wiki/2013_East–West_Shrine_Game
2013,Devin Taylor,South Carolina,DL,shrine,https://en.wikipedia.org/wiki/2013_East–West_Shrine_Game
2013,Duke Williams,Nevada,S,shrine,https://en.wikipedia.org/wiki/2013_East–West_Shrine_Game
2013,Earl Watford,James Madison,OL,shrine,https://en.wikipedia.org/wiki/2013_East–West_Shrine_Game
2013,Earl Wolff,North Carolina State,S,shrine,https://en.wikipedia.org/wiki/2013_East–West_Shrine_Game
2013,Eric Kush,California (PA),OL,shrine,https://en.wikipedia.org/wiki/2013_East–West_Shrine_Game
2013,Erik Highsmith,North Carolina,WR,shrine,https://en.wikipedia.org/wiki/2013_East–West_Shrine_Game
2013,Garth Heikkinen,Minnesota Duluth,OL,shrine,https://en.wikipedia.org/wiki/2013_East–West_Shrine_Game
2013,Gerald Hodges,Penn State,LB,shrine,https://en.wikipedia.org/wiki/2013_East–West_Shrine_Game
2013,Izaan Cross,Georgia Tech,DL,shrine,https://en.wikipedia.org/wiki/2013_East–West_Shrine_Game
2013,Jahleel Addae,Central Michigan,S,shrine,https://en.wikipedia.org/wiki/2013_East–West_Shrine_Game
2013,James Ferentz,Iowa,OL,shrine,https://en.wikipedia.org/wiki/2013_East–West_Shrine_Game
2013,Jasper Collins,Mount Union,WR,shrine,https://en.wikipedia.org/wiki/2013_East–West_Shrine_Game
2013,Jeff Baca,UCLA,OL,shrine,https://en.wikipedia.org/wiki/2013_East–West_Shrine_Game
2013,Joe Vellano,Maryland,DL,shrine,https://en.wikipedia.org/wiki/2013_East–West_Shrine_Game
2013,Jordan Devey,Memphis,OL,shrine,https://en.wikipedia.org/wiki/2013_East–West_Shrine_Game
2013,Joseph Fauria,UCLA,TE,shrine,https://en.wikipedia.org/wiki/2013_East–West_Shrine_Game
2013,Josh Boyd,Mississippi State,DL,shrine,https://en.wikipedia.org/wiki/2013_East–West_Shrine_Game
2013,Josh Evans,Florida,S,shrine,https://en.wikipedia.org/wiki/2013_East–West_Shrine_Game
2013,Josh Johnson,Purdue,CB,shrine,https://en.wikipedia.org/wiki/2013_East–West_Shrine_Game
2013,Kayvon Webster,South Florida,CB,shrine,https://en.wikipedia.org/wiki/2013_East–West_Shrine_Game
2013,Keelan Johnson,Arizona State,S,shrine,https://en.wikipedia.org/wiki/2013_East–West_Shrine_Game
2013,Keenan Davis,Iowa,WR,shrine,https://en.wikipedia.org/wiki/2013_East–West_Shrine_Game
2013,Keith Pough,Howard,LB,shrine,https://en.wikipedia.org/wiki/2013_East–West_Shrine_Game
2013,Kejuan Riley,Alabama State,S,shrine,https://en.wikipedia.org/wiki/2013_East–West_Shrine_Game
2013,Kerwynn Williams,Utah State,RB,shrine,https://en.wikipedia.org/wiki/2013_East–West_Shrine_Game
2013,Khalid Wooten,Nevada,CB,shrine,https://en.wikipedia.org/wiki/2013_East–West_Shrine_Game
2013,Kirby Fabien,Calgary,OL,shrine,https://en.wikipedia.org/wiki/2013_East–West_Shrine_Game
2013,Lerentee McCray,Florida,LB,shrine,https://en.wikipedia.org/wiki/2013_East–West_Shrine_Game
2013,Lucas Reed,New Mexico,TE,shrine,https://en.wikipedia.org/wiki/2013_East–West_Shrine_Game
2013,Manase Foketi,West Texas A&M,OL,shrine,https://en.wikipedia.org/wiki/2013_East–West_Shrine_Game
2013,Marcus Davis,Virginia Tech,WR,shrine,https://en.wikipedia.org/wiki/2013_East–West_Shrine_Game
2013,Mark Jackson,Glenville State,OL,shrine,https://en.wikipedia.org/wiki/2013_East–West_Shrine_Game
2013,Matt Evans,New Hampshire,LB,shrine,https://en.wikipedia.org/wiki/2013_East–West_Shrine_Game
2013,Matt Scott,Arizona,QB,shrine,https://en.wikipedia.org/wiki/2013_East–West_Shrine_Game
2013,Matt Sewell,McMaster (Canada),OL,shrine,https://en.wikipedia.org/wiki/2013_East–West_Shrine_Game
2013,Matt Stankiewitch,Penn State,OL,shrine,https://en.wikipedia.org/wiki/2013_East–West_Shrine_Game
2013,Melvin White,Louisiana Lafayette,CB,shrine,https://en.wikipedia.org/wiki/2013_East–West_Shrine_Game
2013,Micah Hyde,Iowa,CB,shrine,https://en.wikipedia.org/wiki/2013_East–West_Shrine_Game
2013,Mike Catapano,Princeton,DL,shrine,https://en.wikipedia.org/wiki/2013_East–West_Shrine_Game
2013,Montel Harris,Temple,RB,shrine,https://en.wikipedia.org/wiki/2013_East–West_Shrine_Game
2013,Nathan Stanley,Southeastern Louisiana,QB,shrine,https://en.wikipedia.org/wiki/2013_East–West_Shrine_Game
2013,Nathan Williams,Ohio State,LB,shrine,https://en.wikipedia.org/wiki/2013_East–West_Shrine_Game
2013,Nick Kasa,Colorado,TE,shrine,https://en.wikipedia.org/wiki/2013_East–West_Shrine_Game
2013,Nick Moody,Florida State,LB,shrine,https://en.wikipedia.org/wiki/2013_East–West_Shrine_Game
2013,Nick Speller,Massachusetts,OL,shrine,https://en.wikipedia.org/wiki/2013_East–West_Shrine_Game
2013,Nigel Malone,Kansas State,CB,shrine,https://en.wikipedia.org/wiki/2013_East–West_Shrine_Game
2013,R.J. Dill,Rutgers,OL,shrine,https://en.wikipedia.org/wiki/2013_East–West_Shrine_Game
2013,Rashard Hall,Clemson,S,shrine,https://en.wikipedia.org/wiki/2013_East–West_Shrine_Game
2013,Ray Graham,Pittsburgh,RB,shrine,https://en.wikipedia.org/wiki/2013_East–West_Shrine_Game
2013,Rob Lohr,Vanderbilt,DL,shrine,https://en.wikipedia.org/wiki/2013_East–West_Shrine_Game
2013,Robert McCabe,Georgetown,LB,shrine,https://en.wikipedia.org/wiki/2013_East–West_Shrine_Game
2013,Rod Sweeting,Georgia Tech,CB,shrine,https://en.wikipedia.org/wiki/2013_East–West_Shrine_Game
2013,Rodney Smith,Florida State,WR,shrine,https://en.wikipedia.org/wiki/2013_East–West_Shrine_Game
2013,Ryan Turnley,Pittsburgh,OL,shrine,https://en.wikipedia.org/wiki/2013_East–West_Shrine_Game
2013,Sam Barrington,South Florida,LB,shrine,https://en.wikipedia.org/wiki/2013_East–West_Shrine_Game
2013,Sam Brenner,Utah,OL,shrine,https://en.wikipedia.org/wiki/2013_East–West_Shrine_Game
2013,Scott Vallone,Rutgers,DL,shrine,https://en.wikipedia.org/wiki/2013_East–West_Shrine_Game
2013,Sean Renfree,Duke,QB,shrine,https://en.wikipedia.org/wiki/2013_East–West_Shrine_Game
2013,Seth Doege,Texas Tech,QB,shrine,https://en.wikipedia.org/wiki/2013_East–West_Shrine_Game
2013,Shamarko Thomas,Syracuse,S,shrine,https://en.wikipedia.org/wiki/2013_East–West_Shrine_Game
2013,Sheldon Price,UCLA,CB,shrine,https://en.wikipedia.org/wiki/2013_East–West_Shrine_Game
2013,Sio Moore,Connecticut,LB,shrine,https://en.wikipedia.org/wiki/2013_East–West_Shrine_Game
2013,Steve Greer,Virginia,LB,shrine,https://en.wikipedia.org/wiki/2013_East–West_Shrine_Game
2013,T. J. Johnson,South Carolina,OL,shrine,https://en.wikipedia.org/wiki/2013_East–West_Shrine_Game
2013,Tanner Hawkinson,Kansas,OL,shrine,https://en.wikipedia.org/wiki/2013_East–West_Shrine_Game
2013,Terron Armstead,Arkansas-Pine Bluff,OL,shrine,https://en.wikipedia.org/wiki/2013_East–West_Shrine_Game
2013,Terry Hawthorne,Illinois,CB,shrine,https://en.wikipedia.org/wiki/2013_East–West_Shrine_Game
2013,Theo Riddick,Notre Dame,WR,shrine,https://en.wikipedia.org/wiki/2013_East–West_Shrine_Game
2013,Travis Johnson,San Jose State,DE,shrine,https://en.wikipedia.org/wiki/2013_East–West_Shrine_Game
2013,Trent Steelman,Army,WR,shrine,https://en.wikipedia.org/wiki/2013_East–West_Shrine_Game
2013,Trey Wilson,Vanderbilt,CB,shrine,https://en.wikipedia.org/wiki/2013_East–West_Shrine_Game
2013,Tyrone Goard,Eastern Kentucky,WR,shrine,https://en.wikipedia.org/wiki/2013_East–West_Shrine_Game
2013,Wes Horton,USC,DL,shrine,https://en.wikipedia.org/wiki/2013_East–West_Shrine_Game
2013,Will Pericak,Colorado,DL,shrine,https://en.wikipedia.org/wiki/2013_East–West_Shrine_Game
2013,William Campbell,Michigan,DL,shrine,https://en.wikipedia.org/wiki/2013_East–West_Shrine_Game
2013,Xavier Brewer,Clemson,CB,shrine,https://en.wikipedia.org/wiki/2013_East–West_Shrine_Game
2013,Zac Stacy,Vanderbilt,RB,shrine,https://en.wikipedia.org/wiki/2013_East–West_Shrine_Game
2013,Zach Line,SMU,RB,shrine,https://en.wikipedia.org/wiki/2013_East–West_Shrine_Game
2013,Zach Sudfeld,Nevada,TE,shrine,https://en.wikipedia.org/wiki/2013_East–West_Shrine_Game
2013,Zeke Motta,Notre Dame,S,shrine,https://en.wikipedia.org/wiki/2013_East–West_Shrine_Game
2014,A. J. Marshall,Wake Forest,S,shrine,https://en.wikipedia.org/wiki/2014_East–West_Shrine_Game
2014,Alden Darby,Arizona State,S,shrine,https://en.wikipedia.org/wiki/2014_East–West_Shrine_Game
2014,Alex Bayer,Bowling Green,TE,shrine,https://en.wikipedia.org/wiki/2014_East–West_Shrine_Game
2014,Allen Hurns,Miami (FL),WR,shrine,https://en.wikipedia.org/wiki/2014_East–West_Shrine_Game
2014,Andre Hal,Vanderbilt,CB,shrine,https://en.wikipedia.org/wiki/2014_East–West_Shrine_Game
2014,Andrew Jackson,Western Kentucky,LB,shrine,https://en.wikipedia.org/wiki/2014_East–West_Shrine_Game
2014,Anthony LaCoste,Air Force,RB,shrine,https://en.wikipedia.org/wiki/2014_East–West_Shrine_Game
2014,Antwan Lowery,Rutgers,OG,shrine,https://en.wikipedia.org/wiki/2014_East–West_Shrine_Game
2014,Austin Wentworth,Fresno State,OG,shrine,https://en.wikipedia.org/wiki/2014_East–West_Shrine_Game
2014,Beau Allen,Wisconsin,DL,shrine,https://en.wikipedia.org/wiki/2014_East–West_Shrine_Game
2014,Ben Malena,Texas A&M,RB,shrine,https://en.wikipedia.org/wiki/2014_East–West_Shrine_Game
2014,Bennett Jackson,Notre Dame,CB,shrine,https://en.wikipedia.org/wiki/2014_East–West_Shrine_Game
2014,Bené Benwikere,San Jose State,CB,shrine,https://en.wikipedia.org/wiki/2014_East–West_Shrine_Game
2014,Bernard Reedy,Toledo,WR,shrine,https://en.wikipedia.org/wiki/2014_East–West_Shrine_Game
2014,Blake Jackson,Oklahoma State,TE,shrine,https://en.wikipedia.org/wiki/2014_East–West_Shrine_Game
2014,Brennan Clay,Oklahoma,RB,shrine,https://en.wikipedia.org/wiki/2014_East–West_Shrine_Game
2014,Brock Vereen,Minnesota,S,shrine,https://en.wikipedia.org/wiki/2014_East–West_Shrine_Game
2014,Bruce Gaston,Purdue,DL,shrine,https://en.wikipedia.org/wiki/2014_East–West_Shrine_Game
2014,Carrington Byndom,Texas,CB,shrine,https://en.wikipedia.org/wiki/2014_East–West_Shrine_Game
2014,Cassius Marsh,UCLA,DL,shrine,https://en.wikipedia.org/wiki/2014_East–West_Shrine_Game
2014,Chandler Jones,San Jose State,WR,shrine,https://en.wikipedia.org/wiki/2014_East–West_Shrine_Game
2014,Charles Leno,Boise State,OT,shrine,https://en.wikipedia.org/wiki/2014_East–West_Shrine_Game
2014,Chidera Uzo-Diribe,Colorado,DL,shrine,https://en.wikipedia.org/wiki/2014_East–West_Shrine_Game
2014,Chris Burnette,Georgia,OG,shrine,https://en.wikipedia.org/wiki/2014_East–West_Shrine_Game
2014,Chris Elkins,Youngstown State,C,shrine,https://en.wikipedia.org/wiki/2014_East–West_Shrine_Game
2014,Cody Peterson,Navy,LB,shrine,https://en.wikipedia.org/wiki/2014_East–West_Shrine_Game
2014,Crockett Gillmore,Colorado State,TE,shrine,https://en.wikipedia.org/wiki/2014_East–West_Shrine_Game
2014,Dakota Dozier,Furman,OG,shrine,https://en.wikipedia.org/wiki/2014_East–West_Shrine_Game
2014,Daniel Sorensen,BYU,S,shrine,https://en.wikipedia.org/wiki/2014_East–West_Shrine_Game
2014,Danny Kistler,Montana,OT,shrine,https://en.wikipedia.org/wiki/2014_East–West_Shrine_Game
2014,Daytawion Lowe,Oklahoma State,S,shrine,https://en.wikipedia.org/wiki/2014_East–West_Shrine_Game
2014,DeDe Lattimore,South Florida,LB,shrine,https://en.wikipedia.org/wiki/2014_East–West_Shrine_Game
2014,Demonte McAllister,Florida State,DL,shrine,https://en.wikipedia.org/wiki/2014_East–West_Shrine_Game
2014,Derrell Johnson,East Carolina,LB,shrine,https://en.wikipedia.org/wiki/2014_East–West_Shrine_Game
2014,Derrick Hopkins,Virginia Tech,DL,shrine,https://en.wikipedia.org/wiki/2014_East–West_Shrine_Game
2014,Devon Kennard,USC,LB,shrine,https://en.wikipedia.org/wiki/2014_East–West_Shrine_Game
2014,Dezmen Southward,Wisconsin,S,shrine,https://en.wikipedia.org/wiki/2014_East–West_Shrine_Game
2014,Dillon Farrell,New Mexico,OG,shrine,https://en.wikipedia.org/wiki/2014_East–West_Shrine_Game
2014,Donald Hawkins,Texas,OT,shrine,https://en.wikipedia.org/wiki/2014_East–West_Shrine_Game
2014,E. J. Gaines,Missouri,CB,shrine,https://en.wikipedia.org/wiki/2014_East–West_Shrine_Game
2014,Erik Lora,Eastern Illinois,WR,shrine,https://en.wikipedia.org/wiki/2014_East–West_Shrine_Game
2014,Ethan Westbrooks,West Texas A&M,DL,shrine,https://en.wikipedia.org/wiki/2014_East–West_Shrine_Game
2014,Evan Gill,Manitoba (Canada),DL,shrine,https://en.wikipedia.org/wiki/2014_East–West_Shrine_Game
2014,Gabe Ikard,Oklahoma,C,shrine,https://en.wikipedia.org/wiki/2014_East–West_Shrine_Game
2014,Garrison Smith,Georgia,DL,shrine,https://en.wikipedia.org/wiki/2014_East–West_Shrine_Game
2014,Glenn Carson,Penn State,LB,shrine,https://en.wikipedia.org/wiki/2014_East–West_Shrine_Game
2014,Hakeem Smith,Louisville,S,shrine,https://en.wikipedia.org/wiki/2014_East–West_Shrine_Game
2014,Ja-Mes Logan,Mississippi,WR,shrine,https://en.wikipedia.org/wiki/2014_East–West_Shrine_Game
2014,James Stone,Tennessee,C,shrine,https://en.wikipedia.org/wiki/2014_East–West_Shrine_Game
2014,Jason Bromley,Syracuse,DL,shrine,https://en.wikipedia.org/wiki/2014_East–West_Shrine_Game
2014,Jeff Mathews,Cornell,QB,shrine,https://en.wikipedia.org/wiki/2014_East–West_Shrine_Game
2014,Jemea Thomas,Georgia Tech,S,shrine,https://en.wikipedia.org/wiki/2014_East–West_Shrine_Game
2014,Jeremiah Sirles,Nebraska,OT,shrine,https://en.wikipedia.org/wiki/2014_East–West_Shrine_Game
2014,Jeremy Gallon,Michigan,WR,shrine,https://en.wikipedia.org/wiki/2014_East–West_Shrine_Game
2014,Jimmy Garoppolo,Eastern Illinois,QB,shrine,https://en.wikipedia.org/wiki/2014_East–West_Shrine_Game
2014,John Brown,Pitt State (KS),WR,shrine,https://en.wikipedia.org/wiki/2014_East–West_Shrine_Game
2014,John Urschel,Penn State,OG,shrine,https://en.wikipedia.org/wiki/2014_East–West_Shrine_Game
2014,Johnny Millard,Cal Poly,LB,shrine,https://en.wikipedia.org/wiki/2014_East–West_Shrine_Game
2014,Jordan Lynch,Northern Illinois,QB,shrine,https://en.wikipedia.org/wiki/2014_East–West_Shrine_Game
2014,Jordan Najvar,Baylor,TE,shrine,https://en.wikipedia.org/wiki/2014_East–West_Shrine_Game
2014,Josh Mauro,Stanford,DL,shrine,https://en.wikipedia.org/wiki/2014_East–West_Shrine_Game
2014,Justin Britt,Missouri,OT,shrine,https://en.wikipedia.org/wiki/2014_East–West_Shrine_Game
2014,Justin Ellis,Louisiana Tech,DL,shrine,https://en.wikipedia.org/wiki/2014_East–West_Shrine_Game
2014,Kaneakua Friel,BYU,TE,shrine,https://en.wikipedia.org/wiki/2014_East–West_Shrine_Game
2014,Keith Price,Washington,QB,shrine,https://en.wikipedia.org/wiki/2014_East–West_Shrine_Game
2014,Keith Wenning,Ball State,QB,shrine,https://en.wikipedia.org/wiki/2014_East–West_Shrine_Game
2014,Kerry Wynn,Richmond,DL,shrine,https://en.wikipedia.org/wiki/2014_East–West_Shrine_Game
2014,Kevin Graf,USC,OT,shrine,https://en.wikipedia.org/wiki/2014_East–West_Shrine_Game
2014,Khalil Wilkes,Stanford,C,shrine,https://en.wikipedia.org/wiki/2014_East–West_Shrine_Game
2014,Kyle Bryant,Youngstown State,OT,shrine,https://en.wikipedia.org/wiki/2014_East–West_Shrine_Game
2014,LaDarius Perkins,Mississippi State,RB,shrine,https://en.wikipedia.org/wiki/2014_East–West_Shrine_Game
2014,Larry Webster III,Bloomsburg,DL,shrine,https://en.wikipedia.org/wiki/2014_East–West_Shrine_Game
2014,Laurent Duvernay-Tardif,McGill (Canada),OT,shrine,https://en.wikipedia.org/wiki/2014_East–West_Shrine_Game
2014,Marcus Williams,North Dakota State,CB,shrine,https://en.wikipedia.org/wiki/2014_East–West_Shrine_Game
2014,Matt Feiler,Bloomsburg,OT,shrine,https://en.wikipedia.org/wiki/2014_East–West_Shrine_Game
2014,Matt Hall,Belhaven (MS),OT,shrine,https://en.wikipedia.org/wiki/2014_East–West_Shrine_Game
2014,Matt Hazel,Coastal Carolina,WR,shrine,https://en.wikipedia.org/wiki/2014_East–West_Shrine_Game
2014,Max Bullough,Michigan State,LB,shrine,https://en.wikipedia.org/wiki/2014_East–West_Shrine_Game
2014,Nate Dreiling,Pitt State (KS),LB,shrine,https://en.wikipedia.org/wiki/2014_East–West_Shrine_Game
2014,Nevin Lawson,Utah State,CB,shrine,https://en.wikipedia.org/wiki/2014_East–West_Shrine_Game
2014,Patrick Laird,Army,WR,shrine,https://en.wikipedia.org/wiki/2014_East–West_Shrine_Game
2014,Phillip Gaines,Rice,CB,shrine,https://en.wikipedia.org/wiki/2014_East–West_Shrine_Game
2014,Pierre Desir,Lindenwood,CB,shrine,https://en.wikipedia.org/wiki/2014_East–West_Shrine_Game
2014,Preston Brown,Louisville,LB,shrine,https://en.wikipedia.org/wiki/2014_East–West_Shrine_Game
2014,Prince Shembo,Notre Dame,LB,shrine,https://en.wikipedia.org/wiki/2014_East–West_Shrine_Game
2014,Quincy Enunwa,Nebraska,WR,shrine,https://en.wikipedia.org/wiki/2014_East–West_Shrine_Game
2014,Rajion Neal,Tennessee,RB,shrine,https://en.wikipedia.org/wiki/2014_East–West_Shrine_Game
2014,Rashaad Reynolds,Oregon State,CB,shrine,https://en.wikipedia.org/wiki/2014_East–West_Shrine_Game
2014,Ricardo Allen,Purdue,CB,shrine,https://en.wikipedia.org/wiki/2014_East–West_Shrine_Game
2014,Ross Cockrell,Duke,CB,shrine,https://en.wikipedia.org/wiki/2014_East–West_Shrine_Game
2014,Ryan Groy,Wisconsin,OG,shrine,https://en.wikipedia.org/wiki/2014_East–West_Shrine_Game
2014,Sean Parker,Washington,S,shrine,https://en.wikipedia.org/wiki/2014_East–West_Shrine_Game
2014,Seantavius Jones,Valdosta State,WR,shrine,https://en.wikipedia.org/wiki/2014_East–West_Shrine_Game
2014,Shaquil Barrett,Colorado State,LB,shrine,https://en.wikipedia.org/wiki/2014_East–West_Shrine_Game
2014,Shaquille Richardson,Arizona,CB,shrine,https://en.wikipedia.org/wiki/2014_East–West_Shrine_Game
2014,Stephen Obeng-Agyapong,Penn State,S,shrine,https://en.wikipedia.org/wiki/2014_East–West_Shrine_Game
2014,T. J. Carrie,Ohio,CB,shrine,https://en.wikipedia.org/wiki/2014_East–West_Shrine_Game
2014,T. J. Jones,Notre Dame,WR,shrine,https://en.wikipedia.org/wiki/2014_East–West_Shrine_Game
2014,Ted Bolser,Indiana,TE,shrine,https://en.wikipedia.org/wiki/2014_East–West_Shrine_Game
2014,Timothy Flanders,Sam Houston State,RB,shrine,https://en.wikipedia.org/wiki/2014_East–West_Shrine_Game
2014,Tommy Rees,Notre Dame,QB,shrine,https://en.wikipedia.org/wiki/2014_East–West_Shrine_Game
2014,Tre Boston,North Carolina,S,shrine,https://en.wikipedia.org/wiki/2014_East–West_Shrine_Game
2014,Tyler Starr,South Dakota,LB,shrine,https://en.wikipedia.org/wiki/2014_East–West_Shrine_Game
2014,Will Clarke,West Virginia,DL,shrine,https://en.wikipedia.org/wiki/2014_East–West_Shrine_Game
2014,Xavius Boyd,Western Kentucky,LB,shrine,https://en.wikipedia.org/wiki/2014_East–West_Shrine_Game
2014,Zac Kerin,Toledo,C,shrine,https://en.wikipedia.org/wiki/2014_East–West_Shrine_Game
2014,Zach Bauman,Northern Arizona,RB,shrine,https://en.wikipedia.org/wiki/2014_East–West_Shrine_Game
2014,Zach Fulton,Tennessee,OG,shrine,https://en.wikipedia.org/wiki/2014_East–West_Shrine_Game
2014,Zach Kerr,Delaware,DL,shrine,https://en.wikipedia.org/wiki/2014_East–West_Shrine_Game
2014,Zach Moore,Concordia (MN),DL,shrine,https://en.wikipedia.org/wiki/2014_East–West_Shrine_Game
2015,A. J. Derby,Arkansas,TE,shrine,https://en.wikipedia.org/wiki/2015_East–West_Shrine_Game
2015,A. J. Tarpley,Stanford,LB,shrine,https://en.wikipedia.org/wiki/2015_East–West_Shrine_Game
2015,Aaron Ripkowski,Oklahoma,FB,shrine,https://en.wikipedia.org/wiki/2015_East–West_Shrine_Game
2015,Adam Shead,Oklahoma,OL,shrine,https://en.wikipedia.org/wiki/2015_East–West_Shrine_Game
2015,Addison Richards,Regina,WR,shrine,https://en.wikipedia.org/wiki/2015_East–West_Shrine_Game
2015,Amarlo Herrera,Georgia,LB,shrine,https://en.wikipedia.org/wiki/2015_East–West_Shrine_Game
2015,Andre Davis,South Florida,WR,shrine,https://en.wikipedia.org/wiki/2015_East–West_Shrine_Game
2015,Anthony Boone,Duke,QB,shrine,https://en.wikipedia.org/wiki/2015_East–West_Shrine_Game
2015,Anthony Chickillo,Miami (FL),DL,shrine,https://en.wikipedia.org/wiki/2015_East–West_Shrine_Game
2015,Austin Hill,Arizona,WR,shrine,https://en.wikipedia.org/wiki/2015_East–West_Shrine_Game
2015,B. J. Dubose,Louisville,DL,shrine,https://en.wikipedia.org/wiki/2015_East–West_Shrine_Game
2015,B. J. Finney,Kansas State,OL,shrine,https://en.wikipedia.org/wiki/2015_East–West_Shrine_Game
2015,Ben Beckwith,Mississippi State,OL,shrine,https://en.wikipedia.org/wiki/2015_East–West_Shrine_Game
2015,Ben Heeney,Kansas,LB,shrine,https://en.wikipedia.org/wiki/2015_East–West_Shrine_Game
2015,Bernard Blake,Colorado State,CB,shrine,https://en.wikipedia.org/wiki/2015_East–West_Shrine_Game
2015,Blake Bell,Oklahoma,TE,shrine,https://en.wikipedia.org/wiki/2015_East–West_Shrine_Game
2015,Bobby Hart,Florida State,OL,shrine,https://en.wikipedia.org/wiki/2015_East–West_Shrine_Game
2015,Bobby McCain,Memphis,CB,shrine,https://en.wikipedia.org/wiki/2015_East–West_Shrine_Game
2015,Brandon Vitabile,Northwestern,OL,shrine,https://en.wikipedia.org/wiki/2015_East–West_Shrine_Game
2015,Bryce Callahan,Rice,CB,shrine,https://en.wikipedia.org/wiki/2015_East–West_Shrine_Game
2015,Bryce Hager,Baylor,LB,shrine,https://en.wikipedia.org/wiki/2015_East–West_Shrine_Game
2015,Cam Thomas,Western Kentucky,CB,shrine,https://en.wikipedia.org/wiki/2015_East–West_Shrine_Game
2015,Cameron Clemmons,Western Kentucky,OL,shrine,https://en.wikipedia.org/wiki/2015_East–West_Shrine_Game
2015,Chucky Hunter,TCU,DL,shrine,https://en.wikipedia.org/wiki/2015_East–West_Shrine_Game
2015,Cody Fajardo,Nevada,QB,shrine,https://en.wikipedia.org/wiki/2015_East–West_Shrine_Game
2015,Cole Farrand,Maryland,LB,shrine,https://en.wikipedia.org/wiki/2015_East–West_Shrine_Game
2015,Collin Rahrig,Indiana,OL,shrine,https://en.wikipedia.org/wiki/2015_East–West_Shrine_Game
2015,Corey Cooper,Nebraska,S,shrine,https://en.wikipedia.org/wiki/2015_East–West_Shrine_Game
2015,Craig Mager,Texas State,CB,shrine,https://en.wikipedia.org/wiki/2015_East–West_Shrine_Game
2015,Da'Ron Brown,Northern Illinois,WR,shrine,https://en.wikipedia.org/wiki/2015_East–West_Shrine_Game
2015,Damian Parms,Florida Atlantic,S,shrine,https://en.wikipedia.org/wiki/2015_East–West_Shrine_Game
2015,Damian Swann,Georgia,CB,shrine,https://en.wikipedia.org/wiki/2015_East–West_Shrine_Game
2015,Darius Kilgo,Maryland,DL,shrine,https://en.wikipedia.org/wiki/2015_East–West_Shrine_Game
2015,Darren Waller,Georgia Tech,WR,shrine,https://en.wikipedia.org/wiki/2015_East–West_Shrine_Game
2015,Darrian Miller,Kentucky,OL,shrine,https://en.wikipedia.org/wiki/2015_East–West_Shrine_Game
2015,Daryl Waud,Western Ontario,DL,shrine,https://en.wikipedia.org/wiki/2015_East–West_Shrine_Game
2015,David Andrews,Georgia,OL,shrine,https://en.wikipedia.org/wiki/2015_East–West_Shrine_Game
2015,David Parry,Stanford,DL,shrine,https://en.wikipedia.org/wiki/2015_East–West_Shrine_Game
2015,Davis Tull,Tennessee-Chattanooga,DL,shrine,https://en.wikipedia.org/wiki/2015_East–West_Shrine_Game
2015,Dean Marlowe,James Madison,S,shrine,https://en.wikipedia.org/wiki/2015_East–West_Shrine_Game
2015,Deiontrez Mount,Louisville,LB,shrine,https://en.wikipedia.org/wiki/2015_East–West_Shrine_Game
2015,Deon Long,Maryland,OT,shrine,https://en.wikipedia.org/wiki/2015_East–West_Shrine_Game
2015,Derrick Lott,Tennessee-Chattanooga,DL,shrine,https://en.wikipedia.org/wiki/2015_East–West_Shrine_Game
2015,Detrick Bonner,Virginia Tech,S,shrine,https://en.wikipedia.org/wiki/2015_East–West_Shrine_Game
2015,Devin Gardner,Michigan,WR,shrine,https://en.wikipedia.org/wiki/2015_East–West_Shrine_Game
2015,Dillon Day,Mississippi State,OL,shrine,https://en.wikipedia.org/wiki/2015_East–West_Shrine_Game
2015,Dominique Brown,Louisville,RB,shrine,https://en.wikipedia.org/wiki/2015_East–West_Shrine_Game
2015,Dylan Thompson,South Carolina,QB,shrine,https://en.wikipedia.org/wiki/2015_East–West_Shrine_Game
2015,Edmond Robinson,Newberry,LB,shrine,https://en.wikipedia.org/wiki/2015_East–West_Shrine_Game
2015,Ezell Ruffin,San Diego State,WR,shrine,https://en.wikipedia.org/wiki/2015_East–West_Shrine_Game
2015,Fritz Etienne,Memphis,S,shrine,https://en.wikipedia.org/wiki/2015_East–West_Shrine_Game
2015,Gerald Christian,Louisville,TE,shrine,https://en.wikipedia.org/wiki/2015_East–West_Shrine_Game
2015,Greg Henderson,Colorado,CB,shrine,https://en.wikipedia.org/wiki/2015_East–West_Shrine_Game
2015,Gregory Mancz,Toledo,OL,shrine,https://en.wikipedia.org/wiki/2015_East–West_Shrine_Game
2015,Hutson Mason,Georgia,QB,shrine,https://en.wikipedia.org/wiki/2015_East–West_Shrine_Game
2015,Jake Ryan,Michigan,LB,shrine,https://en.wikipedia.org/wiki/2015_East–West_Shrine_Game
2015,James Castleman,Oklahoma State,DL,shrine,https://en.wikipedia.org/wiki/2015_East–West_Shrine_Game
2015,James Vaughters,Stanford,LB,shrine,https://en.wikipedia.org/wiki/2015_East–West_Shrine_Game
2015,Jamon Brown,Louisville,OL,shrine,https://en.wikipedia.org/wiki/2015_East–West_Shrine_Game
2015,Jermauria Rasco,LSU,DL,shrine,https://en.wikipedia.org/wiki/2015_East–West_Shrine_Game
2015,John Crockett,North Dakota State,RB,shrine,https://en.wikipedia.org/wiki/2015_East–West_Shrine_Game
2015,John Miller,Louisville,OL,shrine,https://en.wikipedia.org/wiki/2015_East–West_Shrine_Game
2015,Jon Feliciano,Miami (FL),OL,shrine,https://en.wikipedia.org/wiki/2015_East–West_Shrine_Game
2015,Jordan Richards,Stanford,S,shrine,https://en.wikipedia.org/wiki/2015_East–West_Shrine_Game
2015,Jordan Taylor,Rice,WR,shrine,https://en.wikipedia.org/wiki/2015_East–West_Shrine_Game
2015,Josh Shaw,USC,CB,shrine,https://en.wikipedia.org/wiki/2015_East–West_Shrine_Game
2015,Justin Coleman,Tennessee,CB,shrine,https://en.wikipedia.org/wiki/2015_East–West_Shrine_Game
2015,Kasen Williams,Washington,WR,shrine,https://en.wikipedia.org/wiki/2015_East–West_Shrine_Game
2015,Keith Mumphery,Michigan State,WR,shrine,https://en.wikipedia.org/wiki/2015_East–West_Shrine_Game
2015,Kenny Hilliard,LSU,RB,shrine,https://en.wikipedia.org/wiki/2015_East–West_Shrine_Game
2015,Khari Lee,Bowie State,TE,shrine,https://en.wikipedia.org/wiki/2015_East–West_Shrine_Game
2015,Kyle Emanuel,North Dakota State,DL,shrine,https://en.wikipedia.org/wiki/2015_East–West_Shrine_Game
2015,Larry Dixon,Army,FB,shrine,https://en.wikipedia.org/wiki/2015_East–West_Shrine_Game
2015,Leterrius Walton,Central Michigan,DL,shrine,https://en.wikipedia.org/wiki/2015_East–West_Shrine_Game
2015,Malcolm Brown,Texas,RB,shrine,https://en.wikipedia.org/wiki/2015_East–West_Shrine_Game
2015,Mark Glowinski,West Virginia,OL,shrine,https://en.wikipedia.org/wiki/2015_East–West_Shrine_Game
2015,Martin Ifedi,Memphis,DL,shrine,https://en.wikipedia.org/wiki/2015_East–West_Shrine_Game
2015,Mickey Baucus,Arizona,OL,shrine,https://en.wikipedia.org/wiki/2015_East–West_Shrine_Game
2015,Miles Dieffenbach (INJ),Penn State,OL,shrine,https://en.wikipedia.org/wiki/2015_East–West_Shrine_Game
2015,MyCole Pruitt,Southern Illinois,TE,shrine,https://en.wikipedia.org/wiki/2015_East–West_Shrine_Game
2015,Parrish Gaines,Navy,S,shrine,https://en.wikipedia.org/wiki/2015_East–West_Shrine_Game
2015,Quayshawn Nealy,Georgia Tech,LB,shrine,https://en.wikipedia.org/wiki/2015_East–West_Shrine_Game
2015,Ronald Martin,LSU,S,shrine,https://en.wikipedia.org/wiki/2015_East–West_Shrine_Game
2015,Ryan Russell,Purdue,DL,shrine,https://en.wikipedia.org/wiki/2015_East–West_Shrine_Game
2015,Samuel Carter,TCU,S,shrine,https://en.wikipedia.org/wiki/2015_East–West_Shrine_Game
2015,Sean Hickey,Syracuse,OL,shrine,https://en.wikipedia.org/wiki/2015_East–West_Shrine_Game
2015,Shane McDermott,Miami (FL),OL,shrine,https://en.wikipedia.org/wiki/2015_East–West_Shrine_Game
2015,Taiwan Jones,Michigan State,LB,shrine,https://en.wikipedia.org/wiki/2015_East–West_Shrine_Game
2015,Taylor Heinicke,Old Dominion,QB,shrine,https://en.wikipedia.org/wiki/2015_East–West_Shrine_Game
2015,Taylor Kelly,Arizona State,QB,shrine,https://en.wikipedia.org/wiki/2015_East–West_Shrine_Game
2015,Tayo Fabuluje,TCU,OL,shrine,https://en.wikipedia.org/wiki/2015_East–West_Shrine_Game
2015,Terrence Magee,LSU,RB,shrine,https://en.wikipedia.org/wiki/2015_East–West_Shrine_Game
2015,Terry Poole,San Diego State,OL,shrine,https://en.wikipedia.org/wiki/2015_East–West_Shrine_Game
2015,Tevin McDonald,Eastern Washington,S,shrine,https://en.wikipedia.org/wiki/2015_East–West_Shrine_Game
2015,Tony Washington,Oregon,LB,shrine,https://en.wikipedia.org/wiki/2015_East–West_Shrine_Game
2015,Travis Raciti,San Jose State,DL,shrine,https://en.wikipedia.org/wiki/2015_East–West_Shrine_Game
2015,Tre McBride,William & Mary,WR,shrine,https://en.wikipedia.org/wiki/2015_East–West_Shrine_Game
2015,Tye Smith,Towson,CB,shrine,https://en.wikipedia.org/wiki/2015_East–West_Shrine_Game
2015,Tyeler Davison,Fresno State,DL,shrine,https://en.wikipedia.org/wiki/2015_East–West_Shrine_Game
2015,Wes Saxton,South Alabama,TE,shrine,https://en.wikipedia.org/wiki/2015_East–West_Shrine_Game
2015,Xavier Williams,Northern Iowa,DL,shrine,https://en.wikipedia.org/wiki/2015_East–West_Shrine_Game
2015,Za'Darius Smith,Kentucky,DL,shrine,https://en.wikipedia.org/wiki/2015_East–West_Shrine_Game
2015,Zach Vigil,Utah State,LB,shrine,https://en.wikipedia.org/wiki/2015_East–West_Shrine_Game
2015,Zach Zenner,South Dakota State,RB,shrine,https://en.wikipedia.org/wiki/2015_East–West_Shrine_Game
2016,Aaron Wallace Jr.,UCLA,LB,shrine,https://en.wikipedia.org/wiki/2016_East–West_Shrine_Game
2016,Alex Balducci,Oregon,DL,shrine,https://en.wikipedia.org/wiki/2016_East–West_Shrine_Game
2016,Alex Huettel,Bowling Green,OL,shrine,https://en.wikipedia.org/wiki/2016_East–West_Shrine_Game
2016,Alex Lewis,Nebraska,OL,shrine,https://en.wikipedia.org/wiki/2016_East–West_Shrine_Game
2016,Andrew Williamson,Vanderbilt,S,shrine,https://en.wikipedia.org/wiki/2016_East–West_Shrine_Game
2016,Anthony Brown,Purdue,CB,shrine,https://en.wikipedia.org/wiki/2016_East–West_Shrine_Game
2016,Anthony Harrell,Florida,LB,shrine,https://en.wikipedia.org/wiki/2016_East–West_Shrine_Game
2016,Anthony Sarao,USC,LB,shrine,https://en.wikipedia.org/wiki/2016_East–West_Shrine_Game
2016,Anthony Zettel,Penn State,DT,shrine,https://en.wikipedia.org/wiki/2016_East–West_Shrine_Game
2016,Antonio Longino,Arizona State,LB,shrine,https://en.wikipedia.org/wiki/2016_East–West_Shrine_Game
2016,Antwione Williams,Georgia Southern,LB,shrine,https://en.wikipedia.org/wiki/2016_East–West_Shrine_Game
2016,Aziz Shittu,Stanford,DE,shrine,https://en.wikipedia.org/wiki/2016_East–West_Shrine_Game
2016,Blake Frohnapfel,UMass,QB,shrine,https://en.wikipedia.org/wiki/2016_East–West_Shrine_Game
2016,Brandon Doughty,Western Kentucky,QB,shrine,https://en.wikipedia.org/wiki/2016_East–West_Shrine_Game
2016,Brandon Ross,Maryland,RB,shrine,https://en.wikipedia.org/wiki/2016_East–West_Shrine_Game
2016,Brandon Shell,South Carolina,OL,shrine,https://en.wikipedia.org/wiki/2016_East–West_Shrine_Game
2016,Brian Poole,Florida,CB,shrine,https://en.wikipedia.org/wiki/2016_East–West_Shrine_Game
2016,Briean Boddy-Calhoun,Minnesota,CB,shrine,https://en.wikipedia.org/wiki/2016_East–West_Shrine_Game
2016,Charles Vaillancourt,Laval,OL,shrine,https://en.wikipedia.org/wiki/2016_East–West_Shrine_Game
2016,Chase Farris,Ohio State,OL,shrine,https://en.wikipedia.org/wiki/2016_East–West_Shrine_Game
2016,Chris Brown,Notre Dame,WR,shrine,https://en.wikipedia.org/wiki/2016_East–West_Shrine_Game
2016,Christian French,Oregon,LB,shrine,https://en.wikipedia.org/wiki/2016_East–West_Shrine_Game
2016,Clayton Fejedelem,Illinois,S,shrine,https://en.wikipedia.org/wiki/2016_East–West_Shrine_Game
2016,Cody Core,Mississippi,WR,shrine,https://en.wikipedia.org/wiki/2016_East–West_Shrine_Game
2016,Connor Wujciak,Boston College,DT,shrine,https://en.wikipedia.org/wiki/2016_East–West_Shrine_Game
2016,Cory James,Colorado State,LB,shrine,https://en.wikipedia.org/wiki/2016_East–West_Shrine_Game
2016,Cre'Von LeBlanc,Florida Atlantic,CB,shrine,https://en.wikipedia.org/wiki/2016_East–West_Shrine_Game
2016,D. J. White,Georgia Tech,CB,shrine,https://en.wikipedia.org/wiki/2016_East–West_Shrine_Game
2016,Daniel Lasco,California,RB,shrine,https://en.wikipedia.org/wiki/2016_East–West_Shrine_Game
2016,Danny Anthrop,Purdue,WR,shrine,https://en.wikipedia.org/wiki/2016_East–West_Shrine_Game
2016,Darien Harris,Michigan State,LB,shrine,https://en.wikipedia.org/wiki/2016_East–West_Shrine_Game
2016,Darion Griswold,Arkansas State,TE,shrine,https://en.wikipedia.org/wiki/2016_East–West_Shrine_Game
2016,David Dean,Virginia,DT,shrine,https://en.wikipedia.org/wiki/2016_East–West_Shrine_Game
2016,David Mims II,Texas State,CB,shrine,https://en.wikipedia.org/wiki/2016_East–West_Shrine_Game
2016,David Morgan II,Texas-San Antonio,TE,shrine,https://en.wikipedia.org/wiki/2016_East–West_Shrine_Game
2016,David Onyemata,Manitoba,DE,shrine,https://en.wikipedia.org/wiki/2016_East–West_Shrine_Game
2016,De'Vondre Campbell,Minnesota,LB,shrine,https://en.wikipedia.org/wiki/2016_East–West_Shrine_Game
2016,Dean Lowry,Northwestern,DE,shrine,https://en.wikipedia.org/wiki/2016_East–West_Shrine_Game
2016,Deon Bush,Miami (FL),S,shrine,https://en.wikipedia.org/wiki/2016_East–West_Shrine_Game
2016,Derek Watt,Wisconsin,FB,shrine,https://en.wikipedia.org/wiki/2016_East–West_Shrine_Game
2016,Devon Cajuste,Stanford,WR,shrine,https://en.wikipedia.org/wiki/2016_East–West_Shrine_Game
2016,Devon Johnson,Marshall,FB,shrine,https://en.wikipedia.org/wiki/2016_East–West_Shrine_Game
2016,Donavon Clark,Michigan State,OL,shrine,https://en.wikipedia.org/wiki/2016_East–West_Shrine_Game
2016,Elijah Shumate,Notre Dame,S,shrine,https://en.wikipedia.org/wiki/2016_East–West_Shrine_Game
2016,Fahn Cooper,Mississippi,OL,shrine,https://en.wikipedia.org/wiki/2016_East–West_Shrine_Game
2016,Gerald Dixon Jr.,South Carolina,DL,shrine,https://en.wikipedia.org/wiki/2016_East–West_Shrine_Game
2016,Geronimo Allison,Illinois,WR,shrine,https://en.wikipedia.org/wiki/2016_East–West_Shrine_Game
2016,Gionni Paul,Utah,LB,shrine,https://en.wikipedia.org/wiki/2016_East–West_Shrine_Game
2016,Graham Glasgow,Michigan,OL,shrine,https://en.wikipedia.org/wiki/2016_East–West_Shrine_Game
2016,Hunter Sharp,Utah State,WR,shrine,https://en.wikipedia.org/wiki/2016_East–West_Shrine_Game
2016,Jake Brendel,UCLA,OL,shrine,https://en.wikipedia.org/wiki/2016_East–West_Shrine_Game
2016,Jake Rudock,Michigan,QB,shrine,https://en.wikipedia.org/wiki/2016_East–West_Shrine_Game
2016,Jamal Golden,Georgia Tech,S,shrine,https://en.wikipedia.org/wiki/2016_East–West_Shrine_Game
2016,James Burgess,Louisville,LB,shrine,https://en.wikipedia.org/wiki/2016_East–West_Shrine_Game
2016,James Cowser,Southern Utah,DE,shrine,https://en.wikipedia.org/wiki/2016_East–West_Shrine_Game
2016,Jamie Byrd,South Florida,S,shrine,https://en.wikipedia.org/wiki/2016_East–West_Shrine_Game
2016,Jared Dangerfield,Western Kentucky,WR,shrine,https://en.wikipedia.org/wiki/2016_East–West_Shrine_Game
2016,Javon Hargrave,South Carolina State,DT,shrine,https://en.wikipedia.org/wiki/2016_East–West_Shrine_Game
2016,Joe Bolden,Michigan,LB,shrine,https://en.wikipedia.org/wiki/2016_East–West_Shrine_Game
2016,Joe Thuney,North Carolina State,OL,shrine,https://en.wikipedia.org/wiki/2016_East–West_Shrine_Game
2016,Joel Stave,Wisconsin,QB,shrine,https://en.wikipedia.org/wiki/2016_East–West_Shrine_Game
2016,Jordan Lomax,Iowa,S,shrine,https://en.wikipedia.org/wiki/2016_East–West_Shrine_Game
2016,Jordan Simone,Arizona State,S,shrine,https://en.wikipedia.org/wiki/2016_East–West_Shrine_Game
2016,Josh Ferguson,Illinois,RB,shrine,https://en.wikipedia.org/wiki/2016_East–West_Shrine_Game
2016,Justin Simmons,Boston College,S,shrine,https://en.wikipedia.org/wiki/2016_East–West_Shrine_Game
2016,Juston Burris,North Carolina State,CB,shrine,https://en.wikipedia.org/wiki/2016_East–West_Shrine_Game
2016,Keenan Reynolds,Navy,RB,shrine,https://en.wikipedia.org/wiki/2016_East–West_Shrine_Game
2016,Keith Lumpkin,Rutgers,OL,shrine,https://en.wikipedia.org/wiki/2016_East–West_Shrine_Game
2016,Ken Crawley,Colorado,CB,shrine,https://en.wikipedia.org/wiki/2016_East–West_Shrine_Game
2016,Keyarris Garrett,Tulsa,WR,shrine,https://en.wikipedia.org/wiki/2016_East–West_Shrine_Game
2016,Kivon Cartwright,Colorado State,TE,shrine,https://en.wikipedia.org/wiki/2016_East–West_Shrine_Game
2016,Kris Frost,Auburn,LB,shrine,https://en.wikipedia.org/wiki/2016_East–West_Shrine_Game
2016,Kyle Carter,Penn State,TE,shrine,https://en.wikipedia.org/wiki/2016_East–West_Shrine_Game
2016,LeShaun Sims,Southern Utah,CB,shrine,https://en.wikipedia.org/wiki/2016_East–West_Shrine_Game
2016,Lene Maiava,Arizona,OL,shrine,https://en.wikipedia.org/wiki/2016_East–West_Shrine_Game
2016,Lloyd Carrington,Arizona,CB,shrine,https://en.wikipedia.org/wiki/2016_East–West_Shrine_Game
2016,Luther Maddy,Virginia Tech,DT,shrine,https://en.wikipedia.org/wiki/2016_East–West_Shrine_Game
2016,Marcus Henry,Boise State,OL,shrine,https://en.wikipedia.org/wiki/2016_East–West_Shrine_Game
2016,Matthew Judon,Grand Valley State,DE,shrine,https://en.wikipedia.org/wiki/2016_East–West_Shrine_Game
2016,Michael Caputo,Wisconsin,S,shrine,https://en.wikipedia.org/wiki/2016_East–West_Shrine_Game
2016,Michael Jordan,Missouri Western State,CB,shrine,https://en.wikipedia.org/wiki/2016_East–West_Shrine_Game
2016,Mike Rose,North Carolina State,DE,shrine,https://en.wikipedia.org/wiki/2016_East–West_Shrine_Game
2016,Nate Sudfeld,Indiana,QB,shrine,https://en.wikipedia.org/wiki/2016_East–West_Shrine_Game
2016,Nelson Spruce,Colorado,WR,shrine,https://en.wikipedia.org/wiki/2016_East–West_Shrine_Game
2016,Nicholas Vanhoose,Northwestern,CB,shrine,https://en.wikipedia.org/wiki/2016_East–West_Shrine_Game
2016,Nile Lawrence-Stample,Florida State,DT,shrine,https://en.wikipedia.org/wiki/2016_East–West_Shrine_Game
2016,Parker Ehinger,Cincinnati,OL,shrine,https://en.wikipedia.org/wiki/2016_East–West_Shrine_Game
2016,R. J. Williamson,Michigan State,S,shrine,https://en.wikipedia.org/wiki/2016_East–West_Shrine_Game
2016,Rashawn Scott,Miami (FL),WR,shrine,https://en.wikipedia.org/wiki/2016_East–West_Shrine_Game
2016,Robby Anderson,Temple,WR,shrine,https://en.wikipedia.org/wiki/2016_East–West_Shrine_Game
2016,Robert Kugler,Purdue,OL,shrine,https://en.wikipedia.org/wiki/2016_East–West_Shrine_Game
2016,Romeo Okwara,Notre Dame,DE,shrine,https://en.wikipedia.org/wiki/2016_East–West_Shrine_Game
2016,Ronald Blair,Appalachian State,DE,shrine,https://en.wikipedia.org/wiki/2016_East–West_Shrine_Game
2016,Ryan Brown,Mississippi State,DE,shrine,https://en.wikipedia.org/wiki/2016_East–West_Shrine_Game
2016,Ryan Malleck,Virginia Tech,TE,shrine,https://en.wikipedia.org/wiki/2016_East–West_Shrine_Game
2016,Sean McEwen,Calgary,OL,shrine,https://en.wikipedia.org/wiki/2016_East–West_Shrine_Game
2016,Siaosi Aiono,Utah,OL,shrine,https://en.wikipedia.org/wiki/2016_East–West_Shrine_Game
2016,Stephane Nembot,Colorado,OL,shrine,https://en.wikipedia.org/wiki/2016_East–West_Shrine_Game
2016,Steven Scheu,Vanderbilt,TE,shrine,https://en.wikipedia.org/wiki/2016_East–West_Shrine_Game
2016,Storm Woods,Oregon State,RB,shrine,https://en.wikipedia.org/wiki/2016_East–West_Shrine_Game
2016,Tajae Sharpe,UMass,WR,shrine,https://en.wikipedia.org/wiki/2016_East–West_Shrine_Game
2016,Taveze Calhoun,Mississippi State,CB,shrine,https://en.wikipedia.org/wiki/2016_East–West_Shrine_Game
2016,Taylor Fallin,Memphis,OL,shrine,https://en.wikipedia.org/wiki/2016_East–West_Shrine_Game
2016,Ted Karras,Illinois,OL,shrine,https://en.wikipedia.org/wiki/2016_East–West_Shrine_Game
2016,Terrance Smith,Florida State,LB,shrine,https://en.wikipedia.org/wiki/2016_East–West_Shrine_Game
2016,Tevin Carter,Utah,S,shrine,https://en.wikipedia.org/wiki/2016_East–West_Shrine_Game
2016,Travis Feeney,Washington,LB,shrine,https://en.wikipedia.org/wiki/2016_East–West_Shrine_Game
2016,Trevon Coley,Florida Atlantic,DT,shrine,https://en.wikipedia.org/wiki/2016_East–West_Shrine_Game
2016,Tyler Johnstone,Oregon,OL,shrine,https://en.wikipedia.org/wiki/2016_East–West_Shrine_Game
2016,Tyler Marz,Wisconsin,OL,shrine,https://en.wikipedia.org/wiki/2016_East–West_Shrine_Game
2016,Tyrone Holmes,Montana,DE,shrine,https://en.wikipedia.org/wiki/2016_East–West_Shrine_Game
2016,V'Angelo Bentley,Illinois,CB,shrine,https://en.wikipedia.org/wiki/2016_East–West_Shrine_Game
2016,Vernon Adams,Oregon,QB,shrine,https://en.wikipedia.org/wiki/2016_East–West_Shrine_Game
2016,Vi Teofilo,Arizona State,OL,shrine,https://en.wikipedia.org/wiki/2016_East–West_Shrine_Game
2016,Victor Ochi,Stony Brook,DE,shrine,https://en.wikipedia.org/wiki/2016_East–West_Shrine_Game
2017,Aarion Penton,Missouri,CB,shrine,https://en.wikipedia.org/wiki/2017_East–West_Shrine_Game
2017,Adam Pankey,West Virginia,OG,shrine,https://en.wikipedia.org/wiki/2017_East–West_Shrine_Game
2017,Ahkello Witherspoon,Colorado,CB,shrine,https://en.wikipedia.org/wiki/2017_East–West_Shrine_Game
2017,Alek Torgersen,Pennsylvania,QB,shrine,https://en.wikipedia.org/wiki/2017_East–West_Shrine_Game
2017,Alex Kozan,Auburn,OG,shrine,https://en.wikipedia.org/wiki/2017_East–West_Shrine_Game
2017,Andrew King,Army,LB,shrine,https://en.wikipedia.org/wiki/2017_East–West_Shrine_Game
2017,Antony Auclair,Laval,TE,shrine,https://en.wikipedia.org/wiki/2017_East–West_Shrine_Game
2017,Ashton Lampkin,Oklahoma State,CB,shrine,https://en.wikipedia.org/wiki/2017_East–West_Shrine_Game
2017,Austin Calitro,Villanova,LB,shrine,https://en.wikipedia.org/wiki/2017_East–West_Shrine_Game
2017,Austin Carr,Northwestern,WR,shrine,https://en.wikipedia.org/wiki/2017_East–West_Shrine_Game
2017,Avery Gennesy,Texas A&M,OT,shrine,https://en.wikipedia.org/wiki/2017_East–West_Shrine_Game
2017,Avery Moss,Youngstown State,DE,shrine,https://en.wikipedia.org/wiki/2017_East–West_Shrine_Game
2017,B. J. Singleton,Houston,DT,shrine,https://en.wikipedia.org/wiki/2017_East–West_Shrine_Game
2017,Billy Brown,Shepherd,WR,shrine,https://en.wikipedia.org/wiki/2017_East–West_Shrine_Game
2017,Blake Jarwin,Oklahoma State,TE,shrine,https://en.wikipedia.org/wiki/2017_East–West_Shrine_Game
2017,Brad Watson,Wake Forest,CB,shrine,https://en.wikipedia.org/wiki/2017_East–West_Shrine_Game
2017,Brooks Ellis,Arkansas,LB,shrine,https://en.wikipedia.org/wiki/2017_East–West_Shrine_Game
2017,Bryan Cox Jr.,Florida,DE,shrine,https://en.wikipedia.org/wiki/2017_East–West_Shrine_Game
2017,Calvin Munson,San Diego State,LB,shrine,https://en.wikipedia.org/wiki/2017_East–West_Shrine_Game
2017,Cameron Tom,Southern Mississippi,OC,shrine,https://en.wikipedia.org/wiki/2017_East–West_Shrine_Game
2017,Channing Stribling,Michigan,CB,shrine,https://en.wikipedia.org/wiki/2017_East–West_Shrine_Game
2017,Chase Roullier,Wyoming,OC,shrine,https://en.wikipedia.org/wiki/2017_East–West_Shrine_Game
2017,Colin Jeter,Louisiana State,TE,shrine,https://en.wikipedia.org/wiki/2017_East–West_Shrine_Game
2017,Cooper Rush,Central Michigan,QB,shrine,https://en.wikipedia.org/wiki/2017_East–West_Shrine_Game
2017,Damaruis Travis,Minnesota,SAF,shrine,https://en.wikipedia.org/wiki/2017_East–West_Shrine_Game
2017,Dan Skipper,Arkansas,OT,shrine,https://en.wikipedia.org/wiki/2017_East–West_Shrine_Game
2017,Dare Ogunbowale,Wisconsin,RB,shrine,https://en.wikipedia.org/wiki/2017_East–West_Shrine_Game
2017,Darius English,South Carolina,DE,shrine,https://en.wikipedia.org/wiki/2017_East–West_Shrine_Game
2017,De'Veon Smith,Michigan,RB,shrine,https://en.wikipedia.org/wiki/2017_East–West_Shrine_Game
2017,DeAngelo Brown,Louisville,DT,shrine,https://en.wikipedia.org/wiki/2017_East–West_Shrine_Game
2017,DeAngelo Yancey,Purdue,WR,shrine,https://en.wikipedia.org/wiki/2017_East–West_Shrine_Game
2017,Deatrich Wise Jr.,Arkansas,DE,shrine,https://en.wikipedia.org/wiki/2017_East–West_Shrine_Game
2017,Dieugot Joseph,Florida International,OT,shrine,https://en.wikipedia.org/wiki/2017_East–West_Shrine_Game
2017,Drew Morgan,Arkansas,WR,shrine,https://en.wikipedia.org/wiki/2017_East–West_Shrine_Game
2017,Dymonte Thomas,Michigan,SAF,shrine,https://en.wikipedia.org/wiki/2017_East–West_Shrine_Game
2017,Ejuan Price,Pittsburgh,DE,shrine,https://en.wikipedia.org/wiki/2017_East–West_Shrine_Game
2017,Elijah McGuire,Louisiana-Lafayette,RB,shrine,https://en.wikipedia.org/wiki/2017_East–West_Shrine_Game
2017,Eric Saubert,Drake,TE,shrine,https://en.wikipedia.org/wiki/2017_East–West_Shrine_Game
2017,Erik Magnuson,Michigan,OT,shrine,https://en.wikipedia.org/wiki/2017_East–West_Shrine_Game
2017,Evan Goodman,Arizona State,OT,shrine,https://en.wikipedia.org/wiki/2017_East–West_Shrine_Game
2017,Fabian Moreau,UCLA,CB,shrine,https://en.wikipedia.org/wiki/2017_East–West_Shrine_Game
2017,Fish Smithson,Kansas,SAF,shrine,https://en.wikipedia.org/wiki/2017_East–West_Shrine_Game
2017,Gabe Marks,Washington State,WR,shrine,https://en.wikipedia.org/wiki/2017_East–West_Shrine_Game
2017,Gavin Andrews,Oregon State,OC,shrine,https://en.wikipedia.org/wiki/2017_East–West_Shrine_Game
2017,Gehrig Dieter,Alabama,WR,shrine,https://en.wikipedia.org/wiki/2017_East–West_Shrine_Game
2017,Geoff Gray,Manitoba,OG,shrine,https://en.wikipedia.org/wiki/2017_East–West_Shrine_Game
2017,Gunner Kiel,Cincinnati,QB,shrine,https://en.wikipedia.org/wiki/2017_East–West_Shrine_Game
2017,Hardy Nickerson Jr.,Illinois,LB,shrine,https://en.wikipedia.org/wiki/2017_East–West_Shrine_Game
2017,Hunter Dimick,Utah,DE,shrine,https://en.wikipedia.org/wiki/2017_East–West_Shrine_Game
2017,I'Tavius Mathers,Middle Tennessee,RB,shrine,https://en.wikipedia.org/wiki/2017_East–West_Shrine_Game
2017,Jadar Johnson,Clemson,SAF,shrine,https://en.wikipedia.org/wiki/2017_East–West_Shrine_Game
2017,Jalen Myrick,Minnesota,CB,shrine,https://en.wikipedia.org/wiki/2017_East–West_Shrine_Game
2017,Jalen Robinette,Air Force,WR,shrine,https://en.wikipedia.org/wiki/2017_East–West_Shrine_Game
2017,Jamal Carter Sr.,Miami (FL),SAF,shrine,https://en.wikipedia.org/wiki/2017_East–West_Shrine_Game
2017,James Onwaula,Notre Dame,LB,shrine,https://en.wikipedia.org/wiki/2017_East–West_Shrine_Game
2017,Jarrod Clements Jr.,Illinois,DT,shrine,https://en.wikipedia.org/wiki/2017_East–West_Shrine_Game
2017,Jason Carr,West Georgia,DT,shrine,https://en.wikipedia.org/wiki/2017_East–West_Shrine_Game
2017,Javancy Jones,Jackson State,LB,shrine,https://en.wikipedia.org/wiki/2017_East–West_Shrine_Game
2017,Jeremiah Ledbetter,Arkansas,DE,shrine,https://en.wikipedia.org/wiki/2017_East–West_Shrine_Game
2017,Jeremy Cutrer,Middle Tennessee,CB,shrine,https://en.wikipedia.org/wiki/2017_East–West_Shrine_Game
2017,Jimmie Gilbert,Colorado,LB,shrine,https://en.wikipedia.org/wiki/2017_East–West_Shrine_Game
2017,Joe Scelfo,North Carolina State,OC,shrine,https://en.wikipedia.org/wiki/2017_East–West_Shrine_Game
2017,Joe Williams,Utah,RB,shrine,https://en.wikipedia.org/wiki/2017_East–West_Shrine_Game
2017,Joey Ivie IV,Florida,DT,shrine,https://en.wikipedia.org/wiki/2017_East–West_Shrine_Game
2017,Jonathan McLaughlin,Virginia Tech,OT,shrine,https://en.wikipedia.org/wiki/2017_East–West_Shrine_Game
2017,Jordan Westerkamp,Nebraska,WR,shrine,https://en.wikipedia.org/wiki/2017_East–West_Shrine_Game
2017,Josh Augusta,Missouri,DT,shrine,https://en.wikipedia.org/wiki/2017_East–West_Shrine_Game
2017,Josh Tupou,Colorado,DT,shrine,https://en.wikipedia.org/wiki/2017_East–West_Shrine_Game
2017,Justin Davis,USC,RB,shrine,https://en.wikipedia.org/wiki/2017_East–West_Shrine_Game
2017,Kareem Are,Florida State,OG,shrine,https://en.wikipedia.org/wiki/2017_East–West_Shrine_Game
2017,Karel Hamilton,Samford,WR,shrine,https://en.wikipedia.org/wiki/2017_East–West_Shrine_Game
2017,Kenneth Olugbode,Colorado,LB,shrine,https://en.wikipedia.org/wiki/2017_East–West_Shrine_Game
2017,Kenny Golladay,Northern Illinois,WR,shrine,https://en.wikipedia.org/wiki/2017_East–West_Shrine_Game
2017,Kermit Whitfield,Florida State,WR,shrine,https://en.wikipedia.org/wiki/2017_East–West_Shrine_Game
2017,Kevin Davis,Colorado State,LB,shrine,https://en.wikipedia.org/wiki/2017_East–West_Shrine_Game
2017,Kyle Kalis,Michigan,OG,shrine,https://en.wikipedia.org/wiki/2017_East–West_Shrine_Game
2017,Lano Hill,Michigan,SAF,shrine,https://en.wikipedia.org/wiki/2017_East–West_Shrine_Game
2017,Leon McQuay III,USC,SAF,shrine,https://en.wikipedia.org/wiki/2017_East–West_Shrine_Game
2017,Lucas Crowley,North Carolina,OC,shrine,https://en.wikipedia.org/wiki/2017_East–West_Shrine_Game
2017,Marcus Cox,Appalachian State,RB,shrine,https://en.wikipedia.org/wiki/2017_East–West_Shrine_Game
2017,Marquel Lee,Wake Forest,LB,shrine,https://en.wikipedia.org/wiki/2017_East–West_Shrine_Game
2017,Matthew Godin,Michigan,DT,shrine,https://en.wikipedia.org/wiki/2017_East–West_Shrine_Game
2017,Michael Roberts,Toledo,TE,shrine,https://en.wikipedia.org/wiki/2017_East–West_Shrine_Game
2017,Nate Hairston,Temple,CB,shrine,https://en.wikipedia.org/wiki/2017_East–West_Shrine_Game
2017,Nick Mullens,Southern Mississippi,QB,shrine,https://en.wikipedia.org/wiki/2017_East–West_Shrine_Game
2017,Orion Stewart,Baylor,SAF,shrine,https://en.wikipedia.org/wiki/2017_East–West_Shrine_Game
2017,Paul Magloire Jr.,Arizona,LB,shrine,https://en.wikipedia.org/wiki/2017_East–West_Shrine_Game
2017,Quincy Adeboyejo,Mississippi,WR,shrine,https://en.wikipedia.org/wiki/2017_East–West_Shrine_Game
2017,Ralph Green III,Indiana,DT,shrine,https://en.wikipedia.org/wiki/2017_East–West_Shrine_Game
2017,Randall Goforth,UCLA,SAF,shrine,https://en.wikipedia.org/wiki/2017_East–West_Shrine_Game
2017,Richie Brown,Mississippi State,LB,shrine,https://en.wikipedia.org/wiki/2017_East–West_Shrine_Game
2017,Rodney Adams,South Florida,WR,shrine,https://en.wikipedia.org/wiki/2017_East–West_Shrine_Game
2017,Sam Tevi,Utah,OT,shrine,https://en.wikipedia.org/wiki/2017_East–West_Shrine_Game
2017,Scott Orndoff,Pittsburgh,TE,shrine,https://en.wikipedia.org/wiki/2017_East–West_Shrine_Game
2017,Sean Harlow,Oregon State,OT,shrine,https://en.wikipedia.org/wiki/2017_East–West_Shrine_Game
2017,Steven Taylor,Houston,LB,shrine,https://en.wikipedia.org/wiki/2017_East–West_Shrine_Game
2017,Storm Norton,Toledo,OT,shrine,https://en.wikipedia.org/wiki/2017_East–West_Shrine_Game
2017,Taylor McNamara,USC,TE,shrine,https://en.wikipedia.org/wiki/2017_East–West_Shrine_Game
2017,Tedric Thompson,Colorado,SAF,shrine,https://en.wikipedia.org/wiki/2017_East–West_Shrine_Game
2017,Tobijah Hughley,Louisville,OC,shrine,https://en.wikipedia.org/wiki/2017_East–West_Shrine_Game
2017,Tony Bridges,Mississippi,CB,shrine,https://en.wikipedia.org/wiki/2017_East–West_Shrine_Game
2017,Tony Stevens,Auburn,WR,shrine,https://en.wikipedia.org/wiki/2017_East–West_Shrine_Game
2017,Treston Decoud,Oregon State,CB,shrine,https://en.wikipedia.org/wiki/2017_East–West_Shrine_Game
2017,Trey Griffey,Arizona,WR,shrine,https://en.wikipedia.org/wiki/2017_East–West_Shrine_Game
2017,Trey Hendrickson,Florida Atlantic,DE,shrine,https://en.wikipedia.org/wiki/2017_East–West_Shrine_Game
2017,Treyvon Hester,Toledo,DT,shrine,https://en.wikipedia.org/wiki/2017_East–West_Shrine_Game
2017,Tyquwan Glass,Fresno State,CB,shrine,https://en.wikipedia.org/wiki/2017_East–West_Shrine_Game
2017,Victor Salako,Oklahoma State,OT,shrine,https://en.wikipedia.org/wiki/2017_East–West_Shrine_Game
2017,Wes Lunt,Illinois,QB,shrine,https://en.wikipedia.org/wiki/2017_East–West_Shrine_Game
2017,Weston Steelhammer,Air Force,SAF,shrine,https://en.wikipedia.org/wiki/2017_East–West_Shrine_Game
2017,Will Holden,Vanderbilt,OT,shrine,https://en.wikipedia.org/wiki/2017_East–West_Shrine_Game
2017,Will Worth,Navy,QB,shrine,https://en.wikipedia.org/wiki/2017_East–West_Shrine_Game
2017,Xavier Woods,Louisiana Tech,SAF,shrine,https://en.wikipedia.org/wiki/2017_East–West_Shrine_Game
2017,Zach Johnson,North Dakota State,OG,shrine,https://en.wikipedia.org/wiki/2017_East–West_Shrine_Game
2017,Zach Terrell,Western Michigan,QB,shrine,https://en.wikipedia.org/wiki/2017_East–West_Shrine_Game
