draft_year,player,school,position,consensus_rank,pos_rank,n_boards,source_url
2024,Marvin Harrison Jr.,Ohio State,WR,1,1,101,https://wideleft.football/p/2024-consensus-big-board-the-top
2024,Caleb Williams,USC,QB,2,1,101,https://wideleft.football/p/2024-consensus-big-board-the-top
2024,Malik Nabers,LSU,WR,3,2,101,https://wideleft.football/p/2024-consensus-big-board-the-top
2024,Drake Maye,North Carolina,QB,4,2,101,https://wideleft.football/p/2024-consensus-big-board-the-top
2024,Joe Alt,Notre Dame,OT,5,1,101,https://wideleft.football/p/2024-consensus-big-board-the-top
2024,Rome Odunze,Washington,WR,6,3,101,https://wideleft.football/p/2024-consensus-big-board-the-top
2024,Brock Bowers,Georgia,TE,7,1,101,https://wideleft.football/p/2024-consensus-big-board-the-top
2024,Jayden Daniels,LSU,QB,8,3,101,https://wideleft.football/p/2024-consensus-big-board-the-top
2024,Dallas Turner,Alabama,ED,9,1,101,https://wideleft.football/p/2024-consensus-big-board-the-top
2024,Olumuyiwa Fashanu,Penn State,OT,10,2,101,https://wideleft.football/p/2024-consensus-big-board-the-top
2024,Quinyon Mitchell,Toledo,CB,11,1,101,https://wideleft.football/p/2024-consensus-big-board-the-top
2024,Terrion Arnold,Alabama,CB,12,2,101,https://wideleft.football/p/2024-consensus-big-board-the-top
2024,Laiatu Latu,UCLA,ED,13,2,101,https://wideleft.football/p/2024-consensus-big-board-the-top
2024,Taliese Fuaga,Oregon State,OT,14,3,101,https://wideleft.football/p/2024-consensus-big-board-the-top
2024,Jared Verse,Florida State,ED,15,3,101,https://wideleft.football/p/2024-consensus-big-board-the-top
2024,Byron Murphy II,Texas,DL3T,16,1,101,https://wideleft.football/p/2024-consensus-big-board-the-top
2024,Troy Fautanu,Washington,OG,17,1,101,https://wideleft.football/p/2024-consensus-big-board-the-top
2024,JC Latham,Alabama,OT,18,4,101,https://wideleft.football/p/2024-consensus-big-board-the-top
2024,Brian Thomas Jr.,LSU,WR,19,4,101,https://wideleft.football/p/2024-consensus-big-board-the-top
2024,Jer'Zhan Newton,Illinois,DL3T,20,2,101,https://wideleft.football/p/2024-consensus-big-board-the-top
2024,Amarius Mims,Georgia,OT,21,5,101,https://wideleft.football/p/2024-consensus-big-board-the-top
2024,Cooper DeJean,Iowa,CB,22,3,101,https://wideleft.football/p/2024-consensus-big-board-the-top
2024,J.J. McCarthy,Michigan,QB,23,4,101,https://wideleft.football/p/2024-consensus-big-board-the-top
2024,Nate Wiggins,Clemson,CB,24,4,101,https://wideleft.football/p/2024-consensus-big-board-the-top
2024,Chop Robinson,Penn State,ED,25,4,101,https://wideleft.football/p/2024-consensus-big-board-the-top
2024,Graham Barton,Duke,OC,26,1,101,https://wideleft.football/p/2024-consensus-big-board-the-top
2024,Kool-Aid McKinstry,Alabama,CB,27,5,101,https://wideleft.football/p/2024-consensus-big-board-the-top
2024,Jackson Powers-Johnson,Oregon,OC,28,2,101,https://wideleft.football/p/2024-consensus-big-board-the-top
2024,Adonai Mitchell,Texas,WR,29,5,101,https://wideleft.football/p/2024-consensus-big-board-the-top
2024,Tyler Guyton,Oklahoma,OT,30,6,101,https://wideleft.football/p/2024-consensus-big-board-the-top
2024,Ladd McConkey,Georgia,WR,31,6,101,https://wideleft.football/p/2024-consensus-big-board-the-top
2024,Darius Robinson,Missouri,DL5T,32,1,101,https://wideleft.football/p/2024-consensus-big-board-the-top
2024,Xavier Worthy,Texas,WR,33,7,101,https://wideleft.football/p/2024-consensus-big-board-the-top
2024,Michael Penix Jr.,Washington,QB,34,5,101,https://wideleft.football/p/2024-consensus-big-board-the-top
2024,Jordan Morgan,Arizona,OT,35,7,101,https://wideleft.football/p/2024-consensus-big-board-the-top
2024,Keon Coleman,Florida State,WR,36,8,101,https://wideleft.football/p/2024-consensus-big-board-the-top
2024,Edgerrin Cooper,Texas A&M,LB,37,1,101,https://wideleft.football/p/2024-consensus-big-board-the-top
2024,Bo Nix,Oregon,QB,38,6,101,https://wideleft.football/p/2024-consensus-big-board-the-top
2024,Troy Franklin,Oregon,WR,39,9,101,https://wideleft.football/p/2024-consensus-big-board-the-top
2024,Ennis Rakestraw Jr.,Missouri,CB,40,6,101,https://wideleft.football/p/2024-consensus-big-board-the-top
2024,Zach Frazier,West Virginia,OC,41,3,101,https://wideleft.football/p/2024-consensus-big-board-the-top
2024,Xavier Legette,South Carolina,WR,42,10,101,https://wideleft.football/p/2024-consensus-big-board-the-top
2024,Kingsley Suamataia,BYU,OT,43,8,101,https://wideleft.football/p/2024-consensus-big-board-the-top
2024,Payton Wilson,NC State,LB,44,2,101,https://wideleft.football/p/2024-consensus-big-board-the-top
2024,Tyler Nubin,Minnesota,S,45,1,101,https://wideleft.football/p/2024-consensus-big-board-the-top
2024,Cooper Beebe,Kansas State,OG,46,2,101,https://wideleft.football/p/2024-consensus-big-board-the-top
2024,Braden Fiske,Florida State,DL3T,47,3,101,https://wideleft.football/p/2024-consensus-big-board-the-top
2024,Ricky Pearsall,Florida,WR,48,11,101,https://wideleft.football/p/2024-consensus-big-board-the-top
2024,Kris Jenkins,Michigan,DL5T,49,2,101,https://wideleft.football/p/2024-consensus-big-board-the-top
2024,Kamari Lassiter,Georgia,CB,50,7,101,https://wideleft.football/p/2024-consensus-big-board-the-top
2024,Junior Colson,Michigan,LB,51,3,101,https://wideleft.football/p/2024-consensus-big-board-the-top
2024,Mike Sainristil,Michigan,NCB,52,1,101,https://wideleft.football/p/2024-consensus-big-board-the-top
2024,Roman Wilson,Michigan,WR,53,12,101,https://wideleft.football/p/2024-consensus-big-board-the-top
2024,Chris Braswell,Alabama,ED,54,5,101,https://wideleft.football/p/2024-consensus-big-board-the-top
2024,T.J. Tampa,Iowa State,CB,55,8,101,https://wideleft.football/p/2024-consensus-big-board-the-top
2024,Jonathon Brooks,Texas,RB,56,1,101,https://wideleft.football/p/2024-consensus-big-board-the-top
2024,Christian Haynes,Uconn,OG,57,3,101,https://wideleft.football/p/2024-consensus-big-board-the-top
2024,Trey Benson,Florida State,RB,58,2,101,https://wideleft.football/p/2024-consensus-big-board-the-top
2024,Ja'Tavion Sanders,Texas,TE,59,2,101,https://wideleft.football/p/2024-consensus-big-board-the-top
2024,Marshawn Kneeland,Western Michigan,ED,60,6,101,https://wideleft.football/p/2024-consensus-big-board-the-top
2024,Patrick Paul,Houston,OT,61,9,101,https://wideleft.football/p/2024-consensus-big-board-the-top
2024,Ja'Lynn Polk,Washington,WR,62,13,101,https://wideleft.football/p/2024-consensus-big-board-the-top
2024,Javon Bullard,Georgia,S,63,2,101,https://wideleft.football/p/2024-consensus-big-board-the-top
2024,Bralen Trice,Washington,ED,64,7,101,https://wideleft.football/p/2024-consensus-big-board-the-top
2024,Max Melton,Rutgers,CB,65,9,101,https://wideleft.football/p/2024-consensus-big-board-the-top
2024,Adisa Isaac,Penn State,ED,66,8,101,https://wideleft.football/p/2024-consensus-big-board-the-top
2024,Jaden Hicks,Washington State,S,67,3,101,https://wideleft.football/p/2024-consensus-big-board-the-top
2024,Ruke Orhorhoro,Clemson,DL3T,68,4,101,https://wideleft.football/p/2024-consensus-big-board-the-top
2024,Malachi Corley,Western Kentucky,WR,69,14,101,https://wideleft.football/p/2024-consensus-big-board-the-top
2024,Michael Hall Jr.,Ohio State,DL5T,70,3,101,https://wideleft.football/p/2024-consensus-big-board-the-top
2024,T'Vondre Sweat,Texas,DL1T,71,1,101,https://wideleft.football/p/2024-consensus-big-board-the-top
2024,Cole Bishop,Utah,S,72,4,101,https://wideleft.football/p/2024-consensus-big-board-the-top
2024,Jaylen Wright,Tennessee,RB,73,3,101,https://wideleft.football/p/2024-consensus-big-board-the-top
2024,Kiran Amegadjie,Yale,OT,74,10,101,https://wideleft.football/p/2024-consensus-big-board-the-top
2024,Roger Rosengarten,Washington,OT,75,11,101,https://wideleft.football/p/2024-consensus-big-board-the-top
2024,Calen Bullock,USC,S,76,5,101,https://wideleft.football/p/2024-consensus-big-board-the-top
2024,Blake Corum,Michigan,RB,77,4,101,https://wideleft.football/p/2024-consensus-big-board-the-top
2024,Dominick Puni,Kansas,OG,78,4,101,https://wideleft.football/p/2024-consensus-big-board-the-top
2024,Jonah Elliss,Utah,ED,79,9,101,https://wideleft.football/p/2024-consensus-big-board-the-top
2024,Brandon Dorlus,Oregon,DL5T,80,4,101,https://wideleft.football/p/2024-consensus-big-board-the-top
2024,Jalen McMillan,Washington,WR,81,15,101,https://wideleft.football/p/2024-consensus-big-board-the-top
2024,Devontez Walker,North Carolina,WR,82,16,101,https://wideleft.football/p/2024-consensus-big-board-the-top
2024,Ben Sinnott,Kansas State,TE,83,3,101,https://wideleft.football/p/2024-consensus-big-board-the-top
2024,Kamren Kinchens,Miami (FL),S,84,6,101,https://wideleft.football/p/2024-consensus-big-board-the-top
2024,Austin Booker,Kansas,ED,85,10,101,https://wideleft.football/p/2024-consensus-big-board-the-top
2024,Maason Smith,LSU,DL3T,86,5,101,https://wideleft.football/p/2024-consensus-big-board-the-top
2024,Blake Fisher,Notre Dame,OT,87,12,101,https://wideleft.football/p/2024-consensus-big-board-the-top
2024,Spencer Rattler,South Carolina,QB,88,7,101,https://wideleft.football/p/2024-consensus-big-board-the-top
2024,Jeremiah Trotter Jr.,Clemson,LB,89,4,101,https://wideleft.football/p/2024-consensus-big-board-the-top
2024,Kris Abrams-Draine,Missouri,NCB,90,2,101,https://wideleft.football/p/2024-consensus-big-board-the-top
2024,Theo Johnson,Penn State,TE,91,4,101,https://wideleft.football/p/2024-consensus-big-board-the-top
2024,Jermaine Burton,Alabama,WR,92,17,101,https://wideleft.football/p/2024-consensus-big-board-the-top
2024,Christian Mahogany,Boston College,OG,93,5,101,https://wideleft.football/p/2024-consensus-big-board-the-top
2024,MarShawn Lloyd,USC,RB,94,5,101,https://wideleft.football/p/2024-consensus-big-board-the-top
2024,Javon Baker,UCF,WR,95,18,101,https://wideleft.football/p/2024-consensus-big-board-the-top
2024,Andru Phillips,Kentucky,CB,96,10,101,https://wideleft.football/p/2024-consensus-big-board-the-top
2024,Sedrick Van Pran-Granger,Georgia,OC,97,4,101,https://wideleft.football/p/2024-consensus-big-board-the-top
2024,Cade Stover,Ohio State,TE,98,5,101,https://wideleft.football/p/2024-consensus-big-board-the-top
2024,Cedric Gray,North Carolina,LB,99,5,101,https://wideleft.football/p/2024-consensus-big-board-the-top
2024,Khyree Jackson,Oregon,CB,100,11,101,https://wideleft.football/p/2024-consensus-big-board-the-top
2024,Malik Washington,Virginia,WR,101,19,101,https://wideleft.football/p/2024-consensus-big-board-the-top
2024,Cam Hart,Notre Dame,CB,102,12,101,https://wideleft.football/p/2024-consensus-big-board-the-top
2024,Mohamed Kamara,Colorado State,ED,103,11,101,https://wideleft.football/p/2024-consensus-big-board-the-top
2024,Dadrion Taylor-Demerson,Texas Tech,S,104,7,101,https://wideleft.football/p/2024-consensus-big-board-the-top
2024,DeWayne Carter,Duke,DL3T,105,6,101,https://wideleft.football/p/2024-consensus-big-board-the-top
2024,Brenden Rice,USC,WR,106,20,101,https://wideleft.football/p/2024-consensus-big-board-the-top
2024,Johnny Wilson,Florida State,WR,107,21,101,https://wideleft.football/p/2024-consensus-big-board-the-top
2024,Braelon Allen,Wisconsin,RB,108,6,101,https://wideleft.football/p/2024-consensus-big-board-the-top
2024,Mekhi Wingo,LSU,DL3T,109,7,101,https://wideleft.football/p/2024-consensus-big-board-the-top
2024,Renardo Green,Florida State,CB,110,13,101,https://wideleft.football/p/2024-consensus-big-board-the-top
2024,Gabriel Murphy,UCLA,ED,111,12,101,https://wideleft.football/p/2024-consensus-big-board-the-top
2024,Zak Zinter,Michigan,OG,112,6,101,https://wideleft.football/p/2024-consensus-big-board-the-top
2024,D.J. James,Auburn,CB,113,14,101,https://wideleft.football/p/2024-consensus-big-board-the-top
2024,Brandon Coleman,TCU,OG,114,7,101,https://wideleft.football/p/2024-consensus-big-board-the-top
2024,Trevin Wallace,Kentucky,LB,115,6,101,https://wideleft.football/p/2024-consensus-big-board-the-top
2024,Caelen Carson,Wake Forest,CB,116,15,101,https://wideleft.football/p/2024-consensus-big-board-the-top
2024,Leonard Taylor III,Miami (FL),DL3T,117,8,101,https://wideleft.football/p/2024-consensus-big-board-the-top
2024,Jared Wiley,TCU,TE,118,6,101,https://wideleft.football/p/2024-consensus-big-board-the-top
2024,Audric Estime,Notre Dame,RB,119,7,101,https://wideleft.football/p/2024-consensus-big-board-the-top
2024,Christian Jones,Texas,OT,120,13,101,https://wideleft.football/p/2024-consensus-big-board-the-top
2024,Mason McCormick,South Dakota State,OG,121,8,101,https://wideleft.football/p/2024-consensus-big-board-the-top
2024,Beaux Limmer,Arkansas,OC,122,5,101,https://wideleft.football/p/2024-consensus-big-board-the-top
2024,Bucky Irving,Oregon,RB,123,8,101,https://wideleft.football/p/2024-consensus-big-board-the-top
2024,Malik Mustapha,Wake Forest,S,124,8,101,https://wideleft.football/p/2024-consensus-big-board-the-top
2024,Tykee Smith,Georgia,S,125,9,101,https://wideleft.football/p/2024-consensus-big-board-the-top
2024,Will Shipley,Clemson,RB,126,9,101,https://wideleft.football/p/2024-consensus-big-board-the-top
2024,Michael Pratt,Tulane,QB,127,8,101,https://wideleft.football/p/2024-consensus-big-board-the-top
2024,Ray Davis,Kentucky,RB,128,10,101,https://wideleft.football/p/2024-consensus-big-board-the-top
2024,Jarvis Brownlee Jr.,Louisville,NCB,129,3,101,https://wideleft.football/p/2024-consensus-big-board-the-top
2024,Tanor Bortolini,Wisconsin,OC,130,6,101,https://wideleft.football/p/2024-consensus-big-board-the-top
2024,Jamari Thrash,Louisville,WR,131,22,101,https://wideleft.football/p/2024-consensus-big-board-the-top
2024,Javon Foster,Missouri,OT,132,14,101,https://wideleft.football/p/2024-consensus-big-board-the-top
2024,Isaiah Adams,Illinois,OG,133,9,101,https://wideleft.football/p/2024-consensus-big-board-the-top
2024,Matt Goncalves,Pittsburgh,OT,134,15,101,https://wideleft.football/p/2024-consensus-big-board-the-top
2024,Tommy Eichenberg,Ohio State,LB,135,7,101,https://wideleft.football/p/2024-consensus-big-board-the-top
2024,McKinnley Jackson,Texas A&M,DL1T,136,2,101,https://wideleft.football/p/2024-consensus-big-board-the-top
2024,Jacob Cowing,Arizona,WR,137,23,101,https://wideleft.football/p/2024-consensus-big-board-the-top
2024,Elijah Jones,Boston College,CB,138,16,101,https://wideleft.football/p/2024-consensus-big-board-the-top
2024,Josh Newton,TCU,CB,139,17,101,https://wideleft.football/p/2024-consensus-big-board-the-top
2024,Jalyx Hunt,Houston Christian,ED,140,13,101,https://wideleft.football/p/2024-consensus-big-board-the-top
2024,Nehemiah Pritchett,Auburn,CB,141,18,101,https://wideleft.football/p/2024-consensus-big-board-the-top
2024,Hunter Nourzad,Penn State,OC,142,7,101,https://wideleft.football/p/2024-consensus-big-board-the-top
2024,Beau Brade,Maryland,S,143,10,101,https://wideleft.football/p/2024-consensus-big-board-the-top
2024,Kitan Oladapo,Oregon State,S,144,11,101,https://wideleft.football/p/2024-consensus-big-board-the-top
2024,Jarrian Jones,Florida State,NCB,145,4,101,https://wideleft.football/p/2024-consensus-big-board-the-top
2024,Luke McCaffrey,Rice,WR,146,24,101,https://wideleft.football/p/2024-consensus-big-board-the-top
2024,Javon Solomon,Troy,ED,147,14,101,https://wideleft.football/p/2024-consensus-big-board-the-top
2024,Cedric Johnson,Ole Miss,ED,148,15,101,https://wideleft.football/p/2024-consensus-big-board-the-top
2024,Jaheim Bell,Florida State,TE,149,7,101,https://wideleft.football/p/2024-consensus-big-board-the-top
2024,Delmar Glaze,Maryland,OT,150,16,101,https://wideleft.football/p/2024-consensus-big-board-the-top
2024,Sione Vaki,Utah,S,151,12,101,https://wideleft.football/p/2024-consensus-big-board-the-top
2024,Justin Eboigbe,Alabama,DL5T,152,5,101,https://wideleft.football/p/2024-consensus-big-board-the-top
2024,Ty'Ron Hopper,Missouri,LB,153,8,101,https://wideleft.football/p/2024-consensus-big-board-the-top
2024,Tip Reiman,Illinois,TE,154,8,101,https://wideleft.football/p/2024-consensus-big-board-the-top
2024,Erick All,Iowa,TE,155,9,101,https://wideleft.football/p/2024-consensus-big-board-the-top
2024,Kalen King,Penn State,CB,156,19,101,https://wideleft.football/p/2024-consensus-big-board-the-top
2024,Sataoa Laumea,Utah,OT,157,17,101,https://wideleft.football/p/2024-consensus-big-board-the-top
2024,Xavier Thomas,Clemson,ED,158,16,101,https://wideleft.football/p/2024-consensus-big-board-the-top
2024,Curtis Jacobs,Penn State,LB,159,9,101,https://wideleft.football/p/2024-consensus-big-board-the-top
2024,James Williams,Miami (FL),LB,160,10,101,https://wideleft.football/p/2024-consensus-big-board-the-top
2024,Tyrone Tracy Jr.,Purdue,RB,161,11,101,https://wideleft.football/p/2024-consensus-big-board-the-top
2024,Jaylin Simpson,Auburn,NCB,162,5,101,https://wideleft.football/p/2024-consensus-big-board-the-top
2024,Decamerion Richardson,Mississippi State,CB,163,20,101,https://wideleft.football/p/2024-consensus-big-board-the-top
2024,Isaac Guerendo,Louisville,RB,164,12,101,https://wideleft.football/p/2024-consensus-big-board-the-top
2024,Marist Liufau,Notre Dame,LB,165,11,101,https://wideleft.football/p/2024-consensus-big-board-the-top
2024,Jaylan Ford,Texas,LB,166,12,101,https://wideleft.football/p/2024-consensus-big-board-the-top
2024,Brennan Jackson,Washington State,ED,167,17,101,https://wideleft.football/p/2024-consensus-big-board-the-top
2024,Edefuan Ulofoshio,Washington,LB,168,13,101,https://wideleft.football/p/2024-consensus-big-board-the-top
2024,Javion Cohen,Miami (FL),OG,169,10,101,https://wideleft.football/p/2024-consensus-big-board-the-top
2024,Ainias Smith,Texas A&M,WR,170,25,101,https://wideleft.football/p/2024-consensus-big-board-the-top
2024,Nelson Ceaser,Houston,ED,171,18,101,https://wideleft.football/p/2024-consensus-big-board-the-top
2024,Tyler Davis,Clemson,DL3T,172,9,101,https://wideleft.football/p/2024-consensus-big-board-the-top
2024,Dylan Laube,New Hampshire,RB,173,13,101,https://wideleft.football/p/2024-consensus-big-board-the-top
2024,Jordan Magee,Temple,LB,174,14,101,https://wideleft.football/p/2024-consensus-big-board-the-top
2024,Layden Robinson,Texas A&M,OG,175,11,101,https://wideleft.football/p/2024-consensus-big-board-the-top
2024,Tanner McLachlan,Arizona,TE,176,10,101,https://wideleft.football/p/2024-consensus-big-board-the-top
2024,Khristian Boyd,Northern Iowa,DL1T,177,3,101,https://wideleft.football/p/2024-consensus-big-board-the-top
2024,Jordan Travis,Florida State,QB,178,9,101,https://wideleft.football/p/2024-consensus-big-board-the-top
2024,Tahj Washington,USC,WR,179,26,101,https://wideleft.football/p/2024-consensus-big-board-the-top
2024,Gabe Hall,Baylor,DL5T,180,6,101,https://wideleft.football/p/2024-consensus-big-board-the-top
2024,AJ Barner,Michigan,TE,181,11,101,https://wideleft.football/p/2024-consensus-big-board-the-top
2024,Dominique Hampton,Washington,S,182,13,101,https://wideleft.football/p/2024-consensus-big-board-the-top
2024,Anthony Gould,Oregon State,WR,183,27,101,https://wideleft.football/p/2024-consensus-big-board-the-top
2024,Chau Smith-Wade,Washington State,CB,184,21,101,https://wideleft.football/p/2024-consensus-big-board-the-top
2024,Joe Milton III,Tennessee,QB,185,10,101,https://wideleft.football/p/2024-consensus-big-board-the-top
2024,Caedan Wallace,Penn State,OT,186,18,101,https://wideleft.football/p/2024-consensus-big-board-the-top
2024,Walter Rouse,Oklahoma,OT,187,19,101,https://wideleft.football/p/2024-consensus-big-board-the-top
2024,Isaiah Davis,South Dakota State,RB,188,14,101,https://wideleft.football/p/2024-consensus-big-board-the-top
2024,Dwight McGlothern,Arkansas,CB,189,22,101,https://wideleft.football/p/2024-consensus-big-board-the-top
2024,Myles Cole,Texas Tech,ED,190,19,101,https://wideleft.football/p/2024-consensus-big-board-the-top
2024,Trevor Keegan,Michigan,OG,191,12,101,https://wideleft.football/p/2024-consensus-big-board-the-top
2024,Tyrice Knight,UTEP,LB,192,15,101,https://wideleft.football/p/2024-consensus-big-board-the-top
2024,Dallin Holker,Colorado State,TE,193,12,101,https://wideleft.football/p/2024-consensus-big-board-the-top
2024,Cornelius Johnson,Michigan,WR,194,28,101,https://wideleft.football/p/2024-consensus-big-board-the-top
2024,Jaylen Harrell,Michigan,ED,195,20,101,https://wideleft.football/p/2024-consensus-big-board-the-top
2024,Kimani Vidal,Troy,RB,196,15,101,https://wideleft.football/p/2024-consensus-big-board-the-top
2024,Evan Williams,Oregon,S,197,14,101,https://wideleft.football/p/2024-consensus-big-board-the-top
2024,Rasheen Ali,Marshall,RB,198,16,101,https://wideleft.football/p/2024-consensus-big-board-the-top
2024,Nathaniel Watson,Mississippi State,LB,199,16,101,https://wideleft.football/p/2024-consensus-big-board-the-top
2024,JD Bertrand,Notre Dame,LB,200,17,101,https://wideleft.football/p/2024-consensus-big-board-the-top
2024,M.J. Devonshire,Pitt,CB,201,23,101,https://wideleft.football/p/2024-consensus-big-board-the-top
2024,Dillon Johnson,Washington,RB,202,17,101,https://wideleft.football/p/2024-consensus-big-board-the-top
2024,Kamal Hadden,Tennessee,CB,203,24,101,https://wideleft.football/p/2024-consensus-big-board-the-top
2024,Jordan Jefferson,LSU,DL1T,204,4,101,https://wideleft.football/p/2024-consensus-big-board-the-top
2024,Braiden McGregor,Michigan,ED,205,21,101,https://wideleft.football/p/2024-consensus-big-board-the-top
2024,Fabien Lovett Sr.,Florida State,DL3T,206,10,101,https://wideleft.football/p/2024-consensus-big-board-the-top
2024,Jha'Quan Jackson,Tulane,WR,207,29,101,https://wideleft.football/p/2024-consensus-big-board-the-top
2024,Cody Schrader,Missouri,RB,208,18,101,https://wideleft.football/p/2024-consensus-big-board-the-top
2024,Bub Means,Pittsburgh,WR,209,30,101,https://wideleft.football/p/2024-consensus-big-board-the-top
2024,Keith Randolph Jr.,Illinois,DL3T,210,11,101,https://wideleft.football/p/2024-consensus-big-board-the-top
2024,Marcus Harris,Auburn,DL5T,211,7,101,https://wideleft.football/p/2024-consensus-big-board-the-top
2024,Josh Proctor,Ohio State,S,212,15,101,https://wideleft.football/p/2024-consensus-big-board-the-top
2024,Nathan Thomas,Louisiana,OT,213,20,101,https://wideleft.football/p/2024-consensus-big-board-the-top
2024,Myles Harden,South Dakota,CB,214,25,101,https://wideleft.football/p/2024-consensus-big-board-the-top
2024,Garret Greenfield,South Dakota State,OT,215,21,101,https://wideleft.football/p/2024-consensus-big-board-the-top
2024,Matt Lee,Miami (FL),OC,216,8,101,https://wideleft.football/p/2024-consensus-big-board-the-top
2024,Johnny Dixon,Penn State,CB,217,26,101,https://wideleft.football/p/2024-consensus-big-board-the-top
2024,Brevyn Spann-Ford,Minnesota,TE,218,13,101,https://wideleft.football/p/2024-consensus-big-board-the-top
2024,Eric Watts,UConn,ED,219,22,101,https://wideleft.football/p/2024-consensus-big-board-the-top
2024,Tory Taylor,Iowa,P,220,1,101,https://wideleft.football/p/2024-consensus-big-board-the-top
2024,Blake Watson,Memphis,RB,221,19,101,https://wideleft.football/p/2024-consensus-big-board-the-top
2024,Dylan McMahon,North Carolina State,OC,222,9,101,https://wideleft.football/p/2024-consensus-big-board-the-top
2024,Trey Taylor,Air Force,S,223,16,101,https://wideleft.football/p/2024-consensus-big-board-the-top
2024,Zion Tupuola-Fetui,Washington,ED,224,23,101,https://wideleft.football/p/2024-consensus-big-board-the-top
2024,Drake Nugent,Michigan,OC,225,10,101,https://wideleft.football/p/2024-consensus-big-board-the-top
2024,Qwan'tez Stiggers,Toronto Argonauts,CB,226,27,101,https://wideleft.football/p/2024-consensus-big-board-the-top
2024,Jase McClellan,Alabama,RB,227,20,101,https://wideleft.football/p/2024-consensus-big-board-the-top
2024,Javontae Jean-Baptiste,Notre Dame,ED,228,24,101,https://wideleft.football/p/2024-consensus-big-board-the-top
2024,Kingsley Eguakun,Florida,OC,229,11,101,https://wideleft.football/p/2024-consensus-big-board-the-top
2024,Grayson Murphy,UCLA,ED,230,25,101,https://wideleft.football/p/2024-consensus-big-board-the-top
2024,Ryan Flournoy,SE Missouri State,WR,231,31,101,https://wideleft.football/p/2024-consensus-big-board-the-top
2024,Isaiah Williams (Illinois),Illinois,WR,232,32,101,https://wideleft.football/p/2024-consensus-big-board-the-top
2024,Sam Hartman,Notre Dame,QB,233,11,101,https://wideleft.football/p/2024-consensus-big-board-the-top
2024,Marcus Rosemy-Jacksaint,Georgia,WR,234,33,101,https://wideleft.football/p/2024-consensus-big-board-the-top
2024,Jaylon Carlies,Missouri,S,235,17,101,https://wideleft.football/p/2024-consensus-big-board-the-top
2024,Steele Chambers,Ohio State,LB,236,18,101,https://wideleft.football/p/2024-consensus-big-board-the-top
2024,Logan Lee,Iowa,DL5T,237,8,101,https://wideleft.football/p/2024-consensus-big-board-the-top
2024,Julian Pearl,Illinois,OT,238,22,101,https://wideleft.football/p/2024-consensus-big-board-the-top
2024,Jaden Crumedy,Mississippi State,DL3T,239,12,101,https://wideleft.football/p/2024-consensus-big-board-the-top
2024,Jordan Whittington,Texas,WR,240,34,101,https://wideleft.football/p/2024-consensus-big-board-the-top
2024,Marcellas Dial,South Carolina,S,241,18,101,https://wideleft.football/p/2024-consensus-big-board-the-top
2024,Deantre Prince,Ole Miss,CB,242,28,101,https://wideleft.football/p/2024-consensus-big-board-the-top
2024,Jalen Coker,Holy Cross,WR,243,35,101,https://wideleft.football/p/2024-consensus-big-board-the-top
2024,Charles Turner III,LSU,OC,244,12,101,https://wideleft.football/p/2024-consensus-big-board-the-top
2024,Michael Barrett,Michigan,LB,245,19,101,https://wideleft.football/p/2024-consensus-big-board-the-top
2024,Darius Muasau,UCLA,LB,246,20,101,https://wideleft.football/p/2024-consensus-big-board-the-top
2024,Ladarius Henderson,Michigan,OT,247,23,101,https://wideleft.football/p/2024-consensus-big-board-the-top
2024,Daequan Hardy,Penn State,NCB,248,6,101,https://wideleft.football/p/2024-consensus-big-board-the-top
2024,KT Leveston,Kansas State,OG,249,13,101,https://wideleft.football/p/2024-consensus-big-board-the-top
2024,Frank Gore Jr.,Southern Miss,RB,250,21,101,https://wideleft.football/p/2024-consensus-big-board-the-top
2024,Tylan Grable,Central Florida,OT,251,24,101,https://wideleft.football/p/2024-consensus-big-board-the-top
2024,Ryan Watts,Texas,S,252,19,101,https://wideleft.football/p/2024-consensus-big-board-the-top
2024,Kendall Milton,Georgia,RB,253,22,101,https://wideleft.football/p/2024-consensus-big-board-the-top
2024,Devin Leary,Kentucky,QB,254,12,101,https://wideleft.football/p/2024-consensus-big-board-the-top
2024,Andrew Raym,Oklahoma,OC,255,13,101,https://wideleft.football/p/2024-consensus-big-board-the-top
2024,Ethan Driskell,Marshall,OT,256,25,101,https://wideleft.football/p/2024-consensus-big-board-the-top
2024,Jawhar Jordan,Louisville,RB,257,23,101,https://wideleft.football/p/2024-consensus-big-board-the-top
2024,Daijun Edwards,Georgia,RB,258,24,101,https://wideleft.football/p/2024-consensus-big-board-the-top
2024,Emani Bailey,TCU,RB,259,25,101,https://wideleft.football/p/2024-consensus-big-board-the-top
2024,Frank Crum,Wyoming,OT,260,26,101,https://wideleft.football/p/2024-consensus-big-board-the-top
2024,Myles Murphy,North Carolina,DL1T,261,5,101,https://wideleft.football/p/2024-consensus-big-board-the-top
2024,Daijahn Anthony,Ole Miss,S,262,20,101,https://wideleft.football/p/2024-consensus-big-board-the-top
2024,Gottlieb Ayedze,Maryland,OT,263,27,101,https://wideleft.football/p/2024-consensus-big-board-the-top
2024,C.J. Hanson,Holy Cross,OG,264,14,101,https://wideleft.football/p/2024-consensus-big-board-the-top
2024,Tarheeb Still,Maryland,CB,265,29,101,https://wideleft.football/p/2024-consensus-big-board-the-top
2024,Willie Drew,Virginia State,CB,266,30,101,https://wideleft.football/p/2024-consensus-big-board-the-top
2024,Travis Glover,Georgia State,OT,267,28,101,https://wideleft.football/p/2024-consensus-big-board-the-top
2024,Tyler Owens,Texas Tech,S,268,21,101,https://wideleft.football/p/2024-consensus-big-board-the-top
2024,Joshua Karty,Stanford,PK,269,1,101,https://wideleft.football/p/2024-consensus-big-board-the-top
2024,Evan Anderson,Florida Atlantic,DL1T,270,6,101,https://wideleft.football/p/2024-consensus-big-board-the-top
2024,Jalen Sundell,North Dakota State,OT,271,29,101,https://wideleft.football/p/2024-consensus-big-board-the-top
2024,Jacob Monk,Duke,OG,272,15,101,https://wideleft.football/p/2024-consensus-big-board-the-top
2024,Carlton Johnson,Fresno State,CB,273,31,101,https://wideleft.football/p/2024-consensus-big-board-the-top
2024,Lideatrick Griffin,Mississippi State,WR,274,36,101,https://wideleft.football/p/2024-consensus-big-board-the-top
2024,Joshua Cephus,UTSA,WR,275,37,101,https://wideleft.football/p/2024-consensus-big-board-the-top
2024,Justin Rogers,Auburn,DL1T,276,7,101,https://wideleft.football/p/2024-consensus-big-board-the-top
2024,Devin Culp,Washington,TE,277,14,101,https://wideleft.football/p/2024-consensus-big-board-the-top
2024,Xavier Weaver,Colorado,WR,278,38,101,https://wideleft.football/p/2024-consensus-big-board-the-top
2024,Eyabi Okie-Anoma,Charlotte,ED,279,26,101,https://wideleft.football/p/2024-consensus-big-board-the-top
2024,Keaton Bills,Utah,OG,280,16,101,https://wideleft.football/p/2024-consensus-big-board-the-top
2024,Nick Samac,Michigan State,OC,281,14,101,https://wideleft.football/p/2024-consensus-big-board-the-top
2024,Andrew Coker,TCU,OT,282,30,101,https://wideleft.football/p/2024-consensus-big-board-the-top
2024,Will Reichard,Alabama,PK,283,2,101,https://wideleft.football/p/2024-consensus-big-board-the-top
2024,Kalen DeLoach,Florida State,LB,284,21,101,https://wideleft.football/p/2024-consensus-big-board-the-top
2024,Tatum Bethune,Florida State,LB,285,22,101,https://wideleft.football/p/2024-consensus-big-board-the-top
2024,Austin Reed,Western Kentucky,QB,286,13,101,https://wideleft.football/p/2024-consensus-big-board-the-top
2024,Demani Richardson,Texas A&M,S,287,22,101,https://wideleft.football/p/2024-consensus-big-board-the-top
2024,Nick Gargiulo,South Carolina,OC,288,15,101,https://wideleft.football/p/2024-consensus-big-board-the-top
2024,Josiah Ezirim,Eastern Kentucky,OT,289,31,101,https://wideleft.football/p/2024-consensus-big-board-the-top
2024,Khalid Duke,Kansas State,ED,290,27,101,https://wideleft.football/p/2024-consensus-big-board-the-top
2024,Beanie Bishop Jr.,West Virginia,NCB,291,7,101,https://wideleft.football/p/2024-consensus-big-board-the-top
2024,Michael Wiley,Arizona,RB,292,26,101,https://wideleft.football/p/2024-consensus-big-board-the-top
2024,Trente Jones,Michigan,OG,293,17,101,https://wideleft.football/p/2024-consensus-big-board-the-top
2024,Trey Knox,South Carolina,TE,294,15,101,https://wideleft.football/p/2024-consensus-big-board-the-top
2024,Trajan Jeffcoat,Arkansas,DL5T,295,9,101,https://wideleft.football/p/2024-consensus-big-board-the-top
2024,Mark Perry,TCU,S,296,23,101,https://wideleft.football/p/2024-consensus-big-board-the-top
2024,Jarrett Kingston,USC,OG,297,18,101,https://wideleft.football/p/2024-consensus-big-board-the-top
2024,Aaron Casey,Indiana,LB,298,23,101,https://wideleft.football/p/2024-consensus-big-board-the-top
2024,Devaughn Vele,Utah,WR,299,39,101,https://wideleft.football/p/2024-consensus-big-board-the-top
2024,Jaden Shirden,Monmouth,RB,300,27,101,https://wideleft.football/p/2024-consensus-big-board-the-top
2024,Jowon Briggs,Cincinnati,DL3T,313,13,101,https://wideleft.football/p/2024-consensus-big-board-the-top
2024,Solomon Byrd,USC,ED,315,28,101,https://wideleft.football/p/2024-consensus-big-board-the-top
2024,Jaylen Key,Alabama,S,323,26,101,https://wideleft.football/p/2024-consensus-big-board-the-top
2024,Cam Little,Arkansas,PK,326,3,101,https://wideleft.football/p/2024-consensus-big-board-the-top
2024,Keilan Robinson,Texas,RB,331,31,101,https://wideleft.football/p/2024-consensus-big-board-the-top
2024,Tejhaun Palmer,UAB,WR,336,41,101,https://wideleft.football/p/2024-consensus-big-board-the-top
2024,Zion Logue,Georgia,DL3T,339,14,101,https://wideleft.football/p/2024-consensus-big-board-the-top
2024,Patrick McMorris,California,S,345,30,101,https://wideleft.football/p/2024-consensus-big-board-the-top
2024,Casey Washington,Illinois,WR,346,42,101,https://wideleft.football/p/2024-consensus-big-board-the-top
2024,Giovanni Manu,British Columbia,OT,348,35,101,https://wideleft.football/p/2024-consensus-big-board-the-top
2024,Elijah Klein,UTEP,OG,363,23,101,https://wideleft.football/p/2024-consensus-big-board-the-top
2024,Micah Abraham,Marshall,NCB,373,8,101,https://wideleft.football/p/2024-consensus-big-board-the-top
2024,Michael Jurgens,Wake Forest,OG,374,26,101,https://wideleft.football/p/2024-consensus-big-board-the-top
2024,Jamal Hill,Oregon,LB,380,30,101,https://wideleft.football/p/2024-consensus-big-board-the-top
2024,Sanoussi Kane,Purdue,S,383,33,101,https://wideleft.football/p/2024-consensus-big-board-the-top
2024,Jonah Laulu,Oklahoma,DL5T,440,12,101,https://wideleft.football/p/2024-consensus-big-board-the-top
2024,Levi Drake Rodriguez,TAMU-Commerce,DL3T,449,18,101,https://wideleft.football/p/2024-consensus-big-board-the-top
2024,Jaden Davis,Miami,NCB,454,13,101,https://wideleft.football/p/2024-consensus-big-board-the-top
2024,Michael Jerrell,Findlay,OT,472,40,101,https://wideleft.football/p/2024-consensus-big-board-the-top
2024,Travis Clayton,Basingstoke RFC,OT,524,45,101,https://wideleft.football/p/2024-consensus-big-board-the-top
2025,Travis Hunter,Colorado,CB,1,1,112,https://www.wideleft.football/p/2025-consensus-big-board-the-top
2025,Abdul Carter,Penn State,ED,2,1,112,https://www.wideleft.football/p/2025-consensus-big-board-the-top
2025,Ashton Jeanty,Boise State,RB,3,1,112,https://www.wideleft.football/p/2025-consensus-big-board-the-top
2025,Mason Graham,Michigan,DL3T,4,1,112,https://www.wideleft.football/p/2025-consensus-big-board-the-top
2025,Will Campbell,LSU,OT,5,1,112,https://www.wideleft.football/p/2025-consensus-big-board-the-top
2025,Armand Membou,Missouri,OT,6,2,112,https://www.wideleft.football/p/2025-consensus-big-board-the-top
2025,Tyler Warren,Penn State,TE,7,1,112,https://www.wideleft.football/p/2025-consensus-big-board-the-top
2025,Cam Ward,Miami,QB,8,1,112,https://www.wideleft.football/p/2025-consensus-big-board-the-top
2025,Will Johnson,Michigan,CB,9,2,112,https://www.wideleft.football/p/2025-consensus-big-board-the-top
2025,Tetairoa McMillan,Arizona,WR,10,1,112,https://www.wideleft.football/p/2025-consensus-big-board-the-top
2025,Jalon Walker,Georgia,ED,11,2,112,https://www.wideleft.football/p/2025-consensus-big-board-the-top
2025,Colston Loveland,Michigan,TE,12,2,112,https://www.wideleft.football/p/2025-consensus-big-board-the-top
2025,Jahdae Barron,Texas,CB,13,3,112,https://www.wideleft.football/p/2025-consensus-big-board-the-top
2025,Jihaad Campbell,Alabama,LB,14,1,112,https://www.wideleft.football/p/2025-consensus-big-board-the-top
2025,Kelvin Banks Jr.,Texas,OT,15,3,112,https://www.wideleft.football/p/2025-consensus-big-board-the-top
2025,Malaki Starks,Georgia,S,16,1,112,https://www.wideleft.football/p/2025-consensus-big-board-the-top
2025,Mike Green,Marshall,ED,17,3,112,https://www.wideleft.football/p/2025-consensus-big-board-the-top
2025,Mykel Williams,Georgia,ED,18,4,112,https://www.wideleft.football/p/2025-consensus-big-board-the-top
2025,Shemar Stewart,Texas A&M,ED,19,5,112,https://www.wideleft.football/p/2025-consensus-big-board-the-top
2025,Walter Nolen,Mississippi,DL3T,20,2,112,https://www.wideleft.football/p/2025-consensus-big-board-the-top
2025,Josh Simmons,Ohio State,OT,21,4,112,https://www.wideleft.football/p/2025-consensus-big-board-the-top
2025,Shedeur Sanders,Colorado,QB,22,2,112,https://www.wideleft.football/p/2025-consensus-big-board-the-top
2025,Kenneth Grant,Michigan,DL1T,23,1,112,https://www.wideleft.football/p/2025-consensus-big-board-the-top
2025,Matthew Golden,Texas,WR,24,2,112,https://www.wideleft.football/p/2025-consensus-big-board-the-top
2025,Emeka Egbuka,Ohio State,WR,25,3,112,https://www.wideleft.football/p/2025-consensus-big-board-the-top
2025,James Pearce Jr.,Tennessee,ED,26,6,112,https://www.wideleft.football/p/2025-consensus-big-board-the-top
2025,Omarion Hampton,North Carolina,RB,27,2,112,https://www.wideleft.football/p/2025-consensus-big-board-the-top
2025,Derrick Harmon,Oregon,DL3T,28,3,112,https://www.wideleft.football/p/2025-consensus-big-board-the-top
2025,Luther Burden III,Missouri,WR,29,4,112,https://www.wideleft.football/p/2025-consensus-big-board-the-top
2025,Nick Emmanwori,South Carolina,S,30,2,112,https://www.wideleft.football/p/2025-consensus-big-board-the-top
2025,Tyler Booker,Alabama,OG,31,1,112,https://www.wideleft.football/p/2025-consensus-big-board-the-top
2025,Donovan Ezeiruaku,Boston College,ED,32,7,112,https://www.wideleft.football/p/2025-consensus-big-board-the-top
2025,Grey Zabel,NDSU,OG,33,2,112,https://www.wideleft.football/p/2025-consensus-big-board-the-top
2025,Josh Conerly Jr.,Oregon,OT,34,5,112,https://www.wideleft.football/p/2025-consensus-big-board-the-top
2025,Shavon Revel Jr.,East Carolina,CB,35,4,112,https://www.wideleft.football/p/2025-consensus-big-board-the-top
2025,Donovan Jackson,Ohio State,OG,36,3,112,https://www.wideleft.football/p/2025-consensus-big-board-the-top
2025,Nic Scourton,Texas A&M,ED,37,8,112,https://www.wideleft.football/p/2025-consensus-big-board-the-top
2025,Trey Amos,Mississippi,CB,38,5,112,https://www.wideleft.football/p/2025-consensus-big-board-the-top
2025,Maxwell Hairston,Kentucky,CB,39,6,112,https://www.wideleft.football/p/2025-consensus-big-board-the-top
2025,TreVeyon Henderson,Ohio State,RB,40,3,112,https://www.wideleft.football/p/2025-consensus-big-board-the-top
2025,Tyleik Williams,Ohio State,DL1T,41,2,112,https://www.wideleft.football/p/2025-consensus-big-board-the-top
2025,Benjamin Morrison,Notre Dame,CB,42,7,112,https://www.wideleft.football/p/2025-consensus-big-board-the-top
2025,Aireontae Ersery,Minnesota,OT,43,6,112,https://www.wideleft.football/p/2025-consensus-big-board-the-top
2025,Carson Schwesinger,UCLA,LB,44,2,112,https://www.wideleft.football/p/2025-consensus-big-board-the-top
2025,Jayden Higgins,Iowa State,WR,45,5,112,https://www.wideleft.football/p/2025-consensus-big-board-the-top
2025,Azareye'h Thomas,Florida State,CB,46,8,112,https://www.wideleft.football/p/2025-consensus-big-board-the-top
2025,Mason Taylor,LSU,TE,47,3,112,https://www.wideleft.football/p/2025-consensus-big-board-the-top
2025,Xavier Watts,Notre Dame,S,48,3,112,https://www.wideleft.football/p/2025-consensus-big-board-the-top
2025,Jaxson Dart,Mississippi,QB,49,3,112,https://www.wideleft.football/p/2025-consensus-big-board-the-top
2025,Quinshon Judkins,Ohio State,RB,50,4,112,https://www.wideleft.football/p/2025-consensus-big-board-the-top
2025,Landon Jackson,Arkansas,ED,51,9,112,https://www.wideleft.football/p/2025-consensus-big-board-the-top
2025,Darius Alexander,Toledo,DL3T,52,4,112,https://www.wideleft.football/p/2025-consensus-big-board-the-top
2025,JT Tuimoloau,Ohio State,ED,53,10,112,https://www.wideleft.football/p/2025-consensus-big-board-the-top
2025,Kaleb Johnson,Iowa,RB,54,5,112,https://www.wideleft.football/p/2025-consensus-big-board-the-top
2025,Jonah Savaiinaea,Arizona,OT,55,7,112,https://www.wideleft.football/p/2025-consensus-big-board-the-top
2025,Jaylin Noel,Iowa State,WR,56,6,112,https://www.wideleft.football/p/2025-consensus-big-board-the-top
2025,T.J. Sanders,South Carolina,DL3T,57,5,112,https://www.wideleft.football/p/2025-consensus-big-board-the-top
2025,Elijah Arroyo,Miami,TE,58,4,112,https://www.wideleft.football/p/2025-consensus-big-board-the-top
2025,Jack Bech,TCU,WR,59,7,112,https://www.wideleft.football/p/2025-consensus-big-board-the-top
2025,Tre Harris,Mississippi,WR,60,8,112,https://www.wideleft.football/p/2025-consensus-big-board-the-top
2025,Alfred Collins,Texas,DL1T,61,3,112,https://www.wideleft.football/p/2025-consensus-big-board-the-top
2025,Jalen Milroe,Alabama,QB,62,4,112,https://www.wideleft.football/p/2025-consensus-big-board-the-top
2025,Marcus Mbow,Purdue,OG,63,4,112,https://www.wideleft.football/p/2025-consensus-big-board-the-top
2025,Princely Umanmielen,Mississippi,ED,64,11,112,https://www.wideleft.football/p/2025-consensus-big-board-the-top
2025,Jack Sawyer,Ohio State,ED,65,12,112,https://www.wideleft.football/p/2025-consensus-big-board-the-top
2025,Tate Ratledge,Georgia,OG,66,5,112,https://www.wideleft.football/p/2025-consensus-big-board-the-top
2025,Kevin Winston Jr.,Penn State,S,67,4,112,https://www.wideleft.football/p/2025-consensus-big-board-the-top
2025,Bradyn Swinson,LSU,ED,68,13,112,https://www.wideleft.football/p/2025-consensus-big-board-the-top
2025,Darien Porter,Iowa State,CB,69,9,112,https://www.wideleft.football/p/2025-consensus-big-board-the-top
2025,Elic Ayomanor,Stanford,WR,70,9,112,https://www.wideleft.football/p/2025-consensus-big-board-the-top
2025,Jordan Burch,Oregon,ED,71,14,112,https://www.wideleft.football/p/2025-consensus-big-board-the-top
2025,Andrew Mukuba,Texas,S,72,5,112,https://www.wideleft.football/p/2025-consensus-big-board-the-top
2025,Jared Wilson,Georgia,OC,73,1,112,https://www.wideleft.football/p/2025-consensus-big-board-the-top
2025,Jalen Royals,Utah State,WR,74,10,112,https://www.wideleft.football/p/2025-consensus-big-board-the-top
2025,Harold Fannin Jr.,Bowling Green,TE,75,5,112,https://www.wideleft.football/p/2025-consensus-big-board-the-top
2025,Dylan Sampson,Tennessee,RB,76,6,112,https://www.wideleft.football/p/2025-consensus-big-board-the-top
2025,Ozzy Trapilo,Boston College,OT,77,8,112,https://www.wideleft.football/p/2025-consensus-big-board-the-top
2025,Wyatt Milum,West Virginia,OT,78,9,112,https://www.wideleft.football/p/2025-consensus-big-board-the-top
2025,Demetrius Knight Jr.,South Carolina,LB,79,3,112,https://www.wideleft.football/p/2025-consensus-big-board-the-top
2025,Shemar Turner,Texas A&M,DL5T,80,1,112,https://www.wideleft.football/p/2025-consensus-big-board-the-top
2025,Oluwafemi Oladejo,UCLA,ED,81,15,112,https://www.wideleft.football/p/2025-consensus-big-board-the-top
2025,Kyle Williams,Washington State,WR,82,11,112,https://www.wideleft.football/p/2025-consensus-big-board-the-top
2025,Jacob Parrish,Kansas State,CB,83,10,112,https://www.wideleft.football/p/2025-consensus-big-board-the-top
2025,Charles Grant,William & Mary,OT,84,10,112,https://www.wideleft.football/p/2025-consensus-big-board-the-top
2025,Terrance Ferguson,Oregon,TE,85,6,112,https://www.wideleft.football/p/2025-consensus-big-board-the-top
2025,Cam Skattebo,Arizona State,RB,86,7,112,https://www.wideleft.football/p/2025-consensus-big-board-the-top
2025,Josaiah Stewart,Michigan,ED,87,16,112,https://www.wideleft.football/p/2025-consensus-big-board-the-top
2025,Omarr Norman-Lott,Tennessee,DL3T,88,6,112,https://www.wideleft.football/p/2025-consensus-big-board-the-top
2025,Joshua Farmer,Florida State,DL3T,89,7,112,https://www.wideleft.football/p/2025-consensus-big-board-the-top
2025,Tyler Shough,Louisville,QB,90,5,112,https://www.wideleft.football/p/2025-consensus-big-board-the-top
2025,Anthony Belton,NC State,OT,91,11,112,https://www.wideleft.football/p/2025-consensus-big-board-the-top
2025,Cameron Williams,Texas,OT,92,12,112,https://www.wideleft.football/p/2025-consensus-big-board-the-top
2025,Kyle Kennard,South Carolina,ED,93,17,112,https://www.wideleft.football/p/2025-consensus-big-board-the-top
2025,Danny Stutsman,Oklahoma,LB,94,4,112,https://www.wideleft.football/p/2025-consensus-big-board-the-top
2025,Ashton Gillotte,Louisville,ED,95,18,112,https://www.wideleft.football/p/2025-consensus-big-board-the-top
2025,Billy Bowman Jr.,Oklahoma,S,96,6,112,https://www.wideleft.football/p/2025-consensus-big-board-the-top
2025,Savion Williams,TCU,WR,97,12,112,https://www.wideleft.football/p/2025-consensus-big-board-the-top
2025,Emery Jones Jr.,LSU,OT,98,13,112,https://www.wideleft.football/p/2025-consensus-big-board-the-top
2025,Tory Horton,Colorado State,WR,99,13,112,https://www.wideleft.football/p/2025-consensus-big-board-the-top
2025,RJ Harvey,UCF,RB,100,8,112,https://www.wideleft.football/p/2025-consensus-big-board-the-top
2025,Deone Walker,Kentucky,DL1T,101,4,112,https://www.wideleft.football/p/2025-consensus-big-board-the-top
2025,Nohl Williams,Cal,CB,102,11,112,https://www.wideleft.football/p/2025-consensus-big-board-the-top
2025,Damien Martinez,Miami,RB,103,9,112,https://www.wideleft.football/p/2025-consensus-big-board-the-top
2025,Gunnar Helm,Texas,TE,104,7,112,https://www.wideleft.football/p/2025-consensus-big-board-the-top
2025,CJ West,Indiana,DL1T,105,5,112,https://www.wideleft.football/p/2025-consensus-big-board-the-top
2025,Isaiah Bond,Texas,WR,106,14,112,https://www.wideleft.football/p/2025-consensus-big-board-the-top
2025,Quincy Riley,Louisville,CB,107,12,112,https://www.wideleft.football/p/2025-consensus-big-board-the-top
2025,Chris Paul Jr.,Mississippi,LB,108,5,112,https://www.wideleft.football/p/2025-consensus-big-board-the-top
2025,Bhayshul Tuten,Virginia Tech,RB,109,10,112,https://www.wideleft.football/p/2025-consensus-big-board-the-top
2025,Ty Robinson,Nebraska,DL5T,110,2,112,https://www.wideleft.football/p/2025-consensus-big-board-the-top
2025,DJ Giddens,Kansas State,RB,111,11,112,https://www.wideleft.football/p/2025-consensus-big-board-the-top
2025,Barrett Carter,Clemson,LB,112,6,112,https://www.wideleft.football/p/2025-consensus-big-board-the-top
2025,Jonas Sanker,Virginia,S,113,7,112,https://www.wideleft.football/p/2025-consensus-big-board-the-top
2025,Jamaree Caldwell,Oregon,DL1T,114,6,112,https://www.wideleft.football/p/2025-consensus-big-board-the-top
2025,Miles Frazier,LSU,OG,115,6,112,https://www.wideleft.football/p/2025-consensus-big-board-the-top
2025,Will Howard,Ohio State,QB,116,6,112,https://www.wideleft.football/p/2025-consensus-big-board-the-top
2025,Lathan Ransom,Ohio State,S,117,8,112,https://www.wideleft.football/p/2025-consensus-big-board-the-top
2025,Jordan Phillips,Maryland,DL3T,118,8,112,https://www.wideleft.football/p/2025-consensus-big-board-the-top
2025,Xavier Restrepo,Miami,WR,119,15,112,https://www.wideleft.football/p/2025-consensus-big-board-the-top
2025,Quinn Ewers,Texas,QB,120,7,112,https://www.wideleft.football/p/2025-consensus-big-board-the-top
2025,Devin Neal,Kansas,RB,121,12,112,https://www.wideleft.football/p/2025-consensus-big-board-the-top
2025,Jared Ivey,Mississippi,ED,122,19,112,https://www.wideleft.football/p/2025-consensus-big-board-the-top
2025,Smael Mondon Jr.,Georgia,LB,123,7,112,https://www.wideleft.football/p/2025-consensus-big-board-the-top
2025,Dorian Strong,Virginia Tech,CB,124,13,112,https://www.wideleft.football/p/2025-consensus-big-board-the-top
2025,Jeffrey Bassa,Oregon,LB,125,8,112,https://www.wideleft.football/p/2025-consensus-big-board-the-top
2025,Sai'vion Jones,LSU,ED,126,20,112,https://www.wideleft.football/p/2025-consensus-big-board-the-top
2025,David Walker,Central Arkansas,ED,127,21,112,https://www.wideleft.football/p/2025-consensus-big-board-the-top
2025,Dylan Fairchild,Georgia,OG,128,7,112,https://www.wideleft.football/p/2025-consensus-big-board-the-top
2025,Tai Felton,Maryland,WR,129,16,112,https://www.wideleft.football/p/2025-consensus-big-board-the-top
2025,Cobee Bryant,Kansas,CB,130,14,112,https://www.wideleft.football/p/2025-consensus-big-board-the-top
2025,Kyle McCord,Syracuse,QB,131,8,112,https://www.wideleft.football/p/2025-consensus-big-board-the-top
2025,Aeneas Peebles,Virginia Tech,DL3T,132,9,112,https://www.wideleft.football/p/2025-consensus-big-board-the-top
2025,Tez Johnson,Oregon,WR,133,17,112,https://www.wideleft.football/p/2025-consensus-big-board-the-top
2025,Barryn Sorrell,Texas,ED,134,22,112,https://www.wideleft.football/p/2025-consensus-big-board-the-top
2025,Denzel Burke,Ohio State,CB,135,15,112,https://www.wideleft.football/p/2025-consensus-big-board-the-top
2025,Jordan James,Oregon,RB,136,13,112,https://www.wideleft.football/p/2025-consensus-big-board-the-top
2025,Vernon Broughton,Texas,DL3T,137,10,112,https://www.wideleft.football/p/2025-consensus-big-board-the-top
2025,Trevor Etienne,Georgia,RB,138,14,112,https://www.wideleft.football/p/2025-consensus-big-board-the-top
2025,Elijah Roberts,SMU,ED,139,23,112,https://www.wideleft.football/p/2025-consensus-big-board-the-top
2025,Caleb Ransaw,Tulane,CB,140,16,112,https://www.wideleft.football/p/2025-consensus-big-board-the-top
2025,Jack Kiser,Notre Dame,LB,141,9,112,https://www.wideleft.football/p/2025-consensus-big-board-the-top
2025,Brashard Smith,SMU,RB,142,15,112,https://www.wideleft.football/p/2025-consensus-big-board-the-top
2025,Logan Brown,Kansas,OT,143,14,112,https://www.wideleft.football/p/2025-consensus-big-board-the-top
2025,Cody Simon,Ohio State,LB,144,10,112,https://www.wideleft.football/p/2025-consensus-big-board-the-top
2025,Jaydon Blue,Texas,RB,145,16,112,https://www.wideleft.football/p/2025-consensus-big-board-the-top
2025,Jalen Rivers,Miami,OT,146,15,112,https://www.wideleft.football/p/2025-consensus-big-board-the-top
2025,Zy Alexander,LSU,CB,147,17,112,https://www.wideleft.football/p/2025-consensus-big-board-the-top
2025,Malachi Moore,Alabama,S,148,9,112,https://www.wideleft.football/p/2025-consensus-big-board-the-top
2025,JJ Pegues,Mississippi,DL3T,149,11,112,https://www.wideleft.football/p/2025-consensus-big-board-the-top
2025,Sebastian Castro,Iowa,S,150,10,112,https://www.wideleft.football/p/2025-consensus-big-board-the-top
2025,Mitchell Evans,Notre Dame,TE,151,8,112,https://www.wideleft.football/p/2025-consensus-big-board-the-top
2025,Tyler Baron,Miami,ED,152,24,112,https://www.wideleft.football/p/2025-consensus-big-board-the-top
2025,Chase Lundt,UConn,OT,153,16,112,https://www.wideleft.football/p/2025-consensus-big-board-the-top
2025,Jaylen Reed,Penn State,S,154,11,112,https://www.wideleft.football/p/2025-consensus-big-board-the-top
2025,Ty Hamilton,Ohio State,DL1T,155,7,112,https://www.wideleft.football/p/2025-consensus-big-board-the-top
2025,Ollie Gordon II,Oklahoma State,RB,156,17,112,https://www.wideleft.football/p/2025-consensus-big-board-the-top
2025,Jaylin Lane,Virginia Tech,WR,157,18,112,https://www.wideleft.football/p/2025-consensus-big-board-the-top
2025,Dont'e Thornton Jr.,Tennessee,WR,158,19,112,https://www.wideleft.football/p/2025-consensus-big-board-the-top
2025,Zah Frazier,UTSA,CB,159,18,112,https://www.wideleft.football/p/2025-consensus-big-board-the-top
2025,Jarquez Hunter,Auburn,RB,160,18,112,https://www.wideleft.football/p/2025-consensus-big-board-the-top
2025,Cam Jackson,Florida,DL1T,161,8,112,https://www.wideleft.football/p/2025-consensus-big-board-the-top
2025,Jalen Travis,Iowa State,OT,162,17,112,https://www.wideleft.football/p/2025-consensus-big-board-the-top
2025,Pat Bryant,Illinois,WR,163,20,112,https://www.wideleft.football/p/2025-consensus-big-board-the-top
2025,Ajani Cornelius,Oregon,OT,164,18,112,https://www.wideleft.football/p/2025-consensus-big-board-the-top
2025,Jackson Slater,Sacramento State,OC,165,2,112,https://www.wideleft.football/p/2025-consensus-big-board-the-top
2025,Seth McLaughlin,Ohio State,OC,166,3,112,https://www.wideleft.football/p/2025-consensus-big-board-the-top
2025,Oronde Gadsden II,Syracuse,TE,167,9,112,https://www.wideleft.football/p/2025-consensus-big-board-the-top
2025,Dillon Gabriel,Oregon,QB,168,9,112,https://www.wideleft.football/p/2025-consensus-big-board-the-top
2025,Antwaun Powell-Ryland,Virginia Tech,ED,169,25,112,https://www.wideleft.football/p/2025-consensus-big-board-the-top
2025,Tyrion Ingram-Dawkins,Georgia,DL5T,170,3,112,https://www.wideleft.football/p/2025-consensus-big-board-the-top
2025,Isaac TeSlaa,Arkansas,WR,171,21,112,https://www.wideleft.football/p/2025-consensus-big-board-the-top
2025,LeQuint Allen,Syracuse,RB,172,19,112,https://www.wideleft.football/p/2025-consensus-big-board-the-top
2025,Upton Stout,Western Kentucky,CB,173,19,112,https://www.wideleft.football/p/2025-consensus-big-board-the-top
2025,Caleb Rogers,Texas Tech,OT,174,19,112,https://www.wideleft.football/p/2025-consensus-big-board-the-top
2025,Tommi Hill,Nebraska,CB,175,20,112,https://www.wideleft.football/p/2025-consensus-big-board-the-top
2025,Kobe King,Penn State,LB,176,11,112,https://www.wideleft.football/p/2025-consensus-big-board-the-top
2025,Teddye Buchanan,Cal,LB,177,12,112,https://www.wideleft.football/p/2025-consensus-big-board-the-top
2025,Rylie Mills,Notre Dame,DL5T,178,4,112,https://www.wideleft.football/p/2025-consensus-big-board-the-top
2025,Riley Leonard,Notre Dame,QB,179,10,112,https://www.wideleft.football/p/2025-consensus-big-board-the-top
2025,Luke Kandra,Cincinnati,OG,180,8,112,https://www.wideleft.football/p/2025-consensus-big-board-the-top
2025,Jordan Hancock,Ohio State,S,181,12,112,https://www.wideleft.football/p/2025-consensus-big-board-the-top
2025,Que Robinson,Alabama,ED,182,26,112,https://www.wideleft.football/p/2025-consensus-big-board-the-top
2025,R.J. Mickens,Clemson,S,183,13,112,https://www.wideleft.football/p/2025-consensus-big-board-the-top
2025,Jake Briningstool,Clemson,TE,184,10,112,https://www.wideleft.football/p/2025-consensus-big-board-the-top
2025,Joshua Gray,Oregon State,OG,185,9,112,https://www.wideleft.football/p/2025-consensus-big-board-the-top
2025,Hollin Pierce,Rutgers,OT,186,20,112,https://www.wideleft.football/p/2025-consensus-big-board-the-top
2025,Jonah Monheim,USC,OC,187,4,112,https://www.wideleft.football/p/2025-consensus-big-board-the-top
2025,Bilhal Kone,Western Michigan,CB,188,21,112,https://www.wideleft.football/p/2025-consensus-big-board-the-top
2025,Nick Nash,San Jose State,WR,189,22,112,https://www.wideleft.football/p/2025-consensus-big-board-the-top
2025,Kyle Monangai,Rutgers,RB,190,20,112,https://www.wideleft.football/p/2025-consensus-big-board-the-top
2025,Tahj Brooks,Texas Tech,RB,191,21,112,https://www.wideleft.football/p/2025-consensus-big-board-the-top
2025,Nick Martin,Oklahoma State,LB,192,13,112,https://www.wideleft.football/p/2025-consensus-big-board-the-top
2025,Jack Nelson,Wisconsin,OT,193,21,112,https://www.wideleft.football/p/2025-consensus-big-board-the-top
2025,Justin Walley,Minnesota,CB,194,22,112,https://www.wideleft.football/p/2025-consensus-big-board-the-top
2025,Jah Joyner,Minnesota,ED,195,27,112,https://www.wideleft.football/p/2025-consensus-big-board-the-top
2025,Woody Marks,USC,RB,196,22,112,https://www.wideleft.football/p/2025-consensus-big-board-the-top
2025,Craig Woodson,Cal,S,197,14,112,https://www.wideleft.football/p/2025-consensus-big-board-the-top
2025,Jackson Hawes,Georgia Tech,TE,198,11,112,https://www.wideleft.football/p/2025-consensus-big-board-the-top
2025,Thomas Fidone II,Nebraska,TE,199,12,112,https://www.wideleft.football/p/2025-consensus-big-board-the-top
2025,Drew Kendall,Boston College,OC,200,5,112,https://www.wideleft.football/p/2025-consensus-big-board-the-top
2025,Jake Majors,Texas,OC,201,6,112,https://www.wideleft.football/p/2025-consensus-big-board-the-top
2025,Hunter Wohler,Wisconsin,S,202,15,112,https://www.wideleft.football/p/2025-consensus-big-board-the-top
2025,Chimere Dike,Florida,WR,203,23,112,https://www.wideleft.football/p/2025-consensus-big-board-the-top
2025,Luke Lachey,Iowa,TE,204,13,112,https://www.wideleft.football/p/2025-consensus-big-board-the-top
2025,Carson Vinson,Alabama A&M,OT,205,22,112,https://www.wideleft.football/p/2025-consensus-big-board-the-top
2025,KeAndre Lambert-Smith,Auburn,WR,206,24,112,https://www.wideleft.football/p/2025-consensus-big-board-the-top
2025,Raheim Sanders,South Carolina,RB,207,23,112,https://www.wideleft.football/p/2025-consensus-big-board-the-top
2025,Fadil Diggs,Syracuse,ED,208,28,112,https://www.wideleft.football/p/2025-consensus-big-board-the-top
2025,Ricky White III,UNLV,WR,209,25,112,https://www.wideleft.football/p/2025-consensus-big-board-the-top
2025,Mello Dotson,Kansas,CB,210,23,112,https://www.wideleft.football/p/2025-consensus-big-board-the-top
2025,Willie Lampkin,North Carolina,OG,211,10,112,https://www.wideleft.football/p/2025-consensus-big-board-the-top
2025,Collin Oliver,Oklahoma State,ED,212,29,112,https://www.wideleft.football/p/2025-consensus-big-board-the-top
2025,Shemar James,Florida,LB,213,14,112,https://www.wideleft.football/p/2025-consensus-big-board-the-top
2025,Jalin Conyers,Texas Tech,TE,214,14,112,https://www.wideleft.football/p/2025-consensus-big-board-the-top
2025,Clay Webb,Jacksonville State,OG,215,11,112,https://www.wideleft.football/p/2025-consensus-big-board-the-top
2025,Jaylin Smith,USC,CB,216,24,112,https://www.wideleft.football/p/2025-consensus-big-board-the-top
2025,Kaimon Rucker,North Carolina,ED,217,30,112,https://www.wideleft.football/p/2025-consensus-big-board-the-top
2025,Tonka Hemingway,South Carolina,DL3T,218,12,112,https://www.wideleft.football/p/2025-consensus-big-board-the-top
2025,Maxen Hook,Toledo,S,219,16,112,https://www.wideleft.football/p/2025-consensus-big-board-the-top
2025,Connor Colby,Iowa,OG,220,12,112,https://www.wideleft.football/p/2025-consensus-big-board-the-top
2025,Kain Medrano,UCLA,LB,221,15,112,https://www.wideleft.football/p/2025-consensus-big-board-the-top
2025,Yahya Black,Iowa,DL1T,222,9,112,https://www.wideleft.football/p/2025-consensus-big-board-the-top
2025,Cody Lindenberg,Minnesota,LB,223,16,112,https://www.wideleft.football/p/2025-consensus-big-board-the-top
2025,Dante Trader Jr.,Maryland,S,224,17,112,https://www.wideleft.football/p/2025-consensus-big-board-the-top
2025,Nazir Stackhouse,Georgia,DL1T,225,10,112,https://www.wideleft.football/p/2025-consensus-big-board-the-top
2025,Mac McWilliams,UCF,CB,226,25,112,https://www.wideleft.football/p/2025-consensus-big-board-the-top
2025,Elijhah Badger,Florida,WR,227,26,112,https://www.wideleft.football/p/2025-consensus-big-board-the-top
2025,Robert Longerbeam,Rutgers,CB,228,26,112,https://www.wideleft.football/p/2025-consensus-big-board-the-top
2025,Myles Hinton,Michigan,OT,229,23,112,https://www.wideleft.football/p/2025-consensus-big-board-the-top
2025,Kurtis Rourke,Indiana,QB,230,11,112,https://www.wideleft.football/p/2025-consensus-big-board-the-top
2025,Garrett Dellinger,LSU,OG,231,13,112,https://www.wideleft.football/p/2025-consensus-big-board-the-top
2025,Ahmed Hassanein,Boise State,ED,232,31,112,https://www.wideleft.football/p/2025-consensus-big-board-the-top
2025,Kalel Mullings,Michigan,RB,233,24,112,https://www.wideleft.football/p/2025-consensus-big-board-the-top
2025,Marques Sigle,Kansas State,S,234,18,112,https://www.wideleft.football/p/2025-consensus-big-board-the-top
2025,Jabbar Muhammad,Oregon,CB,235,27,112,https://www.wideleft.football/p/2025-consensus-big-board-the-top
2025,Jacory Croskey-Merritt,Arizona,RB,236,25,112,https://www.wideleft.football/p/2025-consensus-big-board-the-top
2025,Kitan Crawford,Nevada,S,237,19,112,https://www.wideleft.football/p/2025-consensus-big-board-the-top
2025,Jay Higgins,Iowa,LB,238,17,112,https://www.wideleft.football/p/2025-consensus-big-board-the-top
2025,Tyler Batty,BYU,ED,239,32,112,https://www.wideleft.football/p/2025-consensus-big-board-the-top
2025,Jay Toia,UCLA,DL1T,240,11,112,https://www.wideleft.football/p/2025-consensus-big-board-the-top
2025,Warren Brinson,Georgia,DL3T,241,13,112,https://www.wideleft.football/p/2025-consensus-big-board-the-top
2025,Andrew Armstrong,Arkansas,WR,242,27,112,https://www.wideleft.football/p/2025-consensus-big-board-the-top
2025,Jamon Dumas-Johnson,Kentucky,LB,243,18,112,https://www.wideleft.football/p/2025-consensus-big-board-the-top
2025,Jason Marshall Jr.,Florida,CB,244,28,112,https://www.wideleft.football/p/2025-consensus-big-board-the-top
2025,Howard Cross III,Notre Dame,DL3T,245,14,112,https://www.wideleft.football/p/2025-consensus-big-board-the-top
2025,Kaden Prather,Maryland,WR,246,28,112,https://www.wideleft.football/p/2025-consensus-big-board-the-top
2025,Ja'Corey Brooks,Louisville,WR,247,29,112,https://www.wideleft.football/p/2025-consensus-big-board-the-top
2025,Xavier Truss,Georgia,OT,248,24,112,https://www.wideleft.football/p/2025-consensus-big-board-the-top
2025,Brandon Crenshaw-Dickson,Florida,OT,249,25,112,https://www.wideleft.football/p/2025-consensus-big-board-the-top
2025,Eugene Asante,Auburn,LB,250,19,112,https://www.wideleft.football/p/2025-consensus-big-board-the-top
2025,Tim Smith,Alabama,DL1T,251,12,112,https://www.wideleft.football/p/2025-consensus-big-board-the-top
2025,Donovan Edwards,Michigan,RB,252,26,112,https://www.wideleft.football/p/2025-consensus-big-board-the-top
2025,Cam Horsley,Boston College,DL1T,253,13,112,https://www.wideleft.football/p/2025-consensus-big-board-the-top
2025,Shaun Dolac,Buffalo,LB,254,20,112,https://www.wideleft.football/p/2025-consensus-big-board-the-top
2025,O'Donnell Fortune,South Carolina,CB,255,29,112,https://www.wideleft.football/p/2025-consensus-big-board-the-top
2025,Max Brosmer,Minnesota,QB,256,12,112,https://www.wideleft.football/p/2025-consensus-big-board-the-top
2025,Arian Smith,Georgia,WR,257,30,112,https://www.wideleft.football/p/2025-consensus-big-board-the-top
2025,Kobe Hudson,UCF,WR,258,31,112,https://www.wideleft.football/p/2025-consensus-big-board-the-top
2025,Bryce Cabeldue,Kansas,OG,259,14,112,https://www.wideleft.football/p/2025-consensus-big-board-the-top
2025,Antwane Wells Jr.,Mississippi,WR,260,32,112,https://www.wideleft.football/p/2025-consensus-big-board-the-top
2025,Marcus Yarns,Delaware,RB,261,27,112,https://www.wideleft.football/p/2025-consensus-big-board-the-top
2025,Joshua Simon,South Carolina,TE,262,15,112,https://www.wideleft.football/p/2025-consensus-big-board-the-top
2025,CJ Dippre,Alabama,TE,263,16,112,https://www.wideleft.football/p/2025-consensus-big-board-the-top
2025,Eli Cox,Kentucky,OC,264,7,112,https://www.wideleft.football/p/2025-consensus-big-board-the-top
2025,Jared Harrison-Hunte,SMU,DL3T,265,15,112,https://www.wideleft.football/p/2025-consensus-big-board-the-top
2025,Benjamin Yurosek,Georgia,TE,266,17,112,https://www.wideleft.football/p/2025-consensus-big-board-the-top
2025,Bru McCoy,Tennessee,WR,267,33,112,https://www.wideleft.football/p/2025-consensus-big-board-the-top
2025,Alijah Huzzie,North Carolina,CB,268,30,112,https://www.wideleft.football/p/2025-consensus-big-board-the-top
2025,Francisco Mauigoa,Miami,LB,269,21,112,https://www.wideleft.football/p/2025-consensus-big-board-the-top
2025,Gavin Bartholomew,Pitt,TE,270,18,112,https://www.wideleft.football/p/2025-consensus-big-board-the-top
2025,Jimmy Horn Jr.,Colorado,WR,271,34,112,https://www.wideleft.football/p/2025-consensus-big-board-the-top
2025,Moliki Matavao,UCLA,TE,272,19,112,https://www.wideleft.football/p/2025-consensus-big-board-the-top
2025,BJ Adams,UCF,CB,273,31,112,https://www.wideleft.football/p/2025-consensus-big-board-the-top
2025,John Williams,Cincinnati,OT,274,26,112,https://www.wideleft.football/p/2025-consensus-big-board-the-top
2025,Zeek Biggers,Georgia Tech,DL1T,275,14,112,https://www.wideleft.football/p/2025-consensus-big-board-the-top
2025,Jermari Harris,Iowa,CB,276,32,112,https://www.wideleft.football/p/2025-consensus-big-board-the-top
2025,Sam Brown Jr.,Miami,WR,277,35,112,https://www.wideleft.football/p/2025-consensus-big-board-the-top
2025,Marcus Harris,Cal,CB,278,33,112,https://www.wideleft.football/p/2025-consensus-big-board-the-top
2025,LaJohntay Wester,Colorado,WR,279,36,112,https://www.wideleft.football/p/2025-consensus-big-board-the-top
2025,Brady Cook,Missouri,QB,280,13,112,https://www.wideleft.football/p/2025-consensus-big-board-the-top
2025,Korie Black,Oklahoma State,CB,281,34,112,https://www.wideleft.football/p/2025-consensus-big-board-the-top
2025,Dominic Lovett,Georgia,WR,282,37,112,https://www.wideleft.football/p/2025-consensus-big-board-the-top
2025,Corey Kiner,Cincinnati,RB,283,28,112,https://www.wideleft.football/p/2025-consensus-big-board-the-top
2025,Chandler Martin,Memphis,LB,284,22,112,https://www.wideleft.football/p/2025-consensus-big-board-the-top
2025,Elijah Ponder,Cal Poly,ED,285,33,112,https://www.wideleft.football/p/2025-consensus-big-board-the-top
2025,Phil Mafah,Clemson,RB,286,29,112,https://www.wideleft.football/p/2025-consensus-big-board-the-top
2025,Malik Verdon,Iowa State,S,287,20,112,https://www.wideleft.football/p/2025-consensus-big-board-the-top
2025,Dan Jackson,Georgia,S,288,21,112,https://www.wideleft.football/p/2025-consensus-big-board-the-top
2025,Da'Quan Felton,Virginia Tech,WR,289,38,112,https://www.wideleft.football/p/2025-consensus-big-board-the-top
2025,Konata Mumpfield,Pitt,WR,290,39,112,https://www.wideleft.football/p/2025-consensus-big-board-the-top
2025,Montrell Johnson Jr.,Florida,RB,291,30,112,https://www.wideleft.football/p/2025-consensus-big-board-the-top
2025,Jackson Woodard,UNLV,LB,292,23,112,https://www.wideleft.football/p/2025-consensus-big-board-the-top
2025,Isaiah Neyor,Nebraska,WR,293,40,112,https://www.wideleft.football/p/2025-consensus-big-board-the-top
2025,Carson Bruener,Washington,LB,294,24,112,https://www.wideleft.football/p/2025-consensus-big-board-the-top
2025,Joe Huber,Wisconsin,OG,295,15,112,https://www.wideleft.football/p/2025-consensus-big-board-the-top
2025,RJ Oben,Notre Dame,ED,296,34,112,https://www.wideleft.football/p/2025-consensus-big-board-the-top
2025,Simeon Barrow Jr.,Miami (FL),DL3T,297,16,112,https://www.wideleft.football/p/2025-consensus-big-board-the-top
2025,Junior Tafuna,Utah,DL1T,298,15,112,https://www.wideleft.football/p/2025-consensus-big-board-the-top
2025,Daniel Jackson,Minnesota,WR,299,41,112,https://www.wideleft.football/p/2025-consensus-big-board-the-top
2025,Marcus Wehr,Montana State,OG,300,16,112,https://www.wideleft.football/p/2025-consensus-big-board-the-top
2025,Jalen McLeod,Auburn,LB,301,35,112,https://www.wideleft.football/p/2025-consensus-big-board-the-top
2025,Jordan Watkins,Mississippi,WR,304,42,112,https://www.wideleft.football/p/2025-consensus-big-board-the-top
2025,Andres Borregales,Miami (FL),K,307,1,112,https://www.wideleft.football/p/2025-consensus-big-board-the-top
2025,Cam Miller,NDSU,QB,308,15,112,https://www.wideleft.football/p/2025-consensus-big-board-the-top
2025,Branson Taylor,Pitt,OT,314,29,112,https://www.wideleft.football/p/2025-consensus-big-board-the-top
2025,Hayden Conner,Texas,OG,318,19,112,https://www.wideleft.football/p/2025-consensus-big-board-the-top
2025,Rayuan Lane III,Navy,S,325,22,112,https://www.wideleft.football/p/2025-consensus-big-board-the-top
2025,Luke Newman,Michigan State,OG,337,21,112,https://www.wideleft.football/p/2025-consensus-big-board-the-top
2025,Jeremy Crawshaw,Florida,P,346,2,112,https://www.wideleft.football/p/2025-consensus-big-board-the-top
2025,Graham Mertz,Florida,QB,349,16,112,https://www.wideleft.football/p/2025-consensus-big-board-the-top
2025,Tyler Loop,Arizona,K,357,3,112,https://www.wideleft.football/p/2025-consensus-big-board-the-top
2025,Kyonte Hamilton,Rutgers,DL5T,367,18,112,https://www.wideleft.football/p/2025-consensus-big-board-the-top
2025,Marcus Bryant,Missouri,OT,375,33,112,https://www.wideleft.football/p/2025-consensus-big-board-the-top
2025,Robbie Ouzts,Alabama,TE,378,24,112,https://www.wideleft.football/p/2025-consensus-big-board-the-top
2025,Tommy Mellott,Montana State,WR,383,52,112,https://www.wideleft.football/p/2025-consensus-big-board-the-top
2025,Ruben Hyppolite II,Maryland,LB,401,31,112,https://www.wideleft.football/p/2025-consensus-big-board-the-top
2025,Mason Richman,Iowa,OT,410,38,112,https://www.wideleft.football/p/2025-consensus-big-board-the-top
2025,Donte Kent,Central Michigan,CB,442,47,112,https://www.wideleft.football/p/2025-consensus-big-board-the-top
2025,Micah Robinson,Tulane,CB,619,65,112,https://www.wideleft.football/p/2025-consensus-big-board-the-top
2025,Caleb Lohner,Utah,TE,642,36,112,https://www.wideleft.football/p/2025-consensus-big-board-the-top
2025,Tommy Akingbesote,Maryland,DL3T,370,19,112,https://www.wideleft.football/p/2025-consensus-big-board-the-top
2025,Julian Ashby,Vanderbilt,LS,552,4,112,https://www.wideleft.football/p/2025-consensus-big-board-the-top
2025,Junior Bergen,Montana,WR,573,80,112,https://www.wideleft.football/p/2025-consensus-big-board-the-top
2025,Trikweze Bridges,Florida,CB,402,35,112,https://www.wideleft.football/p/2025-consensus-big-board-the-top
2025,Kobee Minor,Memphis,CB,641,71,112,https://www.wideleft.football/p/2025-consensus-big-board-the-top
2026,Fernando Mendoza,Indiana,QB,1,1,134,https://wideleft.football/p/2026-nfl-draft-consensus-big-board
2026,Arvell Reese,Ohio State,LB,2,1,134,https://wideleft.football/p/2026-nfl-draft-consensus-big-board
2026,Jeremiyah Love,Notre Dame,RB,3,1,134,https://wideleft.football/p/2026-nfl-draft-consensus-big-board
2026,Caleb Downs,Ohio State,S,4,1,134,https://wideleft.football/p/2026-nfl-draft-consensus-big-board
2026,Sonny Styles,Ohio State,LB,5,2,134,https://wideleft.football/p/2026-nfl-draft-consensus-big-board
2026,Rueben Bain Jr.,Miami (FL),EDGE,6,1,134,https://wideleft.football/p/2026-nfl-draft-consensus-big-board
2026,David Bailey,Texas Tech,EDGE,7,2,134,https://wideleft.football/p/2026-nfl-draft-consensus-big-board
2026,Francis Mauigoa,Miami (FL),OT,8,1,134,https://wideleft.football/p/2026-nfl-draft-consensus-big-board
2026,Carnell Tate,Ohio State,WR,9,1,134,https://wideleft.football/p/2026-nfl-draft-consensus-big-board
2026,Mansoor Delane,LSU,CB,10,1,134,https://wideleft.football/p/2026-nfl-draft-consensus-big-board
2026,Spencer Fano,Utah,OT,11,2,134,https://wideleft.football/p/2026-nfl-draft-consensus-big-board
2026,Makai Lemon,USC,WR,12,2,134,https://wideleft.football/p/2026-nfl-draft-consensus-big-board
2026,Olaivavega Ioane,Penn State,OG,13,1,134,https://wideleft.football/p/2026-nfl-draft-consensus-big-board
2026,Jermod McCoy,Tennessee,CB,14,2,134,https://wideleft.football/p/2026-nfl-draft-consensus-big-board
2026,Jordyn Tyson,Arizona State,WR,15,3,134,https://wideleft.football/p/2026-nfl-draft-consensus-big-board
2026,Kenyon Sadiq,Oregon,TE,16,1,134,https://wideleft.football/p/2026-nfl-draft-consensus-big-board
2026,Dillon Thieneman,Oregon,S,17,2,134,https://wideleft.football/p/2026-nfl-draft-consensus-big-board
2026,Monroe Freeling,Georgia,OT,18,3,134,https://wideleft.football/p/2026-nfl-draft-consensus-big-board
2026,Kadyn Proctor,Alabama,OT,19,4,134,https://wideleft.football/p/2026-nfl-draft-consensus-big-board
2026,Keldric Faulk,Auburn,EDGE,20,3,134,https://wideleft.football/p/2026-nfl-draft-consensus-big-board
2026,Avieon Terrell,Clemson,CB,21,3,134,https://wideleft.football/p/2026-nfl-draft-consensus-big-board
2026,Akheem Mesidor,Miami (FL),EDGE,22,4,134,https://wideleft.football/p/2026-nfl-draft-consensus-big-board
2026,KC Concepcion,Texas A&M,WR,23,4,134,https://wideleft.football/p/2026-nfl-draft-consensus-big-board
2026,Emmanuel McNeil-Warren,Toledo,S,24,3,134,https://wideleft.football/p/2026-nfl-draft-consensus-big-board
2026,Omar Cooper Jr.,Indiana,WR,25,5,134,https://wideleft.football/p/2026-nfl-draft-consensus-big-board
2026,Peter Woods,Clemson,DL3T,26,1,134,https://wideleft.football/p/2026-nfl-draft-consensus-big-board
2026,Denzel Boston,Washington,WR,27,6,134,https://wideleft.football/p/2026-nfl-draft-consensus-big-board
2026,Caleb Lomu,Utah,OT,28,5,134,https://wideleft.football/p/2026-nfl-draft-consensus-big-board
2026,Kayden McDonald,Ohio State,DL1T,29,1,134,https://wideleft.football/p/2026-nfl-draft-consensus-big-board
2026,T.J. Parker,Clemson,EDGE,30,5,134,https://wideleft.football/p/2026-nfl-draft-consensus-big-board
2026,Blake Miller,Clemson,OT,31,6,134,https://wideleft.football/p/2026-nfl-draft-consensus-big-board
2026,Colton Hood,Tennessee,CB,32,4,134,https://wideleft.football/p/2026-nfl-draft-consensus-big-board
2026,Max Iheanachor,Arizona State,OT,33,7,134,https://wideleft.football/p/2026-nfl-draft-consensus-big-board
2026,Chris Johnson,San Diego State,CB,34,5,134,https://wideleft.football/p/2026-nfl-draft-consensus-big-board
2026,CJ Allen,Georgia,LB,35,3,134,https://wideleft.football/p/2026-nfl-draft-consensus-big-board
2026,Cashius Howell,Texas A&M,EDGE,36,6,134,https://wideleft.football/p/2026-nfl-draft-consensus-big-board
2026,Caleb Banks,Florida,DL1T,37,2,134,https://wideleft.football/p/2026-nfl-draft-consensus-big-board
2026,Ty Simpson,Alabama,QB,38,2,134,https://wideleft.football/p/2026-nfl-draft-consensus-big-board
2026,Zion Young,Missouri,EDGE,39,7,134,https://wideleft.football/p/2026-nfl-draft-consensus-big-board
2026,D'Angelo Ponds,Indiana,CB,40,6,134,https://wideleft.football/p/2026-nfl-draft-consensus-big-board
2026,Emmanuel Pregnon,Oregon,OG,41,2,134,https://wideleft.football/p/2026-nfl-draft-consensus-big-board
2026,Christen Miller,Georgia,DL1T,42,3,134,https://wideleft.football/p/2026-nfl-draft-consensus-big-board
2026,Jacob Rodriguez,Texas Tech,LB,43,4,134,https://wideleft.football/p/2026-nfl-draft-consensus-big-board
2026,Brandon Cisse,South Carolina,CB,44,7,134,https://wideleft.football/p/2026-nfl-draft-consensus-big-board
2026,Lee Hunter,Texas Tech,DL1T,45,4,134,https://wideleft.football/p/2026-nfl-draft-consensus-big-board
2026,Chase Bisontis,Texas A&M,OG,46,3,134,https://wideleft.football/p/2026-nfl-draft-consensus-big-board
2026,R Mason Thomas,Oklahoma,EDGE,47,8,134,https://wideleft.football/p/2026-nfl-draft-consensus-big-board
2026,Malachi Lawrence,UCF,EDGE,48,9,134,https://wideleft.football/p/2026-nfl-draft-consensus-big-board
2026,Anthony Hill Jr.,Texas,LB,49,5,134,https://wideleft.football/p/2026-nfl-draft-consensus-big-board
2026,Gabe Jacas,Illinois,EDGE,50,10,134,https://wideleft.football/p/2026-nfl-draft-consensus-big-board
2026,Germie Bernard,Alabama,WR,51,7,134,https://wideleft.football/p/2026-nfl-draft-consensus-big-board
2026,Jake Golday,Cincinnati,LB,52,6,134,https://wideleft.football/p/2026-nfl-draft-consensus-big-board
2026,Jadarian Price,Notre Dame,RB,53,2,134,https://wideleft.football/p/2026-nfl-draft-consensus-big-board
2026,Chris Bell,Louisville,WR,54,8,134,https://wideleft.football/p/2026-nfl-draft-consensus-big-board
2026,Keionte Scott,Miami (FL),CB,55,8,134,https://wideleft.football/p/2026-nfl-draft-consensus-big-board
2026,A.J. Haulcy,LSU,S,56,4,134,https://wideleft.football/p/2026-nfl-draft-consensus-big-board
2026,Chris Brazzell II,Tennessee,WR,57,9,134,https://wideleft.football/p/2026-nfl-draft-consensus-big-board
2026,Eli Stowers,Vanderbilt,TE,58,2,134,https://wideleft.football/p/2026-nfl-draft-consensus-big-board
2026,Keylan Rutledge,Georgia Tech,OG,59,4,134,https://wideleft.football/p/2026-nfl-draft-consensus-big-board
2026,Treydan Stukes,Arizona,CB,60,9,134,https://wideleft.football/p/2026-nfl-draft-consensus-big-board
2026,Keith Abney II,Arizona State,CB,61,10,134,https://wideleft.football/p/2026-nfl-draft-consensus-big-board
2026,Josiah Trotter,Missouri,LB,62,7,134,https://wideleft.football/p/2026-nfl-draft-consensus-big-board
2026,Derrick Moore,Michigan,EDGE,63,11,134,https://wideleft.football/p/2026-nfl-draft-consensus-big-board
2026,Zachariah Branch,Georgia,WR,64,10,134,https://wideleft.football/p/2026-nfl-draft-consensus-big-board
2026,Gennings Dunker,Iowa,OG,65,5,134,https://wideleft.football/p/2026-nfl-draft-consensus-big-board
2026,Antonio Williams,Clemson,WR,66,11,134,https://wideleft.football/p/2026-nfl-draft-consensus-big-board
2026,Caleb Tiernan,Northwestern,OT,67,8,134,https://wideleft.football/p/2026-nfl-draft-consensus-big-board
2026,Kyle Louis,Pitt,LB,68,8,134,https://wideleft.football/p/2026-nfl-draft-consensus-big-board
2026,Elijah Sarratt,Indiana,WR,69,12,134,https://wideleft.football/p/2026-nfl-draft-consensus-big-board
2026,Domonique Orange,Iowa State,DL1T,70,5,134,https://wideleft.football/p/2026-nfl-draft-consensus-big-board
2026,Max Klare,Ohio State,TE,71,3,134,https://wideleft.football/p/2026-nfl-draft-consensus-big-board
2026,Dani Dennis-Sutton,Penn State,EDGE,72,12,134,https://wideleft.football/p/2026-nfl-draft-consensus-big-board
2026,Malachi Fields,Notre Dame,WR,73,13,134,https://wideleft.football/p/2026-nfl-draft-consensus-big-board
2026,Mike Washington Jr.,Arkansas,RB,74,3,134,https://wideleft.football/p/2026-nfl-draft-consensus-big-board
2026,Ted Hurst,Georgia State,WR,75,14,134,https://wideleft.football/p/2026-nfl-draft-consensus-big-board
2026,Connor Lew,Auburn,OC,76,1,134,https://wideleft.football/p/2026-nfl-draft-consensus-big-board
2026,Joshua Josephs,Tennessee,EDGE,77,13,134,https://wideleft.football/p/2026-nfl-draft-consensus-big-board
2026,Romello Height,Texas Tech,EDGE,78,14,134,https://wideleft.football/p/2026-nfl-draft-consensus-big-board
2026,Bud Clark,TCU,S,79,5,134,https://wideleft.football/p/2026-nfl-draft-consensus-big-board
2026,Sam Hecht,Kansas State,OC,80,2,134,https://wideleft.football/p/2026-nfl-draft-consensus-big-board
2026,Davison Igbinosun,Ohio State,CB,81,11,134,https://wideleft.football/p/2026-nfl-draft-consensus-big-board
2026,Garrett Nussmeier,LSU,QB,82,3,134,https://wideleft.football/p/2026-nfl-draft-consensus-big-board
2026,Gracen Halton,Oklahoma,DL3T,83,2,134,https://wideleft.football/p/2026-nfl-draft-consensus-big-board
2026,Skyler Bell,UConn,WR,84,15,134,https://wideleft.football/p/2026-nfl-draft-consensus-big-board
2026,Jaishawn Barham,Michigan,EDGE,85,15,134,https://wideleft.football/p/2026-nfl-draft-consensus-big-board
2026,Chandler Rivers,Duke,CB,86,12,134,https://wideleft.football/p/2026-nfl-draft-consensus-big-board
2026,Bryce Lance,NDSU,WR,87,16,134,https://wideleft.football/p/2026-nfl-draft-consensus-big-board
2026,Zakee Wheatley,Penn State,S,88,6,134,https://wideleft.football/p/2026-nfl-draft-consensus-big-board
2026,Malik Muhammad,Texas,CB,89,13,134,https://wideleft.football/p/2026-nfl-draft-consensus-big-board
2026,Keyron Crawford,Auburn,EDGE,90,16,134,https://wideleft.football/p/2026-nfl-draft-consensus-big-board
2026,Jalon Kilgore,South Carolina,S,91,7,134,https://wideleft.football/p/2026-nfl-draft-consensus-big-board
2026,Kamari Ramsey,USC,S,92,8,134,https://wideleft.football/p/2026-nfl-draft-consensus-big-board
2026,Jake Slaughter,Florida,OC,93,3,134,https://wideleft.football/p/2026-nfl-draft-consensus-big-board
2026,Jonah Coleman,Washington,RB,94,4,134,https://wideleft.football/p/2026-nfl-draft-consensus-big-board
2026,Logan Jones,Iowa,OC,95,4,134,https://wideleft.football/p/2026-nfl-draft-consensus-big-board
2026,Deion Burks,Oklahoma,WR,96,17,134,https://wideleft.football/p/2026-nfl-draft-consensus-big-board
2026,Genesis Smith,Arizona,S,97,9,134,https://wideleft.football/p/2026-nfl-draft-consensus-big-board
2026,Darrell Jackson Jr.,Florida State,DL3T,98,3,134,https://wideleft.football/p/2026-nfl-draft-consensus-big-board
2026,De'Zhaun Stribling,Ole Miss,WR,99,18,134,https://wideleft.football/p/2026-nfl-draft-consensus-big-board
2026,Emmett Johnson,Nebraska,RB,100,5,134,https://wideleft.football/p/2026-nfl-draft-consensus-big-board
2026,Oscar Delp,Georgia,TE,101,4,134,https://wideleft.football/p/2026-nfl-draft-consensus-big-board
2026,Daylen Everette,Georgia,CB,102,14,134,https://wideleft.football/p/2026-nfl-draft-consensus-big-board
2026,Sam Roush,Stanford,TE,103,5,134,https://wideleft.football/p/2026-nfl-draft-consensus-big-board
2026,Julian Neal,Arkansas,CB,104,15,134,https://wideleft.football/p/2026-nfl-draft-consensus-big-board
2026,Austin Barber,Florida,OT,105,9,134,https://wideleft.football/p/2026-nfl-draft-consensus-big-board
2026,Jalen Farmer,Kentucky,OG,106,6,134,https://wideleft.football/p/2026-nfl-draft-consensus-big-board
2026,Devin Moore,Florida,CB,107,16,134,https://wideleft.football/p/2026-nfl-draft-consensus-big-board
2026,Chris McClellan,Missouri,DL3T,108,4,134,https://wideleft.football/p/2026-nfl-draft-consensus-big-board
2026,Brenen Thompson,Mississippi State,WR,109,19,134,https://wideleft.football/p/2026-nfl-draft-consensus-big-board
2026,Trey Zuhn III,Texas A&M,OC,110,5,134,https://wideleft.football/p/2026-nfl-draft-consensus-big-board
2026,Brian Parker II,Duke,OC,111,6,134,https://wideleft.football/p/2026-nfl-draft-consensus-big-board
2026,LT Overton,Alabama,EDGE,112,17,134,https://wideleft.football/p/2026-nfl-draft-consensus-big-board
2026,Ja'Kobi Lane,USC,WR,113,20,134,https://wideleft.football/p/2026-nfl-draft-consensus-big-board
2026,Carson Beck,Miami (FL),QB,114,4,134,https://wideleft.football/p/2026-nfl-draft-consensus-big-board
2026,Justin Joly,NC State,TE,115,6,134,https://wideleft.football/p/2026-nfl-draft-consensus-big-board
2026,Markel Bell,Miami (FL),OT,116,10,134,https://wideleft.football/p/2026-nfl-draft-consensus-big-board
2026,Deontae Lawson,Alabama,LB,117,9,134,https://wideleft.football/p/2026-nfl-draft-consensus-big-board
2026,Michael Trigg,Baylor,TE,118,7,134,https://wideleft.football/p/2026-nfl-draft-consensus-big-board
2026,Will Lee III,Texas A&M,CB,119,17,134,https://wideleft.football/p/2026-nfl-draft-consensus-big-board
2026,Tacario Davis,Washington,CB,120,18,134,https://wideleft.football/p/2026-nfl-draft-consensus-big-board
2026,Drew Allar,Penn State,QB,121,5,134,https://wideleft.football/p/2026-nfl-draft-consensus-big-board
2026,V.J. Payne,Kansas State,S,122,10,134,https://wideleft.football/p/2026-nfl-draft-consensus-big-board
2026,Kaleb Proctor,SE Louisiana,DL5T,123,1,134,https://wideleft.football/p/2026-nfl-draft-consensus-big-board
2026,Dametrious Crownover,Texas A&M,OT,124,11,134,https://wideleft.football/p/2026-nfl-draft-consensus-big-board
2026,Billy Schrauth,Notre Dame,OG,125,7,134,https://wideleft.football/p/2026-nfl-draft-consensus-big-board
2026,Eli Raridon,Notre Dame,TE,126,8,134,https://wideleft.football/p/2026-nfl-draft-consensus-big-board
2026,Cole Payton,NDSU,QB,127,6,134,https://wideleft.football/p/2026-nfl-draft-consensus-big-board
2026,Jack Endries,Texas,TE,128,9,134,https://wideleft.football/p/2026-nfl-draft-consensus-big-board
2026,Tyler Onyedim,Texas A&M,DL5T,129,2,134,https://wideleft.football/p/2026-nfl-draft-consensus-big-board
2026,Kaytron Allen,Penn State,RB,130,6,134,https://wideleft.football/p/2026-nfl-draft-consensus-big-board
2026,Kage Casey,Boise State,OG,131,8,134,https://wideleft.football/p/2026-nfl-draft-consensus-big-board
2026,Jude Bowry,Boston College,OT,132,12,134,https://wideleft.football/p/2026-nfl-draft-consensus-big-board
2026,Nick Singleton,Penn State,RB,133,7,134,https://wideleft.football/p/2026-nfl-draft-consensus-big-board
2026,Keyshaun Elliott,Arizona State,LB,134,10,134,https://wideleft.football/p/2026-nfl-draft-consensus-big-board
2026,Max Llewellyn,Iowa,EDGE,135,18,134,https://wideleft.football/p/2026-nfl-draft-consensus-big-board
2026,Travis Burke,Memphis,OT,136,13,134,https://wideleft.football/p/2026-nfl-draft-consensus-big-board
2026,Rayshaun Benny,Michigan,DL3T,137,5,134,https://wideleft.football/p/2026-nfl-draft-consensus-big-board
2026,Kaleb Elarms-Orr,TCU,LB,138,11,134,https://wideleft.football/p/2026-nfl-draft-consensus-big-board
2026,Harold Perkins Jr.,LSU,LB,139,12,134,https://wideleft.football/p/2026-nfl-draft-consensus-big-board
2026,Zane Durant,Penn State,DL3T,140,6,134,https://wideleft.football/p/2026-nfl-draft-consensus-big-board
2026,Ephesians Prysock,Washington,CB,141,19,134,https://wideleft.football/p/2026-nfl-draft-consensus-big-board
2026,Dontay Corleone,Cincinnati,DL1T,142,6,134,https://wideleft.football/p/2026-nfl-draft-consensus-big-board
2026,Jadon Canady,Oregon,CB,143,20,134,https://wideleft.football/p/2026-nfl-draft-consensus-big-board
2026,Demond Claiborne,Wake Forest,RB,144,8,134,https://wideleft.football/p/2026-nfl-draft-consensus-big-board
2026,Michael Taaffe,Texas,S,145,11,134,https://wideleft.football/p/2026-nfl-draft-consensus-big-board
2026,Beau Stephens,Iowa,OG,146,9,134,https://wideleft.football/p/2026-nfl-draft-consensus-big-board
2026,Bryce Boettcher,Oregon,LB,147,13,134,https://wideleft.football/p/2026-nfl-draft-consensus-big-board
2026,Taylen Green,Arkansas,QB,148,7,134,https://wideleft.football/p/2026-nfl-draft-consensus-big-board
2026,Aiden Fisher,Indiana,LB,149,14,134,https://wideleft.football/p/2026-nfl-draft-consensus-big-board
2026,Albert Regis,Texas A&M,DL3T,150,7,134,https://wideleft.football/p/2026-nfl-draft-consensus-big-board
2026,Charles Demmings,Stephen F. Austin,CB,151,21,134,https://wideleft.football/p/2026-nfl-draft-consensus-big-board
2026,Kevin Coleman Jr.,Missouri,WR,152,21,134,https://wideleft.football/p/2026-nfl-draft-consensus-big-board
2026,Tanner Koziol,Houston,TE,153,10,134,https://wideleft.football/p/2026-nfl-draft-consensus-big-board
2026,J.C. Davis,Illinois,OT,154,14,134,https://wideleft.football/p/2026-nfl-draft-consensus-big-board
2026,Zxavian Harris,Ole Miss,DL1T,155,7,134,https://wideleft.football/p/2026-nfl-draft-consensus-big-board
2026,Drew Shelton,Penn State,OT,156,15,134,https://wideleft.football/p/2026-nfl-draft-consensus-big-board
2026,Isaiah World,Oregon,OT,157,16,134,https://wideleft.football/p/2026-nfl-draft-consensus-big-board
2026,Marlin Klein,Michigan,TE,158,11,134,https://wideleft.football/p/2026-nfl-draft-consensus-big-board
2026,Josh Cameron,Baylor,WR,159,22,134,https://wideleft.football/p/2026-nfl-draft-consensus-big-board
2026,Anthony Lucas,USC,EDGE,160,19,134,https://wideleft.football/p/2026-nfl-draft-consensus-big-board
2026,Caden Curry,Ohio State,EDGE,161,20,134,https://wideleft.football/p/2026-nfl-draft-consensus-big-board
2026,Taurean York,Texas A&M,LB,162,15,134,https://wideleft.football/p/2026-nfl-draft-consensus-big-board
2026,Nate Boerkircher,Texas A&M,TE,163,12,134,https://wideleft.football/p/2026-nfl-draft-consensus-big-board
2026,Keagen Trost,Missouri,OG,164,10,134,https://wideleft.football/p/2026-nfl-draft-consensus-big-board
2026,Tim Keenan III,Alabama,DL1T,165,8,134,https://wideleft.football/p/2026-nfl-draft-consensus-big-board
2026,Hezekiah Masses,California,CB,166,22,134,https://wideleft.football/p/2026-nfl-draft-consensus-big-board
2026,Jimmy Rolder,Michigan,LB,167,16,134,https://wideleft.football/p/2026-nfl-draft-consensus-big-board
2026,Matt Gulbin,Michigan State,OC,168,7,134,https://wideleft.football/p/2026-nfl-draft-consensus-big-board
2026,Joe Royer,Cincinnati,TE,169,13,134,https://wideleft.football/p/2026-nfl-draft-consensus-big-board
2026,DeMonte Capehart,Clemson,DL3T,170,8,134,https://wideleft.football/p/2026-nfl-draft-consensus-big-board
2026,Cade Klubnik,Clemson,QB,171,8,134,https://wideleft.football/p/2026-nfl-draft-consensus-big-board
2026,Parker Brailsford,Alabama,OC,172,8,134,https://wideleft.football/p/2026-nfl-draft-consensus-big-board
2026,Dallen Bentley,Utah,TE,173,14,134,https://wideleft.football/p/2026-nfl-draft-consensus-big-board
2026,Nick Barrett,South Carolina,DL3T,174,9,134,https://wideleft.football/p/2026-nfl-draft-consensus-big-board
2026,Diego Pounds,Ole Miss,OT,175,17,134,https://wideleft.football/p/2026-nfl-draft-consensus-big-board
2026,Jager Burton,Kentucky,OC,176,9,134,https://wideleft.football/p/2026-nfl-draft-consensus-big-board
2026,Jakobe Thomas,Miami (FL),S,177,12,134,https://wideleft.football/p/2026-nfl-draft-consensus-big-board
2026,Reggie Virgil,Texas Tech,WR,178,23,134,https://wideleft.football/p/2026-nfl-draft-consensus-big-board
2026,Nadame Tucker,Western Michigan,EDGE,179,21,134,https://wideleft.football/p/2026-nfl-draft-consensus-big-board
2026,Jeremiah Wright,Auburn,OG,180,11,134,https://wideleft.football/p/2026-nfl-draft-consensus-big-board
2026,Bishop Fitzgerald,USC,S,181,13,134,https://wideleft.football/p/2026-nfl-draft-consensus-big-board
2026,Seth McGowan,Kentucky,RB,182,9,134,https://wideleft.football/p/2026-nfl-draft-consensus-big-board
2026,Dae'Quan Wright,Ole Miss,TE,183,15,134,https://wideleft.football/p/2026-nfl-draft-consensus-big-board
2026,Cyrus Allen,Cincinnati,WR,184,24,134,https://wideleft.football/p/2026-nfl-draft-consensus-big-board
2026,Jeff Caldwell,Cincinnati,WR,185,25,134,https://wideleft.football/p/2026-nfl-draft-consensus-big-board
2026,Eric McAlister,TCU,WR,186,26,134,https://wideleft.football/p/2026-nfl-draft-consensus-big-board
2026,Jalen Huskey,Maryland,S,187,14,134,https://wideleft.football/p/2026-nfl-draft-consensus-big-board
2026,Mason Reiger,Wisconsin,EDGE,188,22,134,https://wideleft.football/p/2026-nfl-draft-consensus-big-board
2026,Jack Kelly,BYU,LB,189,17,134,https://wideleft.football/p/2026-nfl-draft-consensus-big-board
2026,Le'Veon Moss,Texas A&M,RB,190,10,134,https://wideleft.football/p/2026-nfl-draft-consensus-big-board
2026,Febechi Nwaiwu,Oklahoma,OG,191,12,134,https://wideleft.football/p/2026-nfl-draft-consensus-big-board
2026,Pat Coogan,Indiana,OC,192,10,134,https://wideleft.football/p/2026-nfl-draft-consensus-big-board
2026,Ar'Maj Reed-Adams,Texas A&M,OG,193,13,134,https://wideleft.football/p/2026-nfl-draft-consensus-big-board
2026,Tyreak Sapp,Florida,DL5T,194,3,134,https://wideleft.football/p/2026-nfl-draft-consensus-big-board
2026,DJ Campbell,Texas,OG,195,14,134,https://wideleft.football/p/2026-nfl-draft-consensus-big-board
2026,Josh Cuevas,Alabama,TE,196,16,134,https://wideleft.football/p/2026-nfl-draft-consensus-big-board
2026,Red Murdock,Buffalo,LB,197,18,134,https://wideleft.football/p/2026-nfl-draft-consensus-big-board
2026,Justin Jefferson,Alabama,LB,198,19,134,https://wideleft.football/p/2026-nfl-draft-consensus-big-board
2026,Louis Moore,Indiana,S,199,15,134,https://wideleft.football/p/2026-nfl-draft-consensus-big-board
2026,Kendrick Law,Kentucky,WR,200,27,134,https://wideleft.football/p/2026-nfl-draft-consensus-big-board
2026,Eli Heidenreich,Navy,RB,201,11,134,https://wideleft.football/p/2026-nfl-draft-consensus-big-board
2026,CJ Daniels,Miami (FL),WR,202,28,134,https://wideleft.football/p/2026-nfl-draft-consensus-big-board
2026,Aamil Wagner,Notre Dame,OT,203,18,134,https://wideleft.football/p/2026-nfl-draft-consensus-big-board
2026,Adam Randall,Clemson,RB,204,12,134,https://wideleft.football/p/2026-nfl-draft-consensus-big-board
2026,Will Kacmarek,Ohio State,TE,205,17,134,https://wideleft.football/p/2026-nfl-draft-consensus-big-board
2026,Eric Rivers,Georgia Tech,WR,206,29,134,https://wideleft.football/p/2026-nfl-draft-consensus-big-board
2026,Trey Moore,Texas,EDGE,207,23,134,https://wideleft.football/p/2026-nfl-draft-consensus-big-board
2026,J'Mari Taylor,Virginia,RB,208,13,134,https://wideleft.football/p/2026-nfl-draft-consensus-big-board
2026,TJ Hall,Iowa,CB,209,23,134,https://wideleft.football/p/2026-nfl-draft-consensus-big-board
2026,Robert Spears-Jennings,Oklahoma,S,210,16,134,https://wideleft.football/p/2026-nfl-draft-consensus-big-board
2026,Domani Jackson,Alabama,CB,211,24,134,https://wideleft.football/p/2026-nfl-draft-consensus-big-board
2026,Anez Cooper,Miami (FL),OG,212,15,134,https://wideleft.football/p/2026-nfl-draft-consensus-big-board
2026,John Michael Gyllenborg,Wyoming,TE,213,18,134,https://wideleft.football/p/2026-nfl-draft-consensus-big-board
2026,Kaelon Black,Indiana,RB,214,14,134,https://wideleft.football/p/2026-nfl-draft-consensus-big-board
2026,Landon Robinson,Navy,DL5T,215,4,134,https://wideleft.football/p/2026-nfl-draft-consensus-big-board
2026,Thaddeus Dixon,North Carolina,CB,216,25,134,https://wideleft.football/p/2026-nfl-draft-consensus-big-board
2026,Lander Barton,Utah,LB,217,20,134,https://wideleft.football/p/2026-nfl-draft-consensus-big-board
2026,Logan Taylor,Boston College,OG,218,16,134,https://wideleft.football/p/2026-nfl-draft-consensus-big-board
2026,Caleb Douglas,Texas Tech,WR,219,30,134,https://wideleft.football/p/2026-nfl-draft-consensus-big-board
2026,Mikail Kamara,Indiana,EDGE,220,24,134,https://wideleft.football/p/2026-nfl-draft-consensus-big-board
2026,Micah Morris,Georgia,OG,221,17,134,https://wideleft.football/p/2026-nfl-draft-consensus-big-board
2026,Roman Hemby,Indiana,RB,222,15,134,https://wideleft.football/p/2026-nfl-draft-consensus-big-board
2026,Sawyer Robertson,Baylor,QB,223,9,134,https://wideleft.football/p/2026-nfl-draft-consensus-big-board
2026,Fa'alili Fa'amoe,Wake Forest,OT,224,19,134,https://wideleft.football/p/2026-nfl-draft-consensus-big-board
2026,Jaeden Roberts,Alabama,OG,225,18,134,https://wideleft.football/p/2026-nfl-draft-consensus-big-board
2026,Dalton Johnson,Arizona,S,226,17,134,https://wideleft.football/p/2026-nfl-draft-consensus-big-board
2026,Skyler Gill-Howard,Texas Tech,DL5T,227,5,134,https://wideleft.football/p/2026-nfl-draft-consensus-big-board
2026,Cole Wisniewski,Texas Tech,S,228,18,134,https://wideleft.football/p/2026-nfl-draft-consensus-big-board
2026,Malik Benson,Oregon,WR,229,31,134,https://wideleft.football/p/2026-nfl-draft-consensus-big-board
2026,Devon Marshall,NC State,CB,230,26,134,https://wideleft.football/p/2026-nfl-draft-consensus-big-board
2026,Vincent Anthony Jr.,Duke,EDGE,231,25,134,https://wideleft.football/p/2026-nfl-draft-consensus-big-board
2026,Carver Willis,Washington,OG,232,19,134,https://wideleft.football/p/2026-nfl-draft-consensus-big-board
2026,Colbie Young,Georgia,WR,233,32,134,https://wideleft.football/p/2026-nfl-draft-consensus-big-board
2026,Kendal Daniels,Oklahoma,LB,234,21,134,https://wideleft.football/p/2026-nfl-draft-consensus-big-board
2026,George Gumbs Jr.,Florida,EDGE,235,26,134,https://wideleft.football/p/2026-nfl-draft-consensus-big-board
2026,Wesley Williams,Duke,EDGE,236,27,134,https://wideleft.football/p/2026-nfl-draft-consensus-big-board
2026,Collin Wright,Stanford,CB,237,27,134,https://wideleft.football/p/2026-nfl-draft-consensus-big-board
2026,Logan Fano,Utah,EDGE,238,28,134,https://wideleft.football/p/2026-nfl-draft-consensus-big-board
2026,J. Michael Sturdivant,Florida,WR,239,33,134,https://wideleft.football/p/2026-nfl-draft-consensus-big-board
2026,Riley Nowakowski,Indiana,TE,240,19,134,https://wideleft.football/p/2026-nfl-draft-consensus-big-board
2026,Matthew Hibner,SMU,TE,241,20,134,https://wideleft.football/p/2026-nfl-draft-consensus-big-board
2026,Luke Altmyer,Illinois,QB,242,10,134,https://wideleft.football/p/2026-nfl-draft-consensus-big-board
2026,Fernando Carmona Jr.,Arkansas,OG,243,20,134,https://wideleft.football/p/2026-nfl-draft-consensus-big-board
2026,Jordan van den Berg,Georgia Tech,DL5T,244,6,134,https://wideleft.football/p/2026-nfl-draft-consensus-big-board
2026,Jaydn Ott,Oklahoma,RB,245,16,134,https://wideleft.football/p/2026-nfl-draft-consensus-big-board
2026,Alex Harkey,Oregon,OG,246,21,134,https://wideleft.football/p/2026-nfl-draft-consensus-big-board
2026,Eric Gentry,USC,LB,247,22,134,https://wideleft.football/p/2026-nfl-draft-consensus-big-board
2026,Jam Miller,Alabama,RB,248,17,134,https://wideleft.football/p/2026-nfl-draft-consensus-big-board
2026,Barion Brown,LSU,WR,249,34,134,https://wideleft.football/p/2026-nfl-draft-consensus-big-board
2026,Quintayvious Hutchins,Boston College,EDGE,250,29,134,https://wideleft.football/p/2026-nfl-draft-consensus-big-board
2026,Robert Henry Jr.,UTSA,RB,251,18,134,https://wideleft.football/p/2026-nfl-draft-consensus-big-board
2026,Cameron Ball,Arkansas,DL3T,252,10,134,https://wideleft.football/p/2026-nfl-draft-consensus-big-board
2026,Kaden Wetjen,Iowa,WR,253,35,134,https://wideleft.football/p/2026-nfl-draft-consensus-big-board
2026,Brandon Cleveland,NC State,DL3T,254,11,134,https://wideleft.football/p/2026-nfl-draft-consensus-big-board
2026,Xavier Nwankpa,Iowa,S,255,19,134,https://wideleft.football/p/2026-nfl-draft-consensus-big-board
2026,Aaron Anderson,LSU,WR,256,36,134,https://wideleft.football/p/2026-nfl-draft-consensus-big-board
2026,Tyren Montgomery,John Carroll,WR,257,37,134,https://wideleft.football/p/2026-nfl-draft-consensus-big-board
2026,DeShon Singleton,Nebraska,S,258,20,134,https://wideleft.football/p/2026-nfl-draft-consensus-big-board
2026,Bryson Eason,Tennessee,DL1T,259,9,134,https://wideleft.football/p/2026-nfl-draft-consensus-big-board
2026,Andre Fuller,Toledo,CB,260,28,134,https://wideleft.football/p/2026-nfl-draft-consensus-big-board
2026,Chase Roberts,BYU,WR,261,38,134,https://wideleft.football/p/2026-nfl-draft-consensus-big-board
2026,Toriano Pride Jr.,Missouri,CB,262,29,134,https://wideleft.football/p/2026-nfl-draft-consensus-big-board
2026,Lorenzo Styles Jr.,Ohio State,S,263,21,134,https://wideleft.football/p/2026-nfl-draft-consensus-big-board
2026,Lewis Bond,Boston College,WR,264,39,134,https://wideleft.football/p/2026-nfl-draft-consensus-big-board
2026,Zavion Thomas,LSU,WR,265,40,134,https://wideleft.football/p/2026-nfl-draft-consensus-big-board
2026,Deven Eastern,Minnesota,DL1T,266,10,134,https://wideleft.football/p/2026-nfl-draft-consensus-big-board
2026,Patrick Payton,LSU,EDGE,267,30,134,https://wideleft.football/p/2026-nfl-draft-consensus-big-board
2026,Lake McRee,USC,TE,268,21,134,https://wideleft.football/p/2026-nfl-draft-consensus-big-board
2026,Rene Konga,Louisville,DL5T,269,7,134,https://wideleft.football/p/2026-nfl-draft-consensus-big-board
2026,Noah Whittington,Oregon,RB,270,19,134,https://wideleft.football/p/2026-nfl-draft-consensus-big-board
2026,Rahsul Faison,South Carolina,RB,271,20,134,https://wideleft.football/p/2026-nfl-draft-consensus-big-board
2026,Desmond Reid,Pitt,RB,272,21,134,https://wideleft.football/p/2026-nfl-draft-consensus-big-board
2026,Jaren Kanak,Oklahoma,TE,273,22,134,https://wideleft.football/p/2026-nfl-draft-consensus-big-board
2026,Nolan Rucci,Penn State,OT,274,20,134,https://wideleft.football/p/2026-nfl-draft-consensus-big-board
2026,Xavian Sorey Jr.,Arkansas,LB,275,23,134,https://wideleft.football/p/2026-nfl-draft-consensus-big-board
2026,Harrison Wallace III,Ole Miss,WR,276,41,134,https://wideleft.football/p/2026-nfl-draft-consensus-big-board
2026,Diego Pavia,Vanderbilt,QB,277,11,134,https://wideleft.football/p/2026-nfl-draft-consensus-big-board
2026,Latrell McCutchin Sr.,Houston,CB,278,30,134,https://wideleft.football/p/2026-nfl-draft-consensus-big-board
2026,Haynes King,Georgia Tech,QB,279,12,134,https://wideleft.football/p/2026-nfl-draft-consensus-big-board
2026,Enrique Cruz Jr.,Kansas,OT,280,21,134,https://wideleft.football/p/2026-nfl-draft-consensus-big-board
2026,Wade Woodaz,Clemson,LB,281,24,134,https://wideleft.football/p/2026-nfl-draft-consensus-big-board
2026,Jordan Hudson,SMU,WR,282,42,134,https://wideleft.football/p/2026-nfl-draft-consensus-big-board
2026,Carsen Ryan,BYU,TE,283,23,134,https://wideleft.football/p/2026-nfl-draft-consensus-big-board
2026,Jaden Dugger,Louisiana,LB,284,25,134,https://wideleft.football/p/2026-nfl-draft-consensus-big-board
2026,Caden Barnett,Wyoming,OG,285,22,134,https://wideleft.football/p/2026-nfl-draft-consensus-big-board
2026,Aaron Graves,Iowa,DL3T,286,12,134,https://wideleft.football/p/2026-nfl-draft-consensus-big-board
2026,Dillon Bell,Georgia,WR,287,43,134,https://wideleft.football/p/2026-nfl-draft-consensus-big-board
2026,David Gusta,Kentucky,DL3T,288,13,134,https://wideleft.football/p/2026-nfl-draft-consensus-big-board
2026,Michael Heldman,Central Michigan,EDGE,289,31,134,https://wideleft.football/p/2026-nfl-draft-consensus-big-board
2026,Ethan Burke,Texas,EDGE,290,32,134,https://wideleft.football/p/2026-nfl-draft-consensus-big-board
2026,Brent Austin,California,CB,291,31,134,https://wideleft.football/p/2026-nfl-draft-consensus-big-board
2026,Jalon Daniels,Kansas,QB,292,13,134,https://wideleft.football/p/2026-nfl-draft-consensus-big-board
2026,Behren Morton,Texas Tech,QB,293,14,134,https://wideleft.football/p/2026-nfl-draft-consensus-big-board
2026,James Brockermeyer,Miami (FL),OC,294,11,134,https://wideleft.football/p/2026-nfl-draft-consensus-big-board
2026,Scooby Williams,Texas A&M,LB,295,26,134,https://wideleft.football/p/2026-nfl-draft-consensus-big-board
2026,Avery Smith,Toledo,CB,296,32,134,https://wideleft.football/p/2026-nfl-draft-consensus-big-board
2026,Namdi Obiazor,TCU,LB,297,27,134,https://wideleft.football/p/2026-nfl-draft-consensus-big-board
2026,Jalen Stroman,Notre Dame,S,298,22,134,https://wideleft.football/p/2026-nfl-draft-consensus-big-board
2026,Jack Pyburn,LSU,EDGE,299,33,134,https://wideleft.football/p/2026-nfl-draft-consensus-big-board
2026,Vinny Anthony II,Wisconsin,WR,300,44,134,https://wideleft.football/p/2026-nfl-draft-consensus-big-board
2026,Karson Sharar,Iowa,LB,301,28,134,https://wideleft.football/p/2026-nfl-draft-consensus-big-board
2026,Keyshawn James-Newby,New Mexico,EDGE,303,34,134,https://wideleft.football/p/2026-nfl-draft-consensus-big-board
2026,Seydou Traore,Mississippi State,TE,309,26,134,https://wideleft.football/p/2026-nfl-draft-consensus-big-board
2026,Evan Beerntsen,Northwestern,OG,315,24,134,https://wideleft.football/p/2026-nfl-draft-consensus-big-board
2026,Max Bredeson,Michigan,FB,317,1,134,https://wideleft.football/p/2026-nfl-draft-consensus-big-board
2026,Jackie Marshall,Baylor,DL5T,326,9,134,https://wideleft.football/p/2026-nfl-draft-consensus-big-board
2026,Emmanuel Henderson Jr.,Kansas,WR,338,46,134,https://wideleft.football/p/2026-nfl-draft-consensus-big-board
2026,Jackson Kuwatch,Miami (OH),LB,346,30,134,https://wideleft.football/p/2026-nfl-draft-consensus-big-board
2026,Bobby Jamison-Travis,Auburn,DL1T,351,13,134,https://wideleft.football/p/2026-nfl-draft-consensus-big-board
2026,Trey Smack,Florida,PK,352,1,134,https://wideleft.football/p/2026-nfl-draft-consensus-big-board
2026,Bauer Sharp,LSU,TE,355,30,134,https://wideleft.football/p/2026-nfl-draft-consensus-big-board
2026,Uar Bernard,Nigeria (IPP),DL3T,358,14,134,https://wideleft.football/p/2026-nfl-draft-consensus-big-board
2026,Ryan Eckley,Michigan State,P,360,2,134,https://wideleft.football/p/2026-nfl-draft-consensus-big-board
2026,Miles Scott,Illinois,S,361,27,134,https://wideleft.football/p/2026-nfl-draft-consensus-big-board
2026,Ethan Onianwa,Ohio State,OT,376,25,134,https://wideleft.football/p/2026-nfl-draft-consensus-big-board
2026,Tyre West,Tennessee,DL3T,378,10,134,https://wideleft.football/p/2026-nfl-draft-consensus-big-board
2026,Athan Kaliakmanis,Rutgers,QB,382,20,134,https://wideleft.football/p/2026-nfl-draft-consensus-big-board
2026,Jayden Williams,Ole Miss,OT,386,27,134,https://wideleft.football/p/2026-nfl-draft-consensus-big-board
2026,Tommy Doman,Florida,P,401,3,134,https://wideleft.football/p/2026-nfl-draft-consensus-big-board
2026,Zach Durfee,Washington,EDGE,412,45,134,https://wideleft.football/p/2026-nfl-draft-consensus-big-board
2026,Anterio Thompson,Washington,DL3T,433,19,134,https://wideleft.football/p/2026-nfl-draft-consensus-big-board
2026,Anthony Smith,East Carolina,WR,438,59,134,https://wideleft.football/p/2026-nfl-draft-consensus-big-board
2026,Karon Prunty,Wake Forest,CB,512,57,134,https://wideleft.football/p/2026-nfl-draft-consensus-big-board
2026,Gavin Gerhardt,Cincinnati,OC,612,26,134,https://wideleft.football/p/2026-nfl-draft-consensus-big-board
2026,Gabriel Rubio,Notre Dame,DL3T,635,35,134,https://wideleft.football/p/2026-nfl-draft-consensus-big-board
2026,C.J. Williams,Stanford,WR,678,87,134,https://wideleft.football/p/2026-nfl-draft-consensus-big-board
2026,Parker Hughes,Middle Tennessee State,LB,679,55,134,https://wideleft.football/p/2026-nfl-draft-consensus-big-board
2026,Michael Dansby,Arizona,CB,733,76,134,https://wideleft.football/p/2026-nfl-draft-consensus-big-board
