name,draft_year,position,college,conference_tier,combine_forty,combine_speed_score,games_college,production_score,draft_round,draft_grade,nfl_success,experience_years,pro_bowls,seasons_started,career_av
Sam Bradford,2010,QB,Oklahoma,2,4.79,38.75,,,1,0,1,9,0,5,44.0
Ndamukong Suh,2010,DT,Nebraska,3,5.03,40.0,,,1,0,1,13,5,12,100.0
Gerald McCoy,2010,DT,Oklahoma,2,5.04,38.75,,,1,0,1,12,6,10,69.0
Trent Williams,2010,OT,Oklahoma,2,4.81,92.94,,,1,0,1,16,12,15,109.0
Eric Berry,2010,DB,Tennessee,2,4.4,66.67,,,1,0,1,9,5,5,50.0
Russell Okung,2010,OT,Oklahoma State,3,5.18,49.41,,,1,0,1,11,2,9,56.0
Joe Haden,2010,DB,Florida,2,4.52,40.0,,,1,0,1,12,3,10,62.0
Rolando McClain,2010,LB,Alabama,1,4.68,34.0,,,1,0,1,6,0,5,25.0
C.J. Spiller,2010,RB,Clemson,1,4.37,71.67,,,1,0,1,8,1,3,34.0
Tyson Alualu,2010,DT,California,4,4.87,60.0,,,1,0,1,14,0,7,45.0
Anthony Davis,2010,OT,Rutgers,4,5.36,28.24,,,1,0,1,7,0,4,31.0
Ryan Mathews,2010,RB,Fresno State,7,4.37,71.67,,,1,0,1,7,1,5,44.0
Brandon Graham,2010,DE,Michigan,1,4.71,60.0,,,1,0,1,16,1,6,59.0
Earl Thomas,2010,DB,Texas,2,4.43,60.0,,,1,0,1,10,7,9,82.0
Jason Pierre-Paul,2010,DE,South Florida,6,4.71,60.0,,,1,0,1,16,3,11,74.0
Derrick Morgan,2010,DE,Georgia Tech,3,4.77,50.77,,,1,0,1,9,0,8,40.0
Mike Iupati,2010,OG,Idaho,10,5.24,41.33,,,1,0,1,11,4,10,67.0
Maurkice Pouncey,2010,C,Florida,2,5.25,46.67,,,1,0,1,11,9,9,78.0
Sean Weatherspoon,2010,LB,Missouri,4,4.62,46.0,,,1,0,0,8,0,2,22.0
Kareem Jackson,2010,DB,Alabama,1,4.4,66.67,,,1,0,1,15,0,12,52.0
Jermaine Gresham,2010,TE,Oklahoma,2,4.66,56.67,,,1,0,1,9,2,9,28.0
Demaryius Thomas,2010,WR,Georgia Tech,3,4.52,36.0,,,1,0,1,10,5,8,69.0
Bryan Bulaga,2010,OT,Iowa,3,5.2,47.06,,,1,0,1,12,0,9,56.0
Dez Bryant,2010,WR,Oklahoma State,3,4.52,36.0,,,1,0,1,11,3,7,61.0
Tim Tebow,2010,QB,Florida,2,4.71,48.75,,,1,0,0,3,0,1,12.0
Dan Williams,2010,DT,Tennessee,2,5.19,20.0,,,1,0,1,7,0,6,29.0
Devin McCourty,2010,DB,Rutgers,4,4.38,71.11,,,1,0,1,13,2,13,71.0
Jared Odrick,2010,DE,Penn State,2,5.03,10.77,,,1,0,1,7,0,3,29.0
Kyle Wilson,2010,DB,Boise State,7,4.43,60.0,,,1,0,0,6,0,2,16.0
Jahvid Best,2010,RB,California,4,4.34,76.67,,,1,0,0,2,0,2,13.0
Jerry Hughes,2010,DE,TCU,3,4.65,69.23,,,1,0,1,15,0,9,68.0
Patrick Robinson,2010,DB,Florida State,2,4.46,53.33,,,1,0,0,11,0,1,25.0
Rodger Saffold,2010,OT,Indiana,4,5.21,45.88,,,2,0,1,13,2,11,71.0
Chris Cook,2010,DB,Virginia,4,4.45,55.56,,,2,0,0,5,0,2,10.0
Brian Price,2010,DT,UCLA,5,5.12,28.75,,,2,0,0,2,0,1,4.0
Dexter McCluster,2010,WR,Ole Miss,3,4.53,34.0,,,2,0,1,7,1,1,21.0
Nate Allen,2010,DB,South Florida,6,4.5,44.44,,,2,0,1,8,0,5,29.0
T.J. Ward,2010,DB,Oregon,2,4.56,31.11,,,2,0,1,8,3,7,41.0
Arrelious Benn,2010,WR,Illinois,4,4.57,26.0,,,2,0,0,8,0,2,8.0
Koa Misi,2010,LB,Utah,3,4.75,20.0,,,2,0,1,7,0,6,30.0
Torell Troup,2010,DT,UCF,4,5.12,28.75,,,2,0,0,2,0,0,2.0
Rob Gronkowski,2010,TE,Arizona,4,4.68,53.33,,,2,0,1,12,5,11,78.0
Sergio Kindle,2010,LB,Texas,2,4.65,40.0,,,2,0,0,3,0,0,0.0
Lamarr Houston,2010,DE,Texas,2,4.84,40.0,,,2,0,1,8,0,5,31.0
Zane Beadles,2010,OG,Utah,3,5.28,36.0,,,2,0,1,9,1,7,53.0
Linval Joseph,2010,DT,East Carolina,6,5.09,32.5,,,2,0,1,15,2,11,70.0
Daryl Washington,2010,LB,TCU,3,4.58,54.0,,,2,0,1,4,1,4,34.0
Jimmy Clausen,2010,QB,Notre Dame,2,4.76,42.5,,,2,0,0,6,0,1,3.0
Taylor Mays,2010,DB,USC,2,4.31,86.67,,,2,0,0,6,0,0,9.0
Javier Arenas,2010,DB,Alabama,1,4.6,22.22,,,2,0,0,5,0,1,9.0
Toby Gerhart,2010,RB,Stanford,3,4.5,50.0,,,2,0,0,6,0,0,16.0
Jason Worilds,2010,DE,Virginia Tech,3,4.65,69.23,,,2,0,0,5,0,2,22.0
Jermaine Cunningham,2010,LB,Florida,2,4.89,0.0,,,2,0,0,4,0,1,8.0
Carlos Dunlap,2010,DE,Florida,2,4.68,64.62,,,2,0,1,13,2,7,67.0
Sean Lee,2010,LB,Penn State,2,4.71,28.0,,,2,0,1,11,2,7,53.0
Mike Neal,2010,DE,Purdue,4,4.87,35.38,,,2,0,0,6,0,2,17.0
Terrence Cody,2010,DT,Alabama,1,5.71,0.0,,,2,0,0,5,0,1,14.0
Ben Tate,2010,RB,Auburn,2,4.34,76.67,,,2,0,0,5,0,0,14.0
Montario Hardesty,2010,RB,Tennessee,2,4.49,51.67,,,2,0,0,3,0,0,4.0
Golden Tate,2010,WR,Notre Dame,2,4.42,56.0,,,2,0,1,11,1,7,58.0
Vlad Ducasse,2010,OT,Massachusetts,10,5.21,45.88,,,2,0,1,9,0,4,21.0
Brandon Spikes,2010,LB,Florida,2,5.05,0.0,,,2,0,1,7,0,5,25.0
Pat Angerer,2010,LB,Iowa,3,4.71,28.0,,,2,0,1,4,0,3,18.0
Charles Brown,2010,OT,USC,2,5.21,45.88,,,2,0,0,6,0,1,15.0
Jerome Murphy,2010,DB,South Florida,6,4.5,44.44,,,3,1,0,4,0,0,3.0
Amari Spievey,2010,DB,Iowa,3,4.52,40.0,,,3,1,0,3,0,2,11.0
Myron Lewis,2010,DB,Vanderbilt,4,4.42,62.22,,,3,1,0,3,0,0,1.0
Jon Asamoah,2010,OG,Illinois,4,5.07,64.0,,,3,1,1,5,0,4,21.0
Jared Veldheer,2010,OT,Hillsdale,10,5.06,63.53,,,3,1,1,11,0,8,45.0
Ed Dickson,2010,TE,Oregon,2,4.59,68.33,,,3,1,1,9,0,7,16.0
Morgan Burnett,2010,DB,Georgia Tech,3,4.51,42.22,,,3,1,1,10,0,8,32.0
Alex Carrington,2010,DE,Arkansas State,3,4.92,27.69,,,3,1,0,6,0,1,7.0
John Jerry,2010,OT,Ole Miss,3,5.15,52.94,,,3,1,1,10,0,6,40.0
D'Anthony Smith,2010,DT,Louisiana Tech,5,5.01,42.5,,,3,1,0,6,0,0,1.0
Major Wright,2010,DB,Florida,2,4.44,57.78,,,3,1,1,7,0,3,20.0
Chad Jones,2010,DB,LSU,1,4.59,24.44,,,3,1,0,0,0,0,0.0
Damian Williams,2010,WR,USC,2,4.52,36.0,,,3,1,0,5,0,1,10.0
Brandon LaFell,2010,WR,LSU,1,4.58,24.0,,,3,1,1,9,0,5,43.0
Donald Butler,2010,LB,Washington,2,4.61,48.0,,,3,1,1,7,0,5,29.0
J.D. Walton,2010,C,Baylor,3,5.19,54.67,,,3,1,1,6,0,3,22.0
Earl Mitchell,2010,DT,Arizona,4,4.75,75.0,,,3,1,1,10,0,4,29.0
Emmanuel Sanders,2010,WR,SMU,6,4.4,60.0,,,3,1,1,12,2,9,63.0
Corey Peters,2010,DT,Kentucky,4,4.98,46.25,,,3,1,1,13,0,9,49.0
Jordan Shipley,2010,WR,Texas,2,4.6,20.0,,,3,1,0,3,0,0,7.0
Colt McCoy,2010,QB,Texas,2,4.79,38.75,,,3,1,0,13,0,2,17.0
Daniel Te'o-Nesheim,2010,DE,Washington,2,4.73,56.92,,,3,1,0,4,0,2,12.0
Eric Decker,2010,WR,Minnesota,4,4.54,32.0,,,3,1,1,8,0,5,45.0
Andre Roberts,2010,WR,The Citadel,10,4.4,60.0,,,3,1,1,13,3,2,24.0
Armanti Edwards,2010,WR,Appalachian State,8,4.41,58.0,,,3,1,0,4,0,0,1.0
Taylor Price,2010,WR,Ohio,8,4.4,60.0,,,3,1,0,2,0,0,1.0
NaVorro Bowman,2010,LB,Penn State,2,4.7,30.0,,,3,1,1,8,3,5,71.0
Shawn Lauvao,2010,OG,Arizona State,3,5.22,44.0,,,3,1,1,9,0,7,36.0
Tony Moeaki,2010,TE,Iowa,3,4.69,51.67,,,3,1,0,6,0,2,10.0
Kevin Thomas,2010,DB,USC,2,4.41,64.44,,,3,1,0,2,0,0,2.0
Jimmy Graham,2010,TE,Miami (FL),2,4.53,78.33,,,3,1,1,14,5,10,61.0
Brandon Ghee,2010,DB,Wake Forest,4,4.37,73.33,,,3,1,0,5,0,0,2.0
Rennie Curran,2010,LB,Georgia,1,4.75,20.0,,,3,1,0,1,0,0,1.0
Mike Johnson,2010,OG,Alabama,1,5.37,24.0,,,3,1,0,3,0,0,2.0
Mardy Gilyard,2010,WR,Cincinnati,4,4.61,18.0,,,4,1,0,3,0,0,1.0
Everson Griffen,2010,DE,USC,2,4.65,69.23,,,4,1,1,12,4,6,67.0
Mike Williams,2010,WR,Syracuse,4,4.53,34.0,,,4,1,1,5,0,3,25.0
Darryl Sharpton,2010,LB,Miami (FL),2,4.81,8.0,,,4,1,0,5,0,1,10.0
Perry Riley,2010,LB,LSU,1,4.69,32.0,,,4,1,1,7,0,6,30.0
Alterraun Verner,2010,DB,UCLA,5,4.52,40.0,,,4,1,1,8,1,4,33.0
Trevard Lindley,2010,DB,Kentucky,4,4.51,42.22,,,4,1,0,1,0,0,1.0
Bruce Campbell,2010,OT,Maryland,4,4.75,100.0,,,4,1,0,3,0,0,1.0
Marcus Easley,2010,WR,Connecticut,6,4.39,62.0,,,4,1,0,6,0,0,1.0
Jacoby Ford,2010,WR,Clemson,1,4.28,84.0,,,4,1,0,4,0,1,12.0
Corey Wootton,2010,DE,Northwestern,5,4.92,27.69,,,4,1,0,5,0,1,14.0
Darrell Stuckey,2010,DB,Kansas,10,4.46,53.33,,,4,1,1,7,1,0,8.0
Walter Thurmond,2010,DB,Oregon,2,4.53,37.78,,,4,1,0,6,0,1,12.0
Joe McKnight,2010,RB,USC,2,4.4,66.67,,,4,1,0,5,0,0,7.0
Aaron Hernandez,2010,TE,Florida,2,4.64,60.0,,,4,1,0,3,0,2,21.0
Dennis Pitta,2010,TE,BYU,5,4.68,53.33,,,4,1,0,7,0,1,16.0
Phillip Dillard,2010,LB,Nebraska,3,4.65,40.0,,,4,1,0,1,0,0,0.0
Thaddeus Gibson,2010,DE,Ohio State,1,4.78,49.23,,,4,1,0,2,0,0,0.0
Joe Hawley,2010,C,UNLV,10,5.21,52.0,,,4,1,1,8,0,3,27.0
Garrett Graham,2010,TE,Wisconsin,3,4.71,48.33,,,4,1,0,6,0,2,7.0
A.J. Edds,2010,LB,Iowa,3,4.62,46.0,,,4,1,0,5,0,0,1.0
Geno Atkins,2010,DT,Georgia,1,4.75,75.0,,,4,1,1,11,8,9,89.0
Keenan Clayton,2010,LB,Oklahoma,2,4.59,52.0,,,4,1,0,3,0,0,3.0
Mike Kafka,2010,QB,Northwestern,5,4.93,21.25,,,4,1,0,2,0,0,0.0
Al Woods,2010,DT,LSU,1,5.15,25.0,,,4,1,1,14,0,6,34.0
Eric Norwood,2010,LB,South Carolina,3,4.71,28.0,,,4,1,0,2,0,0,2.0
Clay Harbor,2010,TE,Missouri State,4,4.62,63.33,,,4,1,0,7,0,2,7.0
Akwasi Owusu-Ansah,2010,DB,Indiana (PA),4,4.32,84.44,,,4,1,0,4,0,0,1.0
E.J. Wilson,2010,DE,North Carolina,3,4.97,20.0,,,4,1,0,1,0,0,0.0
Jason Fox,2010,OT,Miami (FL),2,5.45,17.65,,,4,1,0,6,0,1,9.0
Jacques McClendon,2010,OG,Tennessee,2,,,,,4,1,0,6,0,0,3.0
O'Brien Schofield,2010,DE,Wisconsin,3,4.63,72.31,,,4,1,0,7,0,2,15.0
Roddrick Muckelroy,2010,LB,Texas,2,4.68,34.0,,,4,1,0,3,0,0,1.0
Michael Hoomanawanui,2010,TE,Illinois,4,4.77,38.33,,,5,2,1,8,0,3,5.0
Kam Chancellor,2010,DB,Virginia Tech,3,4.62,17.78,,,5,2,1,8,4,7,49.0
Ricky Sapp,2010,DE,Clemson,1,4.65,69.23,,,5,2,0,5,0,0,1.0
Dominique Franks,2010,DB,Oklahoma,2,4.46,53.33,,,5,2,0,5,0,0,6.0
Kendrick Lewis,2010,DB,Ole Miss,3,4.73,0.0,,,5,2,1,9,0,6,30.0
Perrish Cox,2010,DB,Oklahoma State,3,4.58,26.67,,,5,2,1,7,0,4,19.0
Walter McFadden,2010,DB,Auburn,2,,,,,5,2,0,1,0,0,0.0
John Conner,2010,RB,Kentucky,4,4.64,26.67,,,5,2,0,5,0,1,0.0
Ed Wang,2010,OT,Virginia Tech,3,5.18,49.41,,,5,2,0,1,0,0,0.0
Joshua Moore,2010,DB,Kansas State,4,4.5,44.44,,,5,2,0,1,0,0,0.0
Cameron Sheffield,2010,DE,Troy,8,4.92,27.69,,,5,2,0,3,0,0,1.0
Larry Hart,2010,DE,Central Arkansas,9,,,,,5,2,0,1,0,0,1.0
Sherrick McManis,2010,DB,Northwestern,5,4.48,48.89,,,5,2,0,11,0,0,9.0
Nolan Carroll,2010,DB,Maryland,4,4.42,62.22,,,5,2,1,8,0,4,20.0
Cam Thomas,2010,DT,North Carolina,3,5.16,23.75,,,5,2,0,8,0,2,16.0
Mitch Petrus,2010,OG,Arkansas,3,5.34,28.0,,,5,2,0,3,0,0,4.0
Robert Johnson,2010,DB,Utah,3,,,,,5,2,0,3,0,0,2.0
Hall Davis,2010,DE,Louisiana,8,4.84,40.0,,,5,2,0,3,0,0,0.0
Zoltan Mesko,2010,P,Michigan,1,4.79,32.31,,,5,2,0,4,0,0,6.0
Chris Scott,2010,OG,Tennessee,2,5.52,4.0,,,5,2,0,7,0,0,9.0
Otis Hudson,2010,OT,Eastern Illinois,10,,,,,5,2,0,0,0,0,0.0
Austen Lane,2010,DE,Murray State,10,,,,,5,2,0,4,0,2,7.0
Andrew Quarless,2010,TE,Penn State,2,4.68,53.33,,,5,2,0,6,0,2,9.0
John Skelton,2010,QB,Fordham,10,4.85,31.25,,,5,2,0,3,0,1,4.0
David Reed,2010,WR,Utah,3,4.56,28.0,,,5,2,0,4,0,0,2.0
Arthur Jones,2010,DE,Syracuse,4,5.04,9.23,,,5,2,0,8,0,2,18.0
Matt Tennant,2010,C,Boston College,4,5.15,60.0,,,5,2,0,3,0,0,3.0
Riley Cooper,2010,WR,Florida,2,4.53,34.0,,,5,2,1,6,0,3,17.0
Larry Asante,2010,DB,Nebraska,3,4.62,17.78,,,5,2,0,6,0,0,2.0
Chris DeGeare,2010,OG,Wake Forest,4,5.12,57.33,,,5,2,0,1,0,0,2.0
Brody Eldridge,2010,TE,Oklahoma,2,4.72,46.67,,,5,2,0,2,0,2,0.0
Reshad Jones,2010,DB,Georgia,1,4.51,42.22,,,5,2,1,10,2,8,44.0
Crezdon Butler,2010,DB,Clemson,1,4.43,60.0,,,5,2,0,7,0,0,2.0
Kerry Meier,2010,WR,Kansas,10,4.62,16.0,,,5,2,0,2,0,0,0.0
Stevenson Sylvester,2010,LB,Utah,3,4.71,28.0,,,5,2,0,4,0,0,6.0
Nate Triplett,2010,LB,Minnesota,4,4.7,30.0,,,5,2,0,2,0,0,0.0
Jonathan Crompton,2010,QB,Tennessee,2,,,,,5,2,0,0,0,0,0.0
Marshall Newhouse,2010,OG,TCU,3,4.99,74.67,,,5,2,1,11,0,4,40.0
Fendi Onobun,2010,TE,Arizona,4,,,,,6,2,0,2,0,0,0.0
Shann Schillinger,2010,DB,Montana,9,,,,,6,2,0,4,0,0,2.0
Brent Bowden,2010,P,Virginia Tech,3,4.8,30.77,,,6,2,0,0,0,0,0.0
Anthony Dixon,2010,RB,Mississippi State,3,4.67,21.67,,,6,2,0,6,0,0,7.0
Dennis Morris,2010,RB,Louisiana Tech,5,,,,,6,2,0,0,0,0,0.0
Greg Hardy,2010,DE,Ole Miss,3,4.82,43.08,,,6,2,1,6,1,4,33.0
Rusty Smith,2010,QB,Florida Atlantic,2,,,,,6,2,0,3,0,0,1.0
Carlton Mitchell,2010,WR,South Florida,6,4.46,48.0,,,6,2,0,2,0,0,0.0
Arthur Moats,2010,LB,James Madison,8,4.64,42.0,,,6,2,1,8,0,3,22.0
Sam Young,2010,OT,Notre Dame,2,5.2,47.06,,,6,2,0,11,0,1,16.0
Deji Karim,2010,RB,Southern Illinois,10,,,,,6,2,0,4,0,0,4.0
Dan LeFevour,2010,QB,Central Michigan,8,4.6,62.5,,,6,2,0,0,0,0,0.0
Nate Byham,2010,TE,Pittsburgh,3,4.97,5.0,,,6,2,0,4,0,0,0.0
Eric Olsen,2010,C,Notre Dame,2,5.25,46.67,,,6,2,0,5,0,0,3.0
Adrian Tracy,2010,DE,William & Mary,10,4.76,52.31,,,6,2,0,3,0,0,1.0
Anthony McCoy,2010,TE,USC,2,4.71,48.33,,,6,2,0,6,0,1,4.0
Clifton Geathers,2010,DE,South Carolina,3,4.98,18.46,,,6,2,0,5,0,0,3.0
Shelley Smith,2010,OG,Colorado State,7,5.03,69.33,,,6,2,0,5,0,0,7.0
Jonathan Dwyer,2010,RB,Georgia Tech,3,4.64,26.67,,,6,2,0,5,0,1,8.0
Eugene Sims,2010,DE,West Texas A&M,10,,,,,6,2,0,7,0,1,17.0
Travis Goethel,2010,LB,Arizona State,3,4.81,8.0,,,6,2,0,3,0,0,1.0
Dezmon Briscoe,2010,WR,Kansas,10,4.66,8.0,,,6,2,0,3,0,0,4.0
Danny Batten,2010,DE,South Dakota State,9,,,,,6,2,0,2,0,0,2.0
James Starks,2010,RB,Buffalo,8,4.5,50.0,,,6,2,0,7,0,0,26.0
Ramon Harewood,2010,OT,Morehouse,10,,,,,6,2,0,3,0,0,2.0
Antonio Brown,2010,WR,Central Michigan,8,4.56,28.0,,,6,2,1,12,7,7,92.0
Jamar Wall,2010,DB,Texas Tech,4,4.52,40.0,,,6,2,0,1,0,0,0.0
Trindon Holliday,2010,WR,LSU,1,4.34,72.0,,,6,2,0,5,0,0,4.0
David Gettis,2010,WR,Baylor,3,4.43,54.0,,,6,2,0,3,0,1,3.0
Joe Webb,2010,WR,UAB,6,,,,,6,2,0,11,0,0,4.0
Charles Scott,2010,RB,LSU,1,4.68,20.0,,,6,2,0,0,0,0,0.0
Jorrick Calvin,2010,DB,Troy,8,,,,,6,2,0,1,0,0,1.0
Jordan Pugh,2010,DB,Texas A&M,2,,,,,6,2,0,4,0,0,4.0
Scotty McGee,2010,DB,James Madison,8,,,,,6,2,0,0,0,0,0.0
Tony Pike,2010,QB,Cincinnati,4,4.9,25.0,,,6,2,0,1,0,0,0.0
Ted Larsen,2010,C,NC State,4,5.19,54.67,,,6,2,1,11,0,5,36.0
Kyle Williams,2010,WR,Arizona State,3,4.4,60.0,,,6,2,0,4,0,0,6.0
Myron Rolle,2010,DB,Florida State,2,4.59,24.44,,,6,2,0,0,0,0,0.0
Thomas Welch,2010,OT,Vanderbilt,4,5.42,21.18,,,7,2,0,4,0,0,2.0
Levi Brown,2010,QB,Troy,8,4.93,21.25,,,7,2,0,1,0,0,0.0
Cody Grimm,2010,DB,Virginia Tech,3,4.55,33.33,,,7,2,0,3,0,1,5.0
Marquis Johnson,2010,DB,Alabama,1,,,,,7,2,0,2,0,0,0.0
Chris McCoy,2010,DE,Middle Tenn. State,10,,,,,7,2,0,0,0,0,0.0
Willie Young,2010,DE,NC State,4,4.88,33.85,,,7,2,0,8,0,2,22.0
Mickey Shuler,2010,TE,Penn State,2,,,,,7,2,0,6,0,0,0.0
Jeremy Ware,2010,DB,Michigan State,3,,,,,7,2,0,1,0,0,1.0
Kyle Calloway,2010,OT,Iowa,3,5.46,16.47,,,7,2,0,0,0,0,0.0
Dekoda Watson,2010,LB,Florida State,2,4.55,60.0,,,7,2,0,10,0,0,11.0
J'Marcus Webb,2010,OT,West Texas A&M,10,,,,,7,2,1,11,0,4,29.0
Terrence Austin,2010,WR,UCLA,5,,,,,7,2,0,2,0,0,1.0
Jamar Chaney,2010,LB,Mississippi State,3,4.54,62.0,,,7,2,0,5,0,1,13.0
Matt Dodge,2010,P,East Carolina,6,,,,,7,2,0,1,0,0,2.0
Marc Mariani,2010,WR,Montana,9,,,,,7,2,1,7,1,0,5.0
R.J. Stanford,2010,DB,Utah,3,,,,,7,2,0,5,0,0,4.0
Phillip Adams,2010,DB,South Carolina State,3,,,,,7,2,0,6,0,0,9.0
Syd'Quan Thompson,2010,DB,California,4,4.75,0.0,,,7,2,0,1,0,0,1.0
George Selvie,2010,DE,South Florida,6,4.93,26.15,,,7,2,0,6,0,2,17.0
Dorin Dickerson,2010,WR,Pittsburgh,3,4.4,60.0,,,7,2,0,4,0,0,1.0
Reggie Stephens,2010,C,Iowa State,4,,,,,7,2,0,0,0,0,0.0
Erik Cook,2010,C,New Mexico,7,5.55,6.67,,,7,2,0,2,0,0,1.0
C.J. Wilson,2010,DE,East Carolina,6,4.83,41.54,,,7,2,0,7,0,2,13.0
Selvish Capers,2010,OT,West Virginia,4,5.11,57.65,,,7,2,0,3,0,0,0.0
Jammie Kirlew,2010,DE,Indiana,4,5.05,7.69,,,7,2,0,2,0,0,0.0
Jim Dray,2010,TE,Stanford,3,4.82,30.0,,,7,2,0,8,0,2,3.0
Sean Lissemore,2010,DT,William & Mary,10,,,,,7,2,0,6,0,2,13.0
Dedrick Epps,2010,TE,Miami (FL),2,4.7,50.0,,,7,2,0,3,0,0,0.0
Dexter Davis,2010,LB,Arizona State,3,4.62,46.0,,,7,2,0,2,0,0,1.0
Ryan D'Imperio,2010,RB,Rutgers,4,,,,,7,2,0,2,0,0,0.0
Ricardo Mathews,2010,DT,Cincinnati,4,,,,,7,2,0,7,0,0,14.0
Sean Canfield,2010,QB,Oregon State,4,4.93,21.25,,,7,2,0,0,0,0,0.0
Kavell Conner,2010,LB,Clemson,1,4.59,52.0,,,7,2,1,6,0,3,20.0
David Howard,2010,DT,Brown,10,,,,,7,2,0,0,0,0,0.0
Doug Worthington,2010,DT,Ohio State,1,5.02,41.25,,,7,2,0,6,0,0,0.0
Jeff Owens,2010,DT,Georgia,1,4.97,47.5,,,7,2,0,1,0,0,0.0
Kurt Coleman,2010,DB,Ohio State,1,4.55,33.33,,,7,2,1,10,1,6,33.0
Jameson Konz,2010,TE,Kent State,8,,,,,7,2,0,2,0,0,0.0
Ray Fisher,2010,DB,Indiana,4,,,,,7,2,0,0,0,0,0.0
Brandon Deaderick,2010,DE,Alabama,1,5.08,3.08,,,7,2,0,5,0,0,9.0
Kade Weston,2010,DT,Georgia,1,,,,,7,2,0,0,0,0,0.0
Robert McClain,2010,DB,Connecticut,6,,,,,7,2,0,8,0,1,14.0
Zac Robinson,2010,QB,Oklahoma State,3,4.68,52.5,,,7,2,0,0,0,0,0.0
Stevie Brown,2010,DB,Michigan,1,,,,,7,2,0,5,0,1,10.0
Austin Spitler,2010,LB,Ohio State,1,,,,,7,2,0,4,0,0,5.0
Erik Lorig,2010,DE,Stanford,3,4.86,36.92,,,7,2,0,5,0,1,2.0
Josh Hull,2010,LB,Penn State,2,4.93,0.0,,,7,2,0,4,0,0,3.0
Tim Toone,2010,WR,Weber State,10,,,,,7,2,0,0,0,0,0.0
Cam Newton,2011,QB,Auburn,2,4.56,67.5,,,1,0,1,11,3,9,115.0
Von Miller,2011,LB,Texas A&M,2,4.42,86.0,,,1,0,1,15,8,10,105.0
Marcell Dareus,2011,DT,Alabama,1,4.93,52.5,,,1,0,1,9,2,7,56.0
A.J. Green,2011,WR,Georgia,1,4.48,44.0,,,1,0,1,12,7,10,77.0
Patrick Peterson,2011,DB,LSU,1,4.31,86.67,,,1,0,1,13,8,13,103.0
Julio Jones,2011,WR,Alabama,1,4.34,72.0,,,1,0,1,13,7,9,101.0
Aldon Smith,2011,DE,Missouri,4,4.74,55.38,,,1,0,1,10,1,4,34.0
Jake Locker,2011,QB,Washington,2,4.51,73.75,,,1,0,0,4,0,1,15.0
Tyron Smith,2011,OT,USC,2,4.93,78.82,,,1,0,1,14,8,12,91.0
Blaine Gabbert,2011,QB,Missouri,4,4.61,61.25,,,1,0,0,13,0,2,17.0
J.J. Watt,2011,DE,Wisconsin,3,4.81,44.62,,,1,0,1,12,5,10,110.0
Christian Ponder,2011,QB,Florida State,2,4.63,58.75,,,1,0,1,4,0,3,22.0
Nick Fairley,2011,DT,Auburn,2,4.84,63.75,,,1,0,1,6,0,4,23.0
Robert Quinn,2011,DE,North Carolina,3,4.62,73.85,,,1,0,1,12,3,9,69.0
Mike Pouncey,2011,OG,Florida,2,5.12,57.33,,,1,0,1,9,4,7,52.0
Ryan Kerrigan,2011,DE,Purdue,4,4.67,66.15,,,1,0,1,11,4,9,63.0
Nate Solder,2011,OT,Colorado,3,4.96,75.29,,,1,0,1,11,0,9,64.0
Corey Liuget,2011,DT,Illinois,4,4.97,47.5,,,1,0,1,10,0,7,42.0
Prince Amukamara,2011,DB,Nebraska,3,4.38,71.11,,,1,0,1,9,0,8,36.0
Adrian Clayborn,2011,DE,Iowa,3,4.78,49.23,,,1,0,0,10,0,2,26.0
Phil Taylor,2011,DT,Baylor,3,5.09,32.5,,,1,0,0,4,0,2,19.0
Anthony Castonzo,2011,OT,Boston College,4,5.21,45.88,,,1,0,1,10,0,10,58.0
Danny Watkins,2011,OG,Baylor,3,5.36,25.33,,,1,0,0,3,0,1,9.0
Cameron Jordan,2011,DE,California,4,4.74,55.38,,,1,0,1,15,8,15,109.0
James Carpenter,2011,OT,Alabama,1,5.22,44.71,,,1,0,1,11,0,10,49.0
Jonathan Baldwin,2011,WR,Pittsburgh,3,4.49,42.0,,,1,0,0,3,0,1,4.0
Jimmy Smith,2011,DB,Colorado,3,4.42,62.22,,,1,0,1,11,0,5,33.0
Mark Ingram,2011,RB,Alabama,1,4.62,30.0,,,1,0,1,12,3,5,66.0
Gabe Carimi,2011,OT,Wisconsin,3,5.18,49.41,,,1,0,0,4,0,1,12.0
Muhammad Wilkerson,2011,DT,Temple,6,4.96,48.75,,,1,0,1,8,1,7,58.0
Cameron Heyward,2011,DE,Ohio State,1,4.95,23.08,,,1,0,1,15,7,13,115.0
Derek Sherrod,2011,OT,Mississippi State,3,5.18,49.41,,,1,0,0,4,0,0,3.0
Ras-I Dowling,2011,DB,Virginia,4,4.4,66.67,,,2,0,0,4,0,0,1.0
Aaron Williams,2011,DB,Texas,2,4.55,33.33,,,2,0,1,6,0,4,17.0
Andy Dalton,2011,QB,TCU,3,4.83,33.75,,,2,0,1,15,3,11,92.0
Colin Kaepernick,2011,QB,Nevada,7,4.53,71.25,,,2,0,1,6,0,4,45.0
Jabaal Sheard,2011,DE,Pittsburgh,3,4.68,64.62,,,2,0,1,11,0,7,47.0
Ryan Williams,2011,RB,Virginia Tech,3,4.59,35.0,,,2,0,0,2,0,0,1.0
Akeem Ayers,2011,LB,UCLA,5,4.81,8.0,,,2,0,1,7,0,4,28.0
Bruce Carter,2011,LB,North Carolina,3,4.57,56.0,,,2,0,1,8,0,3,20.0
Jarvis Jenkins,2011,DT,Clemson,1,5.03,40.0,,,2,0,1,8,0,3,23.0
Brooks Reed,2011,LB,Arizona,4,4.65,40.0,,,2,0,1,10,0,6,37.0
Kyle Rudolph,2011,TE,Notre Dame,2,4.83,28.33,,,2,0,1,12,2,10,36.0
Titus Young,2011,WR,Boise State,7,4.43,54.0,,,2,0,0,2,0,2,8.0
Rahim Moore,2011,DB,UCLA,5,4.58,26.67,,,2,0,1,5,0,3,20.0
Orlando Franklin,2011,OT,Miami (FL),2,5.11,57.65,,,2,0,1,7,0,6,42.0
Lance Kendricks,2011,TE,Wisconsin,3,4.65,58.33,,,2,0,1,9,0,6,16.0
Stefen Wisniewski,2011,C,Penn State,2,5.29,41.33,,,2,0,1,10,0,6,41.0
Ben Ijalana,2011,OT,Villanova,9,5.2,47.06,,,2,0,0,7,0,1,6.0
Marcus Gilchrist,2011,DB,Clemson,1,4.45,55.56,,,2,0,1,10,0,6,33.0
Da'Quan Bowers,2011,DE,Clemson,1,4.92,27.69,,,2,0,0,5,0,0,7.0
Marvin Austin,2011,DT,North Carolina,3,4.84,63.75,,,2,0,0,4,0,0,2.0
Stephen Paea,2011,DT,Oregon State,4,4.98,46.25,,,2,0,1,7,0,3,19.0
Jaiquawn Jarrett,2011,DB,Temple,6,4.62,17.78,,,2,0,0,5,0,0,5.0
Rodney Hudson,2011,C,Florida State,2,5.27,44.0,,,2,0,1,12,3,9,61.0
Shane Vereen,2011,RB,California,4,4.49,51.67,,,2,0,0,7,0,1,25.0
Mikel Leshoure,2011,RB,Illinois,4,4.56,40.0,,,2,0,0,3,0,1,5.0
Torrey Smith,2011,WR,Maryland,4,4.41,58.0,,,2,0,1,8,0,7,37.0
Greg Little,2011,WR,North Carolina,3,4.51,38.0,,,2,0,1,4,0,3,12.0
Brandon Harris,2011,DB,Miami (FL),2,4.46,53.33,,,2,0,0,4,0,0,3.0
Jonas Mouton,2011,LB,Michigan,1,4.84,2.0,,,2,0,0,2,0,0,0.0
Daniel Thomas,2011,RB,Kansas State,4,4.62,30.0,,,2,0,0,4,0,0,11.0
Marcus Gilbert,2011,OT,Florida,2,5.41,22.35,,,2,0,1,8,0,5,36.0
Randall Cobb,2011,WR,Kentucky,4,4.46,48.0,,,2,0,1,13,1,5,64.0
Terrell McClain,2011,DT,South Florida,6,4.98,46.25,,,3,1,0,9,0,2,17.0
Dontay Moch,2011,LB,Nevada,7,4.4,90.0,,,3,1,0,4,0,0,0.0
Nate Irving,2011,LB,NC State,4,4.74,22.0,,,3,1,0,5,0,1,9.0
Kelvin Sheppard,2011,LB,LSU,1,4.7,30.0,,,3,1,1,8,0,4,25.0
Rob Housler,2011,TE,Florida Atlantic,2,4.46,90.0,,,3,1,1,5,0,3,9.0
Justin Houston,2011,LB,Georgia,1,4.62,46.0,,,3,1,1,13,4,10,74.0
DeMarco Murray,2011,RB,Oklahoma,2,4.37,71.67,,,3,1,1,7,3,7,60.0
Martez Wilson,2011,LB,Illinois,4,4.42,86.0,,,3,1,0,3,0,0,2.0
Stevan Ridley,2011,RB,LSU,1,4.65,25.0,,,3,1,0,8,0,1,25.0
Ryan Mallett,2011,QB,Arkansas,3,5.37,0.0,,,3,1,0,7,0,0,4.0
John Moffitt,2011,OG,Wisconsin,3,5.51,5.33,,,3,1,0,3,0,1,6.0
Will Rackley,2011,OG,Lehigh,10,5.39,21.33,,,3,1,0,3,0,2,8.0
Jurrell Casey,2011,DT,USC,2,5.04,38.75,,,3,1,1,10,5,9,72.0
Austin Pettis,2011,WR,Boise State,7,4.56,28.0,,,3,1,0,4,0,0,8.0
Leonard Hankerson,2011,WR,Miami (FL),2,4.4,60.0,,,3,1,0,5,0,1,12.0
Chris Culliver,2011,DB,South Carolina,3,4.36,75.56,,,3,1,0,5,0,1,12.0
DeMarcus Van Dyke,2011,DB,Miami (FL),2,4.28,93.33,,,3,1,0,3,0,0,3.0
Vincent Brown,2011,WR,San Diego State,7,4.68,4.0,,,3,1,0,5,0,1,9.0
Jerrel Jernigan,2011,WR,Troy,8,4.46,48.0,,,3,1,0,4,0,0,2.0
Mason Foster,2011,LB,Washington,2,4.75,20.0,,,3,1,1,8,0,6,40.0
Jah Reid,2011,OT,UCF,4,5.32,32.94,,,3,1,0,6,0,2,10.0
Allen Bailey,2011,DE,Miami (FL),2,4.71,60.0,,,3,1,1,10,0,3,34.0
Drake Nevis,2011,DT,LSU,1,5.06,36.25,,,3,1,0,3,0,0,4.0
Johnny Patrick,2011,DB,Louisville,4,4.59,24.44,,,3,1,0,3,0,0,4.0
Shareece Wright,2011,DB,USC,2,4.41,64.44,,,3,1,0,8,0,2,21.0
Curtis Marsh,2011,DB,Utah State,7,4.42,62.22,,,3,1,0,3,0,0,1.0
Akeem Dent,2011,LB,Georgia,1,4.73,24.0,,,3,1,0,6,0,2,17.0
Joe Barksdale,2011,OT,LSU,1,5.31,34.12,,,3,1,1,8,0,5,35.0
Chris Conte,2011,DB,California,4,4.52,40.0,,,3,1,1,8,0,7,28.0
Kenrick Ellis,2011,DT,Hampton,10,5.19,20.0,,,3,1,0,5,0,0,10.0
Curtis Brown,2011,DB,Texas,2,4.51,42.22,,,3,1,0,3,0,0,2.0
Alex Green,2011,RB,Hawaii,7,4.45,58.33,,,3,1,0,3,0,0,5.0
Sione Fua,2011,DT,Stanford,3,5.28,8.75,,,3,1,0,4,0,1,5.0
Brandon Hogan,2011,DB,West Virginia,4,4.43,60.0,,,4,1,0,1,0,0,0.0
K.J. Wright,2011,LB,Mississippi State,3,4.71,28.0,,,4,1,1,11,1,10,64.0
Da'Norris Searcy,2011,DB,North Carolina,3,4.55,33.33,,,4,1,1,8,0,3,24.0
Clint Boling,2011,OG,Georgia,1,5.28,36.0,,,4,1,1,8,0,7,46.0
Jordan Cameron,2011,TE,USC,2,4.53,78.33,,,4,1,1,6,1,4,13.0
Sam Acho,2011,DE,Texas,2,4.67,66.15,,,4,1,1,9,0,4,30.0
Luke Stocker,2011,TE,Tennessee,2,4.68,53.33,,,4,1,1,11,0,7,5.0
Roy Helu,2011,RB,Nebraska,3,4.4,66.67,,,4,1,0,5,0,1,13.0
Christian Ballard,2011,DT,Iowa,3,4.75,75.0,,,4,1,0,2,0,0,3.0
Kris Durham,2011,WR,Georgia,1,,,,,4,1,0,4,0,1,5.0
Quinton Carter,2011,DB,Oklahoma,2,4.57,28.89,,,4,1,0,4,0,1,5.0
Colin McCarthy,2011,LB,Miami (FL),2,4.59,52.0,,,4,1,0,3,0,1,11.0
David Arkin,2011,OG,Missouri State,4,5.31,32.0,,,4,1,0,6,0,0,0.0
Clyde Gates,2011,WR,Abilene Christian,10,4.31,78.0,,,4,1,0,3,0,0,3.0
Greg Salas,2011,WR,Hawaii,7,4.53,34.0,,,4,1,0,6,0,0,4.0
Chimdi Chekwa,2011,DB,Ohio State,1,4.38,71.11,,,4,1,0,6,0,0,2.0
Cecil Shorts,2011,WR,Mount Union,10,4.5,40.0,,,4,1,1,6,0,4,19.0
Kendall Hunter,2011,RB,Oklahoma State,3,4.46,56.67,,,4,1,0,5,0,0,12.0
Casey Matthews,2011,LB,Oregon,2,4.78,14.0,,,4,1,0,4,0,1,10.0
James Brewer,2011,OT,Indiana,4,5.21,45.88,,,4,1,0,4,0,0,4.0
Jalil Brown,2011,DB,Colorado,3,4.52,40.0,,,4,1,0,5,0,0,4.0
Delone Carter,2011,RB,Syracuse,4,4.54,43.33,,,4,1,0,3,0,0,3.0
Alex Henery,2011,K,Nebraska,3,4.87,20.0,,,4,1,0,4,0,0,8.0
Chris Prosinski,2011,DB,Wyoming,7,,,,,4,1,0,7,0,0,10.0
Chris Hairston,2011,OT,Clemson,1,5.38,25.88,,,4,1,0,7,0,2,17.0
Tandon Doss,2011,WR,Indiana,4,4.62,16.0,,,4,1,0,3,0,0,4.0
Owen Marecic,2011,RB,Stanford,3,4.87,0.0,,,4,1,0,2,0,0,0.0
Taiwan Jones,2011,RB,Eastern Washington,10,4.33,78.33,,,4,1,0,13,0,0,3.0
Bilal Powell,2011,RB,Louisville,4,4.51,48.33,,,4,1,1,9,0,3,26.0
Roc Carmichael,2011,DB,Virginia Tech,3,4.41,64.44,,,4,1,0,3,0,0,2.0
Cortez Allen,2011,DB,The Citadel,10,4.5,44.44,,,4,1,0,5,0,0,10.0
Julius Thomas,2011,TE,Portland State,10,4.64,60.0,,,4,1,1,7,2,5,21.0
Jamie Harper,2011,RB,Clemson,1,4.53,45.0,,,4,1,0,2,0,0,1.0
Davon House,2011,DB,New Mexico State,7,4.44,57.78,,,4,1,0,8,0,2,17.0
Kealoha Pilares,2011,WR,Hawaii,7,4.42,56.0,,,5,2,0,2,0,0,1.0
Johnny White,2011,RB,North Carolina,3,4.5,50.0,,,5,2,0,2,0,0,0.0
Robert Sands,2011,DB,West Virginia,4,4.53,37.78,,,5,2,0,1,0,0,0.0
Ricky Stanzi,2011,QB,Iowa,3,4.87,28.75,,,5,2,0,0,0,0,0.0
Anthony Sherman,2011,RB,Connecticut,6,4.74,10.0,,,5,2,1,10,1,3,5.0
Buster Skrine,2011,DB,Chattanooga,10,4.37,73.33,,,5,2,1,11,0,4,35.0
Marcus Cannon,2011,OT,TCU,3,5.26,40.0,,,5,2,1,12,0,5,43.0
Brandon Burton,2011,DB,Southern Utah,10,4.5,44.44,,,5,2,0,3,0,0,1.0
Gabe Miller,2011,LB,Oregon State,4,,,,,5,2,0,4,0,0,0.0
D.J. Williams,2011,TE,Arkansas,3,4.59,68.33,,,5,2,0,3,0,0,4.0
Karl Klug,2011,DT,Iowa,3,4.85,62.5,,,5,2,0,7,0,0,13.0
Josh Thomas,2011,DB,Buffalo,8,4.46,53.33,,,5,2,0,5,0,0,7.0
Shiloh Keo,2011,DB,Idaho,10,4.74,0.0,,,5,2,0,6,0,1,8.0
Jacquizz Rodgers,2011,RB,Oregon State,4,4.59,35.0,,,5,2,0,8,0,0,24.0
DeJon Gomes,2011,DB,Nebraska,3,4.5,44.44,,,5,2,0,3,0,0,5.0
Rod Issac,2011,DB,Middle Tenn. State,10,,,,,5,2,0,1,0,0,0.0
Denarius Moore,2011,WR,Tennessee,2,4.43,54.0,,,5,2,1,5,0,3,15.0
Dion Lewis,2011,RB,Pittsburgh,3,4.56,40.0,,,5,2,1,10,0,2,31.0
Jason Pinkston,2011,OT,Pittsburgh,3,5.39,24.71,,,5,2,0,3,0,1,10.0
Ahmad Black,2011,DB,Florida,2,4.7,0.0,,,5,2,0,3,0,0,3.0
T.J. Yates,2011,QB,North Carolina,3,5.06,5.0,,,5,2,0,7,0,0,6.0
Jeremy Kerley,2011,WR,TCU,3,4.56,28.0,,,5,2,1,8,0,4,23.0
Richard Sherman,2011,DB,Stanford,3,4.54,35.56,,,5,2,1,11,5,9,97.0
Niles Paul,2011,WR,Nebraska,3,4.45,50.0,,,5,2,0,8,0,1,7.0
Mark LeGree,2011,DB,Appalachian State,8,4.49,46.67,,,5,2,0,0,0,0,0.0
Doug Hogue,2011,LB,Syracuse,4,4.62,46.0,,,5,2,0,2,0,0,2.0
Jermale Hines,2011,DB,Ohio State,1,4.59,24.44,,,5,2,0,1,0,0,0.0
Lee Smith,2011,TE,Marshall,8,4.94,10.0,,,5,2,1,11,0,4,5.0
Nathan Enderle,2011,QB,Idaho,10,5.12,0.0,,,5,2,0,0,0,0,0.0
Julian Vandervelde,2011,OG,Iowa,3,5.12,57.33,,,5,2,0,5,0,0,1.0
Chris Carter,2011,LB,Fresno State,7,4.58,54.0,,,5,2,0,7,0,0,6.0
Daniel Kilgore,2011,OG,Appalachian State,8,5.28,36.0,,,5,2,1,10,0,3,26.0
Chykie Brown,2011,DB,Texas,2,4.49,46.67,,,5,2,0,6,0,0,5.0
Pernell McPhee,2011,DE,Mississippi State,3,4.91,29.23,,,5,2,1,11,0,3,29.0
Lawrence Wilson,2011,LB,Central Connecticut State,10,4.71,28.0,,,6,2,0,0,0,0,0.0
Ryan Whalen,2011,WR,Stanford,3,4.53,34.0,,,6,2,0,3,0,0,0.0
Demarcus Love,2011,OL,Arkansas,3,5.18,43.53,,,6,2,0,0,0,0,0.0
Chris White,2011,LB,Mississippi State,3,4.65,40.0,,,6,2,0,4,0,0,3.0
Mistral Raymond,2011,DB,South Florida,6,,,,,6,2,0,3,0,0,4.0
Quan Sturdivant,2011,LB,North Carolina,3,4.75,20.0,,,6,2,0,0,0,0,0.0
Brandon Fusco,2011,C,Slippery Rock,10,5.18,56.0,,,6,2,1,8,0,6,35.0
Byron Maxwell,2011,DB,Clemson,1,4.43,60.0,,,6,2,1,7,0,3,22.0
Charles Clay,2011,TE,Tulsa,6,4.69,51.67,,,6,2,1,9,0,9,29.0
Byron Stingily,2011,OT,Louisville,4,,,,,6,2,0,4,0,0,4.0
Dwayne Harris,2011,WR,East Carolina,6,4.53,34.0,,,6,2,1,10,1,0,12.0
Evan Royster,2011,RB,Penn State,2,4.65,25.0,,,6,2,0,3,0,0,4.0
Aldrick Robinson,2011,WR,SMU,6,4.35,70.0,,,6,2,0,8,0,0,12.0
Caleb Schlauderaff,2011,OG,Southern Utah,10,5.18,49.33,,,6,2,0,3,0,0,1.0
Tyrod Taylor,2011,QB,Virginia Tech,3,4.47,78.75,,,6,2,1,15,1,3,50.0
Richard Gordon,2011,TE,Miami (FL),2,,,,,6,2,0,5,0,0,0.0
Ronald Johnson,2011,WR,USC,2,4.46,48.0,,,6,2,0,0,0,0,0.0
Jordan Todman,2011,RB,Connecticut,6,4.4,66.67,,,6,2,0,7,0,0,5.0
David Carter,2011,DT,UCLA,5,,,,,6,2,0,3,0,0,4.0
Greg Jones,2011,LB,Michigan State,3,4.75,20.0,,,6,2,0,2,0,0,3.0
D.J. Smith,2011,LB,Appalachian State,8,4.71,28.0,,,6,2,0,4,0,0,5.0
Allen Bradford,2011,RB,USC,2,4.53,45.0,,,6,2,0,5,0,0,1.0
Chris Rucker,2011,DB,Michigan State,3,4.54,35.56,,,6,2,0,1,0,0,2.0
Mike Mohamed,2011,LB,California,4,4.65,40.0,,,6,2,0,5,0,0,4.0
Colin Jones,2011,DB,TCU,3,,,,,6,2,0,9,0,0,12.0
Jason Kelce,2011,C,Cincinnati,4,4.89,94.67,,,6,2,1,13,7,12,102.0
Matthew Bosher,2011,K,Miami (FL),2,4.78,33.85,,,6,2,0,9,0,0,14.0
Brian Rolle,2011,LB,Ohio State,1,4.53,64.0,,,6,2,0,2,0,1,6.0
Markell Carter,2011,LB,Central Arkansas,9,,,,,6,2,0,0,0,0,0.0
J.T. Thomas,2011,LB,West Virginia,4,4.65,40.0,,,6,2,0,7,0,2,12.0
Keith Williams,2011,OG,Nebraska,3,5.28,36.0,,,6,2,0,2,0,0,0.0
Ricky Elmore,2011,DL,Arizona,4,4.88,52.5,,,6,2,0,0,0,0,0.0
Tyler Sash,2011,DB,Iowa,3,4.62,17.78,,,6,2,0,2,0,0,1.0
Jerrell Powe,2011,DT,Ole Miss,3,5.25,12.5,,,6,2,0,4,0,0,5.0
Ross Homan,2011,LB,Ohio State,1,4.66,38.0,,,6,2,0,0,0,0,0.0
Stephen Schilling,2011,OG,Michigan,1,5.18,49.33,,,6,2,0,4,0,0,5.0
Jacquian Williams,2011,LB,South Florida,6,,,,,6,2,0,4,0,1,13.0
Zachary Williams,2011,OL,Washington State,4,,,,,6,2,0,0,0,0,0.0
Virgil Green,2011,TE,Nevada,7,4.54,76.67,,,7,2,1,10,0,5,8.0
Pep Levingston,2011,DL,LSU,1,4.86,55.0,,,7,2,0,2,0,0,0.0
Justin Rogers,2011,DB,Richmond,9,4.45,55.56,,,7,2,0,5,0,0,4.0
Korey Lindsey,2011,DB,Southern Illinois,10,,,,,7,2,0,0,0,0,0.0
Greg McElroy,2011,QB,Alabama,1,4.84,32.5,,,7,2,0,2,0,0,1.0
Johnny Culbreath,2011,OL,South Carolina State,3,,,,,7,2,0,0,0,0,0.0
Andrew Jackson,2011,OL,Fresno State,7,5.27,32.94,,,7,2,0,0,0,0,0.0
Bruce Miller,2011,DE,UCF,4,4.81,44.62,,,7,2,1,10,0,5,7.0
Zach Clayton,2011,DT,Auburn,2,,,,,7,2,0,1,0,0,0.0
Brandyn Thompson,2011,DB,Boise State,7,4.5,44.44,,,7,2,0,1,0,0,1.0
Derek Newton,2011,OT,Arkansas State,3,5.0,70.59,,,7,2,1,8,0,4,28.0
D'Aundre Reed,2011,DE,Arizona,4,4.84,40.0,,,7,2,0,2,0,0,0.0
Mikail Baker,2011,DB,Baylor,3,,,,,7,2,0,0,0,0,0.0
Maurice Hurt,2011,OG,Florida,2,5.39,21.33,,,7,2,0,2,0,1,6.0
Ryan Taylor,2011,TE,North Carolina,3,,,,,7,2,0,4,0,0,0.0
Malcolm Williams,2011,DB,TCU,3,,,,,7,2,0,2,0,0,0.0
Shaun Chapas,2011,RB,Georgia,1,4.87,0.0,,,7,2,0,2,0,0,0.0
Da'Rel Scott,2011,RB,Maryland,4,4.4,66.67,,,7,2,0,3,0,0,1.0
Anthony Gaitor,2011,DB,Florida International,2,,,,,7,2,0,2,0,0,1.0
Shane Bannon,2011,RB,Yale,10,,,,,7,2,0,0,0,0,0.0
Markus White,2011,DE,Florida State,2,4.86,36.92,,,7,2,0,2,0,0,0.0
Anthony Allen,2011,RB,Georgia Tech,3,4.56,40.0,,,7,2,0,2,0,0,1.0
Greg Romeus,2011,DL,Pittsburgh,3,4.79,63.75,,,7,2,0,0,0,0,0.0
Scotty McKnight,2011,WR,Colorado,3,,,,,7,2,0,0,0,0,0.0
Jabara Williams,2011,LB,S.F. Austin,10,,,,,7,2,0,1,0,0,0.0
Jonathan Nelson,2011,DB,Oklahoma,2,,,,,7,2,0,1,0,0,1.0
Cliff Matthews,2011,DE,South Carolina,3,4.81,44.62,,,7,2,0,6,0,0,3.0
Frank Kearse,2011,DT,Alabama A&M,1,,,,,7,2,0,5,0,0,5.0
Baron Batch,2011,RB,Texas Tech,4,,,,,7,2,0,2,0,0,1.0
Lawrence Guy,2011,DT,Arizona State,3,4.96,48.75,,,7,2,1,14,0,7,63.0
Andrew Gachkar,2011,LB,Missouri,4,,,,,7,2,0,7,0,0,9.0
Jimmy Wilson,2011,DB,Montana,9,,,,,7,2,0,5,0,1,12.0
Stephen Burton,2011,WR,Long Beach CC,10,4.5,40.0,,,7,2,0,3,0,0,0.0
Greg Lloyd,2011,LB,Connecticut,6,4.8,10.0,,,7,2,0,2,0,0,0.0
Daniel Hardy,2011,TE,Idaho,10,4.78,36.67,,,7,2,0,0,0,0,0.0
Michael Person,2011,OG,Montana State,9,5.07,64.0,,,7,2,1,9,0,3,23.0
Stanley Havili,2011,RB,USC,2,4.64,26.67,,,7,2,0,3,0,1,1.0
David Ausberry,2011,WR,USC,2,,,,,7,2,0,4,0,0,1.0
Malcolm Smith,2011,LB,USC,2,,,,,7,2,1,11,0,2,32.0
Nate Bussey,2011,LB,Illinois,4,,,,,7,2,0,1,0,0,0.0
Lee Ziemba,2011,OT,Auburn,2,5.5,11.76,,,7,2,0,1,0,0,1.0
Michael Jasper,2011,DT,Bethel (TN),10,,,,,7,2,0,0,0,0,0.0
Jay Finley,2011,RB,Baylor,3,,,,,7,2,0,0,0,0,0.0
Jeremy Beal,2011,DL,Oklahoma,2,5.14,20.0,,,7,2,0,0,0,0,0.0
Eric Hagg,2011,DB,Nebraska,3,4.62,17.78,,,7,2,0,2,0,0,3.0
DeMarco Sampson,2011,WR,San Diego State,7,4.41,58.0,,,7,2,0,1,0,0,0.0
Curtis Holcomb,2011,DB,Florida A&M,2,,,,,7,2,0,0,0,0,0.0
Tommie Campbell,2011,DB,Pittsburgh,3,,,,,7,2,0,4,0,0,4.0
Bill Nagy,2011,OG,Wisconsin,3,,,,,7,2,0,1,0,0,2.0
Chris Neild,2011,DT,West Virginia,4,5.06,36.25,,,7,2,0,3,0,0,2.0
Cheta Ozougwu,2011,DE,Rice,6,4.84,40.0,,,7,2,0,3,0,0,0.0
Andrew Luck,2012,QB,Stanford,3,4.59,63.75,,,1,0,1,7,4,5,72.0
Robert Griffin III,2012,QB,Baylor,3,4.33,96.25,,,1,0,1,9,1,3,36.0
Trent Richardson,2012,RB,Alabama,1,4.48,53.33,,,1,0,1,3,0,3,17.0
Matt Kalil,2012,OT,USC,2,4.96,75.29,,,1,0,1,6,1,5,34.0
Justin Blackmon,2012,WR,Oklahoma State,3,4.46,48.0,,,1,0,0,2,0,1,9.0
Morris Claiborne,2012,DB,LSU,1,4.5,44.44,,,1,0,1,8,0,5,25.0
Mark Barron,2012,DB,Alabama,1,4.54,35.56,,,1,0,1,8,0,7,58.0
Ryan Tannehill,2012,QB,Texas A&M,2,4.65,56.25,,,1,0,1,12,1,10,91.0
Luke Kuechly,2012,LB,Boston College,4,4.58,54.0,,,1,0,1,8,7,8,91.0
Stephon Gilmore,2012,DB,South Carolina,3,4.38,71.11,,,1,0,1,13,5,12,75.0
Dontari Poe,2012,DT,Memphis,6,4.89,57.5,,,1,0,1,9,2,8,55.0
Fletcher Cox,2012,DT,Mississippi State,3,4.77,72.5,,,1,0,1,12,6,12,95.0
Michael Floyd,2012,WR,Notre Dame,2,4.4,60.0,,,1,0,1,7,0,3,28.0
Michael Brockers,2012,DT,LSU,1,5.31,5.0,,,1,0,1,11,0,10,58.0
Bruce Irvin,2012,DE,West Virginia,4,4.41,100.0,,,1,0,1,12,0,6,42.0
Quinton Coples,2012,DE,North Carolina,3,4.69,63.08,,,1,0,0,4,0,2,17.0
Dre Kirkpatrick,2012,DB,Alabama,1,4.5,44.44,,,1,0,1,10,0,5,31.0
Melvin Ingram,2012,DE,South Carolina,3,4.69,63.08,,,1,0,1,12,3,6,57.0
Shea McClellin,2012,DE,Boise State,7,4.62,73.85,,,1,0,1,5,0,3,17.0
Kendall Wright,2012,WR,Baylor,3,4.49,42.0,,,1,0,1,6,0,3,28.0
Chandler Jones,2012,DE,Syracuse,4,4.77,50.77,,,1,0,1,11,4,10,77.0
Brandon Weeden,2012,QB,Oklahoma State,3,4.89,26.25,,,1,0,0,7,0,1,13.0
Riley Reiff,2012,OT,Iowa,3,5.16,51.76,,,1,0,1,12,0,10,60.0
David DeCastro,2012,OG,Stanford,3,5.32,30.67,,,1,0,1,9,6,8,69.0
Dont'a Hightower,2012,LB,Alabama,1,4.62,46.0,,,1,0,1,10,2,8,65.0
Whitney Mercilus,2012,DE,Illinois,4,4.68,64.62,,,1,0,1,10,0,8,49.0
Kevin Zeitler,2012,OG,Wisconsin,3,5.32,30.67,,,1,0,1,14,1,14,67.0
Nick Perry,2012,DE,USC,2,4.55,84.62,,,1,0,1,7,0,3,22.0
Harrison Smith,2012,DB,Notre Dame,2,4.54,35.56,,,1,0,1,14,6,13,72.0
A.J. Jenkins,2012,WR,Illinois,4,4.37,66.0,,,1,0,0,3,0,0,2.0
Doug Martin,2012,RB,Boise State,7,4.46,56.67,,,1,0,1,7,2,7,39.0
David Wilson,2012,RB,Virginia Tech,3,4.38,70.0,,,1,0,0,2,0,0,5.0
Brian Quick,2012,WR,Appalachian State,8,4.5,40.0,,,2,0,0,7,0,0,11.0
Coby Fleener,2012,TE,Stanford,3,4.51,81.67,,,2,0,1,6,0,4,25.0
Courtney Upshaw,2012,LB,Alabama,1,4.74,22.0,,,2,0,1,6,0,3,27.0
Derek Wolfe,2012,DT,Cincinnati,4,4.93,52.5,,,2,0,1,9,0,9,48.0
Mitchell Schwartz,2012,OT,California,4,5.38,25.88,,,2,0,1,9,0,8,75.0
Andre Branch,2012,LB,Clemson,1,4.67,36.0,,,2,0,1,7,0,3,22.0
Jackrabbit Jenkins,2012,DB,North Alabama,10,4.41,64.44,,,2,0,1,11,1,10,52.0
Amini Silatolu,2012,OG,Midwestern State,10,5.33,29.33,,,2,0,0,7,0,1,18.0
Cordy Glenn,2012,OG,Georgia,1,5.08,62.67,,,2,0,1,8,0,6,38.0
Jonathan Martin,2012,OT,Stanford,3,5.27,38.82,,,2,0,0,3,0,2,14.0
Stephen Hill,2012,WR,Georgia Tech,3,4.36,68.0,,,2,0,0,2,0,2,4.0
Jeff Allen,2012,OT,Illinois,4,5.17,50.59,,,2,0,1,8,0,4,27.0
Alshon Jeffery,2012,WR,South Carolina,3,4.48,44.0,,,2,0,1,9,1,8,48.0
Mychal Kendricks,2012,LB,California,4,4.44,82.0,,,2,0,1,9,0,7,38.0
Bobby Wagner,2012,LB,Utah State,7,,,,,2,0,1,14,10,14,129.0
Tavon Wilson,2012,DB,Illinois,4,,,,,2,0,0,10,0,2,19.0
Kendall Reyes,2012,DT,Connecticut,6,4.82,66.25,,,2,0,1,5,0,3,22.0
Isaiah Pead,2012,RB,Cincinnati,4,4.39,68.33,,,2,0,0,5,0,0,1.0
Jerel Worthy,2012,DT,Michigan State,3,5.0,43.75,,,2,0,0,7,0,0,4.0
Zach Brown,2012,LB,North Carolina,3,4.44,82.0,,,2,0,1,8,1,5,41.0
Devon Still,2012,DT,Penn State,2,5.01,42.5,,,2,0,0,5,0,0,3.0
Ryan Broyles,2012,WR,Oklahoma,2,4.57,26.0,,,2,0,0,3,0,0,3.0
Peter Konz,2012,C,Wisconsin,3,5.16,58.67,,,2,0,0,3,0,2,16.0
Mike Adams,2012,OT,Ohio State,1,5.28,37.65,,,2,0,0,5,0,1,11.0
Brock Osweiler,2012,QB,Arizona State,3,4.83,33.75,,,2,0,0,7,0,1,14.0
Lavonte David,2012,LB,Nebraska,3,4.57,56.0,,,2,0,1,14,1,14,93.0
Vinny Curry,2012,DE,Marshall,8,4.87,35.38,,,2,0,0,11,0,1,22.0
Kelechi Osemele,2012,OT,Iowa State,4,5.22,44.71,,,2,0,1,9,2,6,47.0
LaMichael James,2012,RB,Oregon,2,4.35,75.0,,,2,0,0,4,0,0,2.0
Casey Hayward,2012,DB,Vanderbilt,4,4.47,51.11,,,2,0,1,11,2,7,50.0
Rueben Randle,2012,WR,LSU,1,4.55,30.0,,,2,0,0,4,0,2,21.0
Dwayne Allen,2012,TE,Clemson,1,4.85,25.0,,,3,1,1,7,0,4,12.0
Trumaine Johnson,2012,DB,Montana,9,4.5,44.44,,,3,1,1,8,0,5,30.0
Josh Robinson,2012,DB,UCF,4,4.29,91.11,,,3,1,0,8,0,1,10.0
Ronnie Hillman,2012,RB,San Diego State,7,4.42,63.33,,,3,1,0,5,0,1,17.0
DeVier Posey,2012,WR,Ohio State,1,4.39,62.0,,,3,1,0,3,0,0,2.0
T.J. Graham,2012,WR,NC State,4,4.34,72.0,,,3,1,0,4,0,1,7.0
Bryan Anger,2012,P,California,4,4.86,21.54,,,3,1,1,14,2,3,25.0
Josh LeRibeus,2012,OG,SMU,6,5.31,32.0,,,3,1,0,7,0,1,11.0
Olivier Vernon,2012,LB,Miami (FL),2,4.73,24.0,,,3,1,1,9,1,8,50.0
Brandon Taylor,2012,DB,LSU,1,4.52,40.0,,,3,1,0,1,0,0,1.0
Donald Stephenson,2012,OT,Oklahoma,2,4.94,77.65,,,3,1,0,6,0,1,18.0
Russell Wilson,2012,QB,Wisconsin,3,4.53,71.25,,,3,1,1,14,10,12,140.0
Brandon Brooks,2012,OG,Miami (OH),8,,,,,3,1,1,10,3,7,50.0
Demario Davis,2012,LB,Arkansas State,3,4.49,72.0,,,3,1,1,14,2,13,104.0
Michael Egnew,2012,TE,Missouri,4,4.52,80.0,,,3,1,0,2,0,0,0.0
Brandon Hardin,2012,DB,Oregon State,4,,,,,3,1,0,0,0,0,0.0
Jamell Fleming,2012,DB,Oklahoma,2,4.43,60.0,,,3,1,0,4,0,0,5.0
Tyrone Crawford,2012,DE,Boise State,7,4.82,43.08,,,3,1,1,9,0,5,34.0
Mike Martin,2012,DT,Michigan,1,4.8,68.75,,,3,1,0,4,0,0,6.0
Mohamed Sanu,2012,WR,Rutgers,4,4.62,16.0,,,3,1,1,10,0,5,41.0
Bernard Pierce,2012,RB,Temple,6,4.45,58.33,,,3,1,0,4,0,0,10.0
Bill Bentley,2012,DB,Louisiana,8,4.42,62.22,,,3,1,0,4,0,0,3.0
Sean Spence,2012,LB,Miami (FL),2,4.66,38.0,,,3,1,0,6,0,1,13.0
John Hughes,2012,DT,Cincinnati,4,5.32,3.75,,,3,1,0,6,0,0,10.0
Nick Foles,2012,QB,Arizona,4,5.14,0.0,,,3,1,1,11,1,3,32.0
Akiem Hicks,2012,DE,Regina,10,,,,,3,1,1,11,1,7,54.0
Jake Bequette,2012,DE,Arkansas,3,4.75,53.85,,,3,1,0,2,0,0,0.0
Lamar Holmes,2012,OT,Southern Miss,10,5.29,36.47,,,3,1,0,3,0,1,10.0
T.Y. Hilton,2012,WR,Florida International,2,4.34,72.0,,,3,1,1,11,4,8,72.0
Brandon Thompson,2012,DT,Clemson,1,5.2,18.75,,,3,1,0,4,0,0,7.0
Jayron Hosley,2012,DB,Virginia Tech,3,4.38,71.11,,,3,1,0,4,0,0,8.0
Tony Bergstrom,2012,OT,Utah,3,5.19,48.24,,,3,1,0,9,0,0,12.0
Chris Givens,2012,WR,Wake Forest,4,4.35,70.0,,,4,1,0,4,0,2,12.0
Lamar Miller,2012,RB,Miami (FL),2,4.34,76.67,,,4,1,1,9,1,6,42.0
Gino Gradkowski,2012,OG,Delaware,9,,,,,4,1,0,7,0,1,11.0
Ben Jones,2012,C,Georgia,1,5.35,33.33,,,4,1,1,11,1,10,58.0
Travis Benjamin,2012,WR,Miami (FL),2,4.31,78.0,,,4,1,0,10,0,2,25.0
Omar Bolden,2012,DB,Arizona State,3,4.51,42.22,,,4,1,0,4,0,0,5.0
Kirk Cousins,2012,QB,Michigan State,3,4.84,32.5,,,4,1,1,14,4,9,102.0
Frank Alexander,2012,DE,Oklahoma,2,4.8,46.15,,,4,1,0,3,0,0,6.0
Joe Adams,2012,WR,Arkansas,3,4.51,38.0,,,4,1,0,1,0,0,0.0
Nigel Bradham,2012,LB,Florida State,2,4.56,58.0,,,4,1,1,9,0,7,44.0
Robert Turbin,2012,RB,Utah State,7,4.42,63.33,,,4,1,0,8,0,0,16.0
Devon Wylie,2012,WR,Fresno State,7,4.36,68.0,,,4,1,0,2,0,0,0.0
Philip Blake,2012,OL,Baylor,3,5.17,44.71,,,4,1,0,0,0,0,0.0
Alameda Ta'amu,2012,DT,Washington,2,5.3,6.25,,,4,1,0,3,0,0,3.0
Ladarius Green,2012,TE,Louisiana,8,4.45,91.67,,,4,1,0,5,0,2,11.0
Evan Rodriguez,2012,TE,Temple,6,4.53,78.33,,,4,1,0,3,0,0,0.0
Bobby Massie,2012,OT,Ole Miss,3,5.18,49.41,,,4,1,1,10,0,9,45.0
Kyle Wilber,2012,LB,Wake Forest,4,4.73,24.0,,,4,1,0,10,0,1,13.0
Jaye Howard,2012,DT,Florida,2,4.78,71.25,,,4,1,0,5,0,2,17.0
Coty Sensabaugh,2012,DB,Clemson,1,4.33,82.22,,,4,1,0,8,0,2,19.0
Orson Charles,2012,TE,Georgia,1,4.73,45.0,,,4,1,0,7,0,0,2.0
Joe Looney,2012,OG,Wake Forest,4,5.02,70.67,,,4,1,0,9,0,2,21.0
Jarius Wright,2012,WR,Arkansas,3,4.39,62.0,,,4,1,0,8,0,1,24.0
Keenan Robinson,2012,LB,Texas,2,4.72,26.0,,,4,1,0,6,0,2,17.0
James-Michael Johnson,2012,LB,Nevada,7,4.6,50.0,,,4,1,0,4,0,2,11.0
Keshawn Martin,2012,WR,Michigan State,3,4.42,56.0,,,4,1,0,5,0,1,7.0
Nick Toon,2012,WR,Wisconsin,3,4.49,42.0,,,4,1,0,4,0,0,3.0
Brandon Boykin,2012,DB,Georgia,1,4.44,57.78,,,4,1,0,4,0,0,9.0
Ron Brooks,2012,DB,LSU,1,4.37,73.33,,,4,1,0,5,0,0,6.0
Ronnell Lewis,2012,LB,Oklahoma,2,4.65,40.0,,,4,1,0,1,0,0,1.0
Jared Crick,2012,DE,Nebraska,3,4.91,29.23,,,4,1,1,5,0,3,28.0
Adrien Robinson,2012,TE,Cincinnati,4,,,,,4,1,0,3,0,0,0.0
Rhett Ellison,2012,RB,USC,2,4.78,3.33,,,4,1,1,8,0,4,9.0
Miles Burris,2012,LB,San Diego State,7,4.67,36.0,,,4,1,0,3,0,2,14.0
Christian Thompson,2012,DB,South Carolina State,3,4.42,62.22,,,4,1,0,1,0,0,0.0
Brandon Mosley,2012,OT,Auburn,2,5.14,54.12,,,4,1,0,3,0,0,2.0
Mike Daniels,2012,DT,Iowa,3,4.84,63.75,,,4,1,1,10,1,6,41.0
Jerron McMillian,2012,DB,Maine,10,4.47,51.11,,,4,1,0,2,0,0,2.0
Greg Childs,2012,WR,Arkansas,3,4.52,36.0,,,4,1,0,0,0,0,0.0
Matt Johnson,2012,DB,Eastern Washington,10,,,,,4,1,0,0,0,0,0.0
Josh Chapman,2012,NT,Alabama,1,5.02,0.0,,,5,2,0,3,0,1,7.0
Malik Jackson,2012,DT,Tennessee,2,4.85,62.5,,,5,2,1,10,1,5,45.0
Tahir Whitehead,2012,LB,Temple,6,4.62,46.0,,,5,2,1,10,0,7,41.0
Robert Blanton,2012,DB,Notre Dame,2,4.66,8.89,,,5,2,0,6,0,1,9.0
Najee Goode,2012,LB,West Virginia,4,4.55,60.0,,,5,2,0,8,0,0,10.0
Adam Gettis,2012,OG,Iowa,3,4.9,86.67,,,5,2,0,5,0,0,1.0
Brandon Marshall,2012,LB,Nevada,7,4.72,26.0,,,5,2,1,7,0,4,30.0
Josh Norman,2012,DB,Coastal Carolina,8,4.61,20.0,,,5,2,1,12,1,8,43.0
Zebrie Sanders,2012,OL,Florida State,2,5.33,25.88,,,5,2,0,0,0,0,0.0
Taylor Thompson,2012,TE,SMU,6,,,,,5,2,0,3,0,0,0.0
DeQuan Menzie,2012,DB,Alabama,1,4.65,11.11,,,5,2,0,0,0,0,0.0
Tank Carder,2012,LB,TCU,3,4.58,54.0,,,5,2,0,5,0,0,5.0
Chris Greenwood,2012,DB,Albion,10,,,,,5,2,0,2,0,0,0.0
Johnnie Troutman,2012,OG,Penn State,2,5.52,4.0,,,5,2,0,3,0,2,14.0
Rokevious Watkins,2012,OG,South Carolina,3,5.29,34.67,,,5,2,0,2,0,0,1.0
Senio Kelemete,2012,OG,Washington,2,5.39,21.33,,,5,2,0,10,0,1,25.0
Danny Coale,2012,WR,Virginia Tech,3,4.42,56.0,,,5,2,0,0,0,0,0.0
Dennis Kelly,2012,OT,Purdue,4,,,,,5,2,0,12,0,1,29.0
Korey Toomer,2012,LB,Idaho,10,,,,,5,2,0,7,0,0,11.0
Josh Kaddu,2012,LB,Oregon,2,4.67,36.0,,,5,2,0,3,0,0,0.0
Shaun Prater,2012,DB,Iowa,3,4.5,44.44,,,5,2,0,4,0,0,2.0
Bradie Ewing,2012,RB,Wisconsin,3,4.73,11.67,,,5,2,0,2,0,0,0.0
Jack Crawford,2012,DE,Penn State,2,4.74,55.38,,,5,2,1,9,0,3,18.0
Chris Rainey,2012,RB,Florida,2,4.36,73.33,,,5,2,0,2,0,0,1.0
Ryan Miller,2012,OG,Colorado,3,5.16,52.0,,,5,2,0,1,0,0,1.0
Randy Bullock,2012,K,Texas A&M,2,,,,,5,2,0,12,0,1,20.0
Corey White,2012,DB,Samford,10,4.53,37.78,,,5,2,0,5,0,1,12.0
Terrell Manning,2012,LB,NC State,4,4.71,28.0,,,5,2,0,3,0,0,0.0
Jonathan Massaquoi,2012,DE,Troy,8,4.81,44.62,,,5,2,0,3,0,0,6.0
Darius Fleming,2012,LB,Notre Dame,2,4.71,28.0,,,5,2,0,4,0,0,1.0
Marvin Jones,2012,WR,California,4,4.46,48.0,,,5,2,1,12,0,8,53.0
George Iloka,2012,DB,Boise State,7,4.6,22.22,,,5,2,1,9,0,4,29.0
Juron Criner,2012,WR,Arizona,4,4.66,8.0,,,5,2,0,2,0,0,1.0
Asa Jackson,2012,DB,Cal Poly,9,4.48,48.89,,,5,2,0,6,0,0,3.0
Vick Ballard,2012,RB,Mississippi State,3,4.59,35.0,,,5,2,0,2,0,1,5.0
Greg Zuerlein,2012,K,Missouri Western State,4,,,,,6,2,1,13,1,2,29.0
Jeremy Lane,2012,DB,Northwestern State (LA),5,,,,,6,2,0,6,0,1,10.0
Alfred Morris,2012,RB,Florida Atlantic,2,4.63,28.33,,,6,2,1,9,2,4,36.0
Keith Tandy,2012,DB,West Virginia,4,,,,,6,2,0,7,0,0,8.0
Blair Walsh,2012,K,Georgia,1,4.96,6.15,,,6,2,1,6,1,0,14.0
Mike Harris,2012,DB,Florida State,2,4.52,40.0,,,6,2,0,3,0,0,6.0
Justin Bethel,2012,DB,Presbyterian,10,4.52,40.0,,,6,2,1,12,3,0,20.0
Mark Asper,2012,OG,Oregon,2,5.32,30.67,,,6,2,0,2,0,0,0.0
Andrew Tiller,2012,OG,Syracuse,4,5.44,14.67,,,6,2,0,5,0,0,6.0
Trent Robinson,2012,DB,Michigan State,3,,,,,6,2,0,4,0,1,6.0
Winston Guy,2012,DB,Kentucky,4,4.62,17.78,,,6,2,0,5,0,0,3.0
Cyrus Gray,2012,RB,Texas A&M,2,4.4,66.67,,,6,2,0,3,0,0,1.0
B.J. Cunningham,2012,WR,Michigan State,3,4.52,36.0,,,6,2,0,2,0,0,0.0
Isaiah Frey,2012,DB,Nevada,7,,,,,6,2,0,3,0,0,3.0
Ryan Lindley,2012,QB,San Diego State,7,4.86,30.0,,,6,2,0,4,0,0,-4.0
James Hanna,2012,TE,Oklahoma,2,4.43,95.0,,,6,2,1,6,0,4,3.0
Josh Bush,2012,DB,Wake Forest,4,,,,,6,2,0,4,0,0,3.0
Danny Trevathan,2012,LB,Kentucky,4,4.84,2.0,,,6,2,1,10,0,7,47.0
Christo Bilukidi,2012,DE,Georgia State,1,,,,,6,2,0,3,0,0,1.0
Markelle Martin,2012,DB,Oklahoma State,3,4.47,51.11,,,6,2,0,0,0,0,0.0
Dan Herron,2012,RB,Ohio State,1,4.57,38.33,,,6,2,0,4,0,0,5.0
Charles Mitchell,2012,DB,Mississippi State,3,4.56,31.11,,,6,2,0,1,0,0,1.0
Tom Compton,2012,OT,South Dakota,10,5.01,69.41,,,6,2,0,11,0,2,22.0
Marvin McNutt,2012,WR,Iowa,3,4.48,44.0,,,6,2,0,2,0,0,0.0
Nick Mondek,2012,OL,Purdue,4,,,,,6,2,0,0,0,0,0.0
Jonte Green,2012,DB,New Mexico State,7,,,,,6,2,0,2,0,0,4.0
Nate Ebner,2012,DB,Ohio State,1,,,,,6,2,0,10,0,0,11.0
Tommy Streeter,2012,WR,Miami (FL),2,4.37,66.0,,,6,2,0,3,0,0,0.0
Jason Slowey,2012,OL,Western Oregon,10,,,,,6,2,0,0,0,0,0.0
Brandon Washington,2012,OG,Miami (FL),2,5.14,54.67,,,6,2,0,2,0,0,0.0
Matt McCants,2012,OT,UAB,6,5.4,23.53,,,6,2,0,5,0,0,3.0
Terrance Ganaway,2012,RB,Baylor,3,4.61,31.67,,,6,2,0,1,0,0,0.0
Robert Griffin,2012,OL,Baylor,3,4.33,100.0,,,6,2,0,0,0,0,0.0
Emmanuel Acho,2012,LB,Texas,2,4.64,42.0,,,6,2,0,3,0,0,2.0
Billy Winn,2012,DT,Boise State,7,4.86,61.25,,,6,2,0,9,0,2,15.0
LaVon Brazill,2012,WR,Ohio,8,4.43,54.0,,,6,2,0,2,0,0,3.0
Brad Nortman,2012,P,Wisconsin,3,4.78,33.85,,,6,2,0,6,0,0,11.0
Justin Anderson,2012,OL,Georgia,1,5.24,36.47,,,7,2,0,0,0,0,0.0
Aaron Brown,2012,LB,Hawaii,7,,,,,7,2,0,0,0,0,0.0
Audie Cole,2012,LB,NC State,4,4.76,18.0,,,7,2,0,5,0,0,7.0
Scott Solomon,2012,DE,Rice,6,4.88,33.85,,,7,2,0,4,0,0,2.0
Michael Smith,2012,RB,Utah State,7,,,,,7,2,0,1,0,0,0.0
Richard Crawford,2012,DB,SMU,6,,,,,7,2,0,1,0,0,1.0
Tim Fugger,2012,DE,Vanderbilt,4,,,,,7,2,0,0,0,0,0.0
Kheeston Randall,2012,DT,Texas,2,5.0,43.75,,,7,2,0,1,0,0,1.0
D.J. Campbell,2012,DB,California,4,,,,,7,2,0,2,0,0,2.0
Jordan Bernstine,2012,DB,Iowa,3,,,,,7,2,0,1,0,0,0.0
Jerome Long,2012,DT,San Diego State,7,,,,,7,2,0,2,0,0,0.0
Trevor Guyton,2012,DE,California,4,5.01,13.85,,,7,2,0,0,0,0,0.0
Greg McCoy,2012,DB,TCU,3,,,,,7,2,0,0,0,0,0.0
Nate Potter,2012,OT,Boise State,7,5.26,40.0,,,7,2,0,2,0,0,3.0
Caleb McSurdy,2012,LB,Montana,9,4.82,6.0,,,7,2,0,0,0,0,0.0
Travis Lewis,2012,LB,Oklahoma,2,4.83,4.0,,,7,2,0,4,0,0,4.0
Alfonzo Dennard,2012,DB,Nebraska,3,4.48,48.89,,,7,2,0,3,0,1,9.0
J.R. Sweezy,2012,DT,NC State,4,4.97,47.5,,,7,2,1,9,0,7,47.0
David Molk,2012,C,Michigan,1,5.18,56.0,,,7,2,0,4,0,0,3.0
Rishard Matthews,2012,WR,Nevada,7,4.54,32.0,,,7,2,1,7,0,4,22.0
Jeris Pendleton,2012,DT,Ashland,10,,,,,7,2,0,2,0,0,0.0
Bryce Brown,2012,RB,Kansas State,4,,,,,7,2,0,4,0,0,9.0
Nathan Stupar,2012,LB,Penn State,2,4.65,40.0,,,7,2,0,8,0,1,9.0
Toney Clemons,2012,WR,Colorado,3,,,,,7,2,0,1,0,0,0.0
Greg Scruggs,2012,DE,Louisville,4,,,,,7,2,0,5,0,0,1.0
Drake Dunsmore,2012,TE,Northwestern,5,4.63,61.67,,,7,2,0,0,0,0,0.0
Marcel Jones,2012,OL,Nebraska,3,5.57,0.0,,,7,2,0,0,0,0,0.0
Jeremy Ebert,2012,WR,Northwestern,5,,,,,7,2,0,2,0,0,0.0
DeAngelo Tyson,2012,DT,Georgia,1,5.0,43.75,,,7,2,0,3,0,0,6.0
Cam Johnson,2012,DE,Virginia,4,4.75,53.85,,,7,2,0,5,0,1,5.0
Junior Hemingway,2012,WR,Michigan,1,4.48,44.0,,,7,2,0,3,0,0,2.0
Markus Kuhn,2012,DT,NC State,4,4.87,60.0,,,7,2,0,4,0,0,6.0
David Paulson,2012,TE,Oregon,2,4.79,35.0,,,7,2,0,2,0,0,1.0
Andrew Datko,2012,OL,Florida State,2,5.19,42.35,,,7,2,0,0,0,0,0.0
Antonio Allen,2012,DB,South Carolina,3,4.58,26.67,,,7,2,0,5,0,2,9.0
B.J. Coleman,2012,QB,Chattanooga,10,4.94,20.0,,,7,2,0,0,0,0,0.0
Jordan White,2012,WR,Western Michigan,8,4.63,14.0,,,7,2,0,1,0,0,0.0
Trevin Wade,2012,DB,Arizona,4,4.52,40.0,,,7,2,0,5,0,0,5.0
Terrence Frederick,2012,DB,Texas A&M,2,4.44,57.78,,,7,2,0,3,0,0,1.0
Brad Smelley,2012,TE,Alabama,1,,,,,7,2,0,2,0,0,0.0
Kelvin Beachum,2012,OT,SMU,6,5.38,25.88,,,7,2,1,14,0,11,59.0
Travian Robertson,2012,DT,South Carolina,3,5.12,28.75,,,7,2,0,3,0,0,1.0
Edwin Baker,2012,RB,Michigan State,3,4.44,60.0,,,7,2,0,3,0,0,1.0
John Potter,2012,K,Western Michigan,8,,,,,7,2,0,2,0,0,0.0
Daryl Richardson,2012,RB,Abilene Christian,10,,,,,7,2,0,5,0,0,7.0
Chandler Harnish,2012,QB,Northern Illinois,8,4.68,52.5,,,7,2,0,0,0,0,0.0
Eric Fisher,2013,OT,Central Michigan,8,5.05,64.71,,,1,0,1,9,2,8,62.0
Luke Joeckel,2013,OT,Texas A&M,2,5.3,35.29,,,1,0,1,5,0,3,21.0
Dion Jordan,2013,DE,Oregon,2,4.54,86.15,,,1,0,0,8,0,0,9.0
Lane Johnson,2013,OT,Oklahoma,2,4.72,100.0,,,1,0,1,13,6,12,89.0
Ezekiel Ansah,2013,DE,BYU,5,4.56,83.08,,,1,0,1,8,1,5,39.0
Barkevious Mingo,2013,LB,LSU,1,4.58,54.0,,,1,0,0,8,0,2,24.0
Jonathan Cooper,2013,OG,North Carolina,3,5.07,64.0,,,1,0,0,6,0,2,16.0
Tavon Austin,2013,WR,West Virginia,4,4.34,72.0,,,1,0,1,9,0,4,26.0
Dee Milliner,2013,DB,Alabama,1,4.37,73.33,,,1,0,0,3,0,1,6.0
Chance Warmack,2013,OG,Alabama,1,5.49,8.0,,,1,0,1,6,0,3,22.0
D.J. Fluker,2013,OT,Alabama,1,5.31,34.12,,,1,0,1,8,0,7,43.0
D.J. Hayden,2013,DB,Houston,6,4.4,66.67,,,1,0,0,9,0,2,16.0
Sheldon Richardson,2013,DT,Missouri,4,5.02,41.25,,,1,0,1,9,1,8,61.0
Star Lotulelei,2013,DT,Utah,3,5.14,26.25,,,1,0,1,9,0,7,48.0
Kenny Vaccaro,2013,DB,Texas,2,4.63,15.56,,,1,0,1,8,0,7,34.0
EJ Manuel,2013,QB,Florida State,2,4.65,56.25,,,1,0,0,5,0,1,10.0
Jarvis Jones,2013,LB,Georgia,1,4.74,22.0,,,1,0,0,4,0,1,17.0
Eric Reid,2013,DB,LSU,1,4.53,37.78,,,1,0,1,7,1,7,33.0
Justin Pugh,2013,OT,Syracuse,4,5.12,56.47,,,1,0,1,11,0,10,46.0
Kyle Long,2013,OG,Oregon,2,4.91,85.33,,,1,0,1,7,3,6,40.0
Tyler Eifert,2013,TE,Notre Dame,2,4.68,53.33,,,1,0,1,8,1,2,19.0
Desmond Trufant,2013,DB,Washington,2,4.38,71.11,,,1,0,1,9,1,8,37.0
Sharrif Floyd,2013,DT,Florida,2,4.92,53.75,,,1,0,0,4,0,2,13.0
Bjoern Werner,2013,DE,Florida State,2,4.83,41.54,,,1,0,0,3,0,1,10.0
Xavier Rhodes,2013,DB,Florida State,2,4.43,60.0,,,1,0,1,10,3,8,49.0
Datone Jones,2013,DE,UCLA,5,4.8,46.15,,,1,0,0,8,0,0,10.0
DeAndre Hopkins,2013,WR,Clemson,1,4.57,26.0,,,1,0,1,13,5,10,84.0
Sylvester Williams,2013,DT,North Carolina,3,5.03,40.0,,,1,0,1,8,0,4,29.0
Cordarrelle Patterson,2013,WR,Tennessee,2,4.42,56.0,,,1,0,1,12,4,4,42.0
Alec Ogletree,2013,LB,Georgia,1,4.7,30.0,,,1,0,1,9,0,7,52.0
Travis Frederick,2013,C,Wisconsin,3,5.58,2.67,,,1,0,1,7,5,6,60.0
Matt Elam,2013,DB,Florida,2,4.43,60.0,,,1,0,0,4,0,2,12.0
Johnathan Cyprien,2013,DB,Florida International,2,4.64,13.33,,,2,0,1,8,0,5,25.0
Justin Hunter,2013,WR,Tennessee,2,4.44,52.0,,,2,0,0,6,0,1,9.0
Zach Ertz,2013,TE,Stanford,3,4.76,40.0,,,2,0,1,13,3,9,57.0
Darius Slay,2013,DB,Mississippi State,3,4.36,75.56,,,2,0,1,13,6,12,66.0
Giovani Bernard,2013,RB,North Carolina,3,4.53,45.0,,,2,0,1,10,0,2,42.0
Manti Te'o,2013,LB,Notre Dame,2,4.82,6.0,,,2,0,1,8,0,4,20.0
Geno Smith,2013,QB,West Virginia,4,4.58,65.0,,,2,0,1,13,2,6,57.0
Tank Carradine,2013,DE,Florida State,2,4.9,30.77,,,2,0,0,7,0,0,7.0
Robert Woods,2013,WR,USC,2,4.51,38.0,,,2,0,1,12,0,10,59.0
Menelik Watson,2013,OT,Florida State,2,5.29,36.47,,,2,0,0,5,0,2,9.0
Johnthan Banks,2013,DB,Mississippi State,3,4.61,20.0,,,2,0,0,5,0,2,11.0
Kawann Short,2013,DT,Purdue,4,5.08,33.75,,,2,0,1,8,2,5,41.0
Kevin Minter,2013,LB,LSU,1,4.81,8.0,,,2,0,1,9,0,3,27.0
Kiko Alonso,2013,LB,Oregon,2,4.74,22.0,,,2,0,1,7,0,4,33.0
Gavin Escobar,2013,TE,San Diego State,7,4.84,26.67,,,2,0,0,5,0,0,2.0
Le'Veon Bell,2013,RB,Michigan State,3,4.6,33.33,,,2,0,1,9,3,5,61.0
Johnathan Hankins,2013,DT,Ohio State,1,5.31,5.0,,,2,0,1,12,0,10,50.0
Jonathan Bostic,2013,LB,Florida,2,4.59,52.0,,,2,0,1,10,0,5,36.0
David Amerson,2013,DB,NC State,4,4.44,57.78,,,2,0,1,6,0,4,20.0
Jamie Collins,2013,LB,Southern Miss,10,4.64,42.0,,,2,0,1,10,1,7,58.0
Margus Hunt,2013,DE,SMU,6,4.62,73.85,,,2,0,0,9,0,1,18.0
Jamar Taylor,2013,DB,Boise State,7,4.39,68.89,,,2,0,0,8,0,2,18.0
Vance McDonald,2013,TE,Rice,6,4.69,51.67,,,2,0,1,8,0,6,14.0
Arthur Brown,2013,LB,Kansas State,4,4.62,46.0,,,2,0,0,4,0,0,3.0
D.J. Swearinger,2013,DB,South Carolina,3,4.67,6.67,,,2,0,1,8,0,5,28.0
Montee Ball,2013,RB,Wisconsin,3,4.66,23.33,,,2,0,0,2,0,0,7.0
Aaron Dobson,2013,WR,Marshall,8,4.37,66.0,,,2,0,0,3,0,1,6.0
Robert Alford,2013,DB,Southeastern Louisiana,10,4.39,68.89,,,2,0,1,9,0,5,26.0
Eddie Lacy,2013,RB,Alabama,1,4.55,41.67,,,2,0,1,5,1,3,36.0
Christine Michael,2013,RB,Texas A&M,2,4.54,43.33,,,2,0,0,6,0,1,9.0
Travis Kelce,2013,TE,Cincinnati,4,4.63,61.67,,,3,1,1,13,11,12,94.0
Dwayne Gratz,2013,DB,Connecticut,6,4.47,51.11,,,3,1,0,4,0,1,10.0
Larry Warford,2013,OG,Kentucky,4,5.58,0.0,,,3,1,1,7,3,7,52.0
Sio Moore,2013,LB,Connecticut,6,4.65,40.0,,,3,1,0,4,0,2,14.0
Bennie Logan,2013,DT,LSU,1,5.08,33.75,,,3,1,1,6,0,5,28.0
Leon McFadden,2013,DB,San Diego State,7,4.54,35.56,,,3,1,0,4,0,0,2.0
Tyrann Mathieu,2013,DB,LSU,1,4.5,44.44,,,3,1,1,12,3,11,67.0
Blidi Wreh-Wilson,2013,DB,Connecticut,6,4.53,37.78,,,3,1,0,9,0,1,9.0
T.J. McDonald,2013,DB,USC,2,4.59,24.44,,,3,1,1,6,0,6,24.0
Brian Winters,2013,OG,Kent State,8,5.22,44.0,,,3,1,1,9,0,7,31.0
Mike Glennon,2013,QB,NC State,4,4.94,20.0,,,3,1,0,9,0,1,9.0
Terrance Williams,2013,WR,Baylor,3,4.52,36.0,,,3,1,1,6,0,4,27.0
Terron Armstead,2013,OT,Ark-Pine Bluff,10,4.71,100.0,,,3,1,1,12,5,10,67.0
Keenan Allen,2013,WR,California,4,4.58,24.0,,,3,1,1,13,6,11,80.0
Dallas Thomas,2013,OT,Tennessee,2,5.08,61.18,,,3,1,0,4,0,1,13.0
Marquise Goodwin,2013,WR,Texas,2,4.27,86.0,,,3,1,1,11,0,3,24.0
Markus Wheaton,2013,WR,Oregon State,4,4.45,50.0,,,3,1,0,6,0,2,13.0
J.J. Wilcox,2013,DB,Georgia Southern,1,4.57,28.89,,,3,1,0,6,0,2,16.0
Damontre Moore,2013,DE,Texas A&M,2,4.95,23.08,,,3,1,0,8,0,0,5.0
John Jenkins,2013,DT,Georgia,1,5.21,17.5,,,3,1,1,13,0,4,32.0
Logan Ryan,2013,DB,Rutgers,4,4.56,31.11,,,3,1,1,11,0,7,41.0
Shawn Williams,2013,DB,Georgia,1,4.46,53.33,,,3,1,1,9,0,4,25.0
Jordan Reed,2013,TE,Florida,2,4.72,46.67,,,3,1,1,8,1,3,25.0
Hugh Thornton,2013,OG,Illinois,4,5.11,58.67,,,3,1,1,3,0,3,16.0
Jordan Hill,2013,DT,Penn State,2,5.23,15.0,,,3,1,0,4,0,0,6.0
Corey Lemonier,2013,DE,Auburn,2,4.6,76.92,,,3,1,0,4,0,0,4.0
Brennan Williams,2013,OL,North Carolina,3,5.27,32.94,,,3,1,0,0,0,0,0.0
Kayvon Webster,2013,DB,South Florida,6,4.41,64.44,,,3,1,0,7,0,1,9.0
Duron Harmon,2013,DB,Rutgers,4,,,,,3,1,1,11,0,3,30.0
Stedman Bailey,2013,WR,West Virginia,4,4.52,36.0,,,3,1,0,3,0,0,7.0
Will Davis,2013,DB,Utah State,7,4.51,42.22,,,3,1,0,4,0,0,0.0
Brandon Williams,2013,DT,Missouri Southern,4,5.37,0.0,,,3,1,1,10,1,8,52.0
Sam Montgomery,2013,DE,LSU,1,4.81,44.62,,,3,1,0,0,0,0,0.0
Knile Davis,2013,RB,Arkansas,3,4.37,71.67,,,3,1,0,4,0,0,10.0
Zaviar Gooden,2013,LB,Missouri,4,4.47,76.0,,,3,1,0,4,0,0,4.0
Matt Barkley,2013,QB,USC,2,4.91,23.75,,,4,1,0,11,0,1,5.0
Nico Johnson,2013,LB,Alabama,1,4.73,24.0,,,4,1,0,3,0,0,3.0
Akeem Spence,2013,DT,Illinois,4,5.15,25.0,,,4,1,1,10,0,4,27.0
Ace Sanders,2013,WR,South Carolina,3,4.58,24.0,,,4,1,0,2,0,0,3.0
Josh Boyce,2013,WR,TCU,3,4.38,64.0,,,4,1,0,2,0,0,1.0
Alex Okafor,2013,DE,Texas,2,4.78,49.23,,,4,1,1,9,0,5,29.0
Jelani Jenkins,2013,LB,Florida,2,4.65,40.0,,,4,1,1,5,0,3,15.0
Duke Williams,2013,DB,Nevada,7,4.48,48.89,,,4,1,0,4,0,0,8.0
Dion Sims,2013,TE,Michigan State,3,4.75,41.67,,,4,1,0,6,0,2,8.0
Brian Schwenke,2013,C,California,4,4.99,81.33,,,4,1,0,6,0,2,14.0
Edmund Kugbila,2013,OL,Valdosta State,10,5.13,49.41,,,4,1,0,0,0,0,0.0
David Bakhtiari,2013,OT,Colorado,3,5.18,49.41,,,4,1,1,11,3,9,84.0
Ryan Nassib,2013,QB,Syracuse,4,5.06,5.0,,,4,1,0,3,0,0,0.0
Shamarko Thomas,2013,DB,Syracuse,4,4.42,62.22,,,4,1,0,6,0,0,5.0
Tyler Wilson,2013,QB,Arkansas,3,4.95,18.75,,,4,1,0,0,0,0,0.0
Barrett Jones,2013,OG,Alabama,1,5.43,16.0,,,4,1,0,2,0,0,0.0
B.W. Webb,2013,DB,William & Mary,10,4.51,42.22,,,4,1,0,7,0,2,14.0
Landry Jones,2013,QB,Oklahoma,2,5.11,0.0,,,4,1,0,5,0,0,4.0
Earl Watford,2013,OG,James Madison,8,5.06,65.33,,,4,1,0,7,0,1,15.0
Khaseem Greene,2013,LB,Rutgers,4,4.71,28.0,,,4,1,0,2,0,0,3.0
Sean Porter,2013,LB,Texas A&M,2,4.75,20.0,,,4,1,0,4,0,0,0.0
Phillip Thomas,2013,DB,Fresno State,7,4.65,11.11,,,4,1,0,2,0,0,2.0
Gerald Hodges,2013,LB,Penn State,2,4.78,14.0,,,4,1,0,6,0,1,18.0
Khaled Holmes,2013,C,USC,2,5.29,41.33,,,4,1,0,3,0,0,4.0
J.C. Tretter,2013,OT,Cornell,10,5.09,60.0,,,4,1,1,9,0,5,37.0
Chris Harper,2013,WR,Kansas State,4,4.55,30.0,,,4,1,0,1,0,0,0.0
Trevardo Williams,2013,DE,Connecticut,6,4.57,81.54,,,4,1,0,2,0,0,0.0
Johnathan Franklin,2013,RB,UCLA,5,4.49,51.67,,,4,1,0,1,0,0,1.0
William Gholston,2013,DE,Michigan State,3,4.96,21.54,,,4,1,1,12,0,7,39.0
Malliciah Goodman,2013,DE,Clemson,1,4.87,35.38,,,4,1,0,4,0,1,5.0
Quinton Patton,2013,WR,Louisiana Tech,5,4.53,34.0,,,4,1,0,4,0,1,6.0
John Simon,2013,DE,Ohio State,1,4.62,73.85,,,4,1,1,9,0,4,34.0
Kyle Juszczyk,2013,RB,Harvard,10,,,,,4,1,1,13,10,12,21.0
Marcus Lattimore,2013,RB,South Carolina,3,4.65,25.0,,,4,1,0,0,0,0,0.0
Devin Taylor,2013,DE,South Carolina,3,4.72,58.46,,,4,1,0,5,0,1,12.0
Levine Toilolo,2013,TE,Stanford,3,4.86,23.33,,,4,1,1,8,0,5,8.0
Sanders Commings,2013,DB,Georgia,1,4.41,64.44,,,5,2,0,1,0,0,0.0
Denard Robinson,2013,WR,Michigan,1,4.43,54.0,,,5,2,0,4,0,1,8.0
Earl Wolff,2013,DB,NC State,4,4.44,57.78,,,5,2,0,2,0,0,4.0
Jesse Williams,2013,DT,Alabama,1,4.94,51.25,,,5,2,0,0,0,0,0.0
Tharold Simon,2013,DB,LSU,1,4.51,42.22,,,5,2,0,4,0,0,4.0
Montori Hughes,2013,DT,UT Martin,10,5.23,15.0,,,5,2,0,4,0,0,2.0
Stepfan Taylor,2013,RB,Stanford,3,4.76,6.67,,,5,2,0,4,0,0,3.0
Oday Aboushi,2013,OT,Virginia,4,5.41,22.35,,,5,2,1,10,0,3,21.0
Lavar Edwards,2013,DE,LSU,1,4.8,46.15,,,5,2,0,5,0,0,1.0
Jonathan Meeks,2013,DB,Clemson,1,,,,,5,2,0,4,0,0,2.0
Kenny Stills,2013,WR,Oklahoma,2,4.38,64.0,,,5,2,1,9,0,5,35.0
Steve Williams,2013,DB,California,4,4.42,62.22,,,5,2,0,4,0,0,4.0
Quanterus Smith,2013,DE,Western Kentucky,5,4.74,55.38,,,5,2,0,2,0,0,1.0
Steven Means,2013,DE,Buffalo,8,,,,,5,2,0,10,0,2,14.0
A.J. Klein,2013,LB,Iowa State,4,4.66,38.0,,,5,2,1,11,0,5,37.0
Brandon McGee,2013,DB,Miami (FL),2,4.4,66.67,,,5,2,0,3,0,0,1.0
Terry Hawthorne,2013,DB,Illinois,4,4.44,57.78,,,5,2,0,0,0,0,0.0
Joseph Randle,2013,RB,Oklahoma State,3,4.63,28.33,,,5,2,0,3,0,0,7.0
Cooper Taylor,2013,DB,Richmond,9,,,,,5,2,0,3,0,0,1.0
Stansly Maponga,2013,DE,TCU,3,4.78,49.23,,,5,2,0,3,0,0,2.0
Chris Thompson,2013,RB,Florida State,2,4.42,63.33,,,5,2,0,8,0,0,20.0
Jeff Locke,2013,P,UCLA,5,4.82,27.69,,,5,2,0,5,0,0,6.0
Tanner Hawkinson,2013,OT,Kansas,10,5.07,62.35,,,5,2,0,2,0,0,0.0
Quinton Dial,2013,DE,Alabama,1,5.29,0.0,,,5,2,0,5,0,2,15.0
Luke Willson,2013,TE,Rice,6,,,,,5,2,0,8,0,2,12.0
Micah Hyde,2013,DB,Iowa,3,4.56,31.11,,,5,2,1,11,1,8,55.0
Zac Stacy,2013,RB,Vanderbilt,4,4.55,41.67,,,5,2,0,3,0,1,11.0
Tavarres King,2013,WR,Georgia,1,4.47,46.0,,,5,2,0,5,0,0,2.0
Brandon Jenkins,2013,DE,Florida State,2,5.07,4.62,,,5,2,0,1,0,0,0.0
Jordan Mills,2013,OT,Louisiana Tech,5,5.37,27.06,,,5,2,1,9,0,5,37.0
Mike Gillislee,2013,RB,Florida,2,4.55,41.67,,,5,2,0,6,0,0,11.0
Sam Martin,2013,P,Appalachian State,8,,,,,5,2,1,13,0,3,22.0
Caleb Sturgis,2013,K,Florida,2,4.77,35.38,,,5,2,0,6,0,0,8.0
Josh Boyd,2013,DE,Mississippi State,3,5.14,0.0,,,5,2,0,3,0,0,4.0
Ricky Wagner,2013,OT,Wisconsin,3,5.17,50.59,,,5,2,1,8,0,6,41.0
Josh Evans,2013,DB,Florida,2,4.58,26.67,,,6,2,1,4,0,3,13.0
Eric Kush,2013,C,California (PA),4,,,,,6,2,0,8,0,0,10.0
Corey Fuller,2013,WR,Virginia Tech,3,4.43,54.0,,,6,2,0,3,0,0,3.0
Nick Kasa,2013,TE,Colorado,3,4.71,48.33,,,6,2,0,1,0,0,0.0
Vinston Painter,2013,OG,Virginia Tech,3,4.95,80.0,,,6,2,0,5,0,0,0.0
Ryan Swope,2013,WR,Texas A&M,2,4.34,72.0,,,6,2,0,0,0,0,0.0
Jamoris Slaughter,2013,DB,Notre Dame,2,4.57,28.89,,,6,2,0,0,0,0,0.0
David Quessenberry,2013,OL,San Jose State,7,5.08,55.29,,,6,2,0,13,0,2,20.0
Dustin Hopkins,2013,K,Florida State,2,4.74,40.0,,,6,2,0,12,0,1,22.0
William Campbell,2013,OL,Michigan,1,,,,,6,2,0,0,0,0,0.0
Tourek Williams,2013,DE,Florida International,2,4.92,27.69,,,6,2,0,4,0,0,5.0
Nick Moody,2013,LB,Florida State,2,4.71,28.0,,,6,2,0,4,0,0,2.0
Latavius Murray,2013,RB,UCF,4,,,,,6,2,1,11,1,3,44.0
Kenjon Barner,2013,RB,Oregon,2,4.52,46.67,,,6,2,0,9,0,0,4.0
Rufus Johnson,2013,DE,Tarleton State,10,,,,,6,2,0,3,0,0,0.0
Mychal Rivera,2013,TE,Tennessee,2,4.81,31.67,,,6,2,0,4,0,1,10.0
DeVonte Holloman,2013,LB,South Carolina,3,4.76,18.0,,,6,2,0,1,0,0,1.0
Justin Brown,2013,WR,Oklahoma,2,,,,,6,2,0,2,0,0,1.0
Andre Ellington,2013,RB,Clemson,1,4.61,31.67,,,6,2,0,5,0,1,18.0
Cornelius Washington,2013,LB,Georgia,1,4.55,60.0,,,6,2,0,5,0,0,5.0
Mike James,2013,RB,Miami (FL),2,4.53,45.0,,,6,2,0,4,0,0,2.0
Rex Burkhead,2013,RB,Nebraska,3,4.73,11.67,,,6,2,0,10,0,0,21.0
Bacarri Rambo,2013,DB,Georgia,1,4.56,31.11,,,6,2,0,4,0,1,8.0
John Boyett,2013,DB,Oregon,2,4.64,13.33,,,6,2,0,0,0,0,0.0
Nate Palmer,2013,LB,Illinois State,4,,,,,6,2,0,5,0,1,9.0
Spencer Ware,2013,RB,LSU,1,4.62,30.0,,,6,2,0,7,0,1,17.0
Alan Bonner,2013,WR,Jacksonville State,10,4.59,22.0,,,6,2,0,0,0,0,0.0
Jeff Baca,2013,OG,UCLA,5,5.03,69.33,,,6,2,0,1,0,0,0.0
Cobi Hamilton,2013,WR,Arkansas,3,4.56,28.0,,,6,2,0,5,0,1,2.0
Chris Jones,2013,DT,Bowling Green,10,5.33,2.5,,,6,2,0,4,0,0,14.0
Theo Riddick,2013,RB,Notre Dame,2,4.68,20.0,,,6,2,0,8,0,1,24.0
Kapron Lewis-Moore,2013,DE,Notre Dame,2,4.95,23.08,,,6,2,0,3,0,0,0.0
Ryan Griffin,2013,TE,Connecticut,6,,,,,6,2,1,10,0,5,14.0
Khalid Wooten,2013,DB,Nevada,7,4.53,37.78,,,6,2,0,2,0,0,0.0
Ryan Jensen,2013,OT,Colorado State-Pueblo,3,,,,,6,2,1,10,1,5,43.0
Braden Wilson,2013,FB,Kansas State,4,4.81,29.23,,,6,2,0,0,0,0,0.0
Stacy McGee,2013,DT,Oklahoma,2,4.98,46.25,,,6,2,0,8,0,2,16.0
Vince Williams,2013,LB,Florida State,2,,,,,6,2,1,8,0,5,35.0
Mike Catapano,2013,DE,Princeton,10,,,,,7,2,0,4,0,0,3.0
Jeremy Harris,2013,DB,New Mexico State,7,,,,,7,2,0,3,0,0,0.0
Brice Butler,2013,WR,San Diego State,7,,,,,7,2,0,6,0,0,9.0
Demetrius McCray,2013,DB,Appalachian State,8,4.54,35.56,,,7,2,0,5,0,1,8.0
Michael Williams,2013,TE,Alabama,1,,,,,7,2,0,3,0,1,0.0
Joe Kruger,2013,DE,Utah,3,4.83,41.54,,,7,2,0,0,0,0,0.0
Michael Mauti,2013,LB,Penn State,2,4.83,4.0,,,7,2,0,5,0,0,6.0
Travis Bond,2013,OG,North Carolina,3,5.27,37.33,,,7,2,0,1,0,0,0.0
Tommy Bohanon,2013,RB,Wake Forest,4,4.88,0.0,,,7,2,0,6,0,1,1.0
Charles Johnson,2013,WR,Grand Valley State,10,,,,,7,2,0,4,0,0,7.0
Armonty Bryant,2013,DE,East Central (OK),10,4.86,36.92,,,7,2,0,4,0,0,5.0
Jordan Poyer,2013,DB,Oregon State,4,4.54,35.56,,,7,2,1,13,1,9,57.0
D.C. Jefferson,2013,TE,Rutgers,4,4.97,5.0,,,7,2,0,1,0,0,0.0
Ryan Seymour,2013,OG,Vanderbilt,4,,,,,7,2,0,4,0,0,2.0
Brad Sorensen,2013,QB,Southern Utah,10,4.97,16.25,,,7,2,0,0,0,0,0.0
Chris Gragg,2013,TE,Arkansas,3,4.5,83.33,,,7,2,0,3,0,0,1.0
Nick Williams,2013,DT,Samford,10,4.94,51.25,,,7,2,0,11,0,1,22.0
Kevin Dorsey,2013,WR,Maryland,4,,,,,7,2,0,2,0,0,0.0
Eric Herman,2013,OL,Ohio,8,5.25,35.29,,,7,2,0,0,0,0,0.0
Michael Buchanan,2013,DE,Illinois,4,4.78,49.23,,,7,2,0,2,0,0,2.0
Garrett Gilkey,2013,OT,Chadron State,10,5.29,36.47,,,7,2,0,2,0,0,2.0
Jawan Jamison,2013,RB,Rutgers,4,4.68,20.0,,,7,2,0,0,0,0,0.0
Everett Dawkins,2013,DT,Florida State,2,5.06,36.25,,,7,2,0,1,0,0,0.0
Kerwynn Williams,2013,RB,Utah State,7,4.48,53.33,,,7,2,0,5,0,0,6.0
Ty Powell,2013,DE,Harding,10,4.64,70.77,,,7,2,0,2,0,0,1.0
Sam Barrington,2013,LB,South Florida,6,4.91,0.0,,,7,2,0,4,0,1,4.0
David Bass,2013,DE,Missouri Western State,4,4.84,40.0,,,7,2,0,5,0,0,9.0
Zac Dysert,2013,QB,Miami (OH),8,4.81,36.25,,,7,2,0,0,0,0,0.0
Steve Beauharnais,2013,LB,Rutgers,4,4.84,2.0,,,7,2,0,2,0,0,0.0
Marquess Wilson,2013,WR,Washington State,4,4.51,38.0,,,7,2,0,4,0,0,6.0
B.J. Daniels,2013,QB,South Florida,6,,,,,7,2,0,3,0,0,0.0
Aaron Mellette,2013,WR,Elon,10,4.54,32.0,,,7,2,0,0,0,0,0.0
David King,2013,DE,Oklahoma,2,,,,,7,2,0,5,0,0,1.0
Reid Fragel,2013,OL,Ohio State,1,5.14,48.24,,,7,2,0,3,0,0,0.0
Jared Smith,2013,DT,New Hampshire,10,5.08,33.75,,,7,2,0,0,0,0,0.0
Michael Bowie,2013,OT,NE State (OK),10,,,,,7,2,0,1,0,0,4.0
Kemal Ishmael,2013,DB,UCF,4,,,,,7,2,0,7,0,1,13.0
Zeke Motta,2013,DB,Notre Dame,2,4.75,0.0,,,7,2,0,1,0,0,1.0
Brandon Hepburn,2013,LB,Florida A&M,2,4.68,34.0,,,7,2,0,0,0,0,0.0
Carter Bykowski,2013,OL,Iowa State,4,,,,,7,2,0,0,0,0,0.0
Marc Anthony,2013,DB,California,4,4.63,15.56,,,7,2,0,0,0,0,0.0
Daimion Stafford,2013,DB,Nebraska,3,4.69,2.22,,,7,2,0,4,0,0,7.0
Sean Renfree,2013,QB,Duke,4,4.76,42.5,,,7,2,0,3,0,0,0.0
Don Jones,2013,DB,Arkansas State,3,,,,,7,2,0,4,0,0,2.0
T.J. Johnson,2013,C,South Carolina,3,5.33,36.0,,,7,2,0,5,0,0,5.0
Marcus Cooper,2013,DB,Rutgers,4,,,,,7,2,0,6,0,1,14.0
Michael Cox,2013,RB,Massachusetts,10,,,,,7,2,0,2,0,0,0.0
Justice Cunningham,2013,TE,South Carolina,3,4.94,10.0,,,7,2,0,3,0,0,0.0
Jadeveon Clowney,2014,DE,South Carolina,3,4.53,87.69,,,1,0,1,12,3,10,63.0
Greg Robinson,2014,OT,Auburn,2,4.92,80.0,,,1,0,1,6,0,5,24.0
Blake Bortles,2014,QB,UCF,4,4.93,21.25,,,1,0,1,6,0,5,44.0
Sammy Watkins,2014,WR,Clemson,1,4.43,54.0,,,1,0,1,9,0,6,43.0
Khalil Mack,2014,LB,Buffalo,8,4.65,40.0,,,1,0,1,12,9,11,105.0
Jake Matthews,2014,OT,Texas A&M,2,5.07,62.35,,,1,0,1,12,1,12,75.0
Mike Evans,2014,WR,Texas A&M,2,4.53,34.0,,,1,0,1,12,6,11,80.0
Justin Gilbert,2014,DB,Oklahoma State,3,4.37,73.33,,,1,0,0,3,0,0,4.0
Anthony Barr,2014,LB,UCLA,5,4.66,38.0,,,1,0,1,10,4,7,56.0
Eric Ebron,2014,TE,North Carolina,3,4.6,66.67,,,1,0,1,8,1,4,29.0
Taylor Lewan,2014,OT,Michigan,1,4.87,85.88,,,1,0,1,9,3,7,48.0
Odell Beckham Jr.,2014,WR,LSU,1,4.38,64.0,,,1,0,1,11,3,6,59.0
Aaron Donald,2014,DT,Pittsburgh,3,4.68,83.75,,,1,0,1,10,10,10,123.0
Kyle Fuller,2014,DB,Virginia Tech,3,4.49,46.67,,,1,0,1,9,2,5,48.0
Ryan Shazier,2014,LB,Ohio State,1,4.58,54.0,,,1,0,1,4,2,3,27.0
Zack Martin,2014,OG,Notre Dame,2,5.22,44.0,,,1,0,1,11,9,11,103.0
C.J. Mosley,2014,LB,Alabama,1,4.65,40.0,,,1,0,1,11,5,8,81.0
Calvin Pryor,2014,DB,Louisville,4,4.58,26.67,,,1,0,1,4,0,3,13.0
Ja'Wuan James,2014,OT,Tennessee,2,5.26,40.0,,,1,0,1,9,0,4,27.0
Brandin Cooks,2014,WR,Oregon State,4,4.33,74.0,,,1,0,1,12,0,10,73.0
Ha Ha Clinton-Dix,2014,DB,Alabama,1,4.58,26.67,,,1,0,1,8,1,6,34.0
Johnny Manziel,2014,QB,Texas A&M,2,4.68,52.5,,,1,0,0,2,0,0,4.0
Dee Ford,2014,LB,Auburn,2,,,,,1,0,1,8,1,2,23.0
Darqueze Dennard,2014,DB,Michigan State,3,4.52,40.0,,,1,0,0,8,0,0,13.0
Jason Verrett,2014,DB,TCU,3,4.38,71.11,,,1,0,1,10,1,2,17.0
Marcus Smith,2014,LB,Louisville,4,4.66,38.0,,,1,0,0,5,0,0,4.0
Deone Bucannon,2014,DB,Washington State,4,4.49,46.67,,,1,0,1,7,0,4,32.0
Kelvin Benjamin,2014,WR,Florida State,2,4.61,18.0,,,1,0,1,5,0,4,22.0
Dominique Easley,2014,DT,Florida,2,4.93,52.5,,,1,0,0,5,0,0,7.0
Jimmie Ward,2014,DB,Northern Illinois,8,4.59,24.44,,,1,0,1,11,0,6,31.0
Bradley Roby,2014,DB,Ohio State,1,4.39,68.89,,,1,0,1,10,0,4,26.0
Teddy Bridgewater,2014,QB,Louisville,4,,,,,1,0,1,12,1,4,49.0
Xavier Su'a-Filo,2014,OG,UCLA,5,5.04,68.0,,,2,0,1,8,0,3,24.0
DeMarcus Lawrence,2014,DE,Boise State,7,4.8,46.15,,,2,0,1,12,5,8,78.0
Joel Bitonio,2014,OG,Nevada,7,4.92,84.0,,,2,0,1,12,7,11,75.0
Derek Carr,2014,QB,Fresno State,7,4.69,51.25,,,2,0,1,11,4,11,93.0
Ra'Shede Hageman,2014,DT,Minnesota,4,4.92,53.75,,,2,0,0,3,0,1,8.0
Austin Seferian-Jenkins,2014,TE,Washington,2,4.75,41.67,,,2,0,0,5,0,2,9.0
Marqise Lee,2014,WR,USC,2,4.52,36.0,,,2,0,0,6,0,2,17.0
Kyle Van Noy,2014,LB,BYU,5,4.71,28.0,,,2,0,1,12,1,8,62.0
Lamarcus Joyner,2014,DB,Florida State,2,4.55,33.33,,,2,0,1,9,0,4,26.0
Jordan Matthews,2014,WR,Vanderbilt,4,4.46,48.0,,,2,0,1,11,0,3,23.0
Weston Richburg,2014,OL,Colorado State,7,5.1,52.94,,,2,0,1,6,0,5,33.0
Cyrus Kouandjio,2014,OT,Alabama,1,5.59,1.18,,,2,0,0,5,0,0,6.0
Paul Richardson,2014,WR,Colorado,3,4.4,60.0,,,2,0,1,6,0,3,14.0
Stephon Tuitt,2014,DE,Notre Dame,2,4.92,27.69,,,2,0,1,7,0,6,38.0
Trent Murphy,2014,LB,Stanford,3,4.86,0.0,,,2,0,1,7,0,4,33.0
Timmy Jernigan,2014,DT,Florida State,2,5.06,36.25,,,2,0,1,7,0,4,25.0
Jace Amaro,2014,TE,Texas Tech,4,4.74,43.33,,,2,0,0,3,0,0,4.0
Jeremiah Attaochu,2014,LB,Georgia Tech,3,,,,,2,0,0,9,0,1,15.0
Ego Ferguson,2014,DT,LSU,1,4.98,46.25,,,2,0,0,2,0,0,2.0
Troy Niklas,2014,TE,Notre Dame,2,4.84,26.67,,,2,0,0,4,0,1,1.0
Davante Adams,2014,WR,Fresno State,7,4.56,28.0,,,2,0,1,12,6,11,92.0
Bishop Sankey,2014,RB,Washington,2,4.49,51.67,,,2,0,0,2,0,1,6.0
Jeremy Hill,2014,RB,LSU,1,4.56,40.0,,,2,0,1,5,0,3,21.0
Cody Latimer,2014,WR,Indiana,4,4.52,36.0,,,2,0,0,6,0,1,6.0
Carlos Hyde,2014,RB,Ohio State,1,4.62,30.0,,,2,0,1,8,0,4,32.0
Stanley Jean-Baptiste,2014,DB,Nebraska,3,4.61,20.0,,,2,0,0,4,0,0,0.0
Jack Mewhort,2014,OT,Ohio State,1,5.37,27.06,,,2,0,1,4,0,4,22.0
Kony Ealy,2014,DE,Missouri,4,4.92,27.69,,,2,0,0,5,0,0,12.0
Allen Robinson,2014,WR,Penn State,2,4.6,20.0,,,2,0,1,11,1,8,48.0
Jimmy Garoppolo,2014,QB,Eastern Illinois,10,4.97,16.25,,,2,0,1,12,0,3,47.0
Jarvis Landry,2014,WR,LSU,1,4.65,10.0,,,2,0,1,9,5,8,56.0
Justin Britt,2014,OT,Missouri,4,5.19,48.24,,,2,0,1,9,0,7,41.0
C.J. Fiedorowicz,2014,TE,Iowa,3,4.76,40.0,,,3,1,0,4,0,2,6.0
Morgan Moses,2014,OL,Virginia,4,5.35,23.53,,,3,1,1,12,0,11,65.0
Billy Turner,2014,OT,North Dakota State,9,5.16,51.76,,,3,1,1,10,0,5,35.0
Dezmen Southward,2014,DB,Wisconsin,3,4.38,71.11,,,3,1,0,4,0,0,1.0
Charles Sims,2014,RB,West Virginia,4,4.48,53.33,,,3,1,0,4,0,0,13.0
Marcus Martin,2014,C,USC,2,5.38,29.33,,,3,1,0,7,0,2,11.0
Christian Kirksey,2014,LB,Iowa,3,4.72,26.0,,,3,1,1,9,0,5,40.0
Scott Crichton,2014,DE,Oregon State,4,4.84,40.0,,,3,1,0,2,0,0,2.0
Preston Brown,2014,LB,Louisville,4,4.86,0.0,,,3,1,1,6,0,6,34.0
Jay Bromley,2014,DT,Syracuse,4,5.06,36.25,,,3,1,0,5,0,0,5.0
Tre Mason,2014,RB,Auburn,2,4.5,50.0,,,3,1,0,2,0,1,8.0
Travis Swanson,2014,C,Arkansas,3,5.28,42.67,,,3,1,1,5,0,4,23.0
Chris Borland,2014,LB,Wisconsin,3,4.83,4.0,,,3,1,0,1,0,1,6.0
Spencer Long,2014,OG,Nebraska,3,5.16,52.0,,,3,1,1,6,0,3,22.0
Terrence Brooks,2014,DB,Florida State,2,4.42,62.22,,,3,1,0,8,0,0,8.0
Dexter McDougle,2014,DB,Maryland,4,4.47,51.11,,,3,1,0,5,0,0,2.0
Gabe Jackson,2014,OG,Mississippi State,3,5.34,28.0,,,3,1,1,10,0,9,47.0
Will Sutton,2014,DT,Arizona State,3,5.36,0.0,,,3,1,0,3,0,2,8.0
Louis Nix,2014,DT,Notre Dame,2,5.32,3.75,,,3,1,0,2,0,0,0.0
Kareem Martin,2014,DE,North Carolina,3,4.72,58.46,,,3,1,0,7,0,2,12.0
Khyri Thornton,2014,DT,Southern Miss,10,5.03,40.0,,,3,1,0,4,0,0,3.0
Josh Huff,2014,WR,Oregon,2,4.51,38.0,,,3,1,0,3,0,0,6.0
Phillip Gaines,2014,DB,Rice,6,4.38,71.11,,,3,1,0,7,0,1,10.0
Will Clarke,2014,DE,West Virginia,4,4.77,50.77,,,3,1,0,5,0,0,6.0
Chris Watt,2014,OG,Notre Dame,2,5.5,6.67,,,3,1,0,2,0,0,5.0
Donte Moncrief,2014,WR,Ole Miss,3,4.4,60.0,,,3,1,1,7,0,3,18.0
John Brown,2014,WR,Pittsburg State,10,4.34,72.0,,,3,1,1,9,0,5,36.0
Trai Turner,2014,OL,LSU,1,4.93,72.94,,,3,1,1,9,5,9,51.0
Brandon Linder,2014,OL,Miami (FL),2,5.35,23.53,,,3,1,1,8,0,6,31.0
Terrance West,2014,RB,Towson,10,4.56,40.0,,,3,1,0,4,0,2,11.0
Michael Schofield,2014,OL,Michigan,1,5.01,63.53,,,3,1,1,10,0,5,38.0
Jerick McKinnon,2014,RB,Georgia Southern,1,4.41,65.0,,,3,1,1,10,0,1,32.0
Dri Archer,2014,WR,Kent State,8,4.26,88.0,,,3,1,0,2,0,0,0.0
Richard Rodgers,2014,TE,California,4,4.87,21.67,,,3,1,0,9,0,2,14.0
Crockett Gillmore,2014,TE,Colorado State,7,4.89,18.33,,,3,1,0,3,0,1,4.0
Brandon Thomas,2014,OL,Clemson,1,5.09,54.12,,,3,1,0,0,0,0,0.0
Jaylen Watkins,2014,DB,Florida,2,4.41,64.44,,,4,1,0,7,0,0,5.0
Bashaud Breeland,2014,DB,Clemson,1,4.62,17.78,,,4,1,1,8,0,7,34.0
Devonta Freeman,2014,RB,Florida State,2,4.58,36.67,,,4,1,1,8,2,4,49.0
Jalen Saunders,2014,WR,Oklahoma,2,4.44,52.0,,,4,1,0,1,0,0,0.0
Bryan Stork,2014,C,Florida State,2,5.44,21.33,,,4,1,0,2,0,1,11.0
Bruce Ellington,2014,WR,South Carolina,3,4.45,50.0,,,4,1,0,5,0,0,7.0
Justin Ellis,2014,DT,Louisiana Tech,5,5.27,10.0,,,4,1,1,9,0,3,25.0
Cassius Marsh,2014,DE,UCLA,5,4.89,32.31,,,4,1,0,8,0,0,13.0
Ross Cockrell,2014,DB,Duke,4,4.56,31.11,,,4,1,1,8,0,3,20.0
Maurice Alexander,2014,DB,Utah State,7,4.5,44.44,,,4,1,0,6,0,1,11.0
Russell Bodine,2014,C,North Carolina,3,5.18,56.0,,,4,1,1,5,0,5,30.0
DaQuan Jones,2014,DT,Penn State,2,5.35,0.0,,,4,1,1,12,0,10,60.0
Andre Williams,2014,RB,Boston College,4,4.56,40.0,,,4,1,0,4,0,0,7.0
Aaron Colvin,2014,DB,Oklahoma,2,4.51,42.22,,,4,1,0,6,0,1,16.0
Shaquelle Evans,2014,WR,UCLA,5,4.51,38.0,,,4,1,0,0,0,0,0.0
Keith McGill,2014,DB,Utah,3,4.51,42.22,,,4,1,0,4,0,0,4.0
Ka'Deem Carey,2014,RB,Arizona,4,4.69,18.33,,,4,1,0,3,0,0,3.0
Martavis Bryant,2014,WR,Clemson,1,4.42,56.0,,,4,1,0,5,0,1,19.0
Anthony Hitchens,2014,LB,Iowa,3,4.74,22.0,,,4,1,1,8,0,7,41.0
Logan Thomas,2014,QB,Virginia Tech,3,4.61,61.25,,,4,1,1,10,0,3,15.0
Carl Bradford,2014,LB,Arizona State,3,4.76,18.0,,,4,1,0,3,0,0,0.0
Marqueston Huff,2014,DB,Wyoming,7,4.49,46.67,,,4,1,0,3,0,0,4.0
Kevin Norwood,2014,WR,Alabama,1,4.48,44.0,,,4,1,0,2,0,0,1.0
De'Anthony Thomas,2014,RB,Oregon,2,4.39,68.33,,,4,1,0,6,0,0,7.0
Walt Aikens,2014,DB,Liberty,5,,,,,4,1,0,6,0,0,6.0
Khairi Fortt,2014,LB,California,4,4.7,30.0,,,4,1,0,1,0,0,0.0
Pierre Desir,2014,DB,Lindenwood,10,4.59,24.44,,,4,1,1,8,0,3,18.0
Tre Boston,2014,DB,North Carolina,3,4.58,26.67,,,4,1,1,7,0,4,28.0
Dontae Johnson,2014,DB,NC State,4,4.41,64.44,,,4,1,0,9,0,1,15.0
James White,2014,RB,Wisconsin,3,4.57,38.33,,,4,1,1,8,0,0,37.0
Brock Vereen,2014,DB,Minnesota,4,4.47,51.11,,,4,1,0,2,0,0,2.0
Kevin Pierre-Louis,2014,LB,Boston College,4,4.51,68.0,,,4,1,0,9,0,1,15.0
Nevin Lawson,2014,DB,Utah State,7,4.48,48.89,,,4,1,1,8,0,5,22.0
Brent Urban,2014,DT,Virginia,4,4.98,46.25,,,4,1,0,12,0,2,24.0
Tom Savage,2014,QB,Pittsburgh,3,4.97,16.25,,,4,1,0,4,0,1,3.0
Larry Webster,2014,DE,Bloomsburg,10,4.58,80.0,,,4,1,0,3,0,0,0.0
Dakota Dozier,2014,OL,Furman,9,5.42,15.29,,,4,1,0,8,0,1,13.0
Lorenzo Taliaferro,2014,RB,Coastal Carolina,8,4.58,36.67,,,4,1,0,3,0,0,3.0
Prince Shembo,2014,LB,Notre Dame,2,4.71,28.0,,,4,1,0,1,0,0,2.0
Cameron Fleming,2014,OT,Stanford,3,5.28,37.65,,,4,1,1,11,0,2,30.0
Taylor Hart,2014,DE,Oregon,2,4.92,27.69,,,5,2,0,3,0,0,1.0
Ryan Grant,2014,WR,Tulane,6,4.64,12.0,,,5,2,0,6,0,1,10.0
Kadeem Edwards,2014,OL,Tennessee State,2,5.25,35.29,,,5,2,0,0,0,0,0.0
Telvin Smith,2014,LB,Florida State,2,4.52,66.0,,,5,2,1,5,1,5,42.0
David Yankey,2014,OL,Stanford,3,5.48,8.24,,,5,2,0,3,0,0,0.0
Devin Street,2014,WR,Pittsburgh,3,4.55,30.0,,,5,2,0,3,0,0,1.0
Ricardo Allen,2014,DB,Purdue,4,4.61,20.0,,,5,2,1,8,0,5,25.0
Bene Benwikere,2014,DB,San Jose State,7,4.59,24.44,,,5,2,0,5,0,1,10.0
Kevin Pamphile,2014,OT,Purdue,4,,,,,5,2,0,5,0,2,16.0
Aaron Lynch,2014,DE,South Florida,6,4.76,52.31,,,5,2,0,7,0,1,14.0
Avery Williamson,2014,LB,Kentucky,4,4.66,38.0,,,5,2,1,8,0,5,38.0
Nat Berhe,2014,DB,San Diego State,7,4.71,0.0,,,5,2,0,5,0,0,3.0
Cyril Richardson,2014,OG,Baylor,3,5.36,25.33,,,5,2,0,1,0,0,2.0
Jeremiah George,2014,LB,Iowa State,4,4.91,0.0,,,5,2,0,4,0,0,3.0
Arthur Lynch,2014,TE,Georgia,1,4.82,30.0,,,5,2,0,0,0,0,0.0
Lamin Barrow,2014,LB,LSU,1,4.64,42.0,,,5,2,0,2,0,0,2.0
Shaquille Richardson,2014,DB,Arizona,4,,,,,5,2,0,0,0,0,0.0
Caraun Reid,2014,DT,Princeton,10,4.91,55.0,,,5,2,0,8,0,1,9.0
Chris Smith,2014,DE,Arkansas,3,4.66,67.69,,,5,2,0,8,0,0,8.0
Ed Stinson,2014,DE,Alabama,1,4.98,18.46,,,5,2,0,4,0,0,5.0
Corey Linsley,2014,C,Ohio State,1,5.24,48.0,,,5,2,1,10,1,9,64.0
Ed Reynolds,2014,DB,Stanford,3,4.57,28.89,,,5,2,0,3,0,1,4.0
Aaron Murray,2014,QB,Georgia,1,4.84,32.5,,,5,2,0,0,0,0,0.0
A.J. McCarron,2014,QB,Alabama,1,4.94,20.0,,,5,2,0,10,0,0,4.0
Ryan Carrethers,2014,DT,Arkansas State,3,5.47,0.0,,,5,2,0,3,0,0,3.0
Jonathan Newsome,2014,LB,Ball State,8,4.73,24.0,,,5,2,0,2,0,0,4.0
Vinnie Sunseri,2014,DB,Alabama,1,,,,,5,2,0,3,0,0,0.0
Marquis Spruill,2014,LB,Syracuse,4,,,,,5,2,0,0,0,0,0.0
Ronald Powell,2014,LB,Florida,2,4.65,40.0,,,5,2,0,1,0,0,1.0
Keith Reaser,2014,DB,Florida Atlantic,2,4.43,60.0,,,5,2,0,4,0,0,2.0
Jordan Tripp,2014,LB,Montana,9,4.67,36.0,,,5,2,0,4,0,0,3.0
Jimmy Staten,2014,DT,Middle Tenn. State,10,,,,,5,2,0,0,0,0,0.0
Wesley Johnson,2014,OL,Vanderbilt,4,5.11,51.76,,,5,2,0,5,0,1,11.0
Devon Kennard,2014,DE,USC,2,4.7,61.54,,,5,2,1,9,0,5,33.0
John Urschel,2014,OG,Penn State,2,5.31,32.0,,,5,2,0,3,0,0,7.0
Jared Abbrederis,2014,WR,Wisconsin,3,4.5,40.0,,,5,2,0,4,0,0,1.0
Jeoffrey Pagan,2014,DE,Alabama,1,4.92,27.69,,,6,2,0,2,0,0,1.0
Zach Mettenberger,2014,QB,LSU,1,,,,,6,2,0,2,0,1,1.0
Jon Halapio,2014,OL,Florida,2,5.34,24.71,,,6,2,0,6,0,2,10.0
Kenneth Acker,2014,DB,SMU,6,,,,,6,2,0,4,0,1,8.0
Alfred Blue,2014,RB,LSU,1,4.63,28.33,,,6,2,0,5,0,1,18.0
Antone Exum,2014,DB,Virginia Tech,3,4.59,24.44,,,6,2,0,6,0,0,6.0
David Fales,2014,QB,San Jose State,7,4.99,13.75,,,6,2,0,6,0,0,1.0
Kendall James,2014,DB,Maine,10,4.44,57.78,,,6,2,0,0,0,0,0.0
Robert Herron,2014,WR,Wyoming,7,4.48,44.0,,,6,2,0,1,0,0,0.0
Lache Seastrunk,2014,RB,Baylor,3,4.51,48.33,,,6,2,0,0,0,0,0.0
Bennett Jackson,2014,DB,Notre Dame,2,4.51,42.22,,,6,2,0,7,0,0,0.0
E.J. Gaines,2014,DB,Missouri,4,4.44,57.78,,,6,2,1,5,0,3,13.0
T.J. Jones,2014,WR,Notre Dame,2,4.46,48.0,,,6,2,0,6,0,0,7.0
Matt Hazel,2014,WR,Coastal Carolina,8,4.5,40.0,,,6,2,0,4,0,0,0.0
Pat O'Donnell,2014,P,Miami (FL),2,4.64,55.38,,,6,2,0,12,0,1,18.0
Jordan Zumwalt,2014,LB,UCLA,5,4.76,18.0,,,6,2,0,0,0,0,0.0
Zach Fulton,2014,OG,Tennessee,2,5.16,52.0,,,6,2,1,7,0,6,39.0
Keith Wenning,2014,QB,Ball State,8,5.0,12.5,,,6,2,0,0,0,0,0.0
Brandon Dixon,2014,DB,NW Missouri State,10,4.41,64.44,,,6,2,0,4,0,0,3.0
Walt Powell,2014,WR,Murray State,10,,,,,6,2,0,3,0,0,1.0
Demetri Goodson,2014,DB,Baylor,3,4.52,40.0,,,6,2,0,3,0,0,2.0
Zach Moore,2014,DE,Concordia-St.Paul (MN),10,4.84,40.0,,,6,2,0,5,0,0,3.0
Garrett Scott,2014,OL,Marshall,8,,,,,6,2,0,0,0,0,0.0
Laurent Duvernay-Tardif,2014,OL,McGill,10,,,,,6,2,1,9,0,4,29.0
Marion Grice,2014,RB,Arizona State,3,4.67,21.67,,,6,2,0,1,0,0,0.0
Tavon Rooks,2014,OL,Kansas State,4,,,,,6,2,0,0,0,0,0.0
Andrew Jackson,2014,LB,Western Kentucky,5,4.9,0.0,,,6,2,0,1,0,0,1.0
Tyler Gaffney,2014,RB,Stanford,3,4.49,51.67,,,6,2,0,0,0,0,0.0
Luke Bowanko,2014,C,Virginia,4,,,,,6,2,0,5,0,1,9.0
Jemea Thomas,2014,DB,Georgia Tech,3,4.52,40.0,,,6,2,0,1,0,0,0.0
Matt Paradis,2014,OL,Boise State,7,5.34,24.71,,,6,2,1,8,0,6,34.0
Eric Pinkins,2014,DB,San Diego State,7,,,,,6,2,0,3,0,0,2.0
Quincy Enunwa,2014,WR,Nebraska,3,4.41,58.0,,,6,2,0,6,0,2,13.0
IK Enemkpali,2014,DT,Louisiana Tech,5,4.86,61.25,,,6,2,0,2,0,0,1.0
Jay Prosch,2014,FB,Auburn,2,,,,,6,2,0,4,0,2,0.0
Marquis Flowers,2014,LB,Arizona,4,,,,,6,2,0,5,0,0,7.0
Tajh Boyd,2014,QB,Clemson,1,4.84,32.5,,,6,2,0,0,0,0,0.0
Garrett Gilbert,2014,QB,SMU,6,,,,,6,2,0,8,0,0,2.0
Daniel McCullers,2014,DT,Tennessee,2,5.18,21.25,,,6,2,0,7,0,0,6.0
Andre Hal,2014,DB,Vanderbilt,4,4.5,44.44,,,7,2,1,5,0,3,17.0
Ted Bolser,2014,TE,Indiana,4,,,,,7,2,0,0,0,0,0.0
Michael Campanaro,2014,WR,Wake Forest,4,4.46,48.0,,,7,2,0,4,0,0,4.0
T.J. Carrie,2014,DB,Ohio,8,4.49,46.67,,,7,2,1,9,0,3,22.0
Shamar Stephen,2014,DT,Connecticut,6,5.25,12.5,,,7,2,1,8,0,4,32.0
Randell Johnson,2014,LB,Florida Atlantic,2,,,,,7,2,0,3,0,0,2.0
Storm Johnson,2014,RB,UCF,4,4.6,33.33,,,7,2,0,1,0,0,0.0
Brandon Watts,2014,LB,Georgia Tech,3,,,,,7,2,0,2,0,0,1.0
Beau Allen,2014,DT,Wisconsin,3,,,,,7,2,0,6,0,1,13.0
Jabari Price,2014,DB,North Carolina,3,4.45,55.56,,,7,2,0,1,0,0,1.0
Mitchell Van Dyk,2014,OL,Portland State,10,,,,,7,2,0,0,0,0,0.0
Kiero Small,2014,RB,Arkansas,3,,,,,7,2,0,1,0,0,0.0
Zach Hocker,2014,K,Arkansas,3,4.9,15.38,,,7,2,0,2,0,0,0.0
Nate Freese,2014,K,Boston College,4,,,,,7,2,0,1,0,0,-1.0
Rob Blanchflower,2014,TE,Massachusetts,10,4.82,30.0,,,7,2,0,0,0,0,0.0
Ben Gardner,2014,DE,Stanford,3,,,,,7,2,0,0,0,0,0.0
Ulrick John,2014,OL,Georgia State,1,,,,,7,2,0,4,0,0,2.0
Trevor Reilly,2014,LB,Utah,3,4.67,36.0,,,7,2,0,4,0,0,4.0
Terrence Fede,2014,DE,Marist,10,,,,,7,2,0,4,0,0,5.0
Shelby Harris,2014,DE,Illinois State,4,,,,,7,2,1,12,0,5,41.0
Jeff Janis,2014,WR,Saginaw Valley State,10,4.42,56.0,,,7,2,0,4,0,0,2.0
Seantrel Henderson,2014,OL,Miami (FL),2,5.04,60.0,,,7,2,0,6,0,2,14.0
Will Smith,2014,LB,Texas Tech,4,,,,,7,2,0,0,0,0,0.0
James Wright,2014,WR,LSU,1,,,,,7,2,0,3,0,0,2.0
Tevin Reese,2014,WR,Baylor,3,4.46,48.0,,,7,2,0,0,0,0,0.0
C.B. Bryant,2014,DB,Ohio State,1,,,,,7,2,0,3,0,0,1.0
Corey Nelson,2014,LB,Oklahoma,2,,,,,7,2,0,6,0,0,8.0
Kaleb Ramsey,2014,DE,Boston College,4,,,,,7,2,0,0,0,0,0.0
Jeremy Gallon,2014,WR,Michigan,1,4.49,42.0,,,7,2,0,0,0,0,0.0
Trey Millard,2014,FB,Oklahoma,2,4.64,55.38,,,7,2,0,0,0,0,0.0
Charles Leno Jr.,2014,OT,Boise State,7,5.25,41.18,,,7,2,1,10,1,9,53.0
Jonathan Dowling,2014,DB,Western Kentucky,5,4.52,40.0,,,7,2,0,1,0,0,0.0
Ahmad Dixon,2014,DB,Baylor,3,4.64,13.33,,,7,2,0,1,0,0,0.0
Michael Sam,2014,DE,Missouri,4,4.91,29.23,,,7,2,0,0,0,0,0.0
Demetrius Rhaney,2014,OL,Tennessee State,2,,,,,7,2,0,4,0,0,2.0
Ken Bishop,2014,DT,Northern Illinois,8,,,,,7,2,0,2,0,0,0.0
Lavelle Westbrooks,2014,DB,Georgia Southern,1,4.63,15.56,,,7,2,0,0,0,0,0.0
Yawin Smallwood,2014,LB,Connecticut,6,,,,,7,2,0,0,0,0,0.0
Terrance Mitchell,2014,DB,Oregon,2,4.63,15.56,,,7,2,1,9,0,3,20.0
Tyler Starr,2014,LB,South Dakota,10,4.95,0.0,,,7,2,0,2,0,0,0.0
Lonnie Ballentine,2014,DB,Memphis,6,,,,,7,2,0,3,0,0,0.0
Jameis Winston,2015,QB,Florida State,2,4.97,16.25,,69.28,1,0,1,11,1,5,63.0
Marcus Mariota,2015,QB,Oregon,2,4.52,72.5,,79.73,1,0,1,11,0,5,60.0
Dante Fowler,2015,OLB,Florida,2,4.6,61.54,,,1,0,1,11,0,3,31.0
Amari Cooper,2015,WR,Alabama,1,4.42,56.0,,100.0,1,0,1,10,5,9,66.0
Brandon Scherff,2015,OT,Iowa,3,5.05,64.71,,,1,0,1,10,5,10,62.0
Leonard Williams,2015,DE,USC,2,4.97,20.0,,,1,0,1,11,3,10,78.0
Kevin White,2015,WR,West Virginia,4,4.35,70.0,,100.0,1,0,0,8,0,0,3.0
Vic Beasley,2015,OLB,Clemson,1,4.53,72.31,,,1,0,1,6,1,5,32.0
Ereck Flowers,2015,OT,Miami (FL),2,5.31,34.12,,,1,0,1,7,0,7,35.0
Todd Gurley,2015,RB,Georgia,1,4.52,46.67,,,1,0,1,6,3,6,54.0
Trae Waynes,2015,CB,Michigan State,3,4.31,75.56,,,1,0,1,7,0,3,18.0
Danny Shelton,2015,NT,Washington,2,5.64,0.0,,,1,0,1,8,0,5,33.0
Andrus Peat,2015,OT,Stanford,3,5.18,49.41,,,1,0,1,11,3,7,53.0
DeVante Parker,2015,WR,Louisville,4,4.45,50.0,,100.0,1,0,1,9,0,6,36.0
Melvin Gordon,2015,RB,Wisconsin,3,4.52,46.67,,100.0,1,0,1,9,2,7,51.0
Kevin Johnson,2015,CB,Wake Forest,4,4.52,28.89,,,1,0,0,6,0,0,11.0
Arik Armstead,2015,DT,Oregon,2,5.06,36.25,,,1,0,1,11,0,7,45.0
Marcus Peters,2015,CB,Washington,2,4.53,26.67,,,1,0,1,9,3,7,63.0
Cameron Erving,2015,C,Florida State,2,5.15,60.0,,,1,0,1,9,0,3,28.0
Nelson Agholor,2015,WR,USC,2,4.42,56.0,,100.0,1,0,1,10,0,7,36.0
Cedric Ogbuehi,2015,OT,Texas A&M,2,4.98,72.94,,,1,0,0,8,0,2,17.0
Bud Dupree,2015,OLB,Kentucky,4,4.56,67.69,,,1,0,1,11,0,6,46.0
Shane Ray,2015,DE,Missouri,4,4.68,64.62,,,1,0,0,4,0,1,12.0
D.J. Humphries,2015,OT,Florida,2,5.12,56.47,,,1,0,1,11,1,7,45.0
Shaq Thompson,2015,OLB,Washington,2,4.64,55.38,,,1,0,1,11,0,8,43.0
Breshad Perriman,2015,WR,UCF,4,,,,74.06,1,0,0,8,0,1,15.0
Byron Jones,2015,CB,Connecticut,6,4.43,48.89,,,1,0,1,7,1,7,38.0
Laken Tomlinson,2015,OG,Duke,4,5.33,29.33,,,1,0,1,11,1,10,55.0
Phillip Dorsett,2015,WR,Miami (FL),2,4.33,74.0,,75.95,1,0,0,9,0,0,16.0
Damarious Randall,2015,S,Arizona State,3,4.46,64.44,,,1,0,1,6,0,5,21.0
Stephone Anthony,2015,ILB,Clemson,1,4.56,67.69,,,1,0,0,5,0,1,10.0
Malcom Brown,2015,DT,Texas,2,5.05,37.5,,,1,0,1,7,0,6,43.0
Landon Collins,2015,S,Alabama,1,4.53,48.89,,,2,0,1,8,3,6,42.0
Donovan Smith,2015,OT,Penn State,2,5.27,38.82,,,2,0,1,9,0,9,57.0
Mario Edwards,2015,DT,Florida State,2,4.76,73.75,,,2,0,0,11,0,2,25.0
T.J. Yeldon,2015,RB,Alabama,1,4.61,31.67,,83.03,2,0,0,6,0,2,20.0
Devin Smith,2015,WR,Ohio State,1,4.42,56.0,,57.83,2,0,0,7,0,0,2.0
Preston Smith,2015,DE,Mississippi State,3,4.74,55.38,,,2,0,1,11,0,8,55.0
Eddie Goldman,2015,DT,Florida State,2,5.28,8.75,,,2,0,1,11,0,4,36.0
Dorial Green-Beckham,2015,WR,Oklahoma,2,4.49,42.0,,,2,0,0,2,0,0,7.0
Devin Funchess,2015,WR,Michigan,1,4.7,0.0,,59.93,2,0,0,5,0,2,20.0
Jalen Collins,2015,CB,LSU,1,4.48,37.78,,,2,0,0,2,0,0,4.0
Benardrick McKinney,2015,ILB,Mississippi State,3,4.66,52.31,,,2,0,1,7,1,5,44.0
Hau'oli Kikaha,2015,OLB,Washington,2,4.93,10.77,,,2,0,0,3,0,1,5.0
Eric Kendricks,2015,ILB,UCLA,5,4.61,60.0,,,2,0,1,11,1,10,64.0
Jaquiski Tartt,2015,S,Samford,10,4.53,48.89,,,2,0,1,7,0,4,21.0
Eric Rowe,2015,CB,Utah,3,4.45,44.44,,,2,0,0,9,0,2,21.0
Denzel Perryman,2015,ILB,Miami (FL),2,4.78,33.85,,,2,0,1,11,1,8,45.0
Mitch Morse,2015,OG,Missouri,4,5.14,54.67,,,2,0,1,10,1,9,55.0
Ronald Darby,2015,CB,Florida State,2,4.38,60.0,,,2,0,1,10,0,8,34.0
Nate Orchard,2015,DE,Utah,3,4.8,46.15,,,2,0,0,7,0,1,8.0
Jordan Phillips,2015,NT,Oklahoma,2,5.17,0.0,,,2,0,1,11,0,5,32.0
Jake Fisher,2015,OT,Oregon,2,5.01,69.41,,,2,0,0,4,0,0,9.0
Ameer Abdullah,2015,RB,Nebraska,3,4.6,33.33,,100.0,2,0,0,11,0,2,22.0
Maxx Williams,2015,TE,Minnesota,4,4.78,36.67,,49.2,2,0,0,8,0,2,8.0
Senquez Golson,2015,CB,Ole Miss,3,4.46,42.22,,,2,0,0,0,0,0,0.0
Rob Havenstein,2015,OT,Wisconsin,3,5.46,16.47,,,2,0,1,11,0,10,58.0
Markus Golden,2015,DE,Missouri,4,4.9,30.77,,,2,0,1,9,0,4,33.0
Ty Sambrailo,2015,OT,Colorado State,7,5.36,28.24,,,2,0,0,7,0,0,14.0
Randy Gregory,2015,OLB,Nebraska,3,4.64,55.38,,,2,0,0,9,0,1,15.0
Ali Marpet,2015,C,Hobart,10,4.98,82.67,,,2,0,1,7,1,7,43.0
Quinten Rollins,2015,CB,Miami (OH),8,4.57,17.78,,,2,0,0,3,0,0,7.0
Frank Clark,2015,DE,Michigan,1,4.79,47.69,,,2,0,1,9,3,6,49.0
Jordan Richards,2015,S,Stanford,3,4.65,22.22,,,2,0,0,7,0,1,10.0
D'Joun Smith,2015,CB,Florida Atlantic,2,4.37,62.22,,,3,1,0,2,0,0,0.0
Jeremiah Poutasi,2015,OG,Utah,3,5.32,30.67,,,3,1,0,2,0,0,3.0
A.J. Cann,2015,OG,South Carolina,3,5.47,10.67,,,3,1,1,8,0,7,39.0
Clive Walford,2015,TE,Miami (FL),2,4.79,35.0,,69.14,3,1,0,5,0,1,7.0
Tyler Lockett,2015,WR,Kansas State,4,4.4,60.0,,100.0,3,1,1,11,1,10,68.0
Jaelen Strong,2015,WR,Arizona State,3,4.44,52.0,,100.0,3,1,0,3,0,0,2.0
Hroniss Grasu,2015,C,Oregon,2,5.03,76.0,,,3,1,0,9,0,1,8.0
Jamon Brown,2015,OT,Louisville,4,5.08,61.18,,,3,1,1,6,0,3,21.0
Tevin Coleman,2015,RB,Indiana,4,4.4,66.67,,100.0,3,1,1,8,0,2,33.0
Owamagbe Odighizuwa,2015,DE,UCLA,5,4.62,73.85,,,3,1,0,2,0,0,1.0
Garrett Grayson,2015,QB,Colorado State,7,4.75,43.75,,100.0,3,1,0,0,0,0,0.0
Chris Conley,2015,WR,Georgia,1,4.35,70.0,,43.75,3,1,1,10,0,3,23.0
Duke Johnson,2015,RB,Miami (FL),2,4.54,43.33,,,3,1,0,8,0,0,28.0
P.J. Williams,2015,CB,Florida State,2,4.57,17.78,,,3,1,0,8,0,2,19.0
Eli Harold,2015,OLB,Virginia,4,4.6,61.54,,,3,1,0,4,0,2,11.0
Alex Carter,2015,CB,Stanford,3,4.51,31.11,,,3,1,0,4,0,0,0.0
John Miller,2015,OG,Louisville,4,5.33,29.33,,,3,1,1,8,0,5,31.0
Lorenzo Mauldin,2015,OLB,Louisville,4,4.85,23.08,,,3,1,0,2,0,0,4.0
Craig Mager,2015,CB,Texas State,2,4.44,46.67,,,3,1,0,4,0,0,4.0
Jordan Hicks,2015,OLB,Texas,2,4.68,49.23,,,3,1,1,10,0,9,53.0
Tyler Kroft,2015,TE,Rutgers,4,4.75,41.67,,20.58,3,1,0,9,0,2,9.0
David Johnson,2015,RB,Northern Iowa,10,4.5,50.0,,,3,1,1,8,1,3,42.0
Sammie Coates,2015,WR,Auburn,2,4.43,54.0,,42.59,3,1,0,4,0,0,4.0
Danielle Hunter,2015,DE,LSU,1,4.57,81.54,,,3,1,1,11,5,7,83.0
Sean Mannion,2015,QB,Oregon State,4,5.14,0.0,,67.9,3,1,0,7,0,0,2.0
Carl Davis,2015,DT,Iowa,3,5.07,35.0,,,3,1,0,10,0,1,13.0
Chaz Green,2015,OT,Florida,2,5.16,51.76,,,3,1,0,7,0,0,7.0
Jeff Heuerman,2015,TE,Ohio State,1,4.81,31.67,,31.91,3,1,1,5,0,3,5.0
Henry Anderson,2015,DE,Stanford,3,4.97,20.0,,,3,1,1,8,0,4,21.0
Ty Montgomery,2015,WR,Stanford,3,4.55,30.0,,63.52,3,1,0,9,0,1,17.0
Matt Jones,2015,RB,Florida,2,4.61,31.67,,67.55,3,1,0,3,0,0,9.0
Xavier Cooper,2015,DT,Washington State,4,4.86,61.25,,,3,1,0,3,0,0,4.0
Geneo Grissom,2015,DE,Oklahoma,2,4.81,44.62,,,3,1,0,4,0,0,3.0
Steven Nelson,2015,CB,Oregon State,4,4.49,35.56,,,3,1,1,9,0,7,36.0
Paul Dawson,2015,ILB,TCU,3,4.93,10.77,,,3,1,0,3,0,0,1.0
Angelo Blackson,2015,DT,Auburn,2,5.02,41.25,,,4,1,0,10,0,1,23.0
Trey Flowers,2015,DE,Arkansas,3,4.93,26.15,,,4,1,1,8,0,4,34.0
Daryl Williams,2015,OG,Oklahoma,2,5.34,28.0,,,4,1,1,7,0,5,39.0
Bryce Petty,2015,QB,Baylor,3,4.87,28.75,,86.54,4,1,0,3,0,0,4.0
James Sample,2015,S,Louisville,4,4.56,42.22,,,4,1,0,1,0,0,1.0
Jamison Crowder,2015,WR,Duke,4,4.56,28.0,,67.67,4,1,1,10,0,4,33.0
Jeremy Langford,2015,RB,Michigan State,3,4.42,63.33,,100.0,4,1,0,4,0,0,7.0
Justin Hardy,2015,WR,East Carolina,6,4.56,28.0,,100.0,4,1,0,5,0,0,8.0
Jalston Fowler,2015,FB,Alabama,1,4.94,9.23,,,4,1,0,3,0,1,0.0
Clayton Geathers,2015,S,UCF,4,4.55,44.44,,,4,1,1,5,0,3,13.0
T.J. Clemmings,2015,OT,Pittsburgh,3,5.14,54.12,,,4,1,0,4,0,2,15.0
Tre' Jackson,2015,OG,Florida State,2,5.52,4.0,,,4,1,0,1,0,1,6.0
Arie Kouandjio,2015,OG,Alabama,1,5.48,9.33,,,4,1,0,3,0,0,4.0
Gabe Wright,2015,DT,Auburn,2,5.07,35.0,,,4,1,0,4,0,0,1.0
Jamil Douglas,2015,OG,Arizona State,3,5.25,40.0,,,4,1,0,7,0,0,7.0
Ibraheim Campbell,2015,S,Northwestern,5,4.52,51.11,,,4,1,0,7,0,1,6.0
Rodney Gunter,2015,DT,Delaware State,9,,,,,4,1,1,5,0,3,18.0
Blake Bell,2015,TE,Oklahoma,2,4.8,33.33,,38.72,4,1,0,9,0,1,5.0
Ramik Wilson,2015,ILB,Georgia,1,4.77,35.38,,,4,1,0,5,0,1,14.0
Andrew Donnal,2015,OT,Iowa,3,5.31,34.12,,,4,1,0,5,0,0,4.0
Josh Shaw,2015,CB,USC,2,4.44,46.67,,,4,1,0,4,0,0,7.0
Doran Grant,2015,CB,Ohio State,1,4.44,46.67,,,4,1,0,1,0,0,0.0
Za'Darius Smith,2015,DE,Kentucky,4,4.83,41.54,,,4,1,1,11,3,4,57.0
Vince Mayle,2015,WR,Washington State,4,4.67,6.0,,100.0,4,1,0,3,0,0,0.0
Kwon Alexander,2015,OLB,LSU,1,4.55,69.23,,,4,1,1,10,1,6,43.0
Javorius Allen,2015,RB,USC,2,4.53,45.0,,97.26,4,1,0,5,0,0,14.0
Mike Davis,2015,RB,South Carolina,3,4.61,31.67,,74.31,4,1,0,8,0,2,20.0
Damien Wilson,2015,ILB,Minnesota,4,4.77,35.38,,,4,1,1,8,0,5,31.0
Jon Feliciano,2015,OG,Miami (FL),2,5.33,29.33,,,4,1,0,9,0,2,26.0
Jake Ryan,2015,OLB,Michigan,1,4.65,53.85,,,4,1,0,5,0,2,14.0
Terry Poole,2015,OG,San Diego State,7,5.09,61.33,,,4,1,0,0,0,0,0.0
Shaq Mason,2015,C,Georgia Tech,3,,,,,4,1,1,10,0,10,54.0
DeAndre Smelter,2015,WR,Georgia Tech,3,4.52,36.0,,94.02,4,1,0,2,0,0,0.0
Max Garcia,2015,C,Florida,2,5.24,48.0,,,4,1,1,9,0,3,26.0
Mark Glowinski,2015,OG,West Virginia,4,5.2,46.67,,,4,1,1,10,0,6,41.0
Marcus Hardison,2015,DE,Arizona State,3,4.91,29.23,,,4,1,0,0,0,0,0.0
Tray Walker,2015,CB,Texas Southern,2,,,,,4,1,0,1,0,0,0.0
Grady Jarrett,2015,NT,Clemson,1,5.06,0.0,,,5,2,1,11,2,8,57.0
David Cobb,2015,RB,Minnesota,4,4.81,0.0,,100.0,5,2,0,1,0,0,1.0
Rashad Greene,2015,WR,Florida State,2,4.53,34.0,,,5,2,0,4,0,0,2.0
Ben Heeney,2015,ILB,Kansas,10,4.59,63.08,,,5,2,0,3,0,0,3.0
Martrell Spaight,2015,OLB,Arkansas,3,4.81,29.23,,,5,2,0,4,0,0,6.0
Adrian Amos,2015,S,Penn State,2,4.56,42.22,,,5,2,1,10,0,8,38.0
MyCole Pruitt,2015,TE,Southern Illinois,10,4.58,70.0,,,5,2,0,10,0,1,7.0
Mykkele Thompson,2015,S,Texas,2,,,,,5,2,0,2,0,0,0.0
Bobby McCain,2015,CB,Memphis,6,4.51,31.11,,,5,2,1,10,0,6,28.0
Stefon Diggs,2015,WR,Maryland,4,4.46,48.0,,71.81,5,2,1,11,4,11,90.0
Brett Hundley,2015,QB,UCLA,5,4.63,58.75,,40.17,5,2,0,5,0,1,5.0
Davis Tull,2015,OLB,Chattanooga,10,4.57,66.15,,,5,2,0,0,0,0,0.0
Jay Ajayi,2015,RB,Boise State,7,4.57,38.33,,100.0,5,2,1,5,1,2,19.0
Cedric Thompson,2015,S,Minnesota,4,,,,,5,2,0,0,0,0,0.0
David Parry,2015,NT,Stanford,3,5.38,0.0,,,5,2,0,4,0,2,13.0
Jarvis Harrison,2015,OG,Texas A&M,2,5.19,48.0,,,5,2,0,0,0,0,0.0
Kyle Emanuel,2015,OLB,North Dakota State,9,4.77,35.38,,,5,2,0,6,0,2,16.0
Tyeler Davison,2015,DT,Fresno State,7,5.18,21.25,,,5,2,1,8,0,6,31.0
Karlos Williams,2015,RB,Florida State,2,4.48,53.33,,74.23,5,2,0,1,0,0,4.0
Tony Lippett,2015,WR,Michigan State,3,4.61,18.0,,100.0,5,2,0,4,0,1,6.0
C.J. Uzomah,2015,TE,Auburn,2,,,,32.42,5,2,1,10,0,4,14.0
Shaquille Riddick,2015,DE,West Virginia,4,,,,,5,2,0,0,0,0,0.0
JJ Nelson,2015,WR,UAB,6,4.28,84.0,,,5,2,0,5,0,0,12.0
Jesse James,2015,TE,Penn State,2,4.83,28.33,,35.56,5,2,1,8,0,4,12.0
Neiron Ball,2015,OLB,Florida,2,4.65,53.85,,,5,2,0,1,0,0,1.0
Kenny Bell,2015,WR,Nebraska,3,4.42,56.0,,56.0,5,2,0,0,0,0,0.0
Ryan Russell,2015,DE,Purdue,4,4.75,53.85,,,5,2,0,3,0,0,4.0
Lorenzo Doss,2015,CB,Tulane,6,4.5,33.33,,,5,2,0,4,0,0,0.0
Bradley Pinion,2015,P,Clemson,1,5.18,0.0,,,5,2,1,11,0,3,15.0
Joe Cardona,2015,LS,Navy,5,4.91,13.85,,,5,2,0,11,0,0,8.0
Damian Swann,2015,CB,Georgia,1,4.5,33.33,,,5,2,0,1,0,0,1.0
Michael Burton,2015,FB,Rutgers,4,4.65,53.85,,,5,2,0,10,0,1,1.0
David Mayo,2015,LB,Texas State,2,,,,,5,2,0,9,0,1,18.0
Tye Smith,2015,CB,Towson,10,4.6,11.11,,,5,2,0,7,0,0,3.0
Nick Boyle,2015,TE,Delaware,9,5.04,0.0,,,5,2,1,8,0,4,9.0
D.J. Alexander,2015,OLB,Oregon State,4,,,,,5,2,1,5,1,0,7.0
James O'Shaughnessy,2015,TE,Illinois State,4,,,,,5,2,1,7,0,3,7.0
Cameron Artis-Payne,2015,RB,Auburn,2,4.53,45.0,,100.0,5,2,0,4,0,0,5.0
Keith Mumphery,2015,WR,Michigan State,3,4.54,32.0,,47.25,5,2,0,2,0,0,2.0
Robert Myers,2015,OG,Tennessee State,2,5.44,14.67,,,5,2,0,0,0,0,0.0
Deiontrez Mount,2015,OLB,Louisville,4,,,,,6,2,0,3,0,0,1.0
Matthew Wells,2015,LB,Mississippi State,3,,,,,6,2,0,0,0,0,0.0
Max Valles,2015,OLB,Virginia,4,4.83,26.15,,,6,2,0,0,0,0,0.0
Michael Bennett,2015,DT,Ohio State,1,5.04,38.75,,,6,2,0,4,0,0,1.0
Kyshoen Jarrett,2015,S,Virginia Tech,3,4.57,40.0,,,6,2,0,1,0,0,3.0
Tevin Mitchel,2015,CB,Arkansas,3,,,,,6,2,0,0,0,0,0.0
Tayo Fabuluje,2015,OT,TCU,3,5.55,5.88,,,6,2,0,1,0,0,0.0
Kaelin Clay,2015,WR,Utah,3,4.51,38.0,,44.09,6,2,0,4,0,0,3.0
Tyrus Thompson,2015,OT,Oklahoma,2,5.35,29.41,,,6,2,0,0,0,0,0.0
Geremy Davis,2015,WR,Connecticut,6,4.49,42.0,,,6,2,0,5,0,0,0.0
Evan Spencer,2015,WR,Ohio State,1,,,,12.05,6,2,0,1,0,0,0.0
Tony Steward,2015,OLB,Clemson,1,,,,,6,2,0,1,0,0,1.0
Charles Gaines,2015,CB,Louisville,4,4.44,46.67,,,6,2,0,1,0,0,1.0
Ian Silberman,2015,OG,Boston College,4,,,,,6,2,0,4,0,0,0.0
JaCorey Shepherd,2015,CB,Kansas,10,4.62,6.67,,,6,2,0,2,0,0,1.0
Darius Philon,2015,DT,Arkansas,3,5.0,43.75,,,6,2,0,7,0,0,14.0
B.J. Dubose,2015,DE,Louisville,4,5.06,6.15,,,6,2,0,0,0,0,0.0
Nick O'Leary,2015,TE,Florida State,2,4.93,11.67,,54.93,6,2,0,5,0,2,6.0
Malcolm Johnson,2015,TE,Mississippi State,3,,,,38.05,6,2,0,2,0,0,0.0
Randall Evans,2015,CB,Kansas State,4,,,,,6,2,0,1,0,0,0.0
Derron Smith,2015,S,Fresno State,7,4.61,31.11,,,6,2,0,3,0,0,3.0
Randall Telfer,2015,TE,USC,2,4.83,28.33,,14.53,6,2,0,3,0,2,0.0
Leterrius Walton,2015,DT,Central Michigan,8,5.25,12.5,,,6,2,0,4,0,0,4.0
Quandre Diggs,2015,CB,Texas,2,4.56,20.0,,,6,2,1,11,3,6,43.0
Bud Sasser,2015,WR,Missouri,4,,,,91.77,6,2,0,0,0,0,0.0
A.J. Derby,2015,TE,Arkansas,3,,,,,6,2,0,4,0,0,3.0
Darius Kilgo,2015,NT,Maryland,4,,,,,6,2,0,4,0,0,3.0
Darren Waller,2015,WR,Georgia Tech,3,4.46,48.0,,41.33,6,2,1,11,1,4,33.0
Josh Robinson,2015,RB,Mississippi State,3,4.7,16.67,,93.76,6,2,0,1,0,0,0.0
Aaron Ripkowski,2015,FB,Oklahoma,2,,,,,6,2,0,3,0,0,2.0
Amarlo Herrera,2015,ILB,Georgia,1,4.83,26.15,,,6,2,0,1,0,0,0.0
Andy Gallik,2015,C,Boston College,4,5.5,13.33,,,6,2,0,1,0,1,4.0
Obum Gwacham,2015,DE,Oregon State,4,4.72,58.46,,,6,2,0,3,0,0,1.0
Christian Ringo,2015,DE,Louisiana,8,,,,,6,2,0,8,0,0,5.0
Reshard Cliett,2015,OLB,South Florida,6,,,,,6,2,0,0,0,0,0.0
Anthony Chickillo,2015,DE,Miami (FL),2,4.79,47.69,,,6,2,0,6,0,1,10.0
Kennard Backman,2015,TE,UAB,6,,,,40.23,6,2,0,1,0,0,0.0
Kristjan Sokoli,2015,DT,Buffalo,8,,,,,6,2,0,1,0,0,0.0
Cody Wichmann,2015,OG,Fresno State,7,,,,,6,2,0,2,0,2,6.0
Christian Covington,2015,DT,Rice,6,4.9,56.25,,,6,2,0,8,0,1,20.0
Rakeem Nunez-Roches,2015,DT,Southern Miss,10,5.02,41.25,,,6,2,1,11,0,4,31.0
Anthony Morris,2015,OL,Tennessee State,2,,,,,7,2,0,0,0,0,0.0
Hayes Pullard,2015,ILB,USC,2,4.78,33.85,,,7,2,0,4,0,1,9.0
Neal Sterling,2015,WR,Monmouth,10,,,,,7,2,0,4,0,0,2.0
Andre Debose,2015,WR,Florida,2,,,,5.06,7,2,0,0,0,0,0.0
Austin Reiter,2015,C,South Florida,6,,,,,7,2,0,7,0,2,20.0
Deon Simon,2015,NT,Northwestern State (LA),5,5.12,0.0,,,7,2,0,2,0,0,2.0
Bryce Hager,2015,ILB,Baylor,3,4.6,61.54,,,7,2,0,6,0,0,7.0
Jake Rodgers,2015,OT,Eastern Washington,10,,,,,7,2,0,6,0,0,1.0
Bobby Hart,2015,OG,Florida State,2,5.61,0.0,,,7,2,1,11,0,4,30.0
Martin Ifedi,2015,DE,Memphis,6,4.88,33.85,,,7,2,0,0,0,0,0.0
Austin Shepherd,2015,OT,Alabama,1,5.39,24.71,,,7,2,0,1,0,0,1.0
Ben Koyack,2015,TE,Notre Dame,2,4.79,35.0,,23.1,7,2,0,5,0,0,1.0
Marcus Murphy,2015,RB,Missouri,4,4.61,31.67,,47.29,7,2,0,4,0,0,2.0
Joey Iosefa,2015,FB,Hawaii,7,5.02,0.0,,,7,2,0,1,0,0,0.0
Edmond Robinson,2015,OLB,Newberry,10,4.61,60.0,,,7,2,0,7,0,0,3.0
Da'Ron Brown,2015,WR,Northern Illinois,8,4.54,32.0,,90.96,7,2,0,0,0,0,0.0
Dezmin Lewis,2015,WR,Central Arkansas,9,,,,,7,2,0,2,0,0,0.0
Kenny Hilliard,2015,RB,LSU,1,4.83,0.0,,42.88,7,2,0,0,0,0,0.0
Mark Nzeocha,2015,OLB,Wyoming,7,4.56,67.69,,,7,2,0,7,0,0,5.0
Brian Mihalik,2015,DE,Boston College,4,,,,,7,2,0,4,0,0,5.0
Mario Alford,2015,WR,West Virginia,4,4.43,54.0,,92.44,7,2,0,2,0,0,0.0
Gerod Holliman,2015,S,Louisville,4,4.62,28.89,,,7,2,0,0,0,0,0.0
Corey Robinson,2015,OT,South Carolina,3,5.34,30.59,,,7,2,0,4,0,0,7.0
Ifo Ekpre-Olomu,2015,CB,Oregon,2,4.52,28.89,,,7,2,0,0,0,0,0.0
Dexter McDonald,2015,CB,Kansas,10,,,,,7,2,0,3,0,0,2.0
Laurence Gibson,2015,OT,Virginia Tech,3,5.04,65.88,,,7,2,0,0,0,0,0.0
Trent Brown,2015,OG,Florida,2,5.21,45.33,,,7,2,1,11,1,5,42.0
Tre McBride,2015,WR,William & Mary,10,4.41,58.0,,,7,2,0,3,0,0,1.0
Geoff Swaim,2015,TE,Texas,2,,,,17.08,7,2,1,10,0,3,6.0
Darryl Roberts,2015,CB,Marshall,8,,,,,7,2,0,7,0,1,13.0
Ryan Murphy,2015,DB,Oregon State,4,,,,,7,2,0,3,0,0,0.0
Akeem King,2015,DB,San Jose State,7,,,,,7,2,0,5,0,0,3.0
Trevor Siemian,2015,QB,Northwestern,5,,,,47.14,7,2,0,9,0,2,16.0
Taurean Nixon,2015,DB,Tulane,6,,,,,7,2,0,2,0,0,0.0
Josh Furman,2015,DB,Oklahoma State,3,,,,,7,2,0,0,0,0,0.0
Xzavier Dickson,2015,OLB,Alabama,1,4.74,40.0,,,7,2,0,0,0,0,0.0
Rory Anderson,2015,TE,South Carolina,3,4.73,45.0,,30.63,7,2,0,0,0,0,0.0
Denzelle Good,2015,OT,Mars Hill,10,,,,,7,2,0,7,0,2,21.0
Gerald Christian,2015,TE,Louisville,4,4.87,21.67,,34.25,7,2,0,2,0,0,0.0
Jared Goff,2016,QB,California,4,4.82,35.0,,100.0,1,0,1,10,5,9,106.0
Carson Wentz,2016,QB,North Dakota State,9,4.77,41.25,,,1,0,1,10,1,6,63.0
Joey Bosa,2016,DE,Ohio State,1,4.86,36.92,,,1,0,1,10,5,7,62.0
Ezekiel Elliott,2016,RB,Ohio State,1,4.47,55.0,,100.0,1,0,1,9,3,7,68.0
Jalen Ramsey,2016,CB,Florida State,2,4.41,53.33,,,1,0,1,10,8,10,84.0
Ronnie Stanley,2016,OT,Notre Dame,2,5.2,47.06,,,1,0,1,10,2,8,64.0
DeForest Buckner,2016,DE,Oregon,2,5.05,7.69,,,1,0,1,10,3,9,76.0
Jack Conklin,2016,OT,Michigan State,3,5.0,70.59,,,1,0,1,10,0,6,55.0
Leonard Floyd,2016,OLB,Georgia,1,4.6,61.54,,,1,0,1,10,0,10,63.0
Eli Apple,2016,CB,Ohio State,1,4.4,55.56,,,1,0,1,10,0,5,28.0
Vernon Hargreaves III,2016,CB,Florida,2,4.5,33.33,,,1,0,1,6,0,4,18.0
Sheldon Rankins,2016,DT,Louisville,4,5.03,40.0,,,1,0,1,10,0,6,41.0
Laremy Tunsil,2016,OT,Ole Miss,3,5.23,43.53,,,1,0,1,10,5,9,60.0
Karl Joseph,2016,S,West Virginia,4,4.57,40.0,,,1,0,1,6,0,4,16.0
Corey Coleman,2016,WR,Baylor,3,4.42,56.0,,100.0,1,0,0,3,0,2,6.0
Taylor Decker,2016,OT,Ohio State,1,5.23,43.53,,,1,0,1,10,1,9,59.0
Keanu Neal,2016,S,Florida,2,4.62,28.89,,,1,0,1,8,1,3,25.0
Ryan Kelly,2016,C,Alabama,1,5.03,76.0,,,1,0,1,10,4,9,56.0
Shaq Lawson,2016,DE,Clemson,1,4.7,61.54,,,1,0,0,9,0,1,24.0
Darron Lee,2016,OLB,Ohio State,1,4.47,81.54,,,1,0,1,5,0,3,19.0
Will Fuller,2016,WR,Notre Dame,2,4.32,76.0,,,1,0,1,6,0,5,24.0
Josh Doctson,2016,WR,TCU,3,4.5,40.0,,100.0,1,0,0,4,0,2,9.0
Laquon Treadwell,2016,WR,Ole Miss,3,4.52,36.0,,95.79,1,0,0,10,0,2,8.0
William Jackson III,2016,CB,Houston,6,4.37,62.22,,,1,0,1,7,0,4,19.0
Artie Burns,2016,CB,Miami (FL),2,4.46,42.22,,,1,0,0,9,0,1,17.0
Paxton Lynch,2016,QB,Memphis,6,4.86,30.0,,98.31,1,0,0,2,0,0,2.0
Kenny Clark,2016,DT,UCLA,5,5.06,36.25,,,1,0,1,10,3,9,63.0
Joshua Garnett,2016,OG,Stanford,3,5.32,30.67,,,1,0,0,5,0,1,5.0
Robert Nkemdiche,2016,DT,Ole Miss,3,4.87,60.0,,,1,0,0,6,0,0,6.0
Vernon Butler,2016,DT,Louisiana Tech,5,5.33,2.5,,,1,0,0,7,0,2,13.0
Germain Ifedi,2016,OG,Texas A&M,2,5.27,37.33,,,1,0,1,9,0,4,38.0
Emmanuel Ogbah,2016,DE,Oklahoma State,3,4.63,72.31,,,2,0,1,10,0,6,43.0
Kevin Dodd,2016,DE,Clemson,1,4.86,36.92,,,2,0,0,2,0,0,2.0
Jaylon Smith,2016,OLB,Notre Dame,2,4.67,50.77,,,2,0,1,8,1,4,37.0
Hunter Henry,2016,TE,Arkansas,3,4.79,35.0,,48.46,2,0,1,10,0,8,37.0
Myles Jack,2016,OLB,UCLA,5,4.56,67.69,,,2,0,1,8,0,7,42.0
Chris Jones,2016,DT,Mississippi State,3,5.03,40.0,,,2,0,1,10,7,10,96.0
Xavien Howard,2016,CB,Baylor,3,4.58,15.56,,,2,0,1,10,4,7,58.0
Noah Spence,2016,DE,Eastern Kentucky,10,4.8,46.15,,,2,0,0,6,0,0,5.0
Sterling Shepard,2016,WR,Oklahoma,2,4.48,44.0,,95.54,2,0,1,10,0,5,32.0
Reggie Ragland,2016,ILB,Alabama,1,4.72,43.08,,,2,0,1,7,0,3,22.0
Kamalei Correa,2016,DE,Boise State,7,4.69,63.08,,,2,0,0,5,0,1,11.0
Austin Johnson,2016,NT,Penn State,2,5.32,0.0,,,2,0,1,10,0,3,29.0
Jihad Ward,2016,DE,Illinois,4,5.11,0.0,,,2,0,1,10,0,4,25.0
Derrick Henry,2016,RB,Alabama,1,4.54,43.33,,100.0,2,0,1,10,5,7,85.0
A'Shawn Robinson,2016,DT,Alabama,1,5.2,18.75,,,2,0,1,10,0,7,40.0
Michael Thomas,2016,WR,Ohio State,1,4.57,26.0,,91.11,2,0,1,8,3,4,60.0
Jason Spriggs,2016,OT,Indiana,4,4.94,77.65,,,2,0,0,6,0,0,9.0
Jarran Reed,2016,DT,Alabama,1,5.21,17.5,,,2,0,1,10,0,8,48.0
Nick Martin,2016,OG,Notre Dame,2,5.22,44.0,,,2,0,1,7,0,4,29.0
Christian Hackenberg,2016,QB,Penn State,2,4.78,40.0,,58.03,2,0,0,0,0,0,0.0
Deion Jones,2016,OLB,LSU,1,4.59,63.08,,,2,0,1,10,1,5,43.0
Su'a Cravens,2016,OLB,USC,2,4.58,64.62,,,2,0,0,3,0,0,5.0
Mackensie Alexander,2016,CB,Clemson,1,4.43,48.89,,,2,0,0,7,0,1,12.0
Tyler Boyd,2016,WR,Pittsburgh,3,4.58,24.0,,100.0,2,0,1,9,0,5,48.0
Cody Whitehair,2016,OG,Kansas State,4,5.02,70.67,,,2,0,1,9,1,8,43.0
T.J. Green,2016,S,Clemson,1,4.34,91.11,,,2,0,0,6,0,0,6.0
Sean Davis,2016,CB,Maryland,4,4.46,42.22,,,2,0,1,6,0,3,18.0
Roberto Aguayo,2016,K,Florida State,2,4.96,6.15,,,2,0,0,1,0,0,0.0
Cyrus Jones,2016,CB,Alabama,1,4.49,35.56,,,2,0,0,4,0,0,4.0
Vonn Bell,2016,S,Ohio State,1,4.52,51.11,,,2,0,1,9,0,7,37.0
James Bradberry,2016,CB,Samford,10,4.5,33.33,,,2,0,1,8,1,8,46.0
Adam Gotsis,2016,DT,Georgia Tech,3,4.88,58.75,,,2,0,1,10,0,3,28.0
Kevin Byard,2016,S,Middle Tenn. State,10,,,,,3,1,1,10,3,9,66.0
Carl Nassib,2016,DE,Penn State,2,4.84,40.0,,,3,1,0,7,0,1,20.0
Max Tuerk,2016,C,USC,2,5.12,64.0,,,3,1,0,2,0,0,0.0
Maliek Collins,2016,DT,Nebraska,3,5.03,40.0,,,3,1,1,10,0,10,51.0
Will Redmond,2016,CB,Mississippi State,3,4.45,44.44,,,3,1,0,7,0,0,3.0
Yannick Ngakoue,2016,DE,Maryland,4,4.75,53.85,,,3,1,1,9,1,8,50.0
Bronson Kaufusi,2016,DE,BYU,5,4.87,35.38,,,3,1,0,4,0,0,2.0
Darian Thompson,2016,S,Boise State,7,4.69,13.33,,,3,1,0,6,0,1,12.0
Jonathan Bullard,2016,DT,Florida,2,4.93,52.5,,,3,1,1,10,0,3,28.0
Kenyan Drake,2016,RB,Alabama,1,4.45,58.33,,21.73,3,1,1,8,0,2,33.0
KeiVarae Russell,2016,CB,Notre Dame,2,4.49,35.56,,,3,1,0,6,0,0,2.0
Shilique Calhoun,2016,DE,Michigan State,3,4.82,43.08,,,3,1,0,5,0,0,5.0
Shon Coleman,2016,OT,Auburn,2,5.18,49.41,,,3,1,0,2,0,1,6.0
Daryl Worley,2016,CB,West Virginia,4,4.64,2.22,,,3,1,1,9,0,4,22.0
Joe Thuney,2016,OG,NC State,4,4.95,80.0,,,3,1,1,10,4,10,84.0
Isaac Seumalo,2016,OG,Oregon State,4,5.19,48.0,,,3,1,1,10,1,7,39.0
Adolphus Washington,2016,DT,Ohio State,1,5.17,22.5,,,3,1,0,3,0,2,9.0
Austin Hooper,2016,TE,Stanford,3,4.72,46.67,,50.34,3,1,1,10,2,5,33.0
Le'Raven Clark,2016,OT,Texas Tech,4,5.16,51.76,,,3,1,0,7,0,0,12.0
Jordan Jenkins,2016,OLB,Georgia,1,4.8,30.77,,,3,1,1,6,0,5,29.0
Kendall Fuller,2016,CB,Virginia Tech,3,4.48,37.78,,,3,1,1,9,0,6,34.0
Braxton Miller,2016,WR,Ohio State,1,4.5,40.0,,39.77,3,1,0,2,0,1,2.0
Leonte Carroo,2016,WR,Rutgers,4,4.5,40.0,,91.16,3,1,0,3,0,0,2.0
Nick Vigil,2016,ILB,Utah State,7,4.72,43.08,,,3,1,1,9,0,4,27.0
Kyler Fackrell,2016,OLB,Utah State,7,4.72,43.08,,,3,1,0,6,0,1,16.0
Javon Hargrave,2016,DT,South Carolina State,3,4.93,52.5,,,3,1,1,10,2,9,59.0
C.J. Prosise,2016,RB,Notre Dame,2,4.48,53.33,,100.0,3,1,0,5,0,0,5.0
Jacoby Brissett,2016,QB,NC State,4,4.94,20.0,,65.87,3,1,1,10,0,4,42.0
Brandon Williams,2016,CB,Texas A&M,2,4.37,62.22,,,3,1,0,5,0,0,4.0
Cody Kessler,2016,QB,USC,2,4.89,26.25,,80.27,3,1,0,3,0,1,5.0
Nick Vannett,2016,TE,Ohio State,1,4.76,40.0,,12.33,3,1,1,10,0,3,7.0
Graham Glasgow,2016,C,Michigan,1,5.13,62.67,,,3,1,1,10,0,8,48.0
Vincent Valentine,2016,DT,Nebraska,3,5.19,20.0,,,3,1,0,3,0,0,2.0
Rees Odhiambo,2016,OG,Boise State,7,5.17,50.67,,,3,1,0,3,0,0,4.0
Justin Simmons,2016,S,Boston College,4,4.61,31.11,,,3,1,1,9,2,8,60.0
Joe Schobert,2016,OLB,Wisconsin,3,4.76,36.92,,,4,1,1,7,1,5,37.0
Connor Cook,2016,QB,Michigan State,3,4.79,38.75,,71.12,4,1,0,1,0,0,0.0
Charles Tapper,2016,DE,Oklahoma,2,4.59,78.46,,,4,1,0,2,0,0,0.0
Joshua Perry,2016,ILB,Ohio State,1,4.68,49.23,,,4,1,0,2,0,0,1.0
Sheldon Day,2016,DT,Notre Dame,2,5.07,35.0,,,4,1,0,10,0,0,9.0
Tavon Young,2016,CB,Temple,6,4.46,42.22,,,4,1,0,6,0,1,14.0
Parker Ehinger,2016,OG,Cincinnati,4,5.26,38.67,,,4,1,0,6,0,0,4.0
Eric Murray,2016,CB,Minnesota,4,4.49,35.56,,,4,1,1,10,0,5,25.0
Chris Moore,2016,WR,Cincinnati,4,4.53,34.0,,81.62,4,1,0,10,0,0,14.0
Ryan Smith,2016,CB,North Carolina Central,3,4.47,40.0,,,4,1,0,7,0,0,8.0
B.J. Goodson,2016,OLB,Clemson,1,4.69,47.69,,,4,1,1,6,0,4,20.0
Tyler Higbee,2016,TE,Western Kentucky,5,4.77,38.33,,91.28,4,1,1,10,0,8,31.0
Miles Killebrew,2016,S,Southern Utah,10,4.65,22.22,,,4,1,1,10,2,0,18.0
Malcolm Mitchell,2016,WR,Georgia,1,4.45,50.0,,59.13,4,1,0,1,0,0,4.0
Nick Kwiatkoski,2016,ILB,West Virginia,4,4.73,41.54,,,4,1,0,7,0,1,20.0
Ricardo Louis,2016,WR,Auburn,2,4.43,54.0,,77.42,4,1,0,2,0,1,3.0
De'Vondre Campbell,2016,OLB,Minnesota,4,4.58,64.62,,,4,1,1,9,0,9,51.0
Hassan Ridgeway,2016,DT,Texas,2,5.02,41.25,,,4,1,0,8,0,0,13.0
Pharoh Cooper,2016,WR,South Carolina,3,4.52,36.0,,90.48,4,1,1,7,1,0,6.0
Juston Burris,2016,CB,NC State,4,4.53,26.67,,,4,1,0,7,0,2,14.0
Tyler Ervin,2016,RB,San Jose State,7,4.41,65.0,,100.0,4,1,0,5,0,0,2.0
David Onyemata,2016,DT,Manitoba,10,,,,,4,1,1,10,0,7,48.0
Willie Beavers,2016,OT,Western Michigan,8,5.28,37.65,,,4,1,0,1,0,0,0.0
Andrew Billings,2016,NT,Baylor,3,5.05,0.0,,,4,1,1,10,0,6,33.0
Jerald Hawkins,2016,OT,LSU,1,5.23,43.53,,,4,1,0,5,0,0,2.0
Deon Bush,2016,S,Miami (FL),2,4.64,24.44,,,4,1,0,9,0,0,8.0
Antonio Morrison,2016,ILB,Florida,2,4.76,36.92,,,4,1,0,3,0,2,13.0
Demarcus Robinson,2016,WR,Florida,2,4.59,22.0,,40.25,4,1,1,10,0,3,27.0
Deiondre' Hall,2016,CB,Northern Iowa,10,4.68,0.0,,,4,1,0,3,0,0,2.0
Evan Boehm,2016,C,Missouri,4,5.33,36.0,,,4,1,0,4,0,1,12.0
Derrick Kindred,2016,S,TCU,3,4.5,55.56,,,4,1,0,3,0,1,8.0
Alex Lewis,2016,OT,Nebraska,3,5.22,44.71,,,4,1,0,5,0,2,14.0
Blake Martinez,2016,LB,Stanford,3,4.71,28.0,,,4,1,1,8,0,5,38.0
Willie Henry,2016,DT,Michigan,1,5.0,43.75,,,4,1,0,5,0,0,4.0
Rashard Robinson,2016,CB,LSU,1,4.49,35.56,,,4,1,0,6,0,0,9.0
Kenneth Dixon,2016,RB,Louisiana Tech,5,4.56,40.0,,100.0,4,1,0,3,0,0,5.0
Dak Prescott,2016,QB,Mississippi State,3,4.79,38.75,,83.94,4,1,1,10,4,9,104.0
Devontae Booker,2016,RB,Utah,3,4.56,40.0,,100.0,4,1,0,6,0,0,19.0
Dean Lowry,2016,DE,Northwestern,5,4.87,35.38,,,4,1,1,9,0,6,38.0
Seth Devalve,2016,TE,Princeton,10,,,,,4,1,0,5,0,0,6.0
Cardale Jones,2016,QB,Ohio State,1,4.81,36.25,,35.87,4,1,0,1,0,0,0.0
Tajae Sharpe,2016,WR,Massachusetts,10,4.55,30.0,,97.48,5,2,1,6,0,3,12.0
Zack Sanchez,2016,CB,Oklahoma,2,4.5,33.33,,,5,2,0,1,0,0,1.0
Ronald Blair,2016,DE,Appalachian State,8,5.15,0.0,,,5,2,0,6,0,0,7.0
DeAndre Washington,2016,RB,Texas Tech,4,4.49,51.67,,100.0,5,2,0,5,0,0,12.0
Connor McGovern,2016,OG,Missouri,4,5.11,58.67,,,5,2,1,9,0,5,29.0
John Theus,2016,OT,Georgia,1,5.22,44.71,,,5,2,0,1,0,0,1.0
Matt Judon,2016,DE,Grand Valley State,10,4.73,56.92,,,5,2,1,10,4,7,63.0
Quinton Jefferson,2016,DT,Maryland,4,4.95,50.0,,,5,2,1,10,0,4,29.0
Caleb Benenoch,2016,OT,UCLA,5,4.98,72.94,,,5,2,0,6,0,1,12.0
Paul Perkins,2016,RB,UCLA,5,4.54,43.33,,100.0,5,2,0,4,0,0,5.0
Jordan Howard,2016,RB,Indiana,4,4.57,38.33,,100.0,5,2,1,7,1,3,27.0
Joe Dahl,2016,OG,Washington State,4,5.18,49.33,,,5,2,0,5,0,1,11.0
Matthew Ioannidis,2016,DT,Temple,6,5.03,40.0,,,5,2,1,7,0,3,25.0
Wendell Smallwood,2016,RB,West Virginia,4,4.47,55.0,,96.45,5,2,0,6,0,1,10.0
Jordan Payton,2016,WR,UCLA,5,4.47,46.0,,82.92,5,2,0,1,0,0,0.0
Joe Haeg,2016,OT,North Dakota State,9,5.16,51.76,,,5,2,0,7,0,2,22.0
Jonathan Williams,2016,RB,Arkansas,3,4.56,40.0,,86.79,5,2,0,8,0,0,5.0
LeShaun Sims,2016,CB,Southern Utah,10,4.53,26.67,,,5,2,0,5,0,0,11.0
Brandon Shell,2016,OT,South Carolina,3,5.22,44.71,,,5,2,1,7,0,5,29.0
K.J. Dillon,2016,S,West Virginia,4,4.53,48.89,,,5,2,0,1,0,0,0.0
Kentrell Brothers,2016,OLB,Missouri,4,4.89,16.92,,,5,2,0,4,0,0,4.0
Christian Westerman,2016,OG,Arizona State,3,5.12,57.33,,,5,2,0,3,0,0,2.0
Kevin Hogan,2016,QB,Stanford,3,4.78,40.0,,62.7,5,2,0,6,0,0,2.0
Trevor Davis,2016,WR,California,4,4.42,56.0,,48.4,5,2,0,4,0,0,2.0
Halapoulivaati Vaitai,2016,OT,TCU,3,5.26,40.0,,,5,2,1,8,0,3,25.0
Tyreek Hill,2016,WR,West Alabama,10,,,,,5,2,1,10,8,8,98.0
D.J. Reader,2016,NT,Clemson,1,5.33,0.0,,,5,2,1,10,0,7,47.0
Marqui Christian,2016,S,Midwestern State,10,,,,,5,2,0,6,0,0,6.0
Spencer Drango,2016,OG,Baylor,3,5.27,37.33,,,5,2,0,2,0,2,8.0
Antwione Williams,2016,LB,Georgia Southern,1,,,,,5,2,0,1,0,0,2.0
Cole Toner,2016,OT,Harvard,10,5.32,32.94,,,5,2,0,6,0,0,2.0
Alex Collins,2016,RB,Arkansas,3,4.59,35.0,,100.0,5,2,0,6,0,2,17.0
Rashard Higgins,2016,WR,Colorado State,7,4.64,12.0,,95.98,5,2,0,7,0,0,13.0
Trey Caldwell,2016,DB,La-Monroe,10,,,,,5,2,0,1,0,0,0.0
Fahn Cooper,2016,OT,Ole Miss,3,5.17,50.59,,,5,2,0,0,0,0,0.0
Jatavis Brown,2016,OLB,Akron,10,,,,,5,2,0,4,0,2,14.0
Andy Janovich,2016,FB,Nebraska,3,4.81,29.23,,,6,2,0,6,0,1,2.0
Temarrick Hemingway,2016,TE,South Carolina State,3,4.71,48.33,,,6,2,0,6,0,0,0.0
D.J. White,2016,CB,Georgia Tech,3,4.49,35.56,,,6,2,0,4,0,0,1.0
Drew Kaser,2016,P,Texas A&M,2,4.95,7.69,,,6,2,0,3,0,0,5.0
Moritz Boehringer,2016,WR,,10,,,,,6,2,0,0,0,0,0.0
Tyrone Holmes,2016,OLB,Montana,9,,,,,6,2,0,2,0,0,1.0
Keenan Reynolds,2016,RB,Navy,5,,,,100.0,6,2,0,3,0,0,0.0
Devante Bond,2016,OLB,Oklahoma,2,4.7,46.15,,,6,2,0,5,0,1,4.0
Jerell Adams,2016,TE,South Carolina,3,4.64,60.0,,35.2,6,2,0,4,0,0,2.0
DeAndre Houston-Carson,2016,S,William & Mary,10,4.54,46.67,,,6,2,0,8,0,0,11.0
Jakeem Grant,2016,WR,Texas Tech,4,,,,100.0,6,2,1,6,1,0,14.0
Nate Sudfeld,2016,QB,Indiana,4,5.02,10.0,,89.69,6,2,0,7,0,0,1.0
David Morgan,2016,TE,UTSA,8,,,,56.21,6,2,0,3,0,0,1.0
Anthony Brown,2016,CB,Purdue,4,4.33,71.11,,,6,2,1,8,0,4,23.0
Josh Forrest,2016,ILB,Kentucky,4,4.91,13.85,,,6,2,0,2,0,0,2.0
Jake Rudock,2016,QB,Michigan,1,,,,53.44,6,2,0,2,0,0,0.0
Kolby Listenbee,2016,WR,TCU,3,4.39,62.0,,70.31,6,2,0,0,0,0,0.0
Sebastian Tretola,2016,OG,Arkansas,3,5.45,13.33,,,6,2,0,1,0,0,0.0
Cory James,2016,OLB,Colorado State,7,,,,,6,2,0,2,0,1,7.0
Wes Schweitzer,2016,OG,San Jose State,7,,,,,6,2,1,9,0,3,27.0
Blake Countess,2016,CB,Auburn,2,,,,,6,2,0,6,0,0,3.0
Danny Vitale,2016,FB,Northwestern,5,4.6,61.54,,,6,2,0,4,0,1,1.0
Derek Watt,2016,FB,Wisconsin,3,,,,,6,2,0,7,0,0,1.0
Cody Core,2016,WR,Ole Miss,3,4.47,46.0,,51.41,6,2,0,4,0,0,3.0
Kyle Murphy,2016,OT,Stanford,3,5.19,48.24,,,6,2,0,6,0,0,2.0
Brandon Allen,2016,QB,Arkansas,3,4.84,32.5,,77.67,6,2,0,10,0,0,5.0
Anthony Zettel,2016,DT,Penn State,2,4.81,67.5,,,6,2,0,5,0,1,9.0
Dadi Nicolas,2016,DE,Virginia Tech,3,4.74,55.38,,,6,2,0,1,0,0,1.0
Jordan Lucas,2016,S,Penn State,2,4.54,46.67,,,6,2,0,6,0,0,4.0
Harlan Miller,2016,CB,Southeastern Louisiana,10,4.65,0.0,,,6,2,0,3,0,0,2.0
Mike Thomas,2016,WR,Southern Miss,10,,,,,6,2,0,7,0,0,2.0
Jeff Driskel,2016,QB,Louisiana Tech,5,4.56,67.5,,73.88,6,2,0,9,0,0,7.0
Kamu Grugier-Hill,2016,OLB,Eastern Illinois,10,,,,,6,2,1,9,0,3,24.0
Maurice Canady,2016,CB,Virginia,4,4.49,35.56,,,6,2,0,6,0,0,3.0
Jimmy Landes,2016,LS,Baylor,3,4.95,7.69,,,6,2,0,0,0,0,0.0
Kelvin Taylor,2016,RB,Florida,2,4.6,33.33,,89.55,6,2,0,0,0,0,0.0
Kavon Frazier,2016,S,Central Michigan,8,4.53,48.89,,,6,2,0,6,0,0,4.0
Aaron Burbridge,2016,WR,Michigan State,3,4.56,28.0,,94.56,6,2,0,1,0,0,1.0
Elandon Roberts,2016,ILB,Houston,6,,,,,6,2,1,10,0,8,52.0
Joey Hunt,2016,C,TCU,3,,,,,6,2,0,5,0,0,7.0
Darius Jackson,2016,RB,Eastern Michigan,8,,,,100.0,6,2,0,3,0,0,0.0
Rico Gathers,2016,TE,Baylor,3,,,,,6,2,0,3,0,0,0.0
Kevon Seymour,2016,CB,USC,2,4.39,57.78,,,6,2,0,9,0,0,6.0
Will Parks,2016,S,Arizona,4,,,,,6,2,0,7,0,0,11.0
Travis Feeney,2016,OLB,Washington,2,4.5,76.92,,,6,2,0,0,0,0,0.0
Ted Karras,2016,OG,Illinois,4,,,,,6,2,1,10,0,7,48.0
Aaron Wallace,2016,OLB,UCLA,5,,,,,7,2,0,3,0,0,1.0
Brandon Doughty,2016,QB,Western Kentucky,5,5.22,0.0,,100.0,7,2,0,0,0,0,0.0
Donavon Clark,2016,OG,Michigan State,3,,,,,7,2,0,0,0,0,0.0
Devin Lucien,2016,WR,Arizona State,3,,,,95.23,7,2,0,0,0,0,0.0
Jonathan Woodard,2016,DE,Central Arkansas,9,,,,,7,2,0,3,0,0,1.0
Stephen Weatherly,2016,OLB,Vanderbilt,4,4.61,60.0,,,7,2,0,6,0,1,12.0
Riley Dixon,2016,P,Syracuse,4,5.04,0.0,,,7,2,1,10,0,3,18.0
Demarcus Ayers,2016,WR,Houston,6,4.72,0.0,,92.54,7,2,0,1,0,0,0.0
Daniel Braverman,2016,WR,Western Michigan,8,,,,100.0,7,2,0,1,0,0,0.0
Thomas Duarte,2016,TE,UCLA,5,4.72,46.67,,82.96,7,2,0,1,0,0,0.0
Steven Daniels,2016,ILB,Boston College,4,4.86,21.54,,,7,2,0,0,0,0,0.0
Jalen Mills,2016,S,LSU,1,4.61,31.11,,,7,2,1,10,0,6,31.0
Vadal Alexander,2016,OG,LSU,1,5.57,0.0,,,7,2,0,2,0,0,6.0
Lac Edwards,2016,P,Sam Houston State,10,,,,,7,2,0,6,0,0,10.0
Dwayne Washington,2016,RB,Washington,2,,,,42.94,7,2,0,8,0,0,4.0
Daniel Lasco,2016,RB,California,4,4.46,56.67,,40.84,7,2,0,2,0,0,0.0
Devin Fuller,2016,WR,UCLA,5,,,,,7,2,0,0,0,0,0.0
Trevor Bates,2016,LB,Maine,10,,,,,7,2,0,3,0,0,1.0
Alex McCalister,2016,DE,Florida,2,4.8,46.15,,,7,2,0,0,0,0,0.0
Charone Peake,2016,WR,Clemson,1,4.45,50.0,,38.08,7,2,0,3,0,0,1.0
Keith Marshall,2016,RB,Georgia,1,4.31,81.67,,30.3,7,2,0,0,0,0,0.0
Kenny Lawler,2016,WR,California,4,4.64,12.0,,81.61,7,2,0,0,0,0,0.0
Jayron Kearse,2016,S,Clemson,1,4.62,28.89,,,7,2,1,8,0,4,18.0
Clayton Fejedelem,2016,S,Illinois,4,,,,,7,2,0,7,0,0,8.0
Tyler Matakevich,2016,OLB,Temple,6,4.81,29.23,,,7,2,0,9,0,0,9.0
Zac Brooks,2016,RB,Clemson,1,,,,22.09,7,2,0,0,0,0,0.0
Austin Blythe,2016,C,Iowa,3,5.36,32.0,,,7,2,1,7,0,4,33.0
Prince Charles Iworah,2016,CB,Western Kentucky,5,,,,,7,2,0,1,0,0,0.0
Scooby Wright III,2016,ILB,Arizona,4,4.9,15.38,,,7,2,0,2,0,0,1.0
Joe Walker,2016,ILB,Oregon,2,,,,,7,2,0,6,0,1,8.0
Beau Sandland,2016,TE,Montana State,9,4.74,43.33,,,7,2,0,0,0,0,0.0
Kalan Reed,2016,CB,Southern Miss,10,,,,,7,2,0,2,0,0,0.0
Myles Garrett,2017,DE,Texas A&M,2,4.64,70.77,,,1,0,1,9,7,9,104.0
Mitchell Trubisky,2017,QB,North Carolina,3,4.67,53.75,,,1,0,1,9,1,4,40.0
Solomon Thomas,2017,DE,Stanford,3,4.69,63.08,,,1,0,0,9,0,2,21.0
Leonard Fournette,2017,RB,LSU,1,4.51,48.33,,100.0,1,0,1,7,0,5,38.0
Corey Davis,2017,WR,Western Michigan,8,,,,100.0,1,0,1,6,0,5,31.0
Jamal Adams,2017,S,LSU,1,4.56,42.22,,,1,0,1,9,3,6,47.0
Mike Williams,2017,WR,Clemson,1,,,,88.38,1,0,1,8,0,4,38.0
Christian McCaffrey,2017,RB,Stanford,3,4.48,53.33,,100.0,1,0,1,9,4,6,86.0
John Ross,2017,WR,Washington,2,4.22,96.0,,100.0,1,0,0,8,0,1,7.0
Patrick Mahomes,2017,QB,Texas Tech,4,4.8,37.5,,100.0,1,0,1,9,6,8,115.0
Marshon Lattimore,2017,CB,Ohio State,1,4.36,64.44,,,1,0,1,9,4,7,43.0
Deshaun Watson,2017,QB,Clemson,1,4.66,55.0,,93.46,1,0,1,8,3,4,58.0
Haason Reddick,2017,LB,Temple,6,4.52,66.0,,,1,0,1,9,2,6,47.0
Derek Barnett,2017,DE,Tennessee,2,4.88,33.85,,,1,0,1,9,0,3,27.0
Malik Hooker,2017,S,Ohio State,1,,,,,1,0,1,9,0,6,26.0
Marlon Humphrey,2017,CB,Alabama,1,4.41,53.33,,,1,0,1,9,4,8,62.0
Jonathan Allen,2017,DE,Alabama,1,5.0,15.38,,,1,0,1,9,2,8,57.0
Adoree' Jackson,2017,CB,USC,2,4.42,51.11,,,1,0,1,9,0,7,30.0
O.J. Howard,2017,TE,Alabama,1,4.51,81.67,,33.42,1,0,1,6,0,4,13.0
Garett Bolles,2017,OT,Utah,3,4.95,76.47,,,1,0,1,9,1,8,56.0
Jarrad Davis,2017,LB,Florida,2,,,,,1,0,1,6,0,3,22.0
Charles Harris,2017,OLB,Missouri,4,4.82,27.69,,,1,0,0,8,0,2,16.0
Evan Engram,2017,TE,Ole Miss,3,4.42,96.67,,82.93,1,0,1,9,2,8,37.0
Gareon Conley,2017,CB,Ohio State,1,4.44,46.67,,,1,0,0,3,0,1,9.0
Jabrill Peppers,2017,S,Michigan,1,4.46,64.44,,,1,0,1,9,0,5,32.0
Takkarist McKinley,2017,DE,UCLA,5,4.59,78.46,,,1,0,0,8,0,2,16.0
Tre'Davious White,2017,CB,LSU,1,4.47,40.0,,,1,0,1,9,2,6,53.0
Taco Charlton,2017,DE,Michigan,1,4.92,27.69,,,1,0,0,6,0,0,9.0
David Njoku,2017,TE,Miami (FL),2,4.64,60.0,,76.48,1,0,1,9,1,6,27.0
T.J. Watt,2017,OLB,Wisconsin,3,4.69,47.69,,,1,0,1,9,8,9,96.0
Reuben Foster,2017,LB,Alabama,1,,,,,1,0,0,2,0,2,8.0
Ryan Ramczyk,2017,OT,Wisconsin,3,,,,,1,0,1,7,0,6,64.0
Kevin King,2017,CB,Washington,2,4.43,48.89,,,2,0,1,8,0,3,16.0
Cam Robinson,2017,OT,Alabama,1,5.15,52.94,,,2,0,1,9,0,7,43.0
Malik McDowell,2017,DT,Michigan State,3,4.85,62.5,,,2,0,0,5,0,1,6.0
Budda Baker,2017,S,Washington,2,4.45,66.67,,,2,0,1,9,8,8,63.0
Zay Jones,2017,WR,East Carolina,6,4.45,50.0,,100.0,2,0,1,9,0,3,25.0
Forrest Lamp,2017,OG,Western Kentucky,5,5.0,73.33,,,2,0,0,5,0,1,8.0
Marcus Maye,2017,S,Florida,2,,,,,2,0,1,9,0,5,29.0
Curtis Samuel,2017,WR,Ohio State,1,4.31,78.0,,100.0,2,0,1,9,0,5,30.0
Dalvin Cook,2017,RB,Florida State,2,4.49,51.67,,100.0,2,0,1,8,4,5,52.0
Marcus Williams,2017,S,Utah,3,4.56,42.22,,,2,0,1,9,0,8,32.0
Sidney Jones,2017,CB,Washington,2,4.47,40.0,,,2,0,0,7,0,2,12.0
Gerald Everett,2017,TE,South Alabama,10,4.62,63.33,,52.31,2,0,1,8,0,3,22.0
Adam Shaheen,2017,TE,Ashland,10,4.79,35.0,,,2,0,0,5,0,1,4.0
Quincy Wilson,2017,CB,Florida,2,4.54,24.44,,,2,0,0,6,0,0,4.0
Tyus Bowser,2017,OLB,Houston,6,4.65,53.85,,,2,0,0,8,0,1,21.0
Joe Mixon,2017,RB,Oklahoma,2,,,,94.56,2,0,1,8,2,6,56.0
Ryan Anderson,2017,OLB,Alabama,1,4.78,33.85,,,2,0,0,6,0,0,6.0
Justin Evans,2017,S,Texas A&M,2,,,,,2,0,0,7,0,2,10.0
DeMarcus Walker,2017,DE,Florida State,2,,,,,2,0,0,9,0,2,24.0
DeShone Kizer,2017,QB,Notre Dame,2,4.83,33.75,,83.4,2,0,0,2,0,1,6.0
Teez Tabor,2017,CB,Florida,2,4.62,6.67,,,2,0,0,7,0,0,5.0
Raekwon McMillan,2017,LB,Ohio State,1,4.61,48.0,,,2,0,0,8,0,2,15.0
Dalvin Tomlinson,2017,DT,Alabama,1,5.19,20.0,,,2,0,1,9,0,9,50.0
Obi Melifonwu,2017,S,Connecticut,6,4.4,77.78,,,2,0,0,2,0,0,1.0
Zach Cunningham,2017,LB,Vanderbilt,4,4.67,36.0,,,2,0,1,9,0,5,36.0
Ethan Pocic,2017,C,LSU,1,5.15,60.0,,,2,0,1,9,0,5,32.0
Tanoh Kpassagnon,2017,DE,Villanova,9,4.83,41.54,,,2,0,0,9,0,2,21.0
Chidobe Awuzie,2017,CB,Colorado,3,4.43,48.89,,,2,0,1,9,0,5,28.0
Josh Jones,2017,S,NC State,4,4.41,75.56,,,2,0,0,6,0,1,11.0
JuJu Smith-Schuster,2017,WR,USC,2,4.54,32.0,,83.52,2,0,1,9,1,5,43.0
Dion Dawkins,2017,OG,Temple,6,5.11,58.67,,,2,0,1,9,5,9,73.0
Taylor Moton,2017,OG,Western Michigan,8,5.18,49.33,,,2,0,1,9,0,8,47.0
Larry Ogunjobi,2017,DT,Charlotte,10,4.97,47.5,,,3,1,1,9,0,7,44.0
Ahkello Witherspoon,2017,CB,Colorado,3,4.45,44.44,,,3,1,1,9,0,3,22.0
Alvin Kamara,2017,RB,Tennessee,2,4.56,40.0,,74.41,3,1,1,9,5,7,79.0
Dawuane Smoot,2017,DE,Illinois,4,4.77,50.77,,,3,1,0,9,0,0,17.0
Cooper Kupp,2017,WR,Eastern Washington,10,4.62,16.0,,,3,1,1,9,1,7,63.0
Pat Elflein,2017,C,Ohio State,1,5.32,37.33,,,3,1,1,6,0,3,26.0
Dan Feeney,2017,OG,Indiana,4,5.24,41.33,,,3,1,1,9,0,5,35.0
Taywan Taylor,2017,WR,Western Kentucky,5,4.5,40.0,,100.0,3,1,0,4,0,0,6.0
Jordan Willis,2017,OLB,Kansas State,4,4.53,72.31,,,3,1,0,6,0,0,8.0
Chris Wormley,2017,DE,Michigan,1,,,,,3,1,1,9,0,3,17.0
Duke Riley,2017,LB,LSU,1,4.58,54.0,,,3,1,0,8,0,2,19.0
Alex Anzalone,2017,LB,Florida,2,4.63,44.0,,,3,1,1,9,0,5,34.0
Daeshon Hall,2017,DE,Texas A&M,2,4.76,52.31,,,3,1,0,3,0,0,1.0
Tim Williams,2017,OLB,Alabama,1,4.68,49.23,,,3,1,0,3,0,0,2.0
ArDarius Stewart,2017,WR,Alabama,1,4.49,42.0,,90.9,3,1,0,1,0,0,1.0
Tarell Basham,2017,DE,Ohio,8,4.7,61.54,,,3,1,0,6,0,1,13.0
Fabian Moreau,2017,CB,UCLA,5,4.35,66.67,,,3,1,1,9,0,4,21.0
Carlos Henderson,2017,WR,Louisiana Tech,5,4.46,48.0,,100.0,3,1,0,0,0,0,0.0
Derek Rivers,2017,DE,Youngstown State,10,4.61,75.38,,,3,1,0,5,0,0,4.0
Chris Godwin,2017,WR,Penn State,2,4.42,56.0,,69.81,3,1,1,9,1,6,53.0
Antonio Garcia,2017,OT,Troy,8,5.15,52.94,,,3,1,0,0,0,0,0.0
Kareem Hunt,2017,RB,Toledo,8,4.62,30.0,,93.48,3,1,1,9,1,3,52.0
Davis Webb,2017,QB,California,4,4.79,38.75,,100.0,3,1,0,6,0,0,1.0
Eddie Vanderdoes,2017,DT,UCLA,5,4.99,45.0,,,3,1,0,3,0,1,5.0
D'Onta Foreman,2017,RB,Texas,2,,,,100.0,3,1,0,8,0,1,17.0
Shaquill Griffin,2017,DB,UCF,4,4.38,71.11,,,3,1,1,9,1,5,30.0
John Johnson,2017,S,Boston College,4,4.61,31.11,,,3,1,1,8,0,5,29.0
Jourdan Lewis,2017,CB,Michigan,1,4.54,24.44,,,3,1,1,9,0,3,26.0
Montravius Adams,2017,DT,Auburn,2,4.87,60.0,,,3,1,0,8,0,1,15.0
Cameron Sutton,2017,CB,Tennessee,2,4.52,28.89,,,3,1,1,8,0,3,21.0
Lano Hill,2017,S,Michigan,1,4.47,62.22,,,3,1,0,4,0,0,5.0
Kenny Golladay,2017,WR,Northern Illinois,8,4.5,40.0,,100.0,3,1,1,6,1,4,27.0
Cordrea Tankersley,2017,CB,Clemson,1,4.4,55.56,,,3,1,0,4,0,1,4.0
Chad Williams,2017,WR,Grambling State,10,,,,,3,1,0,3,0,1,1.0
Rasul Douglas,2017,CB,West Virginia,4,4.59,13.33,,,3,1,1,9,0,4,31.0
Jonnu Smith,2017,TE,Florida International,2,4.62,63.33,,53.02,3,1,1,9,1,5,29.0
Brendan Langley,2017,CB,Lamar,10,,,,,3,1,0,2,0,0,1.0
Nazair Jones,2017,DT,North Carolina,3,5.11,30.0,,,3,1,0,2,0,0,3.0
Trey Hendrickson,2017,OLB,Florida Atlantic,2,4.65,53.85,,,3,1,1,9,4,5,58.0
C.J. Beathard,2017,QB,Iowa,3,,,,52.3,3,1,0,7,0,0,9.0
James Conner,2017,RB,Pittsburgh,3,4.65,25.0,,100.0,3,1,1,9,2,6,49.0
Amara Darboh,2017,WR,Michigan,1,4.45,50.0,,70.02,3,1,0,1,0,0,1.0
Kendell Beckwith,2017,ILB,LSU,1,,,,,3,1,0,1,0,0,5.0
Vince Biegel,2017,LB,Wisconsin,3,4.67,36.0,,,4,1,0,5,0,1,5.0
Jaleel Johnson,2017,DT,Iowa,3,5.38,0.0,,,4,1,0,7,0,1,16.0
Dede Westbrook,2017,WR,Oklahoma,2,,,,100.0,4,1,0,5,0,1,14.0
Tedric Thompson,2017,S,Colorado,3,4.6,33.33,,,4,1,0,5,0,2,9.0
Eddie Jackson,2017,S,Alabama,1,,,,,4,1,1,8,2,7,45.0
Rayshawn Jenkins,2017,S,Miami (FL),2,4.51,53.33,,,4,1,1,9,0,6,32.0
Samaje Perine,2017,RB,Oklahoma,2,4.65,25.0,,100.0,4,1,0,9,0,1,26.0
Dorian Johnson,2017,OG,Pittsburgh,3,5.27,37.33,,,4,1,0,0,0,0,0.0
Carl Lawson,2017,OLB,Auburn,2,4.67,50.77,,,4,1,0,9,0,2,20.0
Josh Reynolds,2017,WR,Texas A&M,2,4.52,36.0,,70.94,4,1,1,9,0,3,26.0
Mack Hollins,2017,WR,North Carolina,3,4.53,34.0,,61.79,4,1,1,9,0,3,21.0
Tarik Cohen,2017,RB,North Carolina A&T,3,4.42,63.33,,,4,1,1,4,1,2,21.0
Ben Gedeon,2017,ILB,Michigan,1,4.75,38.46,,,4,1,0,3,0,1,15.0
Joe Williams,2017,RB,Utah,3,4.41,65.0,,100.0,4,1,0,0,0,0,0.0
Nico Siragusa,2017,OG,San Diego State,7,5.35,26.67,,,4,1,0,0,0,0,0.0
Montae Nicholson,2017,S,Michigan State,3,4.42,73.33,,,4,1,0,3,0,1,10.0
Jalen Reeves-Maybin,2017,LB,Tennessee,2,,,,,4,1,1,9,1,1,17.0
Samson Ebukam,2017,OLB,Eastern Washington,10,,,,,4,1,1,9,0,6,38.0
Howard Wilson,2017,CB,Houston,6,4.57,17.78,,,4,1,0,0,0,0,0.0
Michael Roberts,2017,TE,Toledo,8,4.86,23.33,,77.41,4,1,0,2,0,0,1.0
Josh Malone,2017,WR,Tennessee,2,4.4,60.0,,88.12,4,1,0,4,0,1,1.0
David Sharpe,2017,OT,Florida,2,5.44,18.82,,,4,1,0,9,0,0,4.0
Julién Davenport,2017,OT,Bucknell,10,5.45,17.65,,,4,1,0,5,0,2,16.0
Deatrich Wise Jr.,2017,DE,Arkansas,3,4.92,27.69,,,4,1,1,9,0,3,39.0
Donnel Pumphrey,2017,RB,San Diego State,7,4.48,53.33,,100.0,4,1,0,0,0,0,0.0
Ryan Switzer,2017,WR,North Carolina,3,4.51,38.0,,86.02,4,1,0,3,0,0,3.0
Jamaal Williams,2017,RB,BYU,5,4.59,35.0,,100.0,4,1,1,8,0,3,33.0
Joshua Dobbs,2017,QB,Tennessee,2,4.64,57.5,,80.43,4,1,0,9,0,0,9.0
Sean Harlow,2017,OG,Oregon State,4,5.15,53.33,,,4,1,0,7,0,0,5.0
Zach Banner,2017,OT,USC,2,5.58,2.35,,,4,1,0,5,0,0,2.0
Ryan Glasgow,2017,DT,Michigan,1,5.13,27.5,,,4,1,0,4,0,0,3.0
Jehu Chesson,2017,WR,Michigan,1,4.47,46.0,,33.35,4,1,0,2,0,0,0.0
Wayne Gallman,2017,RB,Clemson,1,4.6,33.33,,98.02,4,1,0,5,0,1,12.0
Chad Hansen,2017,WR,California,4,4.53,34.0,,100.0,4,1,0,4,0,0,3.0
Carlos Watkins,2017,DT,Clemson,1,,,,,4,1,0,9,0,1,20.0
Marlon Mack,2017,RB,South Florida,6,4.5,50.0,,100.0,4,1,0,6,0,2,20.0
Grover Stewart,2017,DT,Albany State (GA),10,,,,,4,1,1,9,0,7,42.0
Jake Butt,2017,TE,Michigan,1,,,,42.91,5,2,0,4,0,0,1.0
George Kittle,2017,TE,Iowa,3,4.52,80.0,,36.78,5,2,1,9,7,8,60.0
Jordan Morgan,2017,OG,Kutztown (PA),10,5.36,25.33,,,5,2,0,0,0,0,0.0
Blair Brown,2017,LB,Ohio,8,4.65,40.0,,,5,2,0,2,0,0,3.0
Damontae Kazee,2017,CB,San Diego State,7,4.54,24.44,,,5,2,1,9,0,4,22.0
Jordan Leggett,2017,TE,Clemson,1,,,,61.73,5,2,0,2,0,0,1.0
Desmond King,2017,S,Iowa,3,,,,,5,2,1,8,0,4,27.0
Corn Elder,2017,CB,Miami (FL),2,4.55,22.22,,,5,2,0,5,0,0,2.0
Jake Elliott,2017,K,Memphis,6,4.79,32.31,,,5,2,1,9,1,3,24.0
Jeremy Sprinkle,2017,TE,Arkansas,3,4.69,51.67,,34.75,5,2,0,5,0,2,2.0
Jayon Brown,2017,LB,UCLA,5,4.7,30.0,,,5,2,1,6,0,3,26.0
Brian Hill,2017,RB,Wyoming,7,4.54,43.33,,100.0,5,2,0,5,0,0,9.0
Will Holden,2017,OT,Vanderbilt,4,5.47,15.29,,,5,2,0,5,0,0,5.0
Nate Hairston,2017,CB,Temple,6,4.52,28.89,,,5,2,0,6,0,1,9.0
Jermaine Eluemunor,2017,OG,Texas A&M,2,5.22,44.0,,,5,2,1,9,0,4,30.0
Roderick Johnson,2017,OT,Florida State,2,,,,,5,2,0,4,0,0,5.0
Anthony Walker,2017,LB,Northwestern,5,4.65,40.0,,,5,2,1,9,0,5,36.0
Jeremy McNichols,2017,RB,Boise State,7,4.49,51.67,,100.0,5,2,0,9,0,0,9.0
Matt Milano,2017,LB,Boston College,4,4.67,36.0,,,5,2,1,9,1,5,57.0
Isaac Asiata,2017,OG,Utah,3,5.34,28.0,,,5,2,0,2,0,0,0.0
Jamal Agnew,2017,CB,San Diego,10,,,,,5,2,1,9,1,0,19.0
Shelton Gibson,2017,WR,West Virginia,4,4.5,40.0,,60.94,5,2,0,3,0,0,0.0
Avery Moss,2017,DE,Youngstown State,10,4.79,47.69,,,5,2,0,3,0,1,4.0
Marquel Lee,2017,LB,Wake Forest,4,,,,,5,2,0,5,0,1,9.0
Treston Decoud,2017,S,Oregon State,4,4.62,28.89,,,5,2,0,2,0,0,1.0
Rodney Adams,2017,WR,South Florida,6,4.44,52.0,,89.68,5,2,0,5,0,0,0.0
Nathan Peterman,2017,QB,Pittsburgh,3,4.82,35.0,,82.57,5,2,0,7,0,0,3.0
Isaiah McKenzie,2017,WR,Georgia,1,4.42,56.0,,63.44,5,2,0,7,0,2,15.0
Brian Allen,2017,DB,Utah,3,4.48,48.89,,,5,2,0,5,0,0,1.0
Eric Saubert,2017,TE,Drake,10,,,,,5,2,0,9,0,0,2.0
DeAngelo Yancey,2017,WR,Purdue,4,,,,73.06,5,2,0,0,0,0,0.0
JJ Dielman,2017,C,Utah,3,,,,,5,2,0,0,0,0,0.0
Trent Taylor,2017,WR,Louisiana Tech,5,4.63,14.0,,100.0,5,2,0,8,0,0,7.0
Davon Godchaux,2017,DT,LSU,1,5.27,10.0,,,5,2,1,9,0,7,49.0
T.J. Logan,2017,RB,North Carolina,3,4.37,71.67,,54.62,5,2,0,3,0,0,0.0
Danny Isidora,2017,OG,Miami (FL),2,5.03,69.33,,,5,2,0,5,0,0,4.0
Dylan Donahue,2017,DL,West Georgia,10,4.75,68.75,,,5,2,0,1,0,0,0.0
Aaron Jones,2017,RB,UTEP,6,4.56,40.0,,100.0,5,2,1,9,1,8,67.0
Ukeme Eligwe,2017,LB,Georgia Southern,1,,,,,5,2,0,2,0,0,2.0
Nathan Gerry,2017,S,Nebraska,3,4.58,37.78,,,5,2,0,6,0,1,18.0
Caleb Brantley,2017,DT,Florida,2,5.14,26.25,,,6,2,0,3,0,0,2.0
Chuck Clark,2017,DB,Virginia Tech,3,4.54,35.56,,,6,2,1,9,0,5,31.0
Michael Tyson,2017,S,Cincinnati,4,4.56,42.22,,,6,2,0,2,0,0,1.0
Elijah McGuire,2017,RB,Louisiana,8,4.53,45.0,,75.24,6,2,0,2,0,0,6.0
Tanzel Smart,2017,DT,Tulane,6,5.24,13.75,,,6,2,0,7,0,0,4.0
Sam Tevi,2017,OT,Utah,3,5.27,38.82,,,6,2,1,4,0,3,23.0
Xavier Woods,2017,S,Louisiana Tech,5,4.54,46.67,,,6,2,1,9,0,8,38.0
Alex Armah,2017,FB,West Georgia,10,,,,,6,2,0,7,0,0,0.0
Jordan Evans,2017,LB,Oklahoma,2,,,,,6,2,0,5,0,0,9.0
Vincent Taylor,2017,DT,Oklahoma State,3,5.07,35.0,,,6,2,0,5,0,0,5.0
Tanner Vallejo,2017,LB,Boise State,7,4.67,36.0,,,6,2,0,6,0,0,7.0
Al-Quadin Muhammad,2017,DE,Miami (FL),2,4.88,33.85,,,6,2,0,9,0,1,20.0
Jeremy Clark,2017,CB,Michigan,1,,,,,6,2,0,2,0,0,0.0
D.J. Jones,2017,DT,Ole Miss,3,5.04,38.75,,,6,2,1,9,0,7,45.0
Chase Roullier,2017,C,Wyoming,7,5.54,8.0,,,6,2,1,6,0,4,24.0
Adam Bisnowaty,2017,OT,Pittsburgh,3,5.23,43.53,,,6,2,0,1,0,0,0.0
Bucky Hodges,2017,TE,Virginia Tech,3,4.57,71.67,,51.27,6,2,0,0,0,0,0.0
Pita Taumoepenu,2017,OLB,Utah,3,4.67,50.77,,,6,2,0,5,0,0,0.0
De'Angelo Henderson,2017,RB,Coastal Carolina,8,,,,,6,2,0,2,0,0,0.0
Derrick Jones,2017,CB,Ole Miss,3,,,,,6,2,0,2,0,0,0.0
Jeremiah Ledbetter,2017,DE,Arkansas,3,4.84,40.0,,,6,2,0,8,0,0,5.0
Sam Rogers,2017,FB,Virginia Tech,3,4.93,10.77,,,6,2,0,0,0,0,0.0
Brandon Wilson,2017,RB,Houston,6,,,,,6,2,0,5,0,0,6.0
Rudy Ford,2017,S,Auburn,2,,,,,6,2,0,7,0,1,11.0
Robert Davis,2017,WR,Georgia State,1,4.44,52.0,,71.79,6,2,0,3,0,0,0.0
Justin Senior,2017,OT,Mississippi State,3,5.55,5.88,,,6,2,0,0,0,0,0.0
Conor McDermott,2017,OT,UCLA,5,5.18,49.41,,,6,2,0,7,0,0,7.0
Kofi Amichia,2017,C,South Florida,6,,,,,6,2,0,0,0,0,0.0
Colin Holba,2017,LS,Louisville,4,5.19,0.0,,,6,2,0,4,0,0,0.0
Elijah Qualls,2017,DT,Washington,2,5.13,27.5,,,6,2,0,1,0,0,1.0
Brad Kaaya,2017,QB,Miami (FL),2,,,,75.49,6,2,0,0,0,0,0.0
Marquez White,2017,CB,Florida State,2,4.59,13.33,,,6,2,0,0,0,0,0.0
Corey Levin,2017,OL,Chattanooga,10,5.16,45.88,,,6,2,0,9,0,0,7.0
Leon McQuay,2017,S,USC,2,,,,,6,2,0,1,0,0,0.0
Stacy Coley,2017,WR,Miami (FL),2,4.45,50.0,,65.0,7,2,0,2,0,0,0.0
Ifeadi Odenigbo,2017,DL,Northwestern,5,4.72,72.5,,,7,2,0,6,0,1,11.0
Shalom Luani,2017,S,Washington State,4,4.55,44.44,,,7,2,0,3,0,0,2.0
Jalen Myrick,2017,CB,Minnesota,4,4.28,82.22,,,7,2,0,1,0,0,0.0
Stevie Tu'ikolovatu,2017,NT,USC,2,5.45,0.0,,,7,2,0,0,0,0,0.0
Zane Gonzalez,2017,K,Arizona State,3,,,,,7,2,0,9,0,1,14.0
Isaac Rochell,2017,DT,Notre Dame,2,4.89,57.5,,,7,2,0,7,0,0,10.0
David Moore,2017,WR,East Central (OK),10,,,,,7,2,0,9,0,2,15.0
Josh Carraway,2017,OLB,TCU,3,4.74,40.0,,,7,2,0,1,0,0,0.0
Joey Ivie,2017,DT,Florida,2,,,,,7,2,0,3,0,0,0.0
Adrian Colbert,2017,DB,Miami (FL),2,,,,,7,2,0,8,0,1,8.0
Josh Harvey-Clemons,2017,S,Louisville,4,,,,,7,2,0,3,0,0,4.0
Jylan Ware,2017,OT,Alabama State,1,,,,,7,2,0,1,0,0,0.0
Elijah Lee,2017,LB,Kansas State,4,,,,,7,2,0,6,0,0,8.0
Harrison Butker,2017,K,Georgia Tech,3,,,,,7,2,1,9,0,3,27.0
Ejuan Price,2017,DE,Pittsburgh,3,4.84,40.0,,,7,2,0,1,0,0,0.0
Joshua Holsey,2017,DB,Auburn,2,,,,,7,2,0,2,0,0,1.0
Brad Seaton,2017,OT,Villanova,9,,,,,7,2,0,0,0,0,0.0
Isaiah Ford,2017,WR,Virginia Tech,3,4.61,18.0,,84.52,7,2,0,5,0,0,5.0
Devante Mays,2017,RB,Utah State,7,,,,57.42,7,2,0,1,0,0,0.0
Noah Brown,2017,WR,Ohio State,1,,,,30.16,7,2,0,9,0,2,19.0
Marquez Williams,2017,FB,Miami (FL),2,,,,,7,2,0,1,0,0,0.0
Khalfani Muhammad,2017,RB,California,4,,,,50.12,7,2,0,0,0,0,0.0
Elijah Hood,2017,RB,North Carolina,3,,,,78.01,7,2,0,1,0,0,0.0
Kyle Fuller,2017,C,Baylor,3,5.24,48.0,,,7,2,0,6,0,0,7.0
Treyvon Hester,2017,DT,Toledo,8,,,,,7,2,0,3,0,0,3.0
Jack Tocho,2017,CB,NC State,4,4.54,24.44,,,7,2,0,0,0,0,0.0
Jordan Carrell,2017,DT,Colorado,3,,,,,7,2,0,0,0,0,0.0
Malachi Dupre,2017,WR,LSU,1,4.52,36.0,,49.05,7,2,0,2,0,0,0.0
Keion Adams,2017,OLB,Western Michigan,8,,,,,7,2,0,0,0,0,0.0
Chris Carson,2017,RB,Oklahoma State,3,4.58,36.67,,82.38,7,2,1,5,0,3,29.0
Pat O'Connor,2017,DE,Eastern Michigan,8,,,,,7,2,0,9,0,0,6.0
Mason Schreck,2017,TE,Buffalo,8,,,,57.35,7,2,0,6,0,0,0.0
Matthew Dayes,2017,RB,NC State,4,4.47,55.0,,81.92,7,2,0,2,0,0,0.0
Chad Kelly,2017,QB,Ole Miss,3,,,,69.82,7,2,0,2,0,0,0.0
Baker Mayfield,2018,QB,Oklahoma,2,4.84,32.5,,100.0,1,0,1,8,2,7,80.0
Saquon Barkley,2018,RB,Penn State,2,4.4,66.67,,100.0,1,0,1,8,3,7,65.0
Sam Darnold,2018,QB,USC,2,4.85,31.25,,70.28,1,0,1,8,2,6,49.0
Denzel Ward,2018,CB,Ohio State,1,4.32,73.33,,,1,0,1,8,5,8,49.0
Bradley Chubb,2018,DE,NC State,4,4.65,69.23,,,1,0,1,8,2,4,41.0
Quenton Nelson,2018,OG,Notre Dame,2,,,,,1,0,1,8,8,8,79.0
Josh Allen,2018,QB,Wyoming,7,4.75,43.75,,55.49,1,0,1,8,4,8,111.0
Roquan Smith,2018,ILB,Georgia,1,4.51,75.38,,,1,0,1,8,4,8,84.0
Mike McGlinchey,2018,OT,Notre Dame,2,,,,,1,0,1,8,0,7,46.0
Josh Rosen,2018,QB,UCLA,5,4.92,22.5,,100.0,1,0,0,4,0,1,3.0
Minkah Fitzpatrick,2018,S,Alabama,1,4.46,64.44,,,1,0,1,8,5,7,61.0
Vita Vea,2018,DT,Washington,2,5.1,31.25,,,1,0,1,8,2,6,51.0
Daron Payne,2018,DT,Alabama,1,4.95,50.0,,,1,0,1,8,1,8,53.0
Marcus Davenport,2018,DE,UTSA,8,4.58,80.0,,,1,0,0,8,0,2,22.0
Kolton Miller,2018,OT,UCLA,5,4.95,76.47,,,1,0,1,8,0,7,42.0
Tremaine Edmunds,2018,ILB,Virginia Tech,3,4.54,70.77,,,1,0,1,8,2,8,62.0
Derwin James,2018,S,Florida State,2,4.47,62.22,,,1,0,1,8,5,6,46.0
Jaire Alexander,2018,CB,Louisville,4,4.38,60.0,,,1,0,1,8,2,5,34.0
Leighton Vander Esch,2018,OLB,Boise State,7,4.65,53.85,,,1,0,1,6,1,5,35.0
Frank Ragnow,2018,C,Arkansas,3,,,,,1,0,1,7,4,6,51.0
Billy Price,2018,C,Ohio State,1,,,,,1,0,1,5,0,3,18.0
Rashaan Evans,2018,ILB,Alabama,1,,,,,1,0,1,7,0,4,32.0
Isaiah Wynn,2018,OT,Georgia,1,,,,,1,0,1,7,0,3,23.0
D.J. Moore,2018,WR,Maryland,4,4.42,56.0,,100.0,1,0,1,8,0,8,61.0
Hayden Hurst,2018,TE,South Carolina,3,4.67,55.0,,40.52,1,0,0,7,0,1,17.0
Calvin Ridley,2018,WR,Alabama,1,4.43,54.0,,53.79,1,0,1,8,0,4,41.0
Rashaad Penny,2018,RB,San Diego State,7,4.46,56.67,,100.0,1,0,0,6,0,0,13.0
Terrell Edmunds,2018,S,Virginia Tech,3,4.47,62.22,,,1,0,1,8,0,5,27.0
Taven Bryan,2018,DT,Florida,2,4.98,46.25,,,1,0,1,8,0,4,22.0
Mike Hughes,2018,CB,UCF,4,4.53,26.67,,,1,0,0,8,0,2,17.0
Sony Michel,2018,RB,Georgia,1,4.54,43.33,,95.68,1,0,0,5,0,2,21.0
Lamar Jackson,2018,QB,Louisville,4,,,,90.93,1,0,1,8,4,7,110.0
Austin Corbett,2018,C,Nevada,7,5.15,60.0,,,2,0,1,8,0,4,29.0
Will Hernandez,2018,OG,UTEP,6,5.15,53.33,,,2,0,1,8,0,5,38.0
Nick Chubb,2018,RB,Georgia,1,4.52,46.67,,97.93,2,0,1,8,4,6,49.0
Shaquille Leonard,2018,LB,South Carolina State,3,4.7,30.0,,,2,0,1,6,3,5,60.0
Braden Smith,2018,OG,Auburn,2,5.22,44.0,,,2,0,1,8,0,8,45.0
Ronald Jones II,2018,RB,USC,2,4.65,25.0,,100.0,2,0,0,5,0,2,18.0
James Daniels,2018,C,Iowa,3,,,,,2,0,1,8,0,6,29.0
Courtland Sutton,2018,WR,SMU,6,4.54,32.0,,100.0,2,0,1,8,2,6,45.0
Harold Landry,2018,OLB,Boston College,4,4.64,55.38,,,2,0,1,8,1,6,45.0
Mike Gesicki,2018,TE,Penn State,2,4.54,76.67,,69.38,2,0,0,8,0,2,28.0
Kerryon Johnson,2018,RB,Auburn,2,,,,100.0,2,0,0,4,0,1,11.0
Dante Pettis,2018,WR,Washington,2,,,,69.88,2,0,0,8,0,0,11.0
Josh Jackson,2018,CB,Iowa,3,4.56,20.0,,,2,0,0,5,0,0,8.0
Breeland Speaks,2018,DE,Ole Miss,3,4.87,35.38,,,2,0,0,1,0,0,3.0
Christian Kirk,2018,WR,Texas A&M,2,4.47,46.0,,76.48,2,0,1,8,0,7,42.0
Uchenna Nwosu,2018,OLB,USC,2,4.65,53.85,,,2,0,1,8,0,3,29.0
Dallas Goedert,2018,TE,South Dakota State,9,,,,,2,0,1,8,0,8,38.0
Connor Williams,2018,OT,Texas,2,5.05,64.71,,,2,0,1,7,0,6,34.0
Anthony Miller,2018,WR,Memphis,6,,,,100.0,2,0,0,7,0,2,12.0
Kemoko Turay,2018,OLB,Rutgers,4,4.65,53.85,,,2,0,0,5,0,0,5.0
M.J. Stewart,2018,CB,North Carolina,3,4.54,24.44,,,2,0,0,8,0,0,9.0
Jessie Bates III,2018,S,Wake Forest,4,4.5,55.56,,,2,0,1,8,1,8,55.0
Donte Jackson,2018,CB,LSU,1,4.32,73.33,,,2,0,1,8,0,8,34.0
Duke Dawson,2018,CB,Florida,2,4.46,42.22,,,2,0,0,3,0,0,3.0
P.J. Hall,2018,DT,Sam Houston State,10,,,,,2,0,0,3,0,2,11.0
Isaiah Oliver,2018,CB,Colorado,3,4.5,33.33,,,2,0,0,8,0,2,18.0
Derrius Guice,2018,RB,LSU,1,4.49,51.67,,100.0,2,0,0,2,0,0,2.0
James Washington,2018,WR,Oklahoma State,3,4.54,32.0,,98.31,2,0,0,5,0,2,11.0
DJ Chark,2018,WR,LSU,1,4.34,72.0,,,2,0,1,7,1,4,21.0
Brian O'Neill,2018,OT,Pittsburgh,3,4.82,91.76,,,2,0,1,8,2,8,56.0
Carlton Davis,2018,CB,Auburn,2,4.53,26.67,,,2,0,1,8,0,7,34.0
Tyquan Lewis,2018,DE,Ohio State,1,,,,,2,0,0,8,0,0,13.0
Brandon Parker,2018,OT,North Carolina A&T,3,5.4,23.53,,,3,1,0,6,0,2,15.0
Lorenzo Carter,2018,DE,Georgia,1,4.5,92.31,,,3,1,1,7,0,4,30.0
Chad Thomas,2018,DE,Miami (FL),2,4.92,27.69,,,3,1,0,2,0,0,5.0
Justin Reid,2018,S,Stanford,3,4.4,77.78,,,3,1,1,8,0,8,34.0
B.J. Hill,2018,DT,NC State,4,4.99,45.0,,,3,1,1,8,0,6,37.0
Fred Warner,2018,OLB,BYU,5,4.64,55.38,,,3,1,1,8,4,7,82.0
Royce Freeman,2018,RB,Oregon,2,4.54,43.33,,100.0,3,1,0,6,0,0,13.0
Nathan Shepherd,2018,DT,Fort Hays State,10,5.09,32.5,,,3,1,0,8,0,2,25.0
Jerome Baker,2018,OLB,Ohio State,1,4.53,72.31,,,3,1,1,8,0,6,39.0
Geron Christian,2018,OT,Louisville,4,5.33,31.76,,,3,1,0,7,0,1,12.0
Derrick Nnadi,2018,DT,Florida State,2,5.38,0.0,,,3,1,1,8,0,6,38.0
Mason Rudolph,2018,QB,Oklahoma State,3,4.9,25.0,,99.34,3,1,0,8,0,1,10.0
Sam Hubbard,2018,DE,Ohio State,1,,,,,3,1,1,7,0,6,40.0
Malik Jefferson,2018,OLB,Texas,2,4.52,73.85,,,3,1,0,6,0,0,3.0
Rasheem Green,2018,DT,USC,2,4.73,77.5,,,3,1,0,6,0,2,17.0
Martinas Rankin,2018,OT,Mississippi State,3,,,,,3,1,0,3,0,0,7.0
Michael Gallup,2018,WR,Colorado State,7,4.51,38.0,,100.0,3,1,1,6,0,5,30.0
Tracy Walker,2018,S,Louisiana,8,,,,,3,1,0,6,0,2,13.0
Orlando Brown Jr.,2018,OT,Oklahoma,2,5.85,0.0,,,3,1,1,8,4,8,69.0
Justin Jones,2018,DT,NC State,4,5.09,32.5,,,3,1,1,7,0,5,30.0
Rashaan Gaulden,2018,CB,Tennessee,2,4.61,8.89,,,3,1,0,3,0,0,1.0
Mark Andrews,2018,TE,Oklahoma,2,4.67,55.0,,74.71,3,1,1,8,3,4,51.0
Arden Key,2018,DE,LSU,1,,,,,3,1,1,8,0,4,24.0
Oren Burks,2018,ILB,Vanderbilt,4,4.59,63.08,,,3,1,0,8,0,1,16.0
Joseph Noteboom,2018,OT,TCU,3,4.96,75.29,,,3,1,0,8,0,0,18.0
Deadrin Senat,2018,DT,South Florida,6,5.16,23.75,,,3,1,0,6,0,0,4.0
Tre'Quan Smith,2018,WR,UCF,4,,,,100.0,3,1,1,6,0,3,15.0
Chukwuma Okorafor,2018,OT,Western Michigan,8,5.31,34.12,,,3,1,1,8,0,3,26.0
Ronnie Harrison,2018,S,Alabama,1,,,,,3,1,1,8,0,3,21.0
Alex Cappa,2018,OT,Humboldt State,10,5.39,24.71,,,3,1,1,8,0,6,44.0
Tarvarius Moore,2018,S,Southern Miss,10,,,,,3,1,0,7,0,1,8.0
Harrison Phillips,2018,DT,Stanford,3,5.21,17.5,,,3,1,1,8,0,4,35.0
Mason Cole,2018,C,Michigan,1,5.23,49.33,,,3,1,1,6,0,4,25.0
Jordan Akins,2018,TE,UCF,4,,,,54.43,3,1,0,7,0,1,16.0
Isaac Yiadom,2018,CB,Boston College,4,4.52,28.89,,,3,1,0,8,0,2,16.0
Dorian O'Daniel,2018,OLB,Clemson,1,4.61,60.0,,,3,1,0,4,0,0,5.0
Ian Thomas,2018,TE,Indiana,4,4.74,43.33,,46.33,4,1,1,8,0,3,8.0
Jalyn Holmes,2018,DE,Ohio State,1,4.82,43.08,,,4,1,0,8,0,0,8.0
Keke Coutee,2018,WR,Texas Tech,4,4.43,54.0,,100.0,4,1,0,5,0,0,7.0
Nyheim Hines,2018,RB,NC State,4,4.38,70.0,,83.64,4,1,0,8,0,0,25.0
Antonio Callaway,2018,WR,Florida,2,4.41,58.0,,53.89,4,1,0,3,0,1,5.0
Josey Jewell,2018,ILB,Iowa,3,4.82,27.69,,,4,1,1,7,0,5,32.0
Chris Herndon,2018,TE,Miami (FL),2,,,,,4,1,0,4,0,2,6.0
Kyle Lauletta,2018,QB,Richmond,9,4.81,36.25,,,4,1,0,1,0,0,0.0
Troy Apke,2018,S,Penn State,2,4.34,91.11,,,4,1,0,5,0,1,6.0
Nick Nelson,2018,CB,Wisconsin,3,4.52,28.89,,,4,1,0,2,0,0,1.0
Brian Allen,2018,C,Michigan State,3,5.34,34.67,,,4,1,0,6,0,2,16.0
Mark Walton,2018,RB,Miami (FL),2,4.6,33.33,,95.01,4,1,0,2,0,0,3.0
DaeSean Hamilton,2018,WR,Penn State,2,,,,67.33,4,1,0,3,0,0,6.0
Da'Shawn Hand,2018,DE,Alabama,1,,,,,4,1,0,8,0,2,16.0
Joel Iyiegbuniwe,2018,LB,Western Kentucky,5,4.6,50.0,,,4,1,0,5,0,0,5.0
Dorance Armstrong Jr.,2018,DE,Kansas,10,4.87,35.38,,,4,1,0,8,0,1,22.0
Jordan Whitehead,2018,S,Pittsburgh,3,,,,,4,1,1,7,0,7,32.0
Anthony Averett,2018,CB,Alabama,1,4.36,64.44,,,4,1,0,5,0,1,11.0
Kyzir White,2018,S,West Virginia,4,,,,,4,1,1,8,0,4,31.0
Will Dissly,2018,TE,Washington,2,4.87,21.67,,29.69,4,1,1,8,0,5,16.0
Taron Johnson,2018,CB,Weber State,10,4.5,33.33,,,4,1,1,8,0,6,36.0
Kenny Young,2018,LB,UCLA,5,4.6,50.0,,,4,1,0,5,0,1,18.0
Durham Smythe,2018,TE,Notre Dame,2,4.81,31.67,,25.06,4,1,1,8,0,5,10.0
Armani Watts,2018,S,Texas A&M,2,,,,,4,1,0,4,0,0,3.0
Avonte Maddox,2018,CB,Pittsburgh,3,4.39,57.78,,,4,1,0,8,0,1,17.0
Ito Smith,2018,RB,Southern Miss,10,,,,100.0,4,1,0,4,0,0,6.0
Rick Leonard,2018,OT,Florida State,2,,,,,4,1,0,4,0,0,0.0
Kentavius Street,2018,DT,NC State,4,4.87,60.0,,,4,1,0,8,0,0,11.0
Will Richardson,2018,OT,NC State,4,5.26,40.0,,,4,1,0,4,0,0,4.0
Josh Sweat,2018,DE,Florida State,2,4.53,87.69,,,4,1,1,8,1,5,37.0
Kalen Ballage,2018,RB,Arizona State,3,4.46,56.67,,54.22,4,1,0,4,0,1,6.0
Jaleel Scott,2018,WR,New Mexico State,7,4.56,28.0,,100.0,4,1,0,3,0,0,0.0
J'Mon Moore,2018,WR,Missouri,4,,,,100.0,4,1,0,1,0,0,0.0
Chase Edmonds,2018,RB,Fordham,10,4.55,41.67,,,4,1,0,8,0,1,21.0
John Franklin-Myers,2018,DE,S.F. Austin,10,4.75,53.85,,,4,1,1,8,0,5,38.0
Marquis Haynes,2018,OLB,Ole Miss,3,4.67,50.77,,,4,1,0,7,0,0,7.0
Dalton Schultz,2018,TE,Stanford,3,4.75,41.67,,24.02,4,1,1,8,0,4,30.0
Cole Madison,2018,OG,Washington State,4,5.33,29.33,,,5,2,0,0,0,0,0.0
R.J. McIntosh,2018,DT,Miami (FL),2,,,,,5,2,0,2,0,0,1.0
Maurice Hurst Jr.,2018,DT,Michigan,1,,,,,5,2,0,8,0,1,11.0
Shaquem Griffin,2018,OLB,UCF,4,4.38,95.38,,,5,2,0,3,0,0,4.0
D.J. Reed,2018,CB,Kansas State,4,4.51,31.11,,,5,2,1,8,0,6,27.0
Ja'Whaun Bentley,2018,ILB,Purdue,4,,,,,5,2,1,7,0,4,36.0
Justin Watson,2018,WR,Pennsylvania,10,,,,,5,2,0,8,0,0,11.0
Bilal Nichols,2018,DT,Delaware,9,4.95,50.0,,,5,2,1,8,0,5,37.0
Tre Flowers,2018,S,Oklahoma State,3,4.45,66.67,,,5,2,0,8,0,2,19.0
Micah Kiser,2018,ILB,Virginia,4,4.66,52.31,,,5,2,0,4,0,0,8.0
Marcus Allen,2018,S,Penn State,2,,,,,5,2,0,5,0,0,6.0
Michael Dickson,2018,P,Texas,2,,,,,5,2,1,8,1,3,20.0
Genard Avery,2018,LB,Memphis,6,4.59,52.0,,,5,2,0,7,0,2,11.0
Davontae Harris,2018,CB,Illinois State,4,4.43,48.89,,,5,2,0,5,0,0,5.0
Dane Cruikshank,2018,CB,Arizona,4,4.41,53.33,,,5,2,0,7,0,0,4.0
Tyrell Crosby,2018,OT,Oregon,2,5.23,43.53,,,5,2,0,3,0,1,11.0
Siran Neal,2018,CB,Jacksonville State,10,4.56,20.0,,,5,2,0,8,0,0,7.0
Scott Quessenberry,2018,C,UCLA,5,5.09,68.0,,,5,2,0,5,0,2,13.0
Troy Fumagalli,2018,TE,Wisconsin,3,,,,53.36,5,2,0,3,0,0,1.0
Tyler Conklin,2018,TE,Central Michigan,8,4.8,33.33,,79.21,5,2,1,8,0,4,20.0
Andrew Brown,2018,DE,Virginia,4,5.03,10.77,,,5,2,0,5,0,0,2.0
Daurice Fountain,2018,WR,Northern Iowa,10,,,,,5,2,0,4,0,0,0.0
Ogbonnia Okoronkwo,2018,DE,Oklahoma,2,4.77,50.77,,,5,2,0,8,0,0,12.0
Jermaine Carter Jr.,2018,LB,Maryland,4,,,,,5,2,0,5,0,2,15.0
Jordan Lasley,2018,WR,UCLA,5,4.5,40.0,,100.0,5,2,0,0,0,0,0.0
Tim Settle,2018,DT,Virginia Tech,3,5.37,0.0,,,5,2,0,8,0,1,20.0
Natrell Jamerson,2018,S,Wisconsin,3,4.4,77.78,,,5,2,0,3,0,0,1.0
Jaylen Samuels,2018,TE,NC State,4,4.54,76.67,,100.0,5,2,0,4,0,0,7.0
Wyatt Teller,2018,OG,Virginia Tech,3,5.24,41.33,,,5,2,1,8,3,7,39.0
Daniel Carlson,2018,K,Auburn,2,,,,,5,2,1,8,0,3,23.0
Jamarco Jones,2018,OT,Ohio State,1,5.5,11.76,,,5,2,0,7,0,0,7.0
Jordan Wilkins,2018,RB,Ole Miss,3,,,,82.59,5,2,0,5,0,0,8.0
Darius Phillips,2018,CB,Western Michigan,8,4.54,24.44,,,5,2,0,5,0,1,7.0
Mike White,2018,QB,Western Kentucky,5,5.09,1.25,,92.16,5,2,0,7,0,0,5.0
JK Scott,2018,P,Alabama,1,4.83,26.15,,,5,2,1,8,0,3,13.0
Johnny Townsend,2018,P,Florida,2,,,,,5,2,0,4,0,0,2.0
Marquez Valdes-Scantling,2018,WR,South Florida,6,4.37,66.0,,74.84,5,2,1,8,0,5,29.0
Damion Ratley,2018,WR,Texas A&M,2,,,,63.16,6,2,0,3,0,0,4.0
John Kelly,2018,RB,Tennessee,2,,,,78.25,6,2,0,7,0,0,1.0
Duke Ejiofor,2018,DE,Wake Forest,4,,,,,6,2,0,1,0,0,1.0
Christian Sam,2018,ILB,Arizona State,3,4.75,38.46,,,6,2,0,0,0,0,0.0
Parry Nickerson,2018,CB,Tulane,6,4.32,73.33,,,6,2,0,8,0,0,2.0
Folorunso Fatukasi,2018,DT,Connecticut,6,,,,,6,2,1,8,0,4,27.0
Kylie Fitts,2018,DE,Utah,3,4.69,63.08,,,6,2,0,4,0,0,1.0
Christian Campbell,2018,CB,Penn State,2,,,,,6,2,0,0,0,0,0.0
Sam Jones,2018,OG,Arizona State,3,5.32,30.67,,,6,2,0,1,0,0,0.0
Marcell Harris,2018,S,Florida,2,,,,,6,2,0,5,0,0,14.0
Deon Cain,2018,WR,Clemson,1,4.43,54.0,,48.79,6,2,0,3,0,0,1.0
Jacob Martin,2018,LB,Temple,6,,,,,6,2,0,8,0,2,17.0
Ray-Ray McCloud,2018,WR,Clemson,1,4.53,34.0,,33.04,6,2,0,8,0,1,14.0
Simeon Thomas,2018,CB,Louisiana,8,,,,,6,2,0,2,0,0,1.0
Kamrin Moore,2018,CB,Boston College,4,,,,,6,2,0,1,0,0,0.0
DeShon Elliott,2018,S,Texas,2,4.58,37.78,,,6,2,1,8,0,4,25.0
Dylan Cantrell,2018,WR,Texas Tech,4,4.59,22.0,,74.19,6,2,0,0,0,0,0.0
Jamil Demby,2018,OT,Maine,10,5.58,2.35,,,6,2,0,2,0,0,1.0
Chris Covington,2018,LB,Indiana,4,4.78,14.0,,,6,2,0,2,0,0,0.0
Russell Gage,2018,WR,LSU,1,,,,47.6,6,2,0,8,0,0,20.0
Sebastian Joseph-Day,2018,DT,Rutgers,4,,,,,6,2,1,8,0,5,38.0
Tremon Smith,2018,WR,Central Arkansas,9,,,,,6,2,0,8,0,0,8.0
Shaun Dion Hamilton,2018,LB,Alabama,1,,,,,6,2,0,3,0,0,8.0
Kahlil McKenzie,2018,DT,Tennessee,2,5.15,25.0,,,6,2,0,4,0,0,1.0
Luke Falk,2018,QB,Washington State,4,,,,95.07,6,2,0,2,0,0,1.0
Foyesade Oluokun,2018,S,Yale,10,,,,,6,2,1,8,0,6,44.0
Boston Scott,2018,RB,Louisiana Tech,5,,,,75.27,6,2,0,6,0,0,11.0
Jack Cichy,2018,ILB,Wisconsin,3,,,,,6,2,0,3,0,0,0.0
Tanner Lee,2018,QB,Nebraska,3,4.98,15.0,,80.5,6,2,0,0,0,0,0.0
Trenton Cannon,2018,RB,Virginia State,4,,,,,6,2,0,5,0,0,2.0
Trevon Young,2018,DE,Louisville,4,4.78,49.23,,,6,2,0,1,0,0,0.0
Matt Pryor,2018,OT,TCU,3,,,,,6,2,0,8,0,2,19.0
Equanimeous St. Brown,2018,WR,Notre Dame,2,4.48,44.0,,34.11,6,2,0,7,0,2,8.0
Cedrick Wilson Jr.,2018,WR,Boise State,7,4.55,30.0,,85.08,6,2,0,8,0,0,11.0
Cornell Armstrong,2018,CB,Southern Miss,10,,,,,6,2,0,8,0,0,3.0
Braxton Berrios,2018,WR,Miami (FL),2,,,,51.42,6,2,0,8,0,0,11.0
Jordan Thomas,2018,TE,Mississippi State,3,4.74,43.33,,24.48,6,2,0,3,0,1,2.0
Greg Senat,2018,OT,Wagner,10,5.38,25.88,,,6,2,0,3,0,0,1.0
Colby Gossett,2018,OG,Appalachian State,8,5.2,46.67,,,6,2,0,5,0,0,4.0
Peter Kalambayi,2018,LB,Stanford,3,4.57,56.0,,,6,2,0,3,0,0,3.0
Bradley Bozeman,2018,C,Alabama,1,,,,,6,2,1,8,0,7,41.0
Azeem Victor,2018,LB,Washington,2,4.72,26.0,,,6,2,0,0,0,0,0.0
Keishawn Bierria,2018,ILB,Washington,2,4.79,32.31,,,6,2,0,2,0,0,1.0
Ade Aruna,2018,DE,Tulane,6,4.6,76.92,,,6,2,0,0,0,0,0.0
Danny Etling,2018,QB,LSU,1,4.76,42.5,,53.3,7,2,0,0,0,0,0.0
Alex McGough,2018,QB,Florida International,2,,,,66.79,7,2,0,0,0,0,0.0
Matthew Adams,2018,LB,Houston,6,,,,,7,2,0,7,0,1,14.0
Jermaine Kelly,2018,CB,San Jose State,7,,,,,7,2,0,0,0,0,0.0
Jullian Taylor,2018,DT,Temple,6,,,,,7,2,0,2,0,0,1.0
Javon Wims,2018,WR,Georgia,1,4.53,34.0,,48.56,7,2,0,5,0,0,1.0
Devante Downs,2018,LB,California,4,,,,,7,2,0,3,0,0,6.0
David Williams,2018,RB,Arkansas,3,,,,60.79,7,2,0,1,0,0,0.0
Quentin Poling,2018,LB,Ohio,8,,,,,7,2,0,2,0,0,0.0
Marcell Ateman,2018,WR,Oklahoma State,3,4.62,16.0,,85.06,7,2,0,4,0,0,2.0
Jason Sanders,2018,K,New Mexico,7,,,,,7,2,0,7,0,2,23.0
Leon Jacobs,2018,OLB,Wisconsin,3,4.48,80.0,,,7,2,0,3,0,1,7.0
Travin Howard,2018,OLB,TCU,3,,,,,7,2,0,5,0,0,3.0
James Looney,2018,DE,California,4,4.89,32.31,,,7,2,0,1,0,0,0.0
Jordan Mailata,2018,OT,,10,,,,,7,2,1,8,0,6,41.0
Andre Smith,2018,ILB,North Carolina,3,4.63,56.92,,,7,2,0,6,0,0,6.0
Zaire Franklin,2018,LB,Syracuse,4,,,,,7,2,1,8,1,5,40.0
Bo Scarbrough,2018,RB,Alabama,1,4.52,46.67,,57.31,7,2,0,3,0,0,2.0
Nick Bawden,2018,RB,San Diego State,7,,,,0.0,7,2,0,6,0,0,0.0
Zach Sieler,2018,DE,Ferris State,10,,,,,7,2,1,8,0,4,38.0
Hunter Bradley,2018,LS,Mississippi State,3,,,,,7,2,0,5,0,0,3.0
Richie James,2018,WR,Middle Tenn. State,10,4.48,44.0,,,7,2,0,6,0,1,13.0
Greg Stroman,2018,CB,Virginia Tech,3,4.48,37.78,,,7,2,0,7,0,0,4.0
Kendrick Norton,2018,DT,Miami (FL),2,5.25,12.5,,,7,2,0,0,0,0,0.0
Keion Crossen,2018,CB,Western Carolina,10,,,,,7,2,0,8,0,0,6.0
Justin Lawler,2018,DE,SMU,6,,,,,7,2,0,4,0,0,1.0
Will Clapp,2018,C,LSU,1,5.39,28.0,,,7,2,0,7,0,1,12.0
Joshua Frazier,2018,DT,Alabama,1,,,,,7,2,0,0,0,0,0.0
Logan Cooke,2018,P,Mississippi State,3,,,,,7,2,1,8,1,3,19.0
Kendall Donnerson,2018,OLB,SE Missouri State,10,,,,,7,2,0,0,0,0,0.0
Logan Woodside,2018,QB,Toledo,8,4.79,38.75,,79.76,7,2,0,6,0,0,0.0
Ryan Izzo,2018,TE,Florida State,2,4.94,10.0,,35.28,7,2,0,4,0,1,3.0
Justin Jackson,2018,RB,Northwestern,5,4.52,46.67,,92.26,7,2,0,5,0,0,12.0
Rod Taylor,2018,OG,Ole Miss,3,5.24,41.33,,,7,2,0,0,0,0,0.0
Auden Tate,2018,WR,Florida State,2,4.68,4.0,,46.89,7,2,0,4,0,1,5.0
Korey Cunningham,2018,OT,Cincinnati,4,,,,,7,2,0,5,0,0,4.0
Austin Proehl,2018,WR,North Carolina,3,,,,38.63,7,2,0,0,0,0,0.0
Trey Quinn,2018,WR,SMU,6,4.55,30.0,,100.0,7,2,0,3,0,0,2.0
Kyler Murray,2019,QB,Oklahoma,2,,,,100.0,1,0,1,7,2,5,71.0
Nick Bosa,2019,DE,Ohio State,1,4.79,47.69,,,1,0,1,7,5,5,58.0
Quinnen Williams,2019,DT,Alabama,1,4.83,65.0,,,1,0,1,7,4,6,57.0
Clelin Ferrell,2019,DE,Clemson,1,,,,,1,0,1,7,0,4,24.0
Devin White,2019,LB,LSU,1,4.42,86.0,,,1,0,1,7,1,6,51.0
Daniel Jones,2019,QB,Duke,4,4.81,36.25,,71.39,1,0,1,7,0,6,52.0
Josh Hines-Allen,2019,LB,Kentucky,4,4.63,44.0,,,1,0,1,7,2,6,45.0
T.J. Hockenson,2019,TE,Iowa,3,4.7,50.0,,61.33,1,0,1,7,2,4,33.0
Ed Oliver,2019,DT,Houston,6,,,,,1,0,1,7,0,5,43.0
Devin Bush Jr.,2019,LB,Michigan,1,4.43,84.0,,,1,0,1,7,0,4,37.0
Jonah Williams,2019,OG,Alabama,1,5.12,57.33,,,1,0,1,7,0,5,37.0
Rashan Gary,2019,LB,Michigan,1,4.58,54.0,,,1,0,1,7,1,5,36.0
Christian Wilkins,2019,DT,Clemson,1,5.04,38.75,,,1,0,1,6,0,5,35.0
Chris Lindstrom,2019,OG,Boston College,4,4.91,85.33,,,1,0,1,7,4,6,49.0
Dwayne Haskins,2019,QB,Ohio State,1,5.04,7.5,,100.0,1,0,0,2,0,0,4.0
Brian Burns,2019,DE,Florida State,2,4.53,87.69,,,1,0,1,7,3,6,53.0
Dexter Lawrence,2019,DT,Clemson,1,5.05,37.5,,,1,0,1,7,3,6,55.0
Garrett Bradbury,2019,C,NC State,4,4.92,90.67,,,1,0,1,7,0,7,41.0
Jeffery Simmons,2019,DT,Mississippi State,3,,,,,1,0,1,7,4,7,62.0
Noah Fant,2019,TE,Iowa,3,4.5,83.33,,55.69,1,0,1,7,0,5,26.0
Darnell Savage Jr.,2019,S,Maryland,4,4.36,86.67,,,1,0,1,7,0,6,24.0
Andre Dillard,2019,OT,Washington State,4,4.96,75.29,,,1,0,0,6,0,1,12.0
Tytus Howard,2019,OT,Alabama State,1,5.05,64.71,,,1,0,1,7,0,6,36.0
Josh Jacobs,2019,RB,Alabama,1,,,,67.68,1,0,1,7,3,7,57.0
Marquise Brown,2019,WR,Oklahoma,2,,,,97.94,1,0,1,7,0,4,39.0
Montez Sweat,2019,DE,Mississippi State,3,4.41,100.0,,,1,0,1,7,1,6,48.0
Johnathan Abram,2019,S,Mississippi State,3,4.45,66.67,,,1,0,0,6,0,2,13.0
Jerry Tillery,2019,DT,Notre Dame,2,4.93,52.5,,,1,0,0,7,0,2,26.0
L.J. Collier,2019,DE,TCU,3,4.91,29.23,,,1,0,0,7,0,2,16.0
Deandre Baker,2019,CB,Georgia,1,4.52,28.89,,,1,0,0,3,0,1,6.0
Kaleb McGary,2019,OT,Washington,2,5.05,64.71,,,1,0,1,6,0,6,39.0
N'Keal Harry,2019,WR,Arizona State,3,4.53,34.0,,100.0,1,0,0,5,0,1,7.0
Byron Murphy,2019,CB,Washington,2,4.55,22.22,,,2,0,1,7,1,6,40.0
Rock Ya-Sin,2019,CB,Temple,6,4.51,31.11,,,2,0,0,7,0,1,17.0
Jawaan Taylor,2019,OT,Florida,2,,,,,2,0,1,7,0,7,42.0
Deebo Samuel,2019,WR,South Carolina,3,4.48,44.0,,87.81,2,0,1,7,1,6,52.0
Greg Little,2019,OT,Ole Miss,3,5.33,31.76,,,2,0,0,4,0,0,8.0
Cody Ford,2019,OT,Oklahoma,2,5.21,45.88,,,2,0,0,7,0,1,22.0
Sean Murphy-Bunting,2019,CB,Central Michigan,8,4.42,51.11,,,2,0,1,6,0,3,24.0
Trayvon Mullen,2019,CB,Clemson,1,4.46,42.22,,,2,0,0,4,0,2,11.0
Dalton Risner,2019,OT,Kansas State,4,5.3,35.29,,,2,0,1,7,0,6,30.0
Drew Lock,2019,QB,Missouri,4,4.69,51.25,,85.98,2,0,0,7,0,1,14.0
Jahlani Tavai,2019,LB,Hawaii,7,,,,,2,0,1,7,0,4,34.0
Elgton Jenkins,2019,C,Mississippi State,3,,,,,2,0,1,7,2,6,48.0
Joejuan Williams,2019,CB,Vanderbilt,4,4.64,2.22,,,2,0,0,5,0,0,3.0
Greedy Williams,2019,CB,LSU,1,4.37,62.22,,,2,0,0,4,0,1,8.0
Marquise Blair,2019,S,Utah,3,4.48,60.0,,,2,0,0,6,0,0,2.0
Erik McCoy,2019,C,Texas A&M,2,4.89,94.67,,,2,0,1,7,2,5,35.0
Ben Banogu,2019,LB,TCU,3,4.62,46.0,,,2,0,0,4,0,0,4.0
Irv Smith Jr.,2019,TE,Alabama,1,4.63,61.67,,54.8,2,0,0,6,0,0,9.0
A.J. Brown,2019,WR,Ole Miss,3,4.49,42.0,,100.0,2,0,1,7,3,7,73.0
Drew Sample,2019,TE,Washington,2,4.71,48.33,,22.18,2,0,1,7,0,4,7.0
Miles Sanders,2019,RB,Penn State,2,4.49,51.67,,92.35,2,0,1,7,1,4,34.0
Lonnie Johnson Jr.,2019,CB,Kentucky,4,4.52,28.89,,,2,0,0,7,0,0,11.0
Max Scharping,2019,OT,Northern Illinois,8,,,,,2,0,1,6,0,3,18.0
Mecole Hardman,2019,WR,Georgia,1,4.33,74.0,,42.0,2,0,1,7,1,0,23.0
JJ Arcega-Whiteside,2019,WR,Stanford,3,,,,100.0,2,0,0,3,0,0,2.0
Trysten Hill,2019,DT,UCF,4,5.04,38.75,,,2,0,0,6,0,0,5.0
Parris Campbell,2019,WR,Ohio State,1,4.31,78.0,,100.0,2,0,0,7,0,1,9.0
Nasir Adderley,2019,S,Delaware,9,,,,,2,0,1,4,0,3,13.0
Taylor Rapp,2019,S,Washington,2,,,,,2,0,1,7,0,4,25.0
Andy Isabella,2019,WR,Massachusetts,10,4.31,78.0,,100.0,2,0,0,5,0,0,4.0
Juan Thornhill,2019,S,Virginia,4,4.42,73.33,,,2,0,1,7,0,5,24.0
D.K. Metcalf,2019,WR,Ole Miss,3,4.33,74.0,,96.68,2,0,1,7,2,7,57.0
Zach Allen,2019,DE,Boston College,4,5.0,15.38,,,3,1,1,7,1,6,52.0
Diontae Johnson,2019,WR,Toledo,8,4.53,34.0,,71.67,3,1,1,6,1,5,35.0
Jalen Hurd,2019,WR,Baylor,3,,,,100.0,3,1,0,0,0,0,0.0
Jachai Polite,2019,LB,Florida,2,4.84,2.0,,,3,1,0,2,0,0,1.0
Josh Oliver,2019,TE,San Jose State,7,4.63,61.67,,60.98,3,1,1,7,0,3,7.0
Darrell Henderson,2019,RB,Memphis,6,4.49,51.67,,100.0,3,1,0,5,0,1,15.0
Dre'Mont Jones,2019,DT,Ohio State,1,5.12,28.75,,,3,1,1,7,0,5,33.0
Germaine Pratt,2019,LB,NC State,4,4.57,56.0,,,3,1,1,7,0,7,45.0
David Montgomery,2019,RB,Iowa State,4,4.63,28.33,,100.0,3,1,1,7,0,5,49.0
Devin Singletary,2019,RB,Florida Atlantic,2,4.66,23.33,,100.0,3,1,1,7,0,5,39.0
Jace Sternberger,2019,TE,Texas A&M,2,4.75,41.67,,87.06,3,1,0,2,0,0,1.0
Terry McLaurin,2019,WR,Ohio State,1,4.35,70.0,,73.93,3,1,1,7,2,7,51.0
Chase Winovich,2019,DE,Michigan,1,4.59,78.46,,,3,1,0,5,0,0,11.0
Michael Deiter,2019,OG,Wisconsin,3,5.23,42.67,,,3,1,0,7,0,2,16.0
David Long,2019,CB,Michigan,1,4.45,44.44,,,3,1,0,7,0,0,7.0
Sione Takitaki,2019,LB,BYU,5,4.63,44.0,,,3,1,0,7,0,1,19.0
Will Harris,2019,S,Boston College,4,4.41,75.56,,,3,1,1,7,0,4,18.0
Nate Davis,2019,OG,Charlotte,10,5.23,42.67,,,3,1,1,6,0,5,27.0
Justin Layne,2019,CB,Michigan State,3,4.5,33.33,,,3,1,0,4,0,0,3.0
Khalen Saunders,2019,DT,Western Illinois,10,5.01,42.5,,,3,1,0,7,0,1,17.0
Jaylon Ferguson,2019,DE,Louisiana Tech,5,,,,,3,1,0,3,0,1,8.0
Kahale Warring,2019,TE,San Diego State,7,4.67,55.0,,47.67,3,1,0,3,0,0,0.0
Damien Harris,2019,RB,Alabama,1,4.57,38.33,,62.03,3,1,1,5,0,3,16.0
Cody Barton,2019,LB,Utah,3,4.64,42.0,,,3,1,1,7,0,4,28.0
Bobby Okereke,2019,LB,Stanford,3,4.58,54.0,,,3,1,1,7,0,7,39.0
Connor McGovern,2019,OG,Penn State,2,,,,,3,1,1,7,1,4,37.0
Trey Pipkins,2019,OT,Sioux Falls,10,5.12,56.47,,,3,1,1,7,0,3,33.0
Chuma Edoga,2019,OT,USC,2,5.19,48.24,,,3,1,0,7,0,0,12.0
Miles Boykin,2019,WR,Notre Dame,2,4.42,56.0,,62.85,3,1,0,5,0,2,6.0
Jamel Dean,2019,CB,Auburn,2,4.3,77.78,,,3,1,1,7,0,5,27.0
Oshane Ximines,2019,DE,Old Dominion,10,4.78,49.23,,,3,1,0,6,0,0,8.0
Dawson Knox,2019,TE,Ole Miss,3,,,,23.67,3,1,1,7,1,7,25.0
Bobby Evans,2019,OT,Oklahoma,2,5.2,47.06,,,3,1,0,4,0,0,7.0
Quincy Williams,2019,S,Murray State,10,,,,,3,1,1,7,0,6,41.0
Mike Edwards,2019,S,Kentucky,4,,,,,3,1,0,7,0,1,16.0
Will Grier,2019,QB,West Virginia,4,4.84,32.5,,77.34,3,1,0,1,0,0,1.0
Yodny Cajuste,2019,OT,West Virginia,4,,,,,3,1,0,4,0,0,4.0
Alexander Mattison,2019,RB,Boise State,7,4.67,21.67,,100.0,3,1,0,6,0,1,21.0
Hakeem Butler,2019,WR,Iowa State,4,4.48,44.0,,91.43,4,1,0,2,0,0,0.0
Ryan Finley,2019,QB,NC State,4,4.73,46.25,,89.48,4,1,0,2,0,0,2.0
C.J. Gardner-Johnson,2019,S,Florida,2,4.48,60.0,,,4,1,1,7,0,4,27.0
Maxx Crosby,2019,DE,Eastern Michigan,8,4.66,67.69,,,4,1,1,7,5,7,61.0
Anthony Nelson,2019,DE,Iowa,3,4.82,43.08,,,4,1,0,7,0,0,17.0
Julian Love,2019,CB,Notre Dame,2,4.54,24.44,,,4,1,1,7,1,3,27.0
Khari Willis,2019,S,Michigan State,3,4.52,51.11,,,4,1,0,3,0,1,12.0
Mitch Wishnowsky,2019,P,Utah,3,4.63,56.92,,,4,1,1,7,0,3,10.0
Kendall Sheffield,2019,CB,Ohio State,1,,,,,4,1,0,7,0,0,6.0
Bryce Love,2019,RB,Stanford,3,,,,69.57,4,1,0,0,0,0,0.0
Justice Hill,2019,RB,Oklahoma State,3,4.4,66.67,,91.63,4,1,0,7,0,0,17.0
Dru Samia,2019,OG,Oklahoma,2,5.29,34.67,,,4,1,0,2,0,0,2.0
Christian Miller,2019,LB,Alabama,1,,,,,4,1,0,1,0,0,1.0
Amani Hooker,2019,S,Iowa,3,4.48,60.0,,,4,1,1,7,0,5,24.0
Austin Bryant,2019,DE,Clemson,1,,,,,4,1,0,5,0,0,5.0
Hjalte Froholdt,2019,OG,Arkansas,3,5.2,46.67,,,4,1,1,7,0,3,24.0
Sheldrick Redwine,2019,S,Miami (FL),2,4.44,68.89,,,4,1,0,5,0,0,4.0
Gary Jennings Jr,2019,WR,West Virginia,4,4.42,56.0,,98.43,4,1,0,1,0,0,0.0
Trevon Wesco,2019,TE,West Virginia,4,4.89,18.33,,26.67,4,1,0,5,0,1,0.0
Benny Snell Jr.,2019,RB,Kentucky,4,4.66,23.33,,100.0,4,1,0,4,0,0,8.0
Ben Powers,2019,OG,Oklahoma,2,,,,,4,1,1,7,0,5,27.0
Phil Haynes,2019,OG,Wake Forest,4,5.2,46.67,,,4,1,0,5,0,0,6.0
Renell Wren,2019,DT,Arizona State,3,5.01,42.5,,,4,1,0,4,0,0,2.0
Riley Ridley,2019,WR,Georgia,1,4.58,24.0,,55.85,4,1,0,2,0,0,1.0
Iman Marshall,2019,CB,USC,2,4.53,26.67,,,4,1,0,1,0,0,0.0
Tony Pollard,2019,RB,Memphis,6,4.52,46.67,,37.29,4,1,1,7,1,3,45.0
Isaiah Johnson,2019,CB,Houston,6,4.4,55.56,,,4,1,0,2,0,0,1.0
Drue Tranquill,2019,LB,Notre Dame,2,4.57,56.0,,,4,1,1,7,0,3,32.0
Wes Martin,2019,OG,Indiana,4,,,,,4,1,0,4,0,0,5.0
Ugo Amadi,2019,S,Oregon,2,4.51,53.33,,,4,1,0,7,0,1,8.0
Jarrett Stidham,2019,QB,Auburn,2,4.81,36.25,,46.7,4,1,0,7,0,0,6.0
Greg Gaines,2019,DT,Washington,2,5.16,23.75,,,4,1,0,7,0,2,19.0
John Cominsky,2019,DE,Charleston (WV),10,4.69,63.08,,,4,1,0,5,0,1,10.0
Michael Jordan,2019,OG,Ohio State,1,5.27,37.33,,,4,1,1,7,0,4,18.0
Foster Moreau,2019,TE,LSU,1,4.66,56.67,,31.94,4,1,1,7,0,6,13.0
Shareef Miller,2019,DE,Penn State,2,4.69,63.08,,,4,1,0,1,0,0,0.0
Deionte Thompson,2019,S,Alabama,1,,,,,5,2,0,4,0,0,4.0
Ryquell Armstead,2019,RB,Temple,6,4.45,58.33,,100.0,5,2,0,3,0,0,2.0
Zach Gentry,2019,TE,Michigan,1,4.9,16.67,,41.48,5,2,0,5,0,2,2.0
Ben Burr-Kirven,2019,LB,Washington,2,4.56,58.0,,,5,2,0,2,0,0,2.0
Ryan Connelly,2019,LB,Wisconsin,3,4.66,38.0,,,5,2,0,5,0,0,4.0
Marvell Tell III,2019,S,USC,2,,,,,5,2,0,1,0,0,1.0
Matt Gay,2019,K,Utah,3,,,,,5,2,1,7,1,3,19.0
Amani Oruwariye,2019,CB,Penn State,2,4.47,40.0,,,5,2,0,7,0,2,12.0
Vosean Joseph,2019,LB,Florida,2,,,,,5,2,0,0,0,0,0.0
Dre Greenlaw,2019,LB,Arkansas,3,,,,,5,2,1,7,0,4,31.0
Hunter Renfrow,2019,WR,Clemson,1,4.59,22.0,,31.08,5,2,1,7,1,0,22.0
Kingsley Keke,2019,DT,Texas A&M,2,4.95,50.0,,,5,2,0,3,0,1,9.0
Andrew Van Ginkel,2019,LB,Wisconsin,3,,,,,5,2,1,7,1,5,45.0
Qadree Ollison,2019,RB,Pittsburgh,3,4.58,36.67,,90.04,5,2,0,5,0,0,1.0
Ross Pierschbacher,2019,OG,Alabama,1,5.2,46.67,,,5,2,0,4,0,0,0.0
Jordan Scarlett,2019,RB,Florida,2,4.47,55.0,,48.93,5,2,0,3,0,0,0.0
Mack Wilson,2019,LB,Alabama,1,,,,,5,2,1,7,0,3,25.0
Justin Hollins,2019,LB,Oregon,2,4.5,70.0,,,5,2,0,5,0,0,8.0
Blake Cashman,2019,LB,Minnesota,4,4.5,70.0,,,5,2,1,7,0,3,25.0
Michael Jackson,2019,CB,Miami (FL),2,4.45,44.44,,,5,2,1,7,0,3,18.0
Byron Cowart,2019,DT,Maryland,4,5.16,23.75,,,5,2,0,6,0,1,14.0
Daylon Mack,2019,DT,Texas A&M,2,5.1,31.25,,,5,2,0,1,0,0,0.0
Charles Omenihu,2019,DE,Texas,2,4.92,27.69,,,5,2,0,7,0,0,12.0
Cameron Smith,2019,LB,USC,2,4.69,32.0,,,5,2,0,1,0,0,0.0
Jake Bailey,2019,P,Stanford,3,4.72,43.08,,,5,2,1,7,1,3,11.0
E.J. Speed,2019,LB,Tarleton State,10,,,,,5,2,1,7,0,3,20.0
Joe Jackson,2019,DE,Miami (FL),2,,,,,5,2,0,3,0,0,1.0
Easton Stick,2019,QB,North Dakota State,9,4.62,60.0,,,5,2,0,5,0,0,4.0
Clayton Thorson,2019,QB,Northwestern,5,,,,62.42,5,2,0,0,0,0,0.0
D'Andre Walker,2019,LB,Georgia,1,,,,,5,2,0,2,0,0,0.0
David Edwards,2019,OT,Wisconsin,3,5.28,37.65,,,5,2,1,7,0,4,36.0
Austin Seibert,2019,K,Oklahoma,2,,,,,5,2,0,6,0,0,6.0
Darius Slayton,2019,WR,Auburn,2,4.39,62.0,,39.35,5,2,1,7,0,6,32.0
Jordan Miller,2019,CB,Washington,2,4.49,35.56,,,5,2,0,3,0,0,1.0
Cole Holcomb,2019,LB,North Carolina,3,,,,,5,2,1,7,0,3,26.0
KeeSean Johnson,2019,WR,Fresno State,7,4.6,20.0,,100.0,6,2,0,3,0,0,4.0
Sutton Smith,2019,DE,Northern Illinois,8,4.69,63.08,,,6,2,0,3,0,0,0.0
Kaden Smith,2019,TE,Stanford,3,4.92,13.33,,64.03,6,2,0,3,0,1,3.0
Saquan Hampton,2019,S,Rutgers,4,4.48,60.0,,,6,2,0,2,0,0,0.0
Gardner Minshew II,2019,QB,Washington State,4,4.97,16.25,,100.0,6,2,1,7,1,4,32.0
Lamont Gaillard,2019,C,Georgia,1,,,,,6,2,0,2,0,0,2.0
Corey Ballentine,2019,CB,Washburn,10,4.47,40.0,,,6,2,0,7,0,0,5.0
Jaquan Johnson,2019,CB,Miami (FL),2,4.69,0.0,,,6,2,0,4,0,0,5.0
Trayveon Williams,2019,RB,Texas A&M,2,4.51,48.33,,100.0,6,2,0,7,0,0,4.0
Justin Skule,2019,OT,Vanderbilt,4,,,,,6,2,0,7,0,2,16.0
Travis Fulgham,2019,WR,Old Dominion,10,4.58,24.0,,100.0,6,2,0,3,0,1,4.0
Ka'dar Hollman,2019,CB,Toledo,8,,,,,6,2,0,6,0,0,4.0
Ty Johnson,2019,RB,Maryland,4,,,,46.99,6,2,0,7,0,0,18.0
Juwann Winfree,2019,WR,Colorado,3,,,,42.88,6,2,0,5,0,0,1.0
David Long,2019,LB,West Virginia,4,4.45,80.0,,,6,2,0,6,0,2,23.0
Drew Forbes,2019,OT,SE Missouri State,10,,,,,6,2,0,4,0,0,1.0
Armon Watts,2019,DT,Arkansas,3,5.23,15.0,,,6,2,0,6,0,1,12.0
Marcus Epps,2019,S,Wyoming,7,,,,,6,2,0,7,0,2,18.0
Isaiah Buggs,2019,DT,Alabama,1,5.15,25.0,,,6,2,0,5,0,1,11.0
Oli Udoh,2019,OT,Elon,10,5.05,64.71,,,6,2,0,7,0,1,10.0
Dexter Williams,2019,RB,Notre Dame,2,4.57,38.33,,100.0,6,2,0,2,0,0,0.0
Xavier Crawford,2019,CB,Central Michigan,8,4.48,37.78,,,6,2,0,4,0,0,1.0
Blessuan Austin,2019,CB,Rutgers,4,,,,,6,2,0,3,0,1,6.0
Trace McSorley,2019,QB,Penn State,2,4.57,66.25,,53.03,6,2,0,4,0,0,1.0
Tim Harris,2019,CB,Virginia,4,,,,,6,2,0,3,0,0,0.0
Gerri Green,2019,DE,Mississippi State,3,4.63,72.31,,,6,2,0,4,0,0,0.0
Emeke Egbule,2019,LB,Houston,6,4.65,40.0,,,6,2,0,3,0,0,2.0
Rashad Fenton,2019,CB,South Carolina,3,4.52,28.89,,,6,2,0,4,0,0,7.0
Isaiah Prince,2019,OT,Ohio State,1,5.09,60.0,,,6,2,0,6,0,0,4.0
Marcus Green,2019,WR,La-Monroe,10,,,,,6,2,0,0,0,0,0.0
Travis Homer,2019,RB,Miami (FL),2,4.48,53.33,,60.53,6,2,0,7,0,0,8.0
Duke Shelley,2019,CB,Kansas State,4,,,,,6,2,0,6,0,0,6.0
Kelvin Harmon,2019,WR,NC State,4,4.6,20.0,,100.0,6,2,0,1,0,1,3.0
Ulysees Gilbert,2019,LB,Akron,10,,,,,6,2,0,4,0,0,2.0
Scott Miller,2019,WR,Bowling Green,10,,,,100.0,6,2,0,7,0,1,11.0
Demarcus Christmas,2019,DT,Florida State,2,5.08,33.75,,,6,2,0,0,0,0,0.0
Deshaun Davis,2019,LB,Auburn,2,,,,,6,2,0,0,0,0,0.0
Rodney Anderson,2019,RB,Oklahoma,2,,,,88.2,6,2,0,0,0,0,0.0
Dennis Daley,2019,OT,South Carolina,3,5.23,43.53,,,6,2,0,5,0,2,14.0
Donovan Wilson,2019,S,Texas A&M,2,,,,,6,2,1,7,0,5,23.0
Darwin Thompson,2019,RB,Utah State,7,,,,100.0,6,2,0,2,0,0,2.0
Terry Beckner,2019,DT,Missouri,4,5.19,20.0,,,7,2,0,0,0,0,0.0
Nick Allegretti,2019,OG,Illinois,4,,,,,7,2,0,7,0,2,20.0
Kris Boyd,2019,CB,Texas,2,4.45,44.44,,,7,2,0,6,0,0,6.0
Mike Weber,2019,RB,Ohio State,1,4.47,55.0,,59.41,7,2,0,0,0,0,0.0
Derwin Gray,2019,OT,Maryland,4,5.26,40.0,,,7,2,0,2,0,0,0.0
Cullen Gillaspia,2019,RB,Texas A&M,2,,,,1.02,7,2,0,4,0,0,0.0
Donnie Lewis Jr.,2019,CB,Tulane,6,,,,,7,2,0,0,0,0,0.0
Kerrith Whyte Jr,2019,RB,Florida Atlantic,2,,,,76.51,7,2,0,1,0,0,1.0
Jordan Brown,2019,CB,South Dakota State,9,4.51,31.11,,,7,2,0,0,0,0,0.0
Isaac Nauta,2019,TE,Georgia,1,4.91,15.0,,34.77,7,2,0,2,0,0,0.0
Darryl Johnson,2019,DE,North Carolina A&T,3,,,,,7,2,0,4,0,0,4.0
Ty Summers,2019,LB,TCU,3,4.51,68.0,,,7,2,0,7,0,0,6.0
Jimmy Moreland,2019,CB,James Madison,8,,,,,7,2,0,3,0,0,5.0
Tommy Sweeney,2019,TE,Boston College,4,4.83,28.33,,37.36,7,2,0,4,0,0,1.0
P.J. Johnson,2019,DE,Arizona,4,,,,,7,2,0,0,0,0,0.0
Quinton Bell,2019,DE,Prairie View A&M,10,,,,,7,2,0,7,0,0,4.0
Alizé Mack,2019,TE,Notre Dame,2,4.7,50.0,,26.91,7,2,0,0,0,0,0.0
George Asafo-Adjei,2019,OT,Kentucky,4,,,,,7,2,0,0,0,0,0.0
Chandler Cox,2019,RB,Auburn,2,,,,14.01,7,2,0,2,0,0,0.0
Myles Gaskin,2019,RB,Washington,2,4.58,36.67,,100.0,7,2,0,7,0,1,13.0
Dontavius Russell,2019,DT,Auburn,2,5.15,25.0,,,7,2,0,1,0,0,0.0
John Ursua,2019,WR,Hawaii,7,,,,100.0,7,2,0,1,0,0,0.0
Terry Godwin,2019,WR,Georgia,1,4.55,30.0,,31.75,7,2,0,2,0,0,0.0
Stephen Denmark,2019,CB,Valdosta State,10,,,,,7,2,0,0,0,0,0.0
Dillon Mitchell,2019,WR,Oregon,2,4.46,48.0,,100.0,7,2,0,0,0,0,0.0
Jackson Barton,2019,OT,Utah,3,5.18,49.41,,,7,2,0,6,0,0,1.0
Jalen Jelks,2019,DE,Oregon,2,4.92,27.69,,,7,2,0,0,0,0,0.0
Cortez Broughton,2019,DT,Cincinnati,4,,,,,7,2,0,3,0,0,1.0
Nick Scott,2019,S,Penn State,2,,,,,7,2,1,7,0,3,17.0
Kaden Elliss,2019,LB,Idaho,10,,,,,7,2,1,7,0,4,29.0
Chris Slayton,2019,DT,Syracuse,4,5.13,27.5,,,7,2,0,0,0,0,0.0
Javon Patterson,2019,C,Ole Miss,3,5.13,62.67,,,7,2,0,2,0,0,0.0
Olabisi Johnson,2019,WR,Colorado State,7,4.51,38.0,,72.86,7,2,0,2,0,0,5.0
Joshua Miles,2019,OT,Morgan State,10,5.32,32.94,,,7,2,0,6,0,0,2.0
Michael Dogbe,2019,DE,Temple,6,,,,,7,2,0,5,0,0,4.0
Austin Cutting,2019,LS,Air Force,5,,,,,7,2,0,2,0,0,2.0
Dakota Allen,2019,LB,Texas Tech,4,4.77,16.0,,,7,2,0,4,0,0,2.0
Ken Webster,2019,CB,Ole Miss,3,4.43,48.89,,,7,2,0,2,0,0,3.0
Jordan Brailford,2019,DE,Oklahoma State,3,4.65,69.23,,,7,2,0,2,0,0,1.0
Caleb Wilson,2019,TE,UCLA,5,4.56,73.33,,91.25,7,2,0,2,0,0,0.0
Joe Burrow,2020,QB,LSU,1,,,,100.0,1,0,1,6,3,5,63.0
Chase Young,2020,DE,Ohio State,1,,,,,1,0,1,6,1,2,29.0
Jeff Okudah,2020,CB,Ohio State,1,4.48,37.78,,,1,0,0,6,0,2,11.0
Andrew Thomas,2020,OT,Georgia,1,5.22,44.71,,,1,0,1,6,0,6,33.0
Tua Tagovailoa,2020,QB,Alabama,1,,,,80.41,1,0,1,6,1,6,52.0
Justin Herbert,2020,QB,Oregon,2,4.68,52.5,,95.41,1,0,1,6,2,6,74.0
Derrick Brown,2020,DT,Auburn,2,5.16,23.75,,,1,0,1,6,1,5,35.0
Isaiah Simmons,2020,LB,Clemson,1,4.39,92.0,,,1,0,0,6,0,2,20.0
C.J. Henderson,2020,CB,Florida,2,4.39,57.78,,,1,0,0,6,0,2,13.0
Jedrick Wills Jr.,2020,OT,Alabama,1,5.05,64.71,,,1,0,1,5,0,3,24.0
Mekhi Becton,2020,OT,Louisville,4,5.1,58.82,,,1,0,1,6,0,4,21.0
Henry Ruggs III,2020,WR,Alabama,1,4.27,86.0,,67.8,1,0,0,2,0,1,8.0
Tristan Wirfs,2020,OT,Iowa,3,4.85,88.24,,,1,0,1,6,5,6,64.0
Javon Kinlaw,2020,DT,South Carolina,3,,,,,1,0,1,6,0,3,27.0
Jerry Jeudy,2020,WR,Alabama,1,4.45,50.0,,75.77,1,0,1,6,1,5,31.0
AJ Terrell,2020,CB,Clemson,1,4.42,51.11,,,1,0,1,6,0,6,31.0
CeeDee Lamb,2020,WR,Oklahoma,2,4.5,40.0,,99.94,1,0,1,6,5,6,65.0
Austin Jackson,2020,OT,USC,2,5.07,62.35,,,1,0,1,6,0,4,24.0
Damon Arnette,2020,CB,Ohio State,1,4.56,20.0,,,1,0,0,6,0,0,2.0
K'Lavon Chaisson,2020,DE,LSU,1,,,,,1,0,0,6,0,1,17.0
Jalen Reagor,2020,WR,TCU,3,4.47,46.0,,64.58,1,0,0,5,0,2,10.0
Justin Jefferson,2020,WR,LSU,1,4.43,54.0,,100.0,1,0,1,6,4,6,65.0
Kenneth Murray,2020,LB,Oklahoma,2,4.52,66.0,,,1,0,1,6,0,5,32.0
Cesar Ruiz,2020,C,Michigan,1,5.08,69.33,,,1,0,1,6,0,6,29.0
Brandon Aiyuk,2020,WR,Arizona State,3,4.5,40.0,,100.0,1,0,1,5,0,5,39.0
Jordan Love,2020,QB,Utah State,7,4.74,45.0,,73.2,1,0,1,6,0,3,42.0
Jordyn Brooks,2020,LB,Texas Tech,4,4.54,62.0,,,1,0,1,6,0,5,43.0
Patrick Queen,2020,LB,LSU,1,4.5,70.0,,,1,0,1,6,2,6,54.0
Isaiah Wilson,2020,OT,Georgia,1,5.32,32.94,,,1,0,0,1,0,0,0.0
Noah Igbinoghene,2020,CB,Auburn,2,4.48,37.78,,,1,0,0,6,0,1,7.0
Jeff Gladney,2020,CB,TCU,3,4.48,37.78,,,1,0,0,1,0,1,5.0
Clyde Edwards-Helaire,2020,RB,LSU,1,4.6,33.33,,100.0,1,0,0,6,0,1,18.0
Tee Higgins,2020,WR,Clemson,1,,,,100.0,2,0,1,6,1,5,43.0
Michael Pittman Jr.,2020,WR,USC,2,4.52,36.0,,100.0,2,0,1,6,0,6,44.0
D'Andre Swift,2020,RB,Georgia,1,4.48,53.33,,77.41,2,0,1,6,1,3,44.0
Xavier McKinney,2020,S,Alabama,1,4.63,26.67,,,2,0,1,6,1,5,39.0
Kyle Dugger,2020,S,Lenoir-Rhyne,10,4.49,57.78,,,2,0,1,6,0,5,28.0
Yetur Gross-Matos,2020,DE,Penn State,2,,,,,2,0,0,6,0,1,18.0
Robert Hunt,2020,OG,Louisiana,8,,,,,2,0,1,6,1,5,30.0
Ross Blacklock,2020,DT,TCU,3,4.9,56.25,,,2,0,0,4,0,0,4.0
Jonathan Taylor,2020,RB,Wisconsin,3,4.39,68.33,,100.0,2,0,1,6,3,5,58.0
Laviska Shenault Jr.,2020,WR,Colorado,3,4.58,24.0,,83.27,2,0,0,5,0,1,13.0
Cole Kmet,2020,TE,Notre Dame,2,4.7,50.0,,61.14,2,0,1,6,0,6,25.0
Grant Delpit,2020,S,LSU,1,,,,,2,0,1,6,0,4,26.0
Antoine Winfield Jr.,2020,S,Minnesota,4,4.45,66.67,,,2,0,1,6,2,6,44.0
KJ Hamler,2020,WR,Penn State,2,,,,88.77,2,0,0,3,0,0,5.0
Marlon Davidson,2020,DE,Auburn,2,5.04,9.23,,,2,0,0,6,0,0,5.0
Darrell Taylor,2020,DE,Tennessee,2,,,,,2,0,0,6,0,0,10.0
Chase Claypool,2020,WR,Notre Dame,2,4.42,56.0,,99.21,2,0,0,4,0,1,19.0
Jaylon Johnson,2020,CB,Utah,3,4.5,33.33,,,2,0,1,6,2,5,30.0
Trevon Diggs,2020,CB,Alabama,1,,,,,2,0,1,6,2,4,33.0
Cam Akers,2020,RB,Florida State,2,4.47,55.0,,100.0,2,0,0,6,0,1,13.0
Jalen Hurts,2020,QB,Oklahoma,2,4.59,63.75,,77.67,2,0,1,6,3,5,79.0
A.J. Epenesa,2020,DE,Iowa,3,5.04,9.23,,,2,0,0,6,0,1,18.0
J.K. Dobbins,2020,RB,Ohio State,1,,,,100.0,2,0,0,6,0,2,22.0
Raekwon Davis,2020,DT,Alabama,1,5.12,28.75,,,2,0,1,5,0,3,23.0
Van Jefferson,2020,WR,Florida,2,,,,63.75,2,0,1,6,0,3,19.0
Ezra Cleveland,2020,OT,Boise State,7,4.93,78.82,,,2,0,1,6,0,5,33.0
Denzel Mims,2020,WR,Baylor,3,4.38,64.0,,84.35,2,0,0,3,0,1,5.0
Joshua Uche,2020,LB,Michigan,1,,,,,2,0,0,6,0,0,9.0
Kristian Fulton,2020,CB,LSU,1,4.46,42.22,,,2,0,1,6,0,4,18.0
AJ Dillon,2020,RB,Boston College,4,4.53,45.0,,100.0,2,0,0,6,0,0,24.0
Willie Gay Jr.,2020,LB,Mississippi State,3,4.46,78.0,,,2,0,1,6,0,5,27.0
Jeremy Chinn,2020,S,Southern Illinois,10,4.45,66.67,,,2,0,1,6,0,5,41.0
Logan Wilson,2020,LB,Wyoming,7,4.63,44.0,,,3,1,1,6,0,4,32.0
Antonio Gibson,2020,RB,Memphis,6,4.39,68.33,,32.11,3,1,0,6,0,2,29.0
Julian Okwara,2020,DE,Notre Dame,2,,,,,3,1,0,5,0,0,5.0
Ashtyn Davis,2020,S,California,4,,,,,3,1,0,6,0,2,14.0
Damien Lewis,2020,OG,LSU,1,5.24,41.33,,,3,1,1,6,0,6,35.0
Brandon Jones,2020,S,Texas,2,,,,,3,1,1,6,0,3,21.0
Nnamdi Madubuike,2020,DT,Texas A&M,2,4.83,65.0,,,3,1,1,6,2,4,38.0
Josh Jones,2020,OT,Houston,6,5.27,38.82,,,3,1,0,6,0,2,17.0
DaVon Hamilton,2020,DT,Ohio State,1,5.14,26.25,,,3,1,1,6,0,3,25.0
Zack Baun,2020,LB,Wisconsin,3,4.65,40.0,,,3,1,1,6,2,2,39.0
Jonah Jackson,2020,OG,Ohio State,1,5.23,42.67,,,3,1,1,6,1,5,32.0
Ke'Shawn Vaughn,2020,RB,Illinois,4,4.51,48.33,,83.28,3,1,0,5,0,0,2.0
Michael Ojemudia,2020,CB,Iowa,3,4.45,44.44,,,3,1,0,3,0,0,4.0
Matt Hennessy,2020,C,Temple,6,5.18,56.0,,,3,1,0,6,0,1,11.0
Jabari Zuniga,2020,DE,Florida,2,4.64,70.77,,,3,1,0,3,0,0,1.0
Lynn Bowden Jr.,2020,WR,Kentucky,4,,,,100.0,3,1,0,4,0,0,3.0
Bryan Edwards,2020,WR,South Carolina,3,,,,92.85,3,1,0,3,0,1,6.0
Neville Gallimore,2020,DT,Oklahoma,2,4.79,70.0,,,3,1,0,6,0,1,14.0
Lloyd Cushenberry III,2020,C,LSU,1,5.27,44.0,,,3,1,1,6,0,5,26.0
Terrell Lewis,2020,LB,Alabama,1,,,,,3,1,0,3,0,0,5.0
Julian Blackmon,2020,S,Utah,3,,,,,3,1,1,6,0,4,20.0
Zack Moss,2020,RB,Utah,3,4.65,25.0,,100.0,3,1,0,5,0,1,18.0
Anfernee Jennings,2020,LB,Alabama,1,,,,,3,1,0,6,0,2,22.0
Jordan Elliott,2020,DT,Texas,2,5.02,41.25,,,3,1,1,6,0,4,27.0
Cameron Dantzler,2020,CB,Mississippi State,3,4.64,2.22,,,3,1,0,4,0,2,10.0
Jonathan Greenard,2020,DE,Florida,2,4.87,35.38,,,3,1,1,6,1,4,32.0
Devin Asiasi,2020,TE,UCLA,5,4.73,45.0,,48.7,3,1,0,3,0,0,0.0
Devin Duvernay,2020,WR,Texas,2,4.39,62.0,,100.0,3,1,1,6,2,1,12.0
Darrynton Evans,2020,RB,Appalachian State,8,4.41,65.0,,,3,1,0,5,0,0,3.0
Josiah Deguara,2020,TE,Cincinnati,4,4.72,46.67,,59.04,3,1,0,6,0,0,4.0
McTelvin Agim,2020,DT,Arkansas,3,4.98,46.25,,,3,1,0,4,0,0,2.0
Lucas Niang,2020,OT,TCU,3,,,,,3,1,0,4,0,0,8.0
Jacob Phillips,2020,LB,LSU,1,4.66,38.0,,,3,1,0,3,0,0,5.0
Malik Harrison,2020,LB,Ohio State,1,4.66,38.0,,,3,1,0,6,0,1,19.0
Matt Peart,2020,OT,Connecticut,6,5.06,63.53,,,3,1,0,6,0,0,7.0
Tanner Muse,2020,S,Clemson,1,4.41,75.56,,,3,1,0,5,0,0,2.0
Dalton Keene,2020,TE,Virginia Tech,3,4.71,48.33,,49.66,3,1,0,4,0,0,0.0
Alex Highsmith,2020,LB,Charlotte,10,4.7,30.0,,,3,1,1,6,0,5,35.0
Davion Taylor,2020,LB,Colorado,3,4.49,72.0,,,3,1,0,2,0,0,3.0
Terrell Burgess,2020,S,Utah,3,4.46,64.44,,,3,1,0,6,0,0,4.0
Adam Trautman,2020,TE,Dayton,10,4.8,33.33,,,3,1,1,6,0,4,11.0
Tyre Phillips,2020,OT,Mississippi State,3,5.37,27.06,,,3,1,0,5,0,1,11.0
Akeem Davis-Gaither,2020,LB,Appalachian State,8,,,,,4,1,0,6,0,1,14.0
Saahdiq Charles,2020,OT,LSU,1,5.05,64.71,,,4,1,0,6,0,1,8.0
John Simpson,2020,OG,Clemson,1,5.24,41.33,,,4,1,1,6,0,4,28.0
Darnay Holmes,2020,CB,UCLA,5,4.48,37.78,,,4,1,0,6,0,0,8.0
Solomon Kindley,2020,OG,Georgia,1,,,,,4,1,0,2,0,1,6.0
Joshua Kelley,2020,RB,UCLA,5,4.49,51.67,,100.0,4,1,0,5,0,0,9.0
Troy Pride Jr.,2020,CB,Notre Dame,2,4.4,55.56,,,4,1,0,5,0,0,3.0
Leki Fotu,2020,DT,Utah,3,5.15,25.0,,,4,1,0,6,0,2,11.0
Harrison Bryant,2020,TE,Florida Atlantic,2,4.73,45.0,,84.85,4,1,1,6,0,3,7.0
Ben Bartch,2020,OG,Saint John's (MN),10,,,,,4,1,0,6,0,1,9.0
D.J. Wonnum,2020,DE,South Carolina,3,4.73,56.92,,,4,1,1,6,0,3,26.0
Albert Okwuegbunam,2020,TE,Missouri,4,4.49,85.0,,58.83,4,1,0,6,0,0,5.0
Mykal Walker,2020,LB,Fresno State,7,4.65,40.0,,,4,1,0,6,0,2,16.0
La'Mical Perine,2020,RB,Florida,2,4.62,30.0,,,4,1,0,4,0,0,3.0
Logan Stenberg,2020,OG,Kentucky,4,5.3,33.33,,,4,1,0,3,0,0,3.0
Jacob Eason,2020,QB,Washington,2,4.89,26.25,,78.01,4,1,0,3,0,0,0.0
Reggie Robinson II,2020,CB,Tulsa,6,4.44,46.67,,,4,1,0,1,0,0,0.0
Anthony McFarland Jr.,2020,RB,Maryland,4,4.44,60.0,,65.76,4,1,0,4,0,0,1.0
James Morgan,2020,QB,Florida International,2,4.89,26.25,,59.29,4,1,0,0,0,0,0.0
Charlie Heck,2020,OT,North Carolina,3,5.16,51.76,,,4,1,0,6,0,1,15.0
K'Von Wallace,2020,S,Clemson,1,4.53,48.89,,,4,1,0,6,0,0,9.0
Gabe Davis,2020,WR,UCF,4,4.54,32.0,,,4,1,1,6,0,4,28.0
Cameron Clark,2020,OT,Charlotte,10,5.29,36.47,,,4,1,0,0,0,0,0.0
James Lynch,2020,DT,Baylor,3,5.01,42.5,,,4,1,0,6,0,0,6.0
Rashard Lawrence,2020,DT,LSU,1,5.07,35.0,,,4,1,0,3,0,0,6.0
Troy Dye,2020,LB,Oregon,2,,,,,4,1,0,6,0,1,14.0
Colby Parkinson,2020,TE,Stanford,3,4.77,38.33,,40.98,4,1,0,6,0,2,11.0
Jaylinn Hawkins,2020,S,California,4,,,,,4,1,0,6,0,2,17.0
Kevin Dotson,2020,OG,Louisiana,8,,,,,4,1,1,6,0,4,32.0
Brycen Hopkins,2020,TE,Purdue,4,4.66,56.67,,83.86,4,1,0,4,0,0,2.0
Josiah Scott,2020,CB,Michigan State,3,4.42,51.11,,,4,1,0,4,0,0,3.0
L'Jarius Sneed,2020,S,Louisiana Tech,5,4.37,84.44,,,4,1,1,6,0,3,22.0
Amik Robertson,2020,CB,Louisiana Tech,5,,,,,4,1,0,6,0,2,14.0
Shaquille Quarterman,2020,LB,Miami (FL),2,4.74,22.0,,,4,1,0,5,0,0,5.0
John Reid,2020,CB,Penn State,2,4.49,35.56,,,4,1,0,3,0,0,2.0
Antonio Gandy-Golden,2020,WR,Liberty,5,4.6,20.0,,100.0,4,1,0,2,0,0,0.0
Ben Bredeson,2020,OG,Michigan,1,,,,,4,1,1,6,0,3,21.0
DeeJay Dallas,2020,RB,Miami (FL),2,4.58,36.67,,76.36,4,1,0,6,0,0,7.0
Jack Driscoll,2020,OG,Auburn,2,5.02,70.67,,,4,1,0,5,0,0,12.0
Tyler Biadasz,2020,C,Wisconsin,3,,,,,4,1,1,6,1,5,36.0
Khalid Kareem,2020,DE,Notre Dame,2,,,,,5,2,0,6,0,0,2.0
Alton Robinson,2020,DE,Syracuse,4,4.69,63.08,,,5,2,0,2,0,0,4.0
Danny Pinter,2020,OG,Ball State,8,4.91,85.33,,,5,2,0,6,0,0,7.0
Shane Lemieux,2020,OG,Oregon,2,5.11,58.67,,,5,2,0,5,0,1,5.0
Joe Reed,2020,WR,Virginia,4,4.47,46.0,,66.12,5,2,0,1,0,0,0.0
Kenny Robinson Jr.,2020,S,West Virginia,4,,,,,5,2,0,2,0,0,1.0
Colton McKivitz,2020,OT,West Virginia,4,5.35,29.41,,,5,2,1,6,0,3,24.0
Jason Strowbridge,2020,DE,North Carolina,3,4.89,32.31,,,5,2,0,1,0,0,1.0
Trevis Gipson,2020,DE,Tulsa,6,,,,,5,2,0,6,0,1,11.0
Keith Ismael,2020,C,San Diego State,7,5.34,34.67,,,5,2,0,4,0,0,3.0
Daniel Thomas,2020,S,Auburn,2,4.51,53.33,,,5,2,0,6,0,0,5.0
Bryce Hall,2020,CB,Virginia,4,,,,,5,2,0,5,0,2,10.0
Justin Rohrwasser,2020,K,Marshall,8,,,,,5,2,0,0,0,0,0.0
Nick Harris,2020,C,Washington,2,5.1,66.67,,,5,2,0,5,0,0,5.0
Tyler Johnson,2020,WR,Minnesota,4,,,,100.0,5,2,0,6,0,0,9.0
Khaleke Hudson,2020,LB,Michigan,1,4.56,58.0,,,5,2,0,5,0,0,7.0
Kindle Vildor,2020,CB,Georgia Southern,1,4.44,46.67,,,5,2,0,6,0,2,10.0
Curtis Weaver,2020,DE,Boise State,7,,,,,5,2,0,2,0,0,0.0
Collin Johnson,2020,WR,Texas,2,,,,58.75,5,2,0,5,0,0,3.0
Quintez Cephus,2020,WR,Wisconsin,3,4.73,0.0,,65.1,5,2,0,3,0,0,5.0
Jake Fromm,2020,QB,Georgia,1,5.01,11.25,,67.87,5,2,0,2,0,0,1.0
John Hightower,2020,WR,Boise State,7,4.43,54.0,,84.62,5,2,0,2,0,0,1.0
Harrison Hand,2020,CB,Temple,6,4.52,28.89,,,5,2,0,3,0,0,2.0
Broderick Washington Jr.,2020,DT,Texas Tech,4,,,,,5,2,0,6,0,1,15.0
Isaiah Coulter,2020,WR,Rhode Island,10,4.45,50.0,,,5,2,0,2,0,0,0.0
Jason Huntley,2020,RB,New Mexico State,7,,,,85.25,5,2,0,2,0,0,0.0
Darnell Mooney,2020,WR,Tulane,6,4.38,64.0,,55.54,5,2,1,6,0,5,33.0
Larrell Murchison,2020,DT,NC State,4,5.05,37.5,,,5,2,0,6,0,0,7.0
Kamal Martin,2020,LB,Minnesota,4,,,,,5,2,0,2,0,0,4.0
K.J. Osborn,2020,WR,Miami (FL),2,4.48,44.0,,52.21,5,2,0,5,0,2,13.0
Michael Danna,2020,DE,Michigan,1,,,,,5,2,1,6,0,3,23.0
Justin Strnad,2020,LB,Wake Forest,4,4.74,22.0,,,5,2,0,6,0,0,14.0
Bradlee Anae,2020,DE,Utah,3,4.93,26.15,,,5,2,0,2,0,0,1.0
Hakeem Adeniji,2020,OT,Kansas,10,5.17,50.59,,,6,2,0,6,0,0,10.0
Netane Muti,2020,OG,Fresno State,7,,,,,6,2,0,4,0,0,3.0
Michael Onwenu,2020,OG,Michigan,1,,,,,6,2,1,6,0,5,33.0
Cam Brown,2020,LB,Penn State,2,4.72,26.0,,,6,2,0,4,0,0,4.0
Bravvion Roy,2020,DT,Baylor,3,,,,,6,2,0,3,0,1,9.0
Blake Ferguson,2020,LS,LSU,1,5.07,0.0,,,6,2,0,5,0,0,4.0
Alohi Gilman,2020,S,Notre Dame,2,4.6,33.33,,,6,2,1,6,0,3,18.0
Donovan Peoples-Jones,2020,WR,Michigan,1,4.48,44.0,,48.65,6,2,0,4,0,1,18.0
Tyler Bass,2020,K,Georgia Southern,1,,,,,6,2,0,5,0,2,13.0
Jake Luton,2020,QB,Oregon State,4,,,,93.48,6,2,0,1,0,0,2.0
Charlie Woerner,2020,TE,Georgia,1,4.78,36.67,,18.08,6,2,0,6,0,1,0.0
Braden Mann,2020,P,Texas A&M,2,4.83,26.15,,,6,2,1,6,0,3,13.0
Jon Runyan Jr.,2020,OT,Michigan,1,5.08,61.18,,,6,2,1,6,0,5,36.0
Robert Windsor,2020,DT,Penn State,2,4.9,56.25,,,6,2,0,1,0,0,0.0
Khalil Davis,2020,DT,Nebraska,3,4.75,75.0,,,6,2,0,5,0,0,3.0
Justin Herron,2020,OT,Wake Forest,4,5.26,40.0,,,6,2,0,4,0,0,7.0
Shaun Bradley,2020,LB,Temple,6,4.51,68.0,,,6,2,0,3,0,0,3.0
John Penisini,2020,DT,Utah,3,,,,,6,2,0,2,0,1,6.0
Antoine Brooks Jr.,2020,S,Maryland,4,4.64,24.44,,,6,2,0,2,0,0,1.0
Jordan Fuller,2020,S,Ohio State,1,4.67,17.78,,,6,2,1,6,0,3,18.0
Quez Watkins,2020,WR,Southern Miss,10,4.35,70.0,,100.0,6,2,0,4,0,1,13.0
James Proche,2020,WR,SMU,6,,,,100.0,6,2,0,6,0,0,4.0
Evan Weaver,2020,LB,California,4,4.76,18.0,,,6,2,0,0,0,0,0.0
Blake Brandel,2020,OT,Oregon State,4,,,,,6,2,0,6,0,2,15.0
Cassh Maluia,2020,LB,Wyoming,7,,,,,6,2,0,1,0,0,1.0
Josh Metellus,2020,S,Michigan,1,4.55,44.44,,,6,2,0,6,0,2,20.0
Tyler Davis,2020,TE,Georgia Tech,3,,,,14.64,6,2,0,3,0,0,0.0
Isaiah Hodgins,2020,WR,Oregon State,4,4.61,18.0,,100.0,6,2,0,6,0,1,6.0
Jake Hanson,2020,C,Oregon,2,5.5,13.33,,,6,2,0,5,0,0,4.0
Simon Stepaniak,2020,OT,Indiana,4,,,,,6,2,0,0,0,0,0.0
Prince Tega Wanogho,2020,OT,Auburn,2,,,,,6,2,0,4,0,0,1.0
Isaiah Rodgers,2020,CB,Massachusetts,10,,,,,6,2,0,6,0,2,18.0
Dezmon Patmon,2020,WR,Washington State,4,4.48,44.0,,70.88,6,2,0,3,0,0,0.0
Jordan Glasgow,2020,LB,Michigan,1,,,,,6,2,0,2,0,0,2.0
Freddie Swain,2020,WR,Florida,2,4.46,48.0,,73.47,6,2,0,3,0,0,5.0
Markus Bailey,2020,LB,Purdue,4,,,,,7,2,0,5,0,0,7.0
Kamren Curl,2020,S,Arkansas,3,4.6,33.33,,,7,2,1,6,0,6,29.0
Jauan Jennings,2020,WR,Tennessee,2,4.72,0.0,,89.79,7,2,0,6,0,1,21.0
Carter Coughlin,2020,LB,Minnesota,4,4.57,56.0,,,7,2,0,5,0,0,5.0
Geno Stone,2020,S,Iowa,3,4.62,28.89,,,7,2,1,6,0,3,22.0
K.J. Hill,2020,WR,Ohio State,1,4.6,20.0,,52.62,7,2,0,2,0,0,1.0
Stantley Thomas-Oliver,2020,CB,Florida International,2,4.48,37.78,,,7,2,0,5,0,0,2.0
Eno Benjamin,2020,RB,Arizona State,3,4.57,38.33,,89.59,7,2,0,3,0,0,4.0
Chris Claybrooks,2020,CB,Memphis,6,,,,,7,2,0,3,0,0,5.0
Cole McDonald,2020,QB,Hawaii,7,4.58,65.0,,94.43,7,2,0,0,0,0,0.0
Kenny Willekes,2020,DE,Michigan State,3,4.87,35.38,,,7,2,0,2,0,0,1.0
Arlington Hambright,2020,OT,Colorado,3,,,,,7,2,0,5,0,0,1.0
Lachavious Simmons,2020,OG,Tennessee State,2,,,,,7,2,0,2,0,0,0.0
Sterling Hofrichter,2020,P,Syracuse,4,,,,,7,2,0,2,0,0,1.0
James Smith-Williams,2020,DE,NC State,4,4.6,76.92,,,7,2,0,5,0,1,15.0
Dustin Woodard,2020,C,Memphis,6,,,,,7,2,0,0,0,0,0.0
Ben DiNucci,2020,QB,James Madison,8,,,,,7,2,0,1,0,0,1.0
Carlos Davis,2020,DT,Nebraska,3,4.82,66.25,,,7,2,0,3,0,0,1.0
Casey Toohill,2020,DE,Stanford,3,4.62,73.85,,,7,2,0,5,0,0,11.0
Clay Johnston,2020,LB,Baylor,3,,,,,7,2,0,3,0,0,2.0
Jashon Cornell,2020,DT,Ohio State,1,,,,,7,2,0,2,0,0,0.0
Vernon Scott,2020,S,TCU,3,,,,,7,2,0,2,0,0,1.0
Thakarius Keyes,2020,CB,Tulane,6,,,,,7,2,0,2,0,0,1.0
T.J. Brunson,2020,LB,South Carolina,3,,,,,7,2,0,1,0,0,0.0
Dane Jackson,2020,CB,Pittsburgh,3,4.57,17.78,,,7,2,0,6,0,1,12.0
Tommy Stevens,2020,QB,Mississippi State,3,,,,43.57,7,2,0,1,0,0,0.0
Chapelle Russell,2020,LB,Temple,6,4.69,32.0,,,7,2,0,2,0,0,2.0
Jonathan Garvin,2020,DE,Miami (FL),2,4.82,43.08,,,7,2,0,3,0,0,3.0
Chris Jackson,2020,S,Marshall,8,,,,,7,2,0,3,0,0,2.0
Nate Stanley,2020,QB,Iowa,3,4.81,36.25,,,7,2,0,0,0,0,0.0
Raymond Calais,2020,RB,Louisiana,8,4.42,63.33,,59.57,7,2,0,1,0,0,0.0
Malcolm Perry,2020,RB,Navy,5,4.63,28.33,,100.0,7,2,0,1,0,0,1.0
Chris Williamson,2020,CB,Minnesota,4,,,,,7,2,0,2,0,0,0.0
Sam Sloman,2020,K,Miami (OH),8,,,,,7,2,0,1,0,0,0.0
Brian Cole II,2020,S,Mississippi State,3,4.52,51.11,,,7,2,0,0,0,0,0.0
Tremayne Anchrum,2020,OG,Clemson,1,5.21,45.33,,,7,2,0,4,0,0,2.0
Stephen Sullivan,2020,TE,LSU,1,4.66,56.67,,18.15,7,2,0,5,0,0,1.0
Tyrie Cleveland,2020,WR,Florida,2,4.46,48.0,,27.5,7,2,0,3,0,0,0.0
Kyle Hinton,2020,OG,Washburn,10,,,,,7,2,0,6,0,0,3.0
Derrek Tuszka,2020,LB,North Dakota State,9,4.79,12.0,,,7,2,0,3,0,0,3.0
Tae Crowder,2020,LB,Georgia,1,,,,,7,2,0,4,0,2,16.0
Seyi Ajirotutu,2010,WR,Fresno State,7,4.6,20.0,,,8,3,0,0,0,0,0.0
Rahim Alem,2010,DE,LSU,1,4.75,53.85,,,8,3,0,0,0,0,0.0
Charles Alexander,2010,DT,LSU,1,5.4,0.0,,,8,3,0,0,0,0,0.0
Danario Alexander,2010,WR,Missouri,4,4.62,16.0,,,8,3,0,0,0,0,0.0
Jonathon Amaya,2010,S,Nevada,7,4.43,71.11,,,8,3,0,0,0,0,0.0
Lucien Antoine,2010,S,Oklahoma State,3,4.62,28.89,,,8,3,0,0,0,0,0.0
Alric Arnett,2010,WR,West Virginia,4,4.52,36.0,,,8,3,0,0,0,0,0.0
Brandon Banks,2010,WR,Kansas State,4,4.37,66.0,,,8,3,0,0,0,0,0.0
Kevin Basped,2010,DE,Nevada,7,4.75,53.85,,,8,3,0,0,0,0,0.0
Jason Beauchamp,2010,ILB,UNLV,10,4.89,16.92,,,8,3,0,0,0,0,0.0
Chris Bell,2010,WR,Norfolk State,10,4.5,40.0,,,8,3,0,0,0,0,0.0
Joique Bell,2010,RB,Wayne State (MI),10,4.68,20.0,,,8,3,0,0,0,0,0.0
Ciron Black,2010,OG,LSU,1,5.53,2.67,,,8,3,0,0,0,0,0.0
LeGarrette Blount,2010,RB,Oregon,2,4.7,16.67,,,8,3,0,0,0,0,0.0
Nyan Boateng,2010,WR,California,4,4.66,8.0,,,8,3,0,0,0,0,0.0
Kyle Bosworth,2010,OLB,UCLA,5,4.69,47.69,,,8,3,0,0,0,0,0.0
Dorian Brooks,2010,OG,James Madison,8,5.15,53.33,,,8,3,0,0,0,0,0.0
Chris Brown,2010,RB,Oklahoma,2,4.55,41.67,,,8,3,0,0,0,0,0.0
Cornelius Brown,2010,CB,UTEP,6,4.59,13.33,,,8,3,0,0,0,0,0.0
Jarrett Brown,2010,QB,West Virginia,4,4.5,75.0,,,8,3,0,0,0,0,0.0
Jeff Byers,2010,C,USC,2,5.04,74.67,,,8,3,0,0,0,0,0.0
Lee Campbell,2010,ILB,Minnesota,4,4.88,18.46,,,8,3,0,0,0,0,0.0
Brandon Carter,2010,OG,Texas Tech,4,5.34,28.0,,,8,3,0,0,0,0,0.0
Chris Chancellor,2010,CB,Clemson,1,4.49,35.56,,,8,3,0,0,0,0,0.0
Barry Church,2010,S,Toledo,8,4.69,13.33,,,8,3,0,0,0,0,0.0
Daryll Clark,2010,QB,Penn State,2,4.72,47.5,,,8,3,0,0,0,0,0.0
Justin Cole,2010,OLB,San Jose State,7,4.76,36.92,,,8,3,0,0,0,0,0.0
Harry Coleman,2010,S,LSU,1,4.56,42.22,,,8,3,0,0,0,0,0.0
Antonio Coleman,2010,OLB,Auburn,2,4.76,36.92,,,8,3,0,0,0,0,0.0
Andre Dixon,2010,RB,Connecticut,6,4.56,40.0,,,8,3,0,0,0,0,0.0
Junior Galette,2010,OLB,Temple,6,4.77,35.38,,,8,3,0,0,0,0,0.0
Riar Geer,2010,FB,Colorado,3,5.0,0.0,,,8,3,0,0,0,0,0.0
Marshay Green,2010,CB,Ole Miss,3,4.52,28.89,,,8,3,0,0,0,0,0.0
Kurtis Gregory,2010,OG,Missouri,4,5.31,32.0,,,8,3,0,0,0,0,0.0
Clint Gresham,2010,LS,TCU,3,5.08,0.0,,,8,3,0,0,0,0,0.0
Max Hall,2010,QB,BYU,5,4.84,32.5,,,8,3,0,0,0,0,0.0
Chris Hawkins,2010,CB,LSU,1,4.43,48.89,,,8,3,0,0,0,0,0.0
Tim Hiller,2010,QB,Western Michigan,8,4.97,16.25,,,8,3,0,0,0,0,0.0
Shay Hodge,2010,WR,Ole Miss,3,4.62,16.0,,,8,3,0,0,0,0,0.0
Carl Ihenacho,2010,OLB,San Jose State,7,4.86,21.54,,,8,3,0,0,0,0,0.0
Brian Jackson,2010,CB,Oklahoma,2,4.65,0.0,,,8,3,0,0,0,0,0.0
Rashawn Jackson,2010,FB,Virginia,4,4.75,38.46,,,8,3,0,0,0,0,0.0
Brandon James,2010,RB,Florida,2,4.47,55.0,,,8,3,0,0,0,0,0.0
Javarris James,2010,RB,Miami (FL),2,4.58,36.67,,,8,3,0,0,0,0,0.0
A.J. Jefferson,2010,CB,Fresno State,7,4.42,51.11,,,8,3,0,0,0,0,0.0
Micah Johnson,2010,ILB,Kentucky,4,4.99,1.54,,,8,3,0,0,0,0,0.0
Stafon Johnson,2010,RB,USC,2,4.62,30.0,,,8,3,0,0,0,0,0.0
Kyle Jolly,2010,OT,North Carolina,3,5.36,28.24,,,8,3,0,0,0,0,0.0
Donald Jones,2010,WR,Youngstown State,10,4.46,48.0,,,8,3,0,0,0,0,0.0
Kevin Jurovich,2010,WR,San Jose State,7,4.45,50.0,,,8,3,0,0,0,0,0.0
Matt Kopa,2010,OT,Stanford,3,5.14,54.12,,,8,3,0,0,0,0,0.0
Keaton Kristick,2010,OLB,Oregon State,4,4.7,46.15,,,8,3,0,0,0,0,0.0
Brandon Lang,2010,DE,Troy,8,5.0,15.38,,,8,3,0,0,0,0,0.0
Simoni Lawrence,2010,OLB,Minnesota,4,4.59,63.08,,,8,3,0,0,0,0,0.0
Boris Lee,2010,ILB,Troy,8,4.94,9.23,,,8,3,0,0,0,0,0.0
Thaddeus Lewis,2010,QB,Duke,4,4.84,32.5,,,8,3,0,0,0,0,0.0
Scott Long,2010,WR,Louisville,4,4.46,48.0,,,8,3,0,0,0,0,0.0
Robert Malone,2010,P,Fresno State,7,4.84,24.62,,,8,3,0,0,0,0,0.0
Darius Marshall,2010,RB,Marshall,8,4.59,35.0,,,8,3,0,0,0,0,0.0
Jeron Mastrud,2010,TE,Kansas State,4,4.82,30.0,,,8,3,0,0,0,0,0.0
Sam Maxwell,2010,OLB,Kentucky,4,4.98,3.08,,,8,3,0,0,0,0,0.0
Kyle McCarthy,2010,S,Notre Dame,2,4.58,37.78,,,8,3,0,0,0,0,0.0
Albert McClellan,2010,ILB,Marshall,8,4.75,38.46,,,8,3,0,0,0,0,0.0
Chris McGaha,2010,WR,Arizona State,3,4.52,36.0,,,8,3,0,0,0,0,0.0
Mike McLaughlin,2010,ILB,Boston College,4,4.84,24.62,,,8,3,0,0,0,0,0.0
Shawnbrey McNeal,2010,RB,SMU,6,4.53,45.0,,,8,3,0,0,0,0,0.0
Greg Middleton,2010,DE,Indiana,4,4.96,21.54,,,8,3,0,0,0,0,0.0
Lonyae Miller,2010,RB,Fresno State,7,4.43,61.67,,,8,3,0,0,0,0,0.0
Brandon Minor,2010,RB,Michigan,1,4.59,35.0,,,8,3,0,0,0,0,0.0
Aleric Mullins,2010,DT,North Carolina,3,4.95,50.0,,,8,3,0,0,0,0,0.0
Vince Oghobaase,2010,DT,Duke,4,5.46,0.0,,,8,3,0,0,0,0,0.0
Preston Parker,2010,WR,Florida State,2,4.59,22.0,,,8,3,0,0,0,0,0.0
Alex Parsons,2010,OG,USC,2,5.12,57.33,,,8,3,0,0,0,0,0.0
Pat Paschall,2010,RB,North Dakota State,9,4.65,25.0,,,8,3,0,0,0,0,0.0
Colin Peek,2010,TE,Alabama,1,4.93,11.67,,,8,3,0,0,0,0,0.0
Cole Pemberton,2010,OT,Colorado State,7,5.37,27.06,,,8,3,0,0,0,0,0.0
David Pender,2010,CB,Purdue,4,4.37,62.22,,,8,3,0,0,0,0,0.0
Jared Perry,2010,WR,Missouri,4,4.51,38.0,,,8,3,0,0,0,0,0.0
Aaron Pettrey,2010,K,Ohio State,1,4.94,9.23,,,8,3,0,0,0,0,0.0
Josh Pinkard,2010,S,USC,2,4.58,37.78,,,8,3,0,0,0,0,0.0
Nick Polk,2010,S,Indiana,4,4.55,44.44,,,8,3,0,0,0,0,0.0
Scott Ravanesi,2010,P,Southern Illinois,10,4.85,23.08,,,8,3,0,0,0,0,0.0
Dace Richardson,2010,OG,Iowa,3,5.76,0.0,,,8,3,0,0,0,0,0.0
Dennis Rogan,2010,S,Tennessee,2,4.73,4.44,,,8,3,0,0,0,0,0.0
Devin Ross,2010,CB,Arizona,4,4.64,2.22,,,8,3,0,0,0,0,0.0
Jay Ross,2010,DT,East Carolina,6,5.1,31.25,,,8,3,0,0,0,0,0.0
Malcolm Sheppard,2010,DT,Arkansas,3,5.11,30.0,,,8,3,0,0,0,0,0.0
Riley Skinner,2010,QB,Wake Forest,4,5.05,6.25,,,8,3,0,0,0,0,0.0
Jevan Snead,2010,QB,Ole Miss,3,5.04,7.5,,,8,3,0,0,0,0,0.0
Darian Stewart,2010,S,South Carolina,3,4.53,48.89,,,8,3,0,0,0,0,0.0
Brett Swenson,2010,K,Michigan State,3,,,,,8,3,0,0,0,0,0.0
Mike Tepper,2010,OG,California,4,5.31,32.0,,,8,3,0,0,0,0,0.0
Leigh Tiffin,2010,K,Alabama,1,,,,,8,3,0,0,0,0,0.0
Manase Tonga,2010,FB,BYU,5,4.84,24.62,,,8,3,0,0,0,0,0.0
Keith Toston,2010,RB,Oklahoma State,3,4.66,23.33,,,8,3,0,0,0,0,0.0
Verran Tucker,2010,WR,California,4,4.65,10.0,,,8,3,0,0,0,0,0.0
Adam Ulatoski,2010,OG,Texas,2,5.52,4.0,,,8,3,0,0,0,0,0.0
Stephan Virgil,2010,CB,Virginia Tech,3,4.69,0.0,,,8,3,0,0,0,0,0.0
Donovan Warren,2010,S,Michigan,1,4.62,28.89,,,8,3,0,0,0,0,0.0
Lorenzo Washington,2010,DT,Alabama,1,5.21,17.5,,,8,3,0,0,0,0,0.0
Tony Washington,2010,OT,Appalachian State,8,5.25,41.18,,,8,3,0,0,0,0,0.0
Chastin West,2010,WR,Fresno State,7,4.59,22.0,,,8,3,0,0,0,0,0.0
Blair White,2010,WR,Michigan State,3,4.49,42.0,,,8,3,0,0,0,0,0.0
Jeremy Williams,2010,WR,Tulane,6,4.59,22.0,,,8,3,0,0,0,0,0.0
Keiland Williams,2010,RB,LSU,1,4.52,46.67,,,8,3,0,0,0,0,0.0
Stephen Williams,2010,WR,Toledo,8,4.5,40.0,,,8,3,0,0,0,0,0.0
Kion Wilson,2010,ILB,South Florida,6,4.87,20.0,,,8,3,0,0,0,0,0.0
Lindsey Witten,2010,DE,Connecticut,6,4.7,61.54,,,8,3,0,0,0,0,0.0
Ryan Wolfe,2010,WR,UNLV,10,4.65,10.0,,,8,3,0,0,0,0,0.0
Justin Woodall,2010,S,Alabama,1,4.64,24.44,,,8,3,0,0,0,0,0.0
Darvin Adams,2011,WR,Auburn,2,4.56,28.0,,,8,3,0,0,0,0,0.0
Danny Aiken,2011,LS,Virginia,4,5.0,0.0,,,8,3,0,0,0,0,0.0
Ladi Ajiboye,2011,DT,South Carolina,3,5.3,6.25,,,8,3,0,0,0,0,0.0
Armando Allen,2011,RB,Notre Dame,2,4.59,35.0,,,8,3,0,0,0,0,0.0
Pierre Allen,2011,DE,Nebraska,3,4.78,49.23,,,8,3,0,0,0,0,0.0
Matt Asiata,2011,RB,Utah,3,4.77,5.0,,,8,3,0,0,0,0,0.0
Dan Bailey,2011,K,Oklahoma State,3,4.92,12.31,,,8,3,0,0,0,0,0.0
Brandon Bair,2011,DE,Oregon,2,4.92,27.69,,,8,3,0,0,0,0,0.0
Ryan Bartholomew,2011,C,Syracuse,4,4.93,89.33,,,8,3,0,0,0,0,0.0
Nick Bellore,2011,ILB,Central Michigan,8,4.84,24.62,,,8,3,0,0,0,0,0.0
Damien Berry,2011,RB,Miami (FL),2,4.58,36.67,,,8,3,0,0,0,0,0.0
Armon Binns,2011,WR,Cincinnati,4,4.5,40.0,,,8,3,0,0,0,0,0.0
Justin Boren,2011,OG,Ohio State,1,5.4,20.0,,,8,3,0,0,0,0,0.0
Niles Brinkley,2011,CB,Wisconsin,3,4.54,24.44,,,8,3,0,0,0,0,0.0
DeAndre Brown,2011,WR,Southern Miss,10,4.59,22.0,,,8,3,0,0,0,0,0.0
Kendric Burney,2011,CB,North Carolina,3,4.71,0.0,,,8,3,0,0,0,0,0.0
Mario Butler,2011,CB,Georgia Tech,3,4.65,0.0,,,8,3,0,0,0,0,0.0
Jeff Van Camp,2011,QB,Florida Atlantic,2,4.83,33.75,,,8,3,0,0,0,0,0.0
Ugo Chinasa,2011,DE,Oklahoma State,3,4.63,72.31,,,8,3,0,0,0,0,0.0
Garrett Chisolm,2011,OG,South Carolina,3,5.36,25.33,,,8,3,0,0,0,0,0.0
John Clay,2011,RB,Wisconsin,3,4.83,0.0,,,8,3,0,0,0,0,0.0
Ryan Colburn,2011,QB,Fresno State,7,5.12,0.0,,,8,3,0,0,0,0,0.0
Graig Cooper,2011,RB,Miami (FL),2,4.6,33.33,,,8,3,0,0,0,0,0.0
Vance Cuff,2011,CB,Georgia,1,4.53,26.67,,,8,3,0,0,0,0,0.0
Wayne Daniels,2011,OLB,TCU,3,5.03,0.0,,,8,3,0,0,0,0,0.0
Josh Davis,2011,OT,Georgia,1,5.5,11.76,,,8,3,0,0,0,0,0.0
Mark Dell,2011,WR,Michigan State,3,4.54,32.0,,,8,3,0,0,0,0,0.0
Noel Devine,2011,RB,West Virginia,4,4.43,61.67,,,8,3,0,0,0,0,0.0
Pat Devlin,2011,QB,Pittsburgh,3,4.81,36.25,,,8,3,0,0,0,0,0.0
Demarcus Dobbs,2011,DE,Georgia,1,4.87,35.38,,,8,3,0,0,0,0,0.0
Ray Dominguez,2011,OG,Arkansas,3,5.45,13.33,,,8,3,0,0,0,0,0.0
Ryan Donahue,2011,P,Iowa,3,4.9,15.38,,,8,3,0,0,0,0,0.0
Shaun Draughn,2011,RB,North Carolina,3,4.73,11.67,,,8,3,0,0,0,0,0.0
Darren Evans,2011,RB,Virginia Tech,3,4.56,40.0,,,8,3,0,0,0,0,0.0
Mario Fannin,2011,RB,Auburn,2,4.37,71.67,,,8,3,0,0,0,0,0.0
Kai Forbath,2011,K,UCLA,5,4.78,33.85,,,8,3,0,0,0,0,0.0
Reid Forrest,2011,P,Washington State,4,4.69,47.69,,,8,3,0,0,0,0,0.0
Charlie Gantt,2011,TE,Michigan State,3,4.85,25.0,,,8,3,0,0,0,0,0.0
Cameron Graham,2011,TE,Louisville,4,5.0,0.0,,,8,3,0,0,0,0,0.0
Adam Grant,2011,OT,Arizona,4,5.54,7.06,,,8,3,0,0,0,0,0.0
John Graves,2011,DT,Virginia Tech,3,5.09,32.5,,,8,3,0,0,0,0,0.0
Tori Gurley,2011,WR,South Carolina,3,4.53,34.0,,,8,3,0,0,0,0,0.0
Jamel Hamler,2011,WR,Fresno State,7,4.59,22.0,,,8,3,0,0,0,0,0.0
Chas Henry,2011,P,Florida,2,4.85,23.08,,,8,3,0,0,0,0,0.0
Ricky Henry,2011,OG,Nebraska,3,5.68,0.0,,,8,3,0,0,0,0,0.0
Mark Herzlich,2011,OLB,Boston College,4,4.91,13.85,,,8,3,0,0,0,0,0.0
Will Hill,2011,S,Florida,2,4.64,24.44,,,8,3,0,0,0,0,0.0
Kyle Hix,2011,OT,Texas,2,5.44,18.82,,,8,3,0,0,0,0,0.0
Andre Holmes,2011,WR,Hillsdale,10,4.51,38.0,,,8,3,0,0,0,0,0.0
Kevin Hughes,2011,OT,SE Louisiana,10,5.31,34.12,,,8,3,0,0,0,0,0.0
Jeremiha Hunter,2011,OLB,Iowa,3,4.77,35.38,,,8,3,0,0,0,0,0.0
Zach Hurd,2011,OG,Connecticut,6,5.28,36.0,,,8,3,0,0,0,0,0.0
Henry Hynoski,2011,FB,Pittsburgh,3,5.06,0.0,,,8,3,0,0,0,0,0.0
Josh Jasper,2011,K,LSU,1,5.06,0.0,,,8,3,0,0,0,0,0.0
Lestar Jean,2011,WR,Florida Atlantic,2,4.61,18.0,,,8,3,0,0,0,0,0.0
Carl Johnson,2011,OG,Florida,2,5.4,20.0,,,8,3,0,0,0,0,0.0
Jeron Johnson,2011,S,Boise State,7,4.51,53.33,,,8,3,0,0,0,0,0.0
Jerrod Johnson,2011,QB,Texas A&M,2,4.75,43.75,,,8,3,0,0,0,0,0.0
Elijah Joseph,2011,ILB,Temple,6,4.8,30.77,,,8,3,0,0,0,0,0.0
Jarriel King,2011,OT,South Carolina,3,5.03,67.06,,,8,3,0,0,0,0,0.0
Rich Lapham,2011,OT,Boston College,4,5.34,30.59,,,8,3,0,0,0,0,0.0
Joe Lefeged,2011,S,Rutgers,4,4.42,73.33,,,8,3,0,0,0,0,0.0
Orie Lemon,2011,ILB,Oklahoma State,3,4.87,20.0,,,8,3,0,0,0,0,0.0
Alex Linnenkohl,2011,C,Oregon State,4,5.36,32.0,,,8,3,0,0,0,0,0.0
Derrick Locke,2011,RB,Kentucky,4,4.37,71.67,,,8,3,0,0,0,0,0.0
Ricardo Lockette,2011,WR,Fort Valley State,10,4.34,72.0,,,8,3,0,0,0,0,0.0
Scott Lutrus,2011,OLB,Connecticut,6,4.68,49.23,,,8,3,0,0,0,0,0.0
Jeff Maehl,2011,WR,Oregon,2,4.56,28.0,,,8,3,0,0,0,0,0.0
DeAndre McDaniel,2011,S,Clemson,1,4.63,26.67,,,8,3,0,0,0,0,0.0
Andrew McGee,2011,CB,Oklahoma State,3,4.71,0.0,,,8,3,0,0,0,0,0.0
Joseph Morgan,2011,WR,Michigan State,3,4.38,64.0,,,8,3,0,0,0,0,0.0
Adrian Moten,2011,OLB,Maryland,4,4.53,72.31,,,8,3,0,0,0,0,0.0
O.J. Murdock,2011,WR,Fort Hays State,10,4.5,40.0,,,8,3,0,0,0,0,0.0
Jamar Newsome,2011,WR,UCF,4,4.46,48.0,,,8,3,0,0,0,0,0.0
Kris O'Dowd,2011,C,USC,2,5.12,64.0,,,8,3,0,0,0,0,0.0
Schuylar Oordt,2011,TE,New Mexico,7,4.63,61.67,,,8,3,0,0,0,0,0.0
Martin Parker,2011,DT,Richmond,9,4.95,50.0,,,8,3,0,0,0,0,0.0
Zack Pianalto,2011,TE,North Carolina,3,4.78,36.67,,,8,3,0,0,0,0,0.0
Josh Portis,2011,QB,California (PA),4,4.59,63.75,,,8,3,0,0,0,0,0.0
Allen Reisner,2011,FB,Iowa,3,4.9,15.38,,,8,3,0,0,0,0,0.0
Jake Rogers,2011,K,Cincinnati,4,5.06,0.0,,,8,3,0,0,0,0,0.0
Kevin Rutland,2011,CB,Missouri,4,4.58,15.56,,,8,3,0,0,0,0,0.0
Brandon Saine,2011,RB,Ohio State,1,4.4,66.67,,,8,3,0,0,0,0,0.0
Jock Sanders,2011,WR,West Virginia,4,4.5,40.0,,,8,3,0,0,0,0,0.0
Dane Sanzenbacher,2011,WR,Ohio State,1,4.56,28.0,,,8,3,0,0,0,0,0.0
Weslye Saunders,2011,TE,South Carolina,3,4.93,11.67,,,8,3,0,0,0,0,0.0
Sealver Siliga,2011,DT,Utah,3,5.38,0.0,,,8,3,0,0,0,0,0.0
David Sims,2011,S,Iowa State,4,4.5,55.56,,,8,3,0,0,0,0,0.0
Derrell Smith,2011,ILB,Syracuse,4,4.76,36.92,,,8,3,0,0,0,0,0.0
Keith Smith,2011,WR,San Jose State,7,4.65,10.0,,,8,3,0,0,0,0,0.0
Willie Smith,2011,OT,East Carolina,6,5.4,23.53,,,8,3,0,0,0,0,0.0
Owen Spencer,2011,WR,NC State,4,4.51,38.0,,,8,3,0,0,0,0,0.0
Jerrard Tarrant,2011,S,Georgia Tech,3,4.57,40.0,,,8,3,0,0,0,0,0.0
Vai Taua,2011,RB,Nevada,7,4.65,25.0,,,8,3,0,0,0,0,0.0
Adrian Taylor,2011,DT,Oklahoma,2,5.22,16.25,,,8,3,0,0,0,0,0.0
Zane Taylor,2011,C,Utah,3,5.52,10.67,,,8,3,0,0,0,0,0.0
Isaiah Thompson,2011,OG,Houston,6,6.0,0.0,,,8,3,0,0,0,0,0.0
Cedric Thornton,2011,DT,Southern Arkansas,10,5.25,12.5,,,8,3,0,0,0,0,0.0
Terrence Toliver,2011,WR,LSU,1,4.52,36.0,,,8,3,0,0,0,0,0.0
Scott Tolzien,2011,QB,Wisconsin,3,4.92,22.5,,,8,3,0,0,0,0,0.0
Devon Torrence,2011,CB,Ohio State,1,4.68,0.0,,,8,3,0,0,0,0,0.0
Terrance Turner,2011,WR,Indiana,4,4.53,34.0,,,8,3,0,0,0,0,0.0
Colby Whitlock,2011,DT,Texas Tech,4,5.27,10.0,,,8,3,0,0,0,0,0.0
Deunta Williams,2011,S,North Carolina,3,4.53,48.89,,,8,3,0,0,0,0,0.0
Marshall Williams,2011,WR,Wake Forest,4,4.56,28.0,,,8,3,0,0,0,0,0.0
Nate Williams,2011,S,Washington,2,4.68,15.56,,,8,3,0,0,0,0,0.0
Ian Williams,2011,DT,Notre Dame,2,5.21,17.5,,,8,3,0,0,0,0,0.0
Zack Williams,2011,C,Washington State,4,5.18,56.0,,,8,3,0,0,0,0,0.0
Ryan Winterswyk,2011,DE,Boise State,7,4.96,21.54,,,8,3,0,0,0,0,0.0
Jimmy Young,2011,WR,TCU,3,4.5,40.0,,,8,3,0,0,0,0,0.0
Chas Alecxih,2012,DT,Pittsburgh,3,5.31,5.0,,,8,3,0,0,0,0,0.0
Ryan Baker,2012,OLB,LSU,1,4.8,30.77,,,8,3,0,0,0,0,0.0
Mike Ball,2012,RB,Nevada,7,4.54,43.33,,,8,3,0,0,0,0,0.0
Tim Benford,2012,WR,Tennessee Tech,2,4.51,38.0,,,8,3,0,0,0,0,0.0
Jamie Blatnick,2012,DE,Oklahoma State,3,4.81,44.62,,,8,3,0,0,0,0,0.0
Brandon Bolden,2012,RB,Ole Miss,3,4.55,41.67,,,8,3,0,0,0,0,0.0
Jarrett Boykin,2012,WR,Virginia Tech,3,4.62,16.0,,,8,3,0,0,0,0,0.0
Mike Brewster,2012,C,Ohio State,1,5.22,50.67,,,8,3,0,0,0,0,0.0
Charles Brown,2012,CB,North Carolina,3,4.53,26.67,,,8,3,0,0,0,0,0.0
James Brown,2012,OG,Troy,8,5.19,48.0,,,8,3,0,0,0,0,0.0
Vontaze Burfict,2012,ILB,Arizona State,3,5.0,0.0,,,8,3,0,0,0,0,0.0
Drew Butler,2012,P,Georgia,1,5.04,0.0,,,8,3,0,0,0,0,0.0
Sean Cattouse,2012,S,California,4,4.74,2.22,,,8,3,0,0,0,0,0.0
Josh Cooper,2012,WR,Oklahoma State,3,4.65,10.0,,,8,3,0,0,0,0,0.0
Paul Cornick,2012,OT,North Dakota State,9,5.3,35.29,,,8,3,0,0,0,0,0.0
Aaron Corp,2012,QB,Richmond,9,4.61,61.25,,,8,3,0,0,0,0,0.0
Lennon Creer,2012,RB,Louisiana Tech,5,4.67,21.67,,,8,3,0,0,0,0,0.0
John Cullen,2012,OT,Utah,3,5.28,37.65,,,8,3,0,0,0,0,0.0
Austin Davis,2012,QB,Southern Miss,10,4.69,51.25,,,8,3,0,0,0,0,0.0
Taylor Dever,2012,OT,Notre Dame,2,5.4,23.53,,,8,3,0,0,0,0,0.0
Derek Dimke,2012,K,Illinois,4,5.02,0.0,,,8,3,0,0,0,0,0.0
Patrick Edwards,2012,WR,Houston,6,4.57,26.0,,,8,3,0,0,0,0,0.0
Loni Fangupo,2012,DT,BYU,5,5.12,28.75,,,8,3,0,0,0,0,0.0
Antonio Fenelus,2012,CB,Wisconsin,3,4.57,17.78,,,8,3,0,0,0,0,0.0
Marcus Forston,2012,DT,Miami (FL),2,5.05,37.5,,,8,3,0,0,0,0,0.0
Justin Francis,2012,DE,Rutgers,4,4.9,30.77,,,8,3,0,0,0,0,0.0
Jeff Fuller,2012,WR,Texas A&M,2,4.53,34.0,,,8,3,0,0,0,0,0.0
Chris Galippo,2012,ILB,USC,2,4.73,41.54,,,8,3,0,0,0,0,0.0
Garth Gerhart,2012,C,Arizona State,3,5.38,29.33,,,8,3,0,0,0,0,0.0
Jonas Gray,2012,RB,Notre Dame,2,4.58,36.67,,,8,3,0,0,0,0,0.0
Dominique Hamilton,2012,DT,Missouri,4,5.45,0.0,,,8,3,0,0,0,0,0.0
Jewel Hampton,2012,RB,Southern Illinois,10,4.56,40.0,,,8,3,0,0,0,0,0.0
Darius Hanks,2012,WR,Alabama,1,4.52,36.0,,,8,3,0,0,0,0,0.0
Cory Harkey,2012,TE,UCLA,5,5.06,0.0,,,8,3,0,0,0,0,0.0
Jacory Harris,2012,QB,Miami (FL),2,4.65,56.25,,,8,3,0,0,0,0,0.0
Cliff Harris,2012,CB,Oregon,2,4.61,8.89,,,8,3,0,0,0,0,0.0
DaJohn Harris,2012,DT,USC,2,4.97,47.5,,,8,3,0,0,0,0,0.0
Josh Harris,2012,LS,Auburn,2,4.82,27.69,,,8,3,0,0,0,0,0.0
Delano Howell,2012,S,Stanford,3,4.61,31.11,,,8,3,0,0,0,0,0.0
Emil Igwenagu,2012,FB,Massachusetts,10,4.7,46.15,,,8,3,0,0,0,0,0.0
Duke Ihenacho,2012,S,San Jose State,7,4.67,17.78,,,8,3,0,0,0,0,0.0
Janzen Jackson,2012,S,McNeese State,10,4.6,33.33,,,8,3,0,0,0,0,0.0
Jerrell Jackson,2012,WR,Missouri,4,4.5,40.0,,,8,3,0,0,0,0,0.0
Jamaar Jarrett,2012,DE,Arizona State,3,4.96,21.54,,,8,3,0,0,0,0,0.0
Jordan Jefferson,2012,QB,LSU,1,4.58,65.0,,,8,3,0,0,0,0,0.0
Leonard Johnson,2012,CB,Iowa State,4,4.62,6.67,,,8,3,0,0,0,0,0.0
Rishaw Johnson,2012,OG,California (PA),4,5.12,57.33,,,8,3,0,0,0,0,0.0
Steven Johnson,2012,OLB,Kansas,10,4.71,44.62,,,8,3,0,0,0,0,0.0
Jeremy Jones,2012,CB,Wayne State (MI),10,4.56,20.0,,,8,3,0,0,0,0,0.0
Dwight Jones,2012,WR,North Carolina,3,4.51,38.0,,,8,3,0,0,0,0,0.0
Coryell Judie,2012,CB,Texas A&M,2,4.45,44.44,,,8,3,0,0,0,0,0.0
Jermaine Kearse,2012,WR,Washington,2,4.5,40.0,,,8,3,0,0,0,0,0.0
Case Keenum,2012,QB,Houston,6,4.72,47.5,,,8,3,0,0,0,0,0.0
Ronald Leary,2012,OG,Memphis,6,5.23,42.67,,,8,3,0,0,0,0,0.0
Brandon Lindsey,2012,OLB,Pittsburgh,3,4.85,23.08,,,8,3,0,0,0,0,0.0
Shawn Loiseau,2012,ILB,Merrimack,10,4.74,40.0,,,8,3,0,0,0,0,0.0
D'Anton Lynn,2012,CB,Penn State,2,4.71,0.0,,,8,3,0,0,0,0,0.0
Kyle Martens,2012,P,Rice,6,4.92,12.31,,,8,3,0,0,0,0,0.0
Marquis Maze,2012,WR,Alabama,1,4.51,38.0,,,8,3,0,0,0,0,0.0
Antoine McClain,2012,OG,Clemson,1,5.48,9.33,,,8,3,0,0,0,0,0.0
Kelcie McCray,2012,S,Arkansas State,3,4.48,60.0,,,8,3,0,0,0,0,0.0
Vaughn Meatoga,2012,DT,Hawaii,7,4.93,52.5,,,8,3,0,0,0,0,0.0
Davin Meggett,2012,RB,Maryland,4,4.5,50.0,,,8,3,0,0,0,0,0.0
Chase Minnifield,2012,CB,Virginia,4,4.63,4.44,,,8,3,0,0,0,0,0.0
Rennie Moore,2012,DT,Clemson,1,5.0,43.75,,,8,3,0,0,0,0,0.0
Kashif Moore,2012,WR,Connecticut,6,4.36,68.0,,,8,3,0,0,0,0,0.0
Kellen Moore,2012,QB,Boise State,7,4.82,35.0,,,8,3,0,0,0,0,0.0
Derek Moye,2012,WR,Penn State,2,4.46,48.0,,,8,3,0,0,0,0,0.0
Tyler Nielsen,2012,OLB,Iowa,3,4.63,56.92,,,8,3,0,0,0,0,0.0
Lucas Nix,2012,OG,Pittsburgh,3,5.36,25.33,,,8,3,0,0,0,0,0.0
Josh Oglesby,2012,OT,Virginia Tech,3,5.75,0.0,,,8,3,0,0,0,0,0.0
Chris Owusu,2012,WR,Stanford,3,4.36,68.0,,,8,3,0,0,0,0,0.0
Eric Page,2012,WR,Toledo,8,4.5,40.0,,,8,3,0,0,0,0,0.0
Donte Paige-Moss,2012,DE,North Carolina,3,4.67,66.15,,,8,3,0,0,0,0,0.0
Micah Pellerin,2012,CB,Kansas State,4,4.52,28.89,,,8,3,0,0,0,0,0.0
DeAngelo Peterson,2012,TE,LSU,1,4.69,51.67,,,8,3,0,0,0,0,0.0
Eddie Pleasant,2012,S,Oregon,2,4.53,48.89,,,8,3,0,0,0,0,0.0
Chris Polk,2012,RB,Washington,2,4.52,46.67,,,8,3,0,0,0,0,0.0
Tauren Poole,2012,RB,Tennessee,2,4.48,53.33,,,8,3,0,0,0,0,0.0
Tydreke Powell,2012,DT,North Carolina,3,5.28,8.75,,,8,3,0,0,0,0,0.0
Chaz Powell,2012,CB,Penn State,2,4.42,51.11,,,8,3,0,0,0,0,0.0
Shawn Powell,2012,P,Florida State,2,5.06,0.0,,,8,3,0,0,0,0,0.0
DeAndre Presley,2012,CB,Appalachian State,8,4.53,26.67,,,8,3,0,0,0,0,0.0
Nick Provo,2012,TE,Syracuse,4,4.76,40.0,,,8,3,0,0,0,0,0.0
Cyhl Quarles,2012,S,Wake Forest,4,4.54,46.67,,,8,3,0,0,0,0,0.0
Antwuan Reed,2012,CB,Pittsburgh,3,4.58,15.56,,,8,3,0,0,0,0,0.0
Beau Reliford,2012,TE,Florida State,2,4.84,26.67,,,8,3,0,0,0,0,0.0
Matt Reynolds,2012,OT,BYU,5,5.27,38.82,,,8,3,0,0,0,0,0.0
Sean Richardson,2012,S,Vanderbilt,4,4.43,71.11,,,8,3,0,0,0,0,0.0
Gerell Robinson,2012,WR,Arizona State,3,4.54,32.0,,,8,3,0,0,0,0,0.0
Trenton Robinson,2012,S,Michigan State,3,4.46,64.44,,,8,3,0,0,0,0,0.0
James Rodgers,2012,WR,Oregon State,4,4.61,18.0,,,8,3,0,0,0,0,0.0
Brett Roy,2012,DT,Nevada,7,5.0,43.75,,,8,3,0,0,0,0,0.0
Quentin Saulsberry,2012,C,Mississippi State,3,5.28,42.67,,,8,3,0,0,0,0,0.0
Darrell Scott,2012,RB,South Florida,6,4.68,20.0,,,8,3,0,0,0,0,0.0
Derrick Shelby,2012,DE,Utah,3,4.87,35.38,,,8,3,0,0,0,0,0.0
Jacquies Smith,2012,DE,Missouri,4,4.75,53.85,,,8,3,0,0,0,0,0.0
Brian Stahovich,2012,P,San Diego State,7,4.78,33.85,,,8,3,0,0,0,0,0.0
Ryan Steed,2012,CB,Furman,9,4.64,2.22,,,8,3,0,0,0,0,0.0
Dave Teggart,2012,K,Connecticut,6,5.25,0.0,,,8,3,0,0,0,0,0.0
Darron Thomas,2012,QB,Oregon,2,4.77,41.25,,,8,3,0,0,0,0,0.0
Johnny Thomas,2012,S,Oklahoma State,3,4.57,40.0,,,8,3,0,0,0,0,0.0
Christian Tupou,2012,DT,USC,2,5.38,0.0,,,8,3,0,0,0,0,0.0
Marc Tyler,2012,RB,USC,2,4.7,16.67,,,8,3,0,0,0,0,0.0
Dustin Waldron,2012,OT,Portland State,10,5.23,43.53,,,8,3,0,0,0,0,0.0
Fozzy Whittaker,2012,RB,Texas,2,4.49,51.67,,,8,3,0,0,0,0,0.0
Carson Wiggs,2012,K,Purdue,4,4.91,13.85,,,8,3,0,0,0,0,0.0
Patrick Witt,2012,QB,Yale,10,5.06,5.0,,,8,3,0,0,0,0,0.0
Desmond Wynn,2012,OG,Rutgers,4,4.98,76.0,,,8,3,0,0,0,0,0.0
Markus Zusevics,2012,OT,Iowa,3,5.08,61.18,,,8,3,0,0,0,0,0.0
Johnny Adams,2013,CB,Michigan State,3,4.48,37.78,,,8,3,0,0,0,0,0.0
Ryan Allen,2013,P,Louisiana Tech,5,4.98,3.08,,,8,3,0,0,0,0,0.0
Zach Allen,2013,OG,NC State,4,5.43,16.0,,,8,3,0,0,0,0,0.0
C.J. Anderson,2013,RB,California,4,4.6,33.33,,,8,3,0,0,0,0,0.0
Alvin Bailey,2013,OG,Arkansas,3,4.95,80.0,,,8,3,0,0,0,0,0.0
Chris Barker,2013,OG,Nevada,7,5.25,40.0,,,8,3,0,0,0,0,0.0
T.J. Barnes,2013,DT,Georgia Tech,3,5.3,6.25,,,8,3,0,0,0,0,0.0
Nick Becton,2013,OT,Virginia Tech,3,5.2,47.06,,,8,3,0,0,0,0,0.0
Zach Boren,2013,FB,Ohio State,1,5.0,0.0,,,8,3,0,0,0,0,0.0
Tyler Bray,2013,QB,Tennessee,2,5.05,6.25,,,8,3,0,0,0,0,0.0
Dylan Breeding,2013,P,Arkansas,3,4.74,40.0,,,8,3,0,0,0,0,0.0
Braden Brown,2013,OT,BYU,5,5.2,47.06,,,8,3,0,0,0,0,0.0
Marlon Brown,2013,WR,Georgia,1,4.63,14.0,,,8,3,0,0,0,0,0.0
Adrian Bushell,2013,CB,Louisville,4,4.58,15.56,,,8,3,0,0,0,0,0.0
Colby Cameron,2013,QB,Louisiana Tech,5,4.78,40.0,,,8,3,0,0,0,0,0.0
Anthony Cantele,2013,K,Kansas State,4,4.76,36.92,,,8,3,0,0,0,0,0.0
Braxston Cave,2013,C,Notre Dame,2,5.33,36.0,,,8,3,0,0,0,0,0.0
Emmett Cleary,2013,OT,Boston College,4,5.21,45.88,,,8,3,0,0,0,0,0.0
Bobby Cowan,2013,P,Idaho,10,5.13,0.0,,,8,3,0,0,0,0,0.0
Marcus Davis,2013,WR,Virginia Tech,3,4.56,28.0,,,8,3,0,0,0,0,0.0
Jordan Devey,2013,OT,Memphis,6,5.25,41.18,,,8,3,0,0,0,0,0.0
Alex Dunnachie,2013,P,Hawaii,7,4.97,4.62,,,8,3,0,0,0,0,0.0
Chris Faulk,2013,OT,LSU,1,5.08,61.18,,,8,3,0,0,0,0,0.0
Joseph Fauria,2013,TE,UCLA,5,4.82,30.0,,,8,3,0,0,0,0,0.0
Manese Foketi,2013,OG,Texas A&M,2,5.54,1.33,,,8,3,0,0,0,0,0.0
Michael Ford,2013,RB,LSU,1,4.5,50.0,,,8,3,0,0,0,0,0.0
Matt Furstenburg,2013,TE,Maryland,4,4.62,63.33,,,8,3,0,0,0,0,0.0
Rogers Gaines,2013,OT,Tennessee State,2,5.24,42.35,,,8,3,0,0,0,0,0.0
Kwame Geathers,2013,DT,Georgia,1,5.44,0.0,,,8,3,0,0,0,0,0.0
Tyrone Goard,2013,WR,Eastern Kentucky,10,4.5,40.0,,,8,3,0,0,0,0,0.0
Ray Graham,2013,RB,Pittsburgh,3,4.8,0.0,,,8,3,0,0,0,0,0.0
MarQueis Gray,2013,QB,Minnesota,4,4.65,56.25,,,8,3,0,0,0,0,0.0
Cory Grissom,2013,DT,South Florida,6,5.31,5.0,,,8,3,0,0,0,0,0.0
D.J. Harper,2013,RB,Boise State,7,4.52,46.67,,,8,3,0,0,0,0,0.0
Montel Harris,2013,RB,Temple,6,4.68,20.0,,,8,3,0,0,0,0,0.0
Mark Harrison,2013,WR,Rutgers,4,4.46,48.0,,,8,3,0,0,0,0,0.0
Aaron Hester,2013,CB,UCLA,5,4.62,6.67,,,8,3,0,0,0,0,0.0
Josh Hubner,2013,P,Arizona State,3,5.06,0.0,,,8,3,0,0,0,0,0.0
Luke Ingram,2013,LS,Hawaii,7,5.05,0.0,,,8,3,0,0,0,0,0.0
Mark Jackson,2013,OG,Glenville State,10,5.65,0.0,,,8,3,0,0,0,0,0.0
Stefphon Jefferson,2013,RB,Nevada,7,4.68,20.0,,,8,3,0,0,0,0,0.0
Tony Jefferson,2013,S,Oklahoma,2,4.75,0.0,,,8,3,0,0,0,0,0.0
Darius Johnson,2013,WR,SMU,6,4.6,20.0,,,8,3,0,0,0,0,0.0
Josh Johnson,2013,CB,Purdue,4,4.65,0.0,,,8,3,0,0,0,0,0.0
Keelan Johnson,2013,S,Arizona State,3,4.54,46.67,,,8,3,0,0,0,0,0.0
Oscar Johnson,2013,OT,Louisiana Tech,5,5.49,12.94,,,8,3,0,0,0,0,0.0
Jamaal Johnson-Webb,2013,OG,Alabama A&M,1,5.37,24.0,,,8,3,0,0,0,0,0.0
Abry Jones,2013,DT,Georgia,1,5.06,36.25,,,8,3,0,0,0,0,0.0
Brandon Kaufman,2013,WR,Eastern Washington,10,4.67,6.0,,,8,3,0,0,0,0,0.0
Collin Klein,2013,QB,Kansas State,4,4.78,40.0,,,8,3,0,0,0,0,0.0
Jake Knott,2013,OLB,Iowa State,4,4.84,24.62,,,8,3,0,0,0,0,0.0
Scott Kovanda,2013,P,Ball State,8,4.84,24.62,,,8,3,0,0,0,0,0.0
Alec Lemon,2013,WR,Syracuse,4,4.59,22.0,,,8,3,0,0,0,0,0.0
Robert Lester,2013,S,Alabama,1,4.66,20.0,,,8,3,0,0,0,0,0.0
Zach Line,2013,FB,SMU,6,4.77,35.38,,,8,3,0,0,0,0,0.0
P.J. Lonergan,2013,C,LSU,1,5.38,29.33,,,8,3,0,0,0,0,0.0
John Lotulelei,2013,OLB,UNLV,10,4.84,24.62,,,8,3,0,0,0,0,0.0
Philip Lutzenkirchen,2013,TE,Auburn,2,4.94,10.0,,,8,3,0,0,0,0,0.0
Joe Madsen,2013,C,West Virginia,4,5.2,53.33,,,8,3,0,0,0,0,0.0
Lamar Mady,2013,OG,Youngstown State,10,5.48,9.33,,,8,3,0,0,0,0,0.0
Brandon Magee,2013,OLB,Arizona State,3,4.74,40.0,,,8,3,0,0,0,0,0.0
Brett Maher,2013,K,Nebraska,3,4.89,16.92,,,8,3,0,0,0,0,0.0
Luke Marquardt,2013,OT,Azusa Pacific,10,5.34,30.59,,,8,3,0,0,0,0,0.0
Miguel Maysonet,2013,RB,Stony Brook,10,4.54,43.33,,,8,3,0,0,0,0,0.0
Onterio McCalebb,2013,RB,Auburn,2,4.34,76.67,,,8,3,0,0,0,0,0.0
Lerentee McCray,2013,OLB,Florida,2,4.74,40.0,,,8,3,0,0,0,0,0.0
Brad McDougald,2013,S,Illinois,4,4.51,53.33,,,8,3,0,0,0,0,0.0
Rontez Miles,2013,S,California (PA),4,4.62,28.89,,,8,3,0,0,0,0,0.0
Stephane Milhim,2013,OG,Massachusetts,10,5.14,54.67,,,8,3,0,0,0,0,0.0
T.J. Moe,2013,WR,Missouri,4,4.74,0.0,,,8,3,0,0,0,0,0.0
Xavier Nixon,2013,OT,Florida,2,5.23,43.53,,,8,3,0,0,0,0,0.0
Ryan Otten,2013,TE,San Jose State,7,4.69,51.67,,,8,3,0,0,0,0,0.0
Chris Pantale,2013,TE,Boston College,4,4.99,1.67,,,8,3,0,0,0,0,0.0
Keith Pough,2013,ILB,Howard,10,4.87,20.0,,,8,3,0,0,0,0,0.0
Lonnie Pryor,2013,FB,Florida State,2,4.7,46.15,,,8,3,0,0,0,0,0.0
Kevin Reddick,2013,ILB,North Carolina,3,4.72,43.08,,,8,3,0,0,0,0,0.0
Greg Reid,2013,CB,Florida State,2,4.46,42.22,,,8,3,0,0,0,0,0.0
Nickell Robey,2013,CB,USC,2,4.53,26.67,,,8,3,0,0,0,0,0.0
Da'Rick Rogers,2013,WR,Tennessee Tech,2,4.5,40.0,,,8,3,0,0,0,0,0.0
Robbie Rouse,2013,RB,Fresno State,7,4.8,0.0,,,8,3,0,0,0,0,0.0
Etienne Sabino,2013,OLB,Ohio State,1,4.75,38.46,,,8,3,0,0,0,0,0.0
Lanear Sampson,2013,WR,Baylor,3,4.46,48.0,,,8,3,0,0,0,0,0.0
Matt Scott,2013,QB,Arizona,4,4.69,51.25,,,8,3,0,0,0,0,0.0
Quinn Sharp,2013,P,Oklahoma State,3,4.86,21.54,,,8,3,0,0,0,0,0.0
Rodney Smith,2013,WR,Florida State,2,4.51,38.0,,,8,3,0,0,0,0,0.0
Ryan Spadola,2013,WR,Lehigh,10,4.48,44.0,,,8,3,0,0,0,0,0.0
Damion Square,2013,DE,Alabama,1,5.23,0.0,,,8,3,0,0,0,0,0.0
Matt Stankiewitch,2013,C,Penn State,2,5.43,22.67,,,8,3,0,0,0,0,0.0
Jawanza Starling,2013,S,USC,2,4.64,24.44,,,8,3,0,0,0,0,0.0
Jonathan Stewart,2013,ILB,Texas A&M,2,4.68,49.23,,,8,3,0,0,0,0,0.0
Walter Stewart,2013,DE,Cincinnati,4,4.69,63.08,,,8,3,0,0,0,0,0.0
Jake Stoneburner,2013,TE,Ohio State,1,4.65,58.33,,,8,3,0,0,0,0,0.0
Dax Swanson,2013,CB,SMU,6,4.56,20.0,,,8,3,0,0,0,0,0.0
Rod Sweeting,2013,CB,Georgia Tech,3,4.42,51.11,,,8,3,0,0,0,0,0.0
Bruce Taylor,2013,ILB,Virginia Tech,3,5.01,0.0,,,8,3,0,0,0,0,0.0
Mike Taylor,2013,OLB,Wisconsin,3,4.75,38.46,,,8,3,0,0,0,0,0.0
Chase Thomas,2013,OLB,Stanford,3,4.91,13.85,,,8,3,0,0,0,0,0.0
Kenbrell Thompkins,2013,WR,Cincinnati,4,4.54,32.0,,,8,3,0,0,0,0,0.0
Matthew Tucker,2013,RB,TCU,3,4.55,41.67,,,8,3,0,0,0,0,0.0
James Vandenberg,2013,QB,Iowa,3,4.92,22.5,,,8,3,0,0,0,0,0.0
Conner Vernon,2013,WR,Duke,4,4.68,4.0,,,8,3,0,0,0,0,0.0
Jason Weaver,2013,OT,Southern Miss,10,5.44,18.82,,,8,3,0,0,0,0,0.0
John Wetzel,2013,OT,Boston College,4,5.46,16.47,,,8,3,0,0,0,0,0.0
Nathan Williams,2013,OLB,Ohio State,1,4.88,18.46,,,8,3,0,0,0,0,0.0
Brad Wing,2013,P,LSU,1,4.86,21.54,,,8,3,0,0,0,0,0.0
George Winn,2013,RB,Cincinnati,4,4.75,8.33,,,8,3,0,0,0,0,0.0
Cierre Wood,2013,RB,Notre Dame,2,4.56,40.0,,,8,3,0,0,0,0,0.0
Tom Wort,2013,ILB,Oklahoma,2,4.78,33.85,,,8,3,0,0,0,0,0.0
Antonio Andrews,2014,RB,Western Kentucky,5,4.82,0.0,,,8,3,0,0,0,0,0.0
Matt Armstrong,2014,C,Grand Valley State,10,5.18,56.0,,,8,3,0,0,0,0,0.0
George Atkinson,2014,RB,Notre Dame,2,4.48,53.33,,,8,3,0,0,0,0,0.0
Dion Bailey,2014,S,USC,2,4.66,20.0,,,8,3,0,0,0,0,0.0
Deion Belue,2014,CB,Alabama,1,4.48,37.78,,,8,3,0,0,0,0,0.0
Kapri Bibbs,2014,RB,Colorado State,7,4.67,21.67,,,8,3,0,0,0,0,0.0
Conor Boffeli,2014,OG,Iowa,3,5.3,33.33,,,8,3,0,0,0,0,0.0
Chris Boswell,2014,K,Rice,6,4.93,10.77,,,8,3,0,0,0,0,0.0
Chris Boyd,2014,WR,Vanderbilt,4,4.73,0.0,,,8,3,0,0,0,0,0.0
Jonathan Brown,2014,OLB,Illinois,4,5.03,0.0,,,8,3,0,0,0,0,0.0
Corey Brown,2014,WR,Ohio State,1,4.51,38.0,,,8,3,0,0,0,0,0.0
Max Bullough,2014,ILB,Michigan State,3,4.78,33.85,,,8,3,0,0,0,0,0.0
Isaiah Burse,2014,WR,Fresno State,7,4.58,24.0,,,8,3,0,0,0,0,0.0
Trey Burton,2014,WR,Florida,2,4.62,16.0,,,8,3,0,0,0,0,0.0
Steven Clark,2014,P,Auburn,2,5.18,0.0,,,8,3,0,0,0,0,0.0
Brandon Coleman,2014,WR,Rutgers,4,4.56,28.0,,,8,3,0,0,0,0,0.0
Deandre Coleman,2014,DT,California,4,5.12,28.75,,,8,3,0,0,0,0,0.0
Kain Colter,2014,WR,Northwestern,5,4.71,0.0,,,8,3,0,0,0,0,0.0
Damian Copeland,2014,WR,Louisville,4,4.5,40.0,,,8,3,0,0,0,0,0.0
J.C. Copeland,2014,FB,LSU,1,4.95,7.69,,,8,3,0,0,0,0,0.0
Tim Cornett,2014,RB,UNLV,10,4.48,53.33,,,8,3,0,0,0,0,0.0
Isaiah Crowell,2014,RB,Arkansas,3,4.57,38.33,,,8,3,0,0,0,0,0.0
Chris Davis,2014,CB,Auburn,2,4.54,24.44,,,8,3,0,0,0,0,0.0
Mike Davis,2014,WR,Texas,2,4.52,36.0,,,8,3,0,0,0,0,0.0
A.D. Denham,2014,TE,Kansas,10,4.69,51.67,,,8,3,0,0,0,0,0.0
Joe Don Duncan,2014,TE,Dixie State,10,4.79,35.0,,,8,3,0,0,0,0,0.0
Kasim Edebali,2014,OLB,Boston College,4,4.79,32.31,,,8,3,0,0,0,0,0.0
Matt Feiler,2014,OT,Bloomsburg,10,5.37,27.06,,,8,3,0,0,0,0,0.0
Anthony Fera,2014,K,Texas,2,4.85,23.08,,,8,3,0,0,0,0,0.0
Tim Flanders,2014,RB,SMU,6,4.75,8.33,,,8,3,0,0,0,0,0.0
David Fluellen,2014,RB,Toledo,8,4.72,13.33,,,8,3,0,0,0,0,0.0
Bennie Fowler,2014,WR,Michigan State,3,4.52,36.0,,,8,3,0,0,0,0,0.0
Austin Franklin,2014,WR,New Mexico State,7,4.56,28.0,,,8,3,0,0,0,0,0.0
James Gayle,2014,DE,Virginia Tech,3,4.7,61.54,,,8,3,0,0,0,0,0.0
Xavier Grimble,2014,TE,USC,2,4.76,40.0,,,8,3,0,0,0,0,0.0
Ryan Groy,2014,OG,Wisconsin,3,5.19,48.0,,,8,3,0,0,0,0,0.0
Victor Hampton,2014,CB,South Carolina,3,4.69,0.0,,,8,3,0,0,0,0,0.0
Jonotthan Harrison,2014,C,Florida,2,5.15,60.0,,,8,3,0,0,0,0,0.0
Marcus Heit,2014,LS,Kansas State,4,4.91,13.85,,,8,3,0,0,0,0,0.0
Ryan Hewitt,2014,FB,Stanford,3,4.87,20.0,,,8,3,0,0,0,0,0.0
Cody Hoffman,2014,WR,BYU,5,4.65,10.0,,,8,3,0,0,0,0,0.0
Tom Hornsey,2014,P,Memphis,6,5.05,0.0,,,8,3,0,0,0,0,0.0
Adrian Hubbard,2014,OLB,Alabama,1,4.69,47.69,,,8,3,0,0,0,0,0.0
Allen Hurns,2014,WR,Miami (FL),2,4.55,30.0,,,8,3,0,0,0,0,0.0
James Hurst,2014,OT,North Carolina,3,5.59,1.18,,,8,3,0,0,0,0,0.0
Kerry Hyder,2014,DT,Texas Tech,4,5.1,31.25,,,8,3,0,0,0,0,0.0
Gabe Ikard,2014,C,Oklahoma,2,5.13,62.67,,,8,3,0,0,0,0,0.0
Nic Jacobs,2014,TE,McNeese State,10,4.89,18.33,,,8,3,0,0,0,0,0.0
Jackson Jeffcoat,2014,DE,Texas,2,4.63,72.31,,,8,3,0,0,0,0,0.0
Marcel Jensen,2014,TE,Fresno State,7,4.85,25.0,,,8,3,0,0,0,0,0.0
Anthony Johnson,2014,DT,LSU,1,5.24,13.75,,,8,3,0,0,0,0,0.0
Christian Jones,2014,OLB,Florida State,2,4.68,49.23,,,8,3,0,0,0,0,0.0
Howard Jones,2014,OLB,Shepherd,10,4.6,61.54,,,8,3,0,0,0,0,0.0
Reggie Jordan,2014,FB,Missouri Western State,4,4.77,35.38,,,8,3,0,0,0,0,0.0
Henry Josey,2014,RB,Missouri,4,4.43,61.67,,,8,3,0,0,0,0,0.0
"James Wilder, Jr.",2014,RB,Florida State,2,4.65,25.0,,,8,3,0,0,0,0,0.0
Zach Kerr,2014,DT,Tennessee,2,5.06,36.25,,,8,3,0,0,0,0,0.0
Kenny Ladler,2014,S,Vanderbilt,4,4.7,11.11,,,8,3,0,0,0,0,0.0
Tyler Larsen,2014,C,Utah State,7,5.17,57.33,,,8,3,0,0,0,0,0.0
A.C. Leonard,2014,TE,Tennessee State,2,4.5,83.33,,,8,3,0,0,0,0,0.0
Richie Leone,2014,P,Houston,6,5.1,0.0,,,8,3,0,0,0,0,0.0
Isaiah Lewis,2014,S,Michigan State,3,4.6,33.33,,,8,3,0,0,0,0,0.0
Boseko Lokombo,2014,OLB,Oregon,2,4.66,52.31,,,8,3,0,0,0,0,0.0
Craig Loston,2014,S,LSU,1,4.65,22.22,,,8,3,0,0,0,0,0.0
Cornelius Lucas,2014,OT,Kansas State,4,5.29,36.47,,,8,3,0,0,0,0,0.0
Marcus Lucas,2014,WR,Missouri,4,4.6,20.0,,,8,3,0,0,0,0,0.0
Colt Lyerla,2014,TE,Oregon,2,4.61,65.0,,,8,3,0,0,0,0,0.0
Jordan Lynch,2014,QB,Northern Illinois,8,4.76,42.5,,,8,3,0,0,0,0,0.0
Cody Mandell,2014,P,Alabama,1,4.89,16.92,,,8,3,0,0,0,0,0.0
Eathyn Manumaleuna,2014,DT,BYU,5,5.16,23.75,,,8,3,0,0,0,0,0.0
Jeff Mathews,2014,QB,Cornell,10,5.26,0.0,,,8,3,0,0,0,0,0.0
Josh Mauro,2014,DE,Stanford,3,5.21,0.0,,,8,3,0,0,0,0,0.0
Tevin Mims,2014,DE,South Florida,6,4.95,23.08,,,8,3,0,0,0,0,0.0
James Morris,2014,ILB,Iowa,3,4.8,30.77,,,8,3,0,0,0,0,0.0
Stephen Morris,2014,QB,Miami (FL),2,4.63,58.75,,,8,3,0,0,0,0,0.0
Adam Muema,2014,RB,San Diego State,7,4.56,40.0,,,8,3,0,0,0,0,0.0
Jake Murphy,2014,TE,Utah,3,4.79,35.0,,,8,3,0,0,0,0,0.0
Jordan Najvar,2014,TE,Baylor,3,4.93,11.67,,,8,3,0,0,0,0,0.0
Tenny Palepoi,2014,DT,Utah,3,5.1,31.25,,,8,3,0,0,0,0,0.0
Matt Patchan,2014,OT,Boston College,4,4.97,74.12,,,8,3,0,0,0,0,0.0
Jacob Pedersen,2014,TE,Wisconsin,3,4.82,30.0,,,8,3,0,0,0,0,0.0
LaDarius Perkins,2014,RB,Mississippi State,3,4.46,56.67,,,8,3,0,0,0,0,0.0
Loucheiz Purifoy,2014,CB,Florida,2,4.61,8.89,,,8,3,0,0,0,0,0.0
Kelcy Quarles,2014,DT,South Carolina,3,5.03,40.0,,,8,3,0,0,0,0,0.0
Silas Redd,2014,RB,USC,2,4.7,16.67,,,8,3,0,0,0,0,0.0
Bryn Renner,2014,QB,North Carolina,3,4.87,28.75,,,8,3,0,0,0,0,0.0
Rashaad Reynolds,2014,CB,Oregon State,4,4.51,31.11,,,8,3,0,0,0,0,0.0
Antonio Richardson,2014,OT,Tennessee,2,5.3,35.29,,,8,3,0,0,0,0,0.0
Marcus Roberson,2014,CB,Florida,2,4.61,8.89,,,8,3,0,0,0,0,0.0
Cairo Santos,2014,K,Tulane,6,4.76,36.92,,,8,3,0,0,0,0,0.0
Connor Shaw,2014,QB,South Carolina,3,4.66,55.0,,,8,3,0,0,0,0,0.0
Shayne Skov,2014,ILB,Stanford,3,5.09,0.0,,,8,3,0,0,0,0,0.0
Jerome Smith,2014,RB,Syracuse,4,4.84,0.0,,,8,3,0,0,0,0,0.0
Willie Snead,2014,WR,Ball State,8,4.62,16.0,,,8,3,0,0,0,0,0.0
Daniel Sorensen,2014,S,BYU,5,4.67,17.78,,,8,3,0,0,0,0,0.0
Anthony Steen,2014,OG,Alabama,1,5.33,29.33,,,8,3,0,0,0,0,0.0
Josh Stewart,2014,WR,Oklahoma State,3,4.69,2.0,,,8,3,0,0,0,0,0.0
James Stone,2014,C,Tennessee,2,5.17,57.33,,,8,3,0,0,0,0,0.0
Robert Thomas,2014,DT,Arkansas,3,5.26,11.25,,,8,3,0,0,0,0,0.0
D.J. Tialavea,2014,TE,Utah State,7,4.95,8.33,,,8,3,0,0,0,0,0.0
George Uko,2014,DT,USC,2,4.99,45.0,,,8,3,0,0,0,0,0.0
Uani' Unga,2014,ILB,BYU,5,4.82,27.69,,,8,3,0,0,0,0,0.0
Dustin Vaughan,2014,QB,West Texas A&M,10,4.95,18.75,,,8,3,0,0,0,0,0.0
Todd Washington,2014,CB,SE Louisiana,10,4.57,17.78,,,8,3,0,0,0,0,0.0
L'Damian Washington,2014,WR,Missouri,4,4.46,48.0,,,8,3,0,0,0,0,0.0
Ethan Westbrooks,2014,DE,West Texas A&M,10,4.9,30.77,,,8,3,0,0,0,0,0.0
Chris Whaley,2014,DT,Texas,2,5.02,41.25,,,8,3,0,0,0,0,0.0
Damien Williams,2014,RB,Oklahoma,2,4.45,58.33,,,8,3,0,0,0,0,0.0
Albert Wilson,2014,WR,Georgia State,1,4.43,54.0,,,8,3,0,0,0,0,0.0
Kerry Wynn,2014,DE,Richmond,9,4.97,20.0,,,8,3,0,0,0,0,0.0
Dres Anderson,2015,WR,Utah,3,4.54,32.0,,64.88,8,3,0,0,0,0,0.0
Tavaris Barnes,2015,DE,Clemson,1,4.8,46.15,,,8,3,0,0,0,0,0.0
Will Baumann,2015,P,Boise State,7,5.14,0.0,,,8,3,0,0,0,0,0.0
Bryan Bennett,2015,QB,SE Louisiana,10,4.81,36.25,,,8,3,0,0,0,0,0.0
E.J. Bibbs,2015,TE,Iowa State,4,4.88,20.0,,57.3,8,3,0,0,0,0,0.0
Al Bond,2015,OG,Memphis,6,5.57,0.0,,,8,3,0,0,0,0,0.0
Detrick Bonner,2015,S,Virginia Tech,3,4.56,42.22,,,8,3,0,0,0,0,0.0
Anthony Boone,2015,QB,Duke,4,5.03,8.75,,55.58,8,3,0,0,0,0,0.0
Brett Boyko,2015,OG,UNLV,10,5.6,0.0,,,8,3,0,0,0,0,0.0
Brandon Bridge,2015,QB,South Alabama,10,4.72,47.5,,54.59,8,3,0,0,0,0,0.0
Kyle Brindza,2015,K,Notre Dame,2,5.17,0.0,,,8,3,0,0,0,0,0.0
Dominique Brown,2015,RB,Louisville,4,4.63,28.33,,47.55,8,3,0,0,0,0,0.0
Malcolm Brown,2015,RB,Texas,2,4.62,30.0,,55.5,8,3,0,0,0,0,0.0
Shane Carden,2015,QB,East Carolina,6,4.94,20.0,,100.0,8,3,0,0,0,0,0.0
B.J. Catalon,2015,RB,TCU,3,4.57,38.33,,94.16,8,3,0,0,0,0,0.0
Donald Celiscar,2015,CB,Western Michigan,8,4.62,6.67,,,8,3,0,0,0,0,0.0
Kyle Christy,2015,P,Florida,2,4.93,10.77,,,8,3,0,0,0,0,0.0
Cameron Clear,2015,OT,Texas A&M,2,4.98,72.94,,,8,3,0,0,0,0,0.0
Takoby Cofield,2015,OT,Duke,4,5.19,48.24,,,8,3,0,0,0,0,0.0
Justin Coleman,2015,CB,Tennessee,2,4.53,26.67,,,8,3,0,0,0,0,0.0
La'el Collins,2015,OT,LSU,1,5.1,58.82,,,8,3,0,0,0,0,0.0
Justin Cox,2015,CB,Mississippi State,3,4.36,64.44,,,8,3,0,0,0,0,0.0
Corey Crawford,2015,DE,Clemson,1,5.01,13.85,,,8,3,0,0,0,0,0.0
Rob Crisp,2015,OT,Boise State,7,5.26,40.0,,,8,3,0,0,0,0,0.0
John Crockett,2015,RB,North Dakota State,9,4.62,30.0,,,8,3,0,0,0,0,0.0
Yannick Cudjoe-Virgil,2015,OLB,Maryland,4,4.8,30.77,,,8,3,0,0,0,0,0.0
DaVaris Daniels,2015,WR,Notre Dame,2,4.62,16.0,,,8,3,0,0,0,0,0.0
Devante Davis,2015,WR,UNLV,10,4.57,26.0,,74.62,8,3,0,0,0,0,0.0
Aaron Davis,2015,OLB,Colorado State,7,4.95,7.69,,,8,3,0,0,0,0,0.0
Titus Davis,2015,WR,Central Michigan,8,4.51,38.0,,100.0,8,3,0,0,0,0,0.0
Ryan Delaire,2015,DE,Towson,10,4.97,20.0,,,8,3,0,0,0,0,0.0
Trey DePriest,2015,ILB,Alabama,1,4.93,10.77,,,8,3,0,0,0,0,0.0
AJ Derby,2015,TE,Arkansas,3,4.72,46.67,,,8,3,0,0,0,0,0.0
Reese Dismukes,2015,C,Auburn,2,5.31,38.67,,,8,3,0,0,0,0,0.0
Kurtis Drummond,2015,S,Michigan State,3,4.65,22.22,,,8,3,0,0,0,0,0.0
Michael Dyer,2015,RB,Louisville,4,4.58,36.67,,63.34,8,3,0,0,0,0,0.0
Jahwan Edwards,2015,RB,Ball State,8,4.8,0.0,,100.0,8,3,0,0,0,0,0.0
Durell Eskridge,2015,S,Syracuse,4,4.56,42.22,,,8,3,0,0,0,0,0.0
Cody Fajardo,2015,QB,Nevada,7,4.63,58.75,,58.08,8,3,0,0,0,0,0.0
Sam Ficken,2015,K,Penn State,2,5.06,0.0,,,8,3,0,0,0,0,0.0
B.J. Finney,2015,C,Kansas State,4,5.25,46.67,,,8,3,0,0,0,0,0.0
Alani Fua,2015,OLB,BYU,5,4.73,41.54,,,8,3,0,0,0,0,0.0
Jacoby Glenn,2015,CB,UCF,4,4.64,2.22,,,8,3,0,0,0,0,0.0
Antwan Goodley,2015,WR,Baylor,3,4.44,52.0,,86.31,8,3,0,0,0,0,0.0
Ladarius Gunter,2015,S,Miami (FL),2,4.62,28.89,,,8,3,0,0,0,0,0.0
Chris Hackett,2015,S,TCU,3,4.81,0.0,,,8,3,0,0,0,0,0.0
Rannell Hall,2015,WR,UCF,4,4.6,20.0,,45.75,8,3,0,0,0,0,0.0
Connor Halliday,2015,QB,Washington State,4,4.87,28.75,,100.0,8,3,0,0,0,0,0.0
Chad Hamilton,2015,C,Coastal Carolina,8,4.97,84.0,,,8,3,0,0,0,0,0.0
Josh Harper,2015,WR,Fresno State,7,4.64,12.0,,77.79,8,3,0,0,0,0,0.0
Anthony Harris,2015,S,Virginia,4,4.56,42.22,,,8,3,0,0,0,0,0.0
Dee Hart,2015,RB,Colorado State,7,4.8,0.0,,100.0,8,3,0,0,0,0,0.0
Braylon Heard,2015,RB,Kentucky,4,4.63,28.33,,35.83,8,3,0,0,0,0,0.0
Sean Hickey,2015,OT,Syracuse,4,5.39,24.71,,,8,3,0,0,0,0,0.0
Troy Hill,2015,CB,Oregon,2,4.55,22.22,,,8,3,0,0,0,0,0.0
Zack Hodges,2015,OLB,Harvard,10,4.68,49.23,,,8,3,0,0,0,0,0.0
Mike Hull,2015,OLB,Penn State,2,4.68,49.23,,,8,3,0,0,0,0,0.0
Anthony Jefferson,2015,S,UCLA,5,4.72,6.67,,,8,3,0,0,0,0,0.0
Gus Johnson,2015,RB,Stephen F. Austin,10,4.7,16.67,,,8,3,0,0,0,0,0.0
Will Johnson,2015,P,Texas State,2,5.02,0.0,,,8,3,0,0,0,0,0.0
Christion Jones,2015,WR,Alabama,1,4.63,14.0,,24.5,8,3,0,0,0,0,0.0
Taiwan Jones,2015,ILB,Michigan State,3,4.95,7.69,,,8,3,0,0,0,0,0.0
Josh Lambo,2015,K,Texas A&M,2,5.16,0.0,,,8,3,0,0,0,0,0.0
Dez Lewis,2015,WR,Central Arkansas,9,4.58,24.0,,,8,3,0,0,0,0,0.0
Deon Long,2015,WR,Maryland,4,4.51,38.0,,43.45,8,3,0,0,0,0,0.0
Kyle Loomis,2015,P,Portland State,10,5.08,0.0,,,8,3,0,0,0,0,0.0
Derrick Lott,2015,DT,Tenn-Chattanooga,10,4.99,45.0,,,8,3,0,0,0,0,0.0
Jerry Lovelocke,2015,QB,Prairie View,10,4.99,13.75,,,8,3,0,0,0,0,0.0
Donatella Luckett,2015,WR,Harding,10,4.4,60.0,,,8,3,0,0,0,0,0.0
Terrence Magee,2015,RB,LSU,1,4.62,30.0,,37.08,8,3,0,0,0,0,0.0
Greg Mancz,2015,C,Toledo,8,5.08,69.33,,,8,3,0,0,0,0,0.0
Justin Manton,2015,K,La-Monroe,10,4.93,10.77,,,8,3,0,0,0,0,0.0
Dean Marlowe,2015,S,James Madison,8,4.58,37.78,,,8,3,0,0,0,0,0.0
Nick Marshall,2015,CB,Auburn,2,4.54,24.44,,,8,3,0,0,0,0,0.0
Josue Matias,2015,OG,Florida State,2,5.52,4.0,,,8,3,0,0,0,0,0.0
Joey Mbu,2015,DT,Houston,6,5.54,0.0,,,8,3,0,0,0,0,0.0
Ellis McCarthy,2015,DT,UCLA,5,5.21,17.5,,,8,3,0,0,0,0,0.0
Tevin McDonald,2015,S,Eastern Washington,10,4.63,26.67,,,8,3,0,0,0,0,0.0
Darrian Miller,2015,OT,Kentucky,4,5.51,10.59,,,8,3,0,0,0,0,0.0
Leon Orr,2015,DT,Florida,2,5.16,23.75,,,8,3,0,0,0,0,0.0
Trevor Pardula,2015,P,Kansas,10,5.12,0.0,,,8,3,0,0,0,0,0.0
Garry Peters,2015,CB,Clemson,1,4.61,8.89,,,8,3,0,0,0,0,0.0
Cody Prewitt,2015,S,Ole Miss,3,4.6,33.33,,,8,3,0,0,0,0,0.0
Thomas Rawls,2015,RB,Central Michigan,8,4.65,25.0,,100.0,8,3,0,0,0,0,0.0
Cedric Reed,2015,DE,Texas,2,4.89,32.31,,,8,3,0,0,0,0,0.0
Bobby Richardson,2015,DT,Indiana,4,5.16,23.75,,,8,3,0,0,0,0,0.0
Jared Roberts,2015,K,Colorado State,7,5.02,0.0,,,8,3,0,0,0,0,0.0
Spencer Roth,2015,P,Baylor,3,5.06,0.0,,,8,3,0,0,0,0,0.0
Ezell Ruffin,2015,WR,San Diego State,7,4.68,4.0,,59.29,8,3,0,0,0,0,0.0
Wes Saxton,2015,TE,South Alabama,10,4.65,58.33,,14.68,8,3,0,0,0,0,0.0
Ross Scheuerman,2015,WR,Lafayette,10,4.62,16.0,,,8,3,0,0,0,0,0.0
Adam Shead,2015,OG,Oklahoma,2,5.74,0.0,,,8,3,0,0,0,0,0.0
Jean Sifrin,2015,TE,Massachusetts,10,4.84,26.67,,70.7,8,3,0,0,0,0,0.0
Blake Sims,2015,QB,Alabama,1,4.57,66.25,,63.81,8,3,0,0,0,0,0.0
J.T. Surratt,2015,DT,South Carolina,3,5.19,20.0,,,8,3,0,0,0,0,0.0
J.R. Tavai,2015,OLB,USC,2,4.91,13.85,,,8,3,0,0,0,0,0.0
Eric Tomlinson,2015,TE,UTEP,6,4.98,3.33,,20.64,8,3,0,0,0,0,0.0
Lynden Trail,2015,DE,Norfolk State,10,4.91,29.23,,,8,3,0,0,0,0,0.0
Louis Trinca-Pasat,2015,DT,Iowa,3,4.96,48.75,,,8,3,0,0,0,0,0.0
Tyler Varga,2015,FB,Yale,10,4.69,47.69,,,8,3,0,0,0,0,0.0
Zack Wagenmann,2015,DE,Montana,9,4.81,44.62,,,8,3,0,0,0,0,0.0
Tony Washington,2015,OLB,Oregon,2,4.99,1.54,,,8,3,0,0,0,0,0.0
DeAndrew White,2015,WR,Alabama,1,4.44,52.0,,40.22,8,3,0,0,0,0,0.0
Jermaine Whitehead,2015,S,Auburn,2,4.59,35.56,,,8,3,0,0,0,0,0.0
Trey Williams,2015,RB,Texas A&M,2,4.49,51.67,,50.0,8,3,0,0,0,0,0.0
Julian Wilson,2015,CB,Oklahoma,2,4.58,15.56,,,8,3,0,0,0,0,0.0
Cam Worthy,2015,WR,East Carolina,6,4.59,22.0,,75.32,8,3,0,0,0,0,0.0
Zach Zenner,2015,FB,South Dakota State,9,4.6,61.54,,,8,3,0,0,0,0,0.0
Mehdi Abdesmad,2016,DE,Boston College,4,5.1,0.0,,,8,3,0,0,0,0,0.0
Vernon Adams,2016,QB,Oregon,2,4.83,33.75,,87.28,8,3,0,0,0,0,0.0
Bralon Addison,2016,WR,Oregon,2,4.66,8.0,,83.15,8,3,0,0,0,0,0.0
Dominique Alexander,2016,ILB,Oklahoma,2,4.64,55.38,,,8,3,0,0,0,0,0.0
Jack Allen,2016,C,Michigan State,3,5.29,41.33,,,8,3,0,0,0,0,0.0
Geronimo Allison,2016,WR,Illinois,4,4.67,6.0,,60.15,8,3,0,0,0,0,0.0
Stephen Anderson,2016,TE,California,4,4.59,68.33,,34.68,8,3,0,0,0,0,0.0
Sterling Bailey,2016,DE,Georgia,1,5.23,0.0,,,8,3,0,0,0,0,0.0
Peyton Barber,2016,RB,Auburn,2,4.64,26.67,,97.15,8,3,0,0,0,0,0.0
Jimmy Bean,2016,DE,Oklahoma State,3,4.87,35.38,,,8,3,0,0,0,0,0.0
Briean Boddy-Calhoun,2016,CB,Minnesota,4,4.47,40.0,,,8,3,0,0,0,0,0.0
Trevone Boykin,2016,QB,TCU,3,4.77,41.25,,89.52,8,3,0,0,0,0,0.0
Ben Braunecker,2016,TE,Harvard,10,4.73,45.0,,,8,3,0,0,0,0,0.0
Jake Brendel,2016,C,UCLA,5,5.01,78.67,,,8,3,0,0,0,0,0.0
Beniquez Brown,2016,OLB,Mississippi State,3,4.77,35.38,,,8,3,0,0,0,0,0.0
Chris Brown,2016,WR,Notre Dame,2,4.48,44.0,,41.53,8,3,0,0,0,0,0.0
Lamarcus Brutus,2016,S,Florida State,2,4.76,0.0,,,8,3,0,0,0,0,0.0
Devon Cajuste,2016,WR,Stanford,3,4.62,16.0,,34.25,8,3,0,0,0,0,0.0
Taveze Calhoun,2016,CB,Mississippi State,3,4.58,15.56,,,8,3,0,0,0,0,0.0
Tra Carson,2016,RB,Texas A&M,2,4.63,28.33,,72.37,8,3,0,0,0,0,0.0
Tevin Carter,2016,S,Utah,3,4.48,60.0,,,8,3,0,0,0,0,0.0
Jeremy Cash,2016,S,Duke,4,4.56,42.22,,,8,3,0,0,0,0,0.0
Joseph Cheek,2016,OG,Texas A&M,2,5.27,37.33,,,8,3,0,0,0,0,0.0
Marshaun Coprich,2016,RB,Illinois State,4,4.47,55.0,,,8,3,0,0,0,0,0.0
James Cowser,2016,DE,Southern Utah,10,4.82,43.08,,,8,3,0,0,0,0,0.0
Brad Craddock,2016,K,Maryland,4,4.88,18.46,,,8,3,0,0,0,0,0.0
Ken Crawley,2016,CB,Colorado,3,4.43,48.89,,,8,3,0,0,0,0,0.0
Lachlan Edwards,2016,P,Sam Houston State,10,4.98,3.08,,,8,3,0,0,0,0,0.0
Deandre Elliott,2016,CB,Colorado State,7,4.55,22.22,,,8,3,0,0,0,0,0.0
Ka'Imi Fairbairn,2016,K,UCLA,5,4.96,6.15,,,8,3,0,0,0,0,0.0
Jason Fanaika,2016,DE,Utah,3,4.92,27.69,,,8,3,0,0,0,0,0.0
Josh Ferguson,2016,RB,Illinois,4,4.48,53.33,,59.34,8,3,0,0,0,0,0.0
D.J. Foster,2016,WR,Arizona State,3,4.57,26.0,,62.88,8,3,0,0,0,0,0.0
Kris Frost,2016,OLB,Auburn,2,4.97,4.62,,,8,3,0,0,0,0,0.0
Keyarris Garrett,2016,WR,Tulsa,6,4.53,34.0,,100.0,8,3,0,0,0,0,0.0
Darrell Greene,2016,OG,San Diego State,7,5.2,46.67,,,8,3,0,0,0,0,0.0
David Grinnage,2016,TE,NC State,4,4.9,16.67,,48.85,8,3,0,0,0,0,0.0
Glenn Gronkowski,2016,FB,Kansas State,4,4.71,44.62,,,8,3,0,0,0,0,0.0
Tom Hackett,2016,P,Utah,3,4.86,21.54,,,8,3,0,0,0,0,0.0
De'Vante Harris,2016,CB,Texas A&M,2,4.56,20.0,,,8,3,0,0,0,0,0.0
Joel Heath,2016,DT,Michigan State,3,5.02,41.25,,,8,3,0,0,0,0,0.0
Quayvon Hicks,2016,FB,Georgia,1,4.82,27.69,,,8,3,0,0,0,0,0.0
Johnny Holton,2016,WR,Cincinnati,4,4.54,32.0,,56.14,8,3,0,0,0,0,0.0
Cleveland Wallace III,2016,CB,San Jose State,7,4.68,0.0,,,8,3,0,0,0,0,0.0
Branden Jackson,2016,DE,Texas Tech,4,5.06,6.15,,,8,3,0,0,0,0,0.0
Dominick Jackson,2016,OT,Alabama,1,5.38,25.88,,,8,3,0,0,0,0,0.0
C.J. Johnson,2016,ILB,Ole Miss,3,4.81,29.23,,,8,3,0,0,0,0,0.0
Devon Johnson,2016,RB,Marshall,8,4.64,26.67,,76.87,8,3,0,0,0,0,0.0
Tyler Johnstone,2016,OT,Oregon,2,5.21,45.88,,,8,3,0,0,0,0,0.0
Cayleb Jones,2016,WR,Arizona,4,4.65,10.0,,61.98,8,3,0,0,0,0,0.0
Jonathan Jones,2016,CB,Auburn,2,4.33,71.11,,,8,3,0,0,0,0,0.0
Ufomba Kamalu,2016,DE,Miami (FL),2,5.01,13.85,,,8,3,0,0,0,0,0.0
Nila Kasitati,2016,OG,Oklahoma,2,5.32,30.67,,,8,3,0,0,0,0,0.0
Raphael Kirby,2016,ILB,Miami (FL),2,4.72,43.08,,,8,3,0,0,0,0,0.0
Denver Kirkland,2016,OT,Arkansas,3,5.55,5.88,,,8,3,0,0,0,0,0.0
Marshall Koehn,2016,K,Iowa,3,4.61,60.0,,,8,3,0,0,0,0,0.0
Darius Latham,2016,DT,Indiana,4,5.32,3.75,,,8,3,0,0,0,0,0.0
Nile Lawrence-Stample,2016,DL,Florida State,2,5.24,7.5,,,8,3,0,0,0,0,0.0
Roger Lewis,2016,WR,Bowling Green,10,4.57,26.0,,100.0,8,3,0,0,0,0,0.0
Cory Littleton,2016,OLB,Washington,2,4.73,41.54,,,8,3,0,0,0,0,0.0
Jordan Lomax,2016,S,Iowa,3,4.75,0.0,,,8,3,0,0,0,0,0.0
Steve Longa,2016,ILB,Rutgers,4,4.78,33.85,,,8,3,0,0,0,0,0.0
John Lunsford,2016,K,Liberty,5,4.74,40.0,,,8,3,0,0,0,0,0.0
Tre Madden,2016,RB,USC,2,4.53,45.0,,54.65,8,3,0,0,0,0,0.0
Luther Maddy,2016,DT,Virginia Tech,3,4.96,48.75,,,8,3,0,0,0,0,0.0
Curt Maggitt,2016,OLB,Tennessee,2,4.73,41.54,,,8,3,0,0,0,0,0.0
Ryan Malleck,2016,TE,Virginia Tech,3,4.77,38.33,,20.17,8,3,0,0,0,0,0.0
Byron Marshall,2016,WR,Oregon,2,4.42,56.0,,32.38,8,3,0,0,0,0,0.0
Jalin Marshall,2016,WR,Ohio State,1,4.6,20.0,,54.3,8,3,0,0,0,0,0.0
Tyler Marz,2016,OT,Wisconsin,3,5.54,7.06,,,8,3,0,0,0,0,0.0
Chris Mayes,2016,DL,Georgia,1,5.34,0.0,,,8,3,0,0,0,0,0.0
Jake McGee,2016,TE,Florida,2,4.83,28.33,,23.39,8,3,0,0,0,0,0.0
Mekale McKay,2016,WR,Cincinnati,4,4.55,30.0,,45.81,8,3,0,0,0,0,0.0
Cassanova McKinzy,2016,ILB,Auburn,2,4.83,26.15,,,8,3,0,0,0,0,0.0
Will Monday,2016,P,Duke,4,5.1,0.0,,,8,3,0,0,0,0,0.0
Stephane Nembot,2016,OT,Colorado,3,5.39,24.71,,,8,3,0,0,0,0,0.0
Giorgio Newberry,2016,DE,Florida State,2,4.94,24.62,,,8,3,0,0,0,0,0.0
Jared Norris,2016,ILB,Utah,3,4.8,30.77,,,8,3,0,0,0,0,0.0
Marquez North,2016,WR,Tennessee,2,4.48,44.0,,11.5,8,3,0,0,0,0,0.0
Nick O'Toole,2016,P,West Virginia,4,5.05,0.0,,,8,3,0,0,0,0,0.0
Shawn Oakman,2016,DE,Baylor,3,4.96,21.54,,,8,3,0,0,0,0,0.0
Jaden Oberkrom,2016,K,TCU,3,4.96,6.15,,,8,3,0,0,0,0,0.0
Victor Ochi,2016,DE,Stony Brook,10,4.86,36.92,,,8,3,0,0,0,0,0.0
Romeo Okwara,2016,DE,Notre Dame,2,4.9,30.77,,,8,3,0,0,0,0,0.0
Drew Ott,2016,DE,Iowa,3,4.88,33.85,,,8,3,0,0,0,0,0.0
Montese Overton,2016,OLB,East Carolina,6,4.61,60.0,,,8,3,0,0,0,0,0.0
Gionni Paul,2016,ILB,Utah,3,5.05,0.0,,,8,3,0,0,0,0,0.0
Kevin Peterson,2016,CB,Oklahoma State,3,4.58,15.56,,,8,3,0,0,0,0,0.0
D.J. Pettway,2016,DE,Alabama,1,4.99,16.92,,,8,3,0,0,0,0,0.0
Tyvis Powell,2016,S,Ohio State,1,4.46,64.44,,,8,3,0,0,0,0,0.0
Jimmy Pruitt,2016,CB,San Jose State,7,4.73,0.0,,,8,3,0,0,0,0,0.0
Alex Redmond,2016,OG,UCLA,5,5.3,33.33,,,8,3,0,0,0,0,0.0
Dominique Robertson,2016,OT,West Georgia,10,5.36,28.24,,,8,3,0,0,0,0,0.0
Alonzo Russell,2016,WR,Toledo,8,4.54,32.0,,66.78,8,3,0,0,0,0,0.0
Rashawn Scott,2016,WR,Miami (FL),2,4.54,32.0,,57.25,8,3,0,0,0,0,0.0
Hunter Sharp,2016,WR,Utah State,7,4.58,24.0,,76.75,8,3,0,0,0,0,0.0
Elijah Shumate,2016,S,Notre Dame,2,4.58,37.78,,,8,3,0,0,0,0,0.0
Devaunte Sigler,2016,DT,Jacksonville State,10,5.15,25.0,,,8,3,0,0,0,0,0.0
Matt Skura,2016,C,Duke,4,5.39,28.0,,,8,3,0,0,0,0,0.0
Pearce Slater,2016,OT,San Diego State,7,5.42,21.18,,,8,3,0,0,0,0,0.0
Terrance Smith,2016,ILB,Florida State,2,4.77,35.38,,,8,3,0,0,0,0,0.0
Nelson Spruce,2016,WR,Colorado,3,4.69,2.0,,72.88,8,3,0,0,0,0,0.0
A.J. Stamps,2016,S,Kentucky,4,4.79,0.0,,,8,3,0,0,0,0,0.0
Joel Stave,2016,QB,Wisconsin,3,4.8,37.5,,44.62,8,3,0,0,0,0,0.0
Eric Striker,2016,OLB,Oklahoma,2,4.8,30.77,,,8,3,0,0,0,0,0.0
Lawrence Thomas,2016,DT,Michigan State,3,4.98,46.25,,,8,3,0,0,0,0,0.0
Ron Thompson,2016,DE,Syracuse,4,4.92,27.69,,,8,3,0,0,0,0,0.0
Shadrach Thornton,2016,RB,NC State,4,4.75,8.33,,69.13,8,3,0,0,0,0,0.0
Landon Turner,2016,OG,North Carolina,3,5.58,0.0,,,8,3,0,0,0,0,0.0
Soma Vainuku,2016,FB,USC,2,4.68,49.23,,,8,3,0,0,0,0,0.0
Brandon Wilds,2016,RB,South Carolina,3,4.54,43.33,,50.78,8,3,0,0,0,0,0.0
Bryce Williams,2016,TE,East Carolina,6,4.94,10.0,,53.92,8,3,0,0,0,0,0.0
Duke Williams,2016,WR,Auburn,2,4.72,0.0,,,8,3,0,0,0,0,0.0
De'Runnya Wilson,2016,WR,Mississippi State,3,4.85,0.0,,82.83,8,3,0,0,0,0,0.0
Josh Woodrum,2016,QB,Liberty,5,4.8,37.5,,,8,3,0,0,0,0,0.0
Antwaun Woods,2016,DL,USC,2,5.18,15.0,,,8,3,0,0,0,0,0.0
Connor Wujciak,2016,DT,Boston College,4,4.91,55.0,,,8,3,0,0,0,0,0.0
Avery Young,2016,OT,Auburn,2,5.39,24.71,,,8,3,0,0,0,0,0.0
Quincy Adeboyejo,2017,WR,Ole Miss,3,4.42,56.0,,28.12,8,3,0,0,0,0,0.0
Erik Austell,2017,OG,Charleston Southern,10,5.23,42.67,,,8,3,0,0,0,0,0.0
Toby Baker,2017,P,Arkansas,3,,,,,8,3,0,0,0,0,0.0
Ben Boulware,2017,ILB,Clemson,1,,,,,8,3,0,0,0,0,0.0
Kendrick Bourne,2017,WR,Eastern Washington,10,4.68,4.0,,,8,3,0,0,0,0,0.0
Tashawn Bower,2017,OLB,LSU,1,4.82,27.69,,,8,3,0,0,0,0,0.0
Ben Braden,2017,OG,Michigan,1,5.04,68.0,,,8,3,0,0,0,0,0.0
Billy Brown,2017,TE,Shepherd,10,4.7,50.0,,,8,3,0,0,0,0,0.0
Fadol Brown,2017,DE,Ole Miss,3,4.94,24.62,,,8,3,0,0,0,0,0.0
Pharaoh Brown,2017,TE,Oregon,2,,,,49.5,8,3,0,0,0,0,0.0
Daniel Brunskill,2017,OT,San Diego State,7,,,,,8,3,0,0,0,0,0.0
Collin Buchanan,2017,OT,Miami (OH),8,,,,,8,3,0,0,0,0,0.0
Riley Bullough,2017,ILB,Michigan State,3,,,,,8,3,0,0,0,0,0.0
K.D. Cannon,2017,WR,Baylor,3,4.41,58.0,,,8,3,0,0,0,0,0.0
Cethan Carter,2017,TE,Nebraska,3,4.68,53.33,,23.22,8,3,0,0,0,0,0.0
Jamal Carter,2017,S,Miami (FL),2,4.64,24.44,,,8,3,0,0,0,0,0.0
Corey Clement,2017,RB,Wisconsin,3,4.68,20.0,,100.0,8,3,0,0,0,0,0.0
Chunky Clements,2017,DT,Illinois,4,,,,,8,3,0,0,0,0,0.0
Aviante Collins,2017,OG,TCU,3,4.81,98.67,,,8,3,0,0,0,0,0.0
Ethan Cooper,2017,OG,Indiana (PA),4,5.36,25.33,,,8,3,0,0,0,0,0.0
Darrell Daniels,2017,TE,Washington,2,4.55,75.0,,32.2,8,3,0,0,0,0,0.0
Justin Davis,2017,RB,USC,2,,,,44.63,8,3,0,0,0,0,0.0
Kevin Davis,2017,ILB,Colorado State,7,4.91,13.85,,,8,3,0,0,0,0,0.0
Keionta Davis,2017,DE,Tenn-Chattanooga,10,,,,,8,3,0,0,0,0,0.0
Jessamen Dunker,2017,OG,Tennessee State,2,4.98,76.0,,,8,3,0,0,0,0,0.0
Travin Dural,2017,WR,LSU,1,4.57,26.0,,28.72,8,3,0,0,0,0,0.0
Ken Ekanem,2017,DE,Virginia Tech,3,4.88,33.85,,,8,3,0,0,0,0,0.0
Brooks Ellis,2017,ILB,Arkansas,3,4.79,32.31,,,8,3,0,0,0,0,0.0
Amba Etta-Tawo,2017,WR,Syracuse,4,4.49,42.0,,100.0,8,3,0,0,0,0,0.0
Jerod Evans,2017,QB,Virginia Tech,3,4.8,37.5,,72.52,8,3,0,0,0,0,0.0
Devonte Fields,2017,OLB,Louisville,4,4.72,43.08,,,8,3,0,0,0,0,0.0
Avery Gennesy,2017,OG,Texas A&M,2,5.35,26.67,,,8,3,0,0,0,0,0.0
Connor Harris,2017,ILB,Lindenwood,10,4.73,41.54,,,8,3,0,0,0,0,0.0
Keon Hatcher,2017,WR,Arkansas,3,4.64,12.0,,59.09,8,3,0,0,0,0,0.0
DeAngelo Henderson,2017,RB,Coastal Carolina,8,4.48,53.33,,,8,3,0,0,0,0,0.0
Cole Hikutini,2017,TE,Louisville,4,,,,59.4,8,3,0,0,0,0,0.0
Bug Howard,2017,WR,North Carolina,3,4.58,24.0,,71.07,8,3,0,0,0,0,0.0
Hayden Hunt,2017,P,Colorado State,7,,,,,8,3,0,0,0,0,0.0
Rushel Shell III,2017,RB,West Virginia,4,4.74,10.0,,52.88,8,3,0,0,0,0,0.0
Jadar Johnson,2017,S,Clemson,1,4.6,33.33,,,8,3,0,0,0,0,0.0
Cameron Johnston,2017,P,Ohio State,1,4.92,12.31,,,8,3,0,0,0,0,0.0
Jarron Jones,2017,DT,Notre Dame,2,5.33,2.5,,,8,3,0,0,0,0,0.0
Victor Bolden Jr.,2017,WR,Oregon State,4,4.54,32.0,,70.85,8,3,0,0,0,0,0.0
Bryan Cox Jr.,2017,DE,Florida,2,4.89,32.31,,,8,3,0,0,0,0,0.0
Greg Ward Jr.,2017,WR,Houston,6,,,,100.0,8,3,0,0,0,0,0.0
Keith Kelsey,2017,ILB,Louisville,4,4.92,12.31,,,8,3,0,0,0,0,0.0
Trevor Knight,2017,QB,Texas A&M,2,4.54,70.0,,56.1,8,3,0,0,0,0,0.0
Ashton Lampkin,2017,CB,Oklahoma State,3,4.52,28.89,,,8,3,0,0,0,0,0.0
Jerome Lane,2017,WR,Akron,10,4.6,20.0,,77.77,8,3,0,0,0,0,0.0
Harvey Langi,2017,ILB,BYU,5,,,,,8,3,0,0,0,0,0.0
Javarius Leamon,2017,OT,South Carolina State,3,,,,,8,3,0,0,0,0,0.0
Cameron Lee,2017,OG,Illinois State,4,5.44,14.67,,,8,3,0,0,0,0,0.0
Mitch Leidner,2017,QB,Minnesota,4,4.93,21.25,,42.4,8,3,0,0,0,0,0.0
William Likely,2017,CB,Maryland,4,,,,,8,3,0,0,0,0,0.0
Sefo Liufau,2017,QB,Colorado,3,5.08,2.5,,49.78,8,3,0,0,0,0,0.0
Keevan Lucas,2017,WR,Tulsa,6,4.55,30.0,,100.0,8,3,0,0,0,0,0.0
Damien Mama,2017,OG,USC,2,5.84,0.0,,,8,3,0,0,0,0,0.0
Gabe Marks,2017,WR,Washington State,4,4.56,28.0,,96.15,8,3,0,0,0,0,0.0
Joe Mathis,2017,DE,Washington,2,,,,,8,3,0,0,0,0,0.0
Arthur Maulet,2017,CB,Memphis,6,4.62,6.67,,,8,3,0,0,0,0,0.0
Drew Morgan,2017,WR,Arkansas,3,4.74,0.0,,44.67,8,3,0,0,0,0,0.0
Hardy Nickerson,2017,ILB,Illinois,4,4.78,33.85,,,8,3,0,0,0,0,0.0
Speedy Noil,2017,WR,Texas A&M,2,,,,30.97,8,3,0,0,0,0,0.0
Bradley Northnagel,2017,LS,California,4,5.3,0.0,,,8,3,0,0,0,0,0.0
Noble Nwachukwu,2017,DE,West Virginia,4,4.83,41.54,,,8,3,0,0,0,0,0.0
Dare Ogunbowale,2017,RB,Wisconsin,3,4.65,25.0,,35.31,8,3,0,0,0,0,0.0
Tyler Orlosky,2017,C,West Virginia,4,,,,,8,3,0,0,0,0,0.0
Scott Orndoff,2017,TE,Pittsburgh,3,4.84,26.67,,60.77,8,3,0,0,0,0,0.0
Zach Pascal,2017,WR,Old Dominion,10,4.55,30.0,,94.55,8,3,0,0,0,0,0.0
Carroll Phillips,2017,OLB,Illinois,4,4.64,55.38,,,8,3,0,0,0,0,0.0
Hayden Plinke,2017,TE,UTEP,6,4.97,5.0,,47.52,8,3,0,0,0,0,0.0
James Quick,2017,WR,Louisville,4,4.6,20.0,,73.57,8,3,0,0,0,0,0.0
Michael Rector,2017,WR,Stanford,3,4.42,56.0,,47.09,8,3,0,0,0,0,0.0
Devine Redding,2017,RB,Indiana,4,4.76,6.67,,72.51,8,3,0,0,0,0,0.0
Austin Rehkow,2017,P,Idaho,10,,,,,8,3,0,0,0,0,0.0
Jalen Robinette,2017,WR,Air Force,5,4.62,16.0,,85.08,8,3,0,0,0,0,0.0
Ezra Robinson,2017,CB,Tennessee State,2,4.47,40.0,,,8,3,0,0,0,0,0.0
Darreus Rogers,2017,WR,USC,2,,,,43.6,8,3,0,0,0,0,0.0
Fred Ross,2017,WR,Mississippi State,3,4.51,38.0,,98.48,8,3,0,0,0,0,0.0
Travis Rudolph,2017,WR,Florida State,2,4.65,10.0,,55.0,8,3,0,0,0,0,0.0
Cooper Rush,2017,QB,Central Michigan,8,4.93,21.25,,69.19,8,3,0,0,0,0,0.0
Seth Russell,2017,QB,Baylor,3,,,,54.52,8,3,0,0,0,0,0.0
Artavis Scott,2017,WR,Clemson,1,4.61,18.0,,49.25,8,3,0,0,0,0,0.0
Ricky Seals-Jones,2017,WR,Texas A&M,2,4.69,2.0,,28.97,8,3,0,0,0,0,0.0
Sojourn Shelton,2017,CB,Wisconsin,3,4.51,31.11,,,8,3,0,0,0,0,0.0
Garrett Sickels,2017,DE,Penn State,2,4.9,30.77,,,8,3,0,0,0,0,0.0
Dan Skipper,2017,OT,Arkansas,3,5.42,21.18,,,8,3,0,0,0,0,0.0
De'Veon Smith,2017,RB,Michigan,1,,,,77.4,8,3,0,0,0,0,0.0
Jamari Staples,2017,WR,Louisville,4,4.51,38.0,,48.27,8,3,0,0,0,0,0.0
Freddie Stevenson,2017,FB,Florida State,2,4.75,38.46,,,8,3,0,0,0,0,0.0
Channing Stribling,2017,CB,Michigan,1,4.6,11.11,,,8,3,0,0,0,0,0.0
Nate Theaker,2017,OG,Wayne State (MI),10,5.41,18.67,,,8,3,0,0,0,0,0.0
Jahad Thomas,2017,RB,Temple,6,4.62,30.0,,100.0,8,3,0,0,0,0,0.0
Noel Thomas,2017,WR,Connecticut,6,4.63,14.0,,,8,3,0,0,0,0,0.0
Jon Toth,2017,C,Kentucky,4,5.51,12.0,,,8,3,0,0,0,0,0.0
Damarius Travis,2017,S,Minnesota,4,,,,,8,3,0,0,0,0,0.0
Jerry Ugokwe,2017,OT,William & Mary,10,5.61,0.0,,,8,3,0,0,0,0,0.0
Conrad Ukropina,2017,K,Stanford,3,,,,,8,3,0,0,0,0,0.0
Justin Vogel,2017,P,Miami (FL),2,4.7,46.15,,,8,3,0,0,0,0,0.0
Charles Walker,2017,DT,Oklahoma,2,4.96,48.75,,,8,3,0,0,0,0,0.0
Chad Wheeler,2017,OT,USC,2,5.48,14.12,,,8,3,0,0,0,0,0.0
Kermit Whitfield,2017,WR,Florida State,2,4.44,52.0,,33.52,8,3,0,0,0,0,0.0
Stanley Williams,2017,RB,Kentucky,4,4.51,48.33,,80.3,8,3,0,0,0,0,0.0
Jesus Wilson,2017,WR,Florida State,2,4.57,26.0,,49.57,8,3,0,0,0,0,0.0
Josh Adams,2018,RB,Notre Dame,2,,,,99.69,8,3,0,0,0,0,0.0
Ola Adeniyi,2018,EDGE,Toledo,8,4.83,41.54,,,8,3,0,0,0,0,0.0
Austin Allen,2018,QB,Arkansas,3,4.81,36.25,,56.83,8,3,0,0,0,0,0.0
John Atkins,2018,DT,Georgia,1,5.38,0.0,,,8,3,0,0,0,0,0.0
Mike Badgley,2018,K,Miami (FL),2,4.94,9.23,,,8,3,0,0,0,0,0.0
J.T. Barrett,2018,QB,Ohio State,1,4.7,50.0,,70.1,8,3,0,0,0,0,0.0
Marcus Baugh,2018,TE,Ohio State,1,4.81,31.67,,29.98,8,3,0,0,0,0,0.0
Davin Bellamy,2018,EDGE,Georgia,1,,,,,8,3,0,0,0,0,0.0
Kurt Benkert,2018,QB,Virginia,4,4.95,18.75,,87.28,8,3,0,0,0,0,0.0
Quin Blanding,2018,S,Virginia,4,4.63,26.67,,,8,3,0,0,0,0,0.0
David Bright,2018,OT,Stanford,3,,,,,8,3,0,0,0,0,0.0
Drew Brown,2018,K,Nebraska,3,,,,,8,3,0,0,0,0,0.0
Tony Brown,2018,CB,Alabama,1,4.35,66.67,,,8,3,0,0,0,0,0.0
Deontay Burnett,2018,WR,USC,2,,,,65.17,8,3,0,0,0,0,0.0
Jason Cabinda,2018,ILB,Penn State,2,,,,,8,3,0,0,0,0,0.0
Chris Campbell,2018,CB,Penn State,2,,,,,8,3,0,0,0,0,0.0
Tanner Carew,2018,LS,Oregon,2,5.0,0.0,,,8,3,0,0,0,0,0.0
Andre Chachere,2018,CB,San Jose State,7,4.49,35.56,,,8,3,0,0,0,0,0.0
Sean Chandler,2018,S,Temple,6,4.65,22.22,,,8,3,0,0,0,0,0.0
Simmie Cobbs,2018,WR,Indiana,4,4.64,12.0,,81.23,8,3,0,0,0,0,0.0
Lavon Coleman,2018,RB,Washington,2,4.65,25.0,,37.48,8,3,0,0,0,0,0.0
Justin Crawford,2018,RB,West Virginia,4,4.64,26.67,,76.57,8,3,0,0,0,0,0.0
Trevor Daniel,2018,P,Tennessee,2,4.98,3.08,,,8,3,0,0,0,0,0.0
Joseph Davidson,2018,P,Bowling Green,10,,,,,8,3,0,0,0,0,0.0
Dee Delaney,2018,CB,Miami (FL),2,4.46,42.22,,,8,3,0,0,0,0,0.0
Nick Deluca,2018,OLB,North Dakota State,9,4.85,23.08,,,8,3,0,0,0,0,0.0
Matt Dickerson,2018,DE,UCLA,5,5.06,6.15,,,8,3,0,0,0,0,0.0
Garret Dooley,2018,EDGE,Wisconsin,3,4.8,46.15,,,8,3,0,0,0,0,0.0
Donnie Ernsberger,2018,RB,Western Michigan,8,4.78,3.33,,0.0,8,3,0,0,0,0,0.0
Brandon Facyson,2018,CB,Virginia Tech,3,4.53,26.67,,,8,3,0,0,0,0,0.0
Rashard Fant,2018,CB,Indiana,4,,,,,8,3,0,0,0,0,0.0
Foley Fatukasi,2018,DT,Connecticut,6,5.29,7.5,,,8,3,0,0,0,0,0.0
Riley Ferguson,2018,QB,Memphis,6,4.98,15.0,,94.26,8,3,0,0,0,0,0.0
Quinton Flowers,2018,QB,South Florida,6,4.63,58.75,,61.25,8,3,0,0,0,0,0.0
Dimitri Flowers,2018,RB,Oklahoma,2,4.83,0.0,,17.26,8,3,0,0,0,0,0.0
Robert Foster,2018,WR,Alabama,1,4.41,58.0,,21.06,8,3,0,0,0,0,0.0
Jarvion Franklin,2018,RB,Western Michigan,8,4.63,28.33,,100.0,8,3,0,0,0,0,0.0
Nick Gates,2018,OT,Nebraska,3,5.46,16.47,,,8,3,0,0,0,0,0.0
Davon Grayson,2018,WR,East Carolina,6,4.51,38.0,,85.25,8,3,0,0,0,0,0.0
Grant Haley,2018,CB,Penn State,2,4.44,46.67,,,8,3,0,0,0,0,0.0
Dashawn Hand,2018,DE,Alabama,1,4.83,41.54,,,8,3,0,0,0,0,0.0
Desmond Harrison,2018,OT,West Georgia,10,4.9,82.35,,,8,3,0,0,0,0,0.0
Taylor Hearn,2018,OG,Clemson,1,5.45,13.33,,,8,3,0,0,0,0,0.0
James Hearns,2018,EDGE,Louisville,4,4.89,32.31,,,8,3,0,0,0,0,0.0
Quadree Henderson,2018,WR,Pittsburgh,3,4.5,40.0,,27.25,8,3,0,0,0,0,0.0
Zaycoven Henderson,2018,DT,Texas A&M,2,5.16,23.75,,,8,3,0,0,0,0,0.0
Kyle Hicks,2018,RB,TCU,3,4.63,28.33,,47.73,8,3,0,0,0,0,0.0
Holton Hill,2018,CB,Texas,2,4.49,35.56,,,8,3,0,0,0,0,0.0
Jeff Holland,2018,EDGE,Auburn,2,4.79,47.69,,,8,3,0,0,0,0,0.0
Godwin Igwebuike,2018,S,Northwestern,5,4.44,68.89,,,8,3,0,0,0,0,0.0
Darren Carrington II,2018,WR,Utah,3,,,,90.34,8,3,0,0,0,0,0.0
Darius Jackson,2018,EDGE,Jacksonville State,10,4.87,35.38,,,8,3,0,0,0,0,0.0
J.C. Jackson,2018,CB,Maryland,4,4.46,42.22,,,8,3,0,0,0,0,0.0
Danny Johnson,2018,CB,Southern,10,4.44,46.67,,,8,3,0,0,0,0,0.0
Chris Jones,2018,CB,Nebraska,3,4.57,17.78,,,8,3,0,0,0,0,0.0
Jaryd Jones-Smith,2018,OT,Pittsburgh,3,5.22,44.71,,,8,3,0,0,0,0,0.0
Michael Joseph,2018,CB,Dubuque,10,,,,,8,3,0,0,0,0,0.0
Joshua Kalu,2018,S,Nebraska,3,4.58,37.78,,,8,3,0,0,0,0,0.0
Kameron Kelly,2018,S,San Diego State,7,4.66,20.0,,,8,3,0,0,0,0,0.0
Jamarcus King,2018,CB,South Carolina,3,4.7,0.0,,,8,3,0,0,0,0,0.0
Chris Lacy,2018,WR,Oklahoma State,3,4.51,38.0,,20.62,8,3,0,0,0,0,0.0
Allen Lazard,2018,WR,Iowa State,4,4.55,30.0,,74.37,8,3,0,0,0,0,0.0
Chase Litton,2018,QB,Marshall,8,4.9,25.0,,80.64,8,3,0,0,0,0,0.0
Lowell Lotulelei,2018,DT,Utah,3,,,,,8,3,0,0,0,0,0.0
K.J. Malone,2018,OG,LSU,1,5.34,28.0,,,8,3,0,0,0,0,0.0
Tavares Martin,2018,WR,Washington State,4,4.8,0.0,,92.41,8,3,0,0,0,0,0.0
Hercules Mata'afa,2018,EDGE,Washington State,4,4.76,52.31,,,8,3,0,0,0,0,0.0
Mike McCray,2018,ILB,Michigan,1,4.76,36.92,,,8,3,0,0,0,0,0.0
Kc McDermott,2018,OG,Miami (FL),2,5.35,26.67,,,8,3,0,0,0,0,0.0
Tarvarus McFadden,2018,CB,Florida State,2,4.67,0.0,,,8,3,0,0,0,0,0.0
Quenton Meeks,2018,DB,Stanford,3,,,,,8,3,0,0,0,0,0.0
Steven Mitchell,2018,WR,USC,2,4.56,28.0,,63.68,8,3,0,0,0,0,0.0
Jmon Moore,2018,WR,Missouri,4,4.6,20.0,,,8,3,0,0,0,0,0.0
Skai Moore,2018,OLB,South Carolina,3,4.73,41.54,,,8,3,0,0,0,0,0.0
Ryan Nall,2018,RB,Oregon State,4,4.58,36.67,,75.76,8,3,0,0,0,0,0.0
Timon Parris,2018,OT,Stony Brook,10,,,,,8,3,0,0,0,0,0.0
Kamryn Pettway,2018,RB,Auburn,2,4.74,10.0,,56.87,8,3,0,0,0,0,0.0
Skyler Phillips,2018,OG,Idaho State,10,5.1,60.0,,,8,3,0,0,0,0,0.0
Cam Phillips,2018,WR,Virginia Tech,3,,,,67.5,8,3,0,0,0,0,0.0
Eddy Pineiro,2018,K,Florida,2,,,,,8,3,0,0,0,0,0.0
Byron Pringle,2018,WR,Kansas State,4,4.46,48.0,,59.64,8,3,0,0,0,0,0.0
Jacob Pugh,2018,OLB,Florida State,2,4.65,53.85,,,8,3,0,0,0,0,0.0
Max Redfield,2018,S,Indiana (PA),4,4.69,13.33,,,8,3,0,0,0,0,0.0
Demario Richard,2018,RB,Arizona State,3,4.7,16.67,,100.0,8,3,0,0,0,0,0.0
Stephen Roberts,2018,S,Auburn,2,4.53,48.89,,,8,3,0,0,0,0,0.0
Korey Robertson,2018,WR,Southern Miss,10,4.56,28.0,,100.0,8,3,0,0,0,0,0.0
Javon Rolland-Jones,2018,EDGE,Arkansas State,3,4.88,33.85,,,8,3,0,0,0,0,0.0
Olubunmi Rotimi,2018,DE,Old Dominion,10,,,,,8,3,0,0,0,0,0.0
Dominick Sanders,2018,S,Georgia,1,,,,,8,3,0,0,0,0,0.0
Tegray Scales,2018,ILB,Indiana,4,4.77,35.38,,,8,3,0,0,0,0,0.0
Coleman Shelton,2018,C,Washington,2,5.24,48.0,,,8,3,0,0,0,0,0.0
Nic Shimonek,2018,QB,Texas Tech,4,4.88,27.5,,93.96,8,3,0,0,0,0,0.0
Trequan Smith,2018,WR,UCF,4,4.49,42.0,,,8,3,0,0,0,0,0.0
Van Smith,2018,S,Clemson,1,4.61,31.11,,,8,3,0,0,0,0,0.0
Taylor Stallworth,2018,DT,South Carolina,3,5.28,8.75,,,8,3,0,0,0,0,0.0
Chandon Sullivan,2018,CB,Georgia State,1,4.6,11.11,,,8,3,0,0,0,0,0.0
Matthew Thomas,2018,OLB,Florida State,2,4.58,64.62,,,8,3,0,0,0,0,0.0
Roc Thomas,2018,RB,Jacksonville State,10,4.56,40.0,,,8,3,0,0,0,0,0.0
Trenton Thompson,2018,DT,Georgia,1,5.06,36.25,,,8,3,0,0,0,0,0.0
Henre Toliver,2018,CB,Arkansas,3,4.63,4.44,,,8,3,0,0,0,0,0.0
Kevin Toliver,2018,CB,LSU,1,,,,,8,3,0,0,0,0,0.0
Brett Toth,2018,OT,Army,5,,,,,8,3,0,0,0,0,0.0
Shane Tripucka,2018,P,Texas A&M,2,,,,,8,3,0,0,0,0,0.0
Salesi Uhatafe,2018,OG,Utah,3,5.4,20.0,,,8,3,0,0,0,0,0.0
Dmontre Wade,2018,CB,Murray State,10,4.57,17.78,,,8,3,0,0,0,0,0.0
Akrum Wadley,2018,RB,Iowa,3,4.54,43.33,,83.09,8,3,0,0,0,0,0.0
Trey Walker,2018,S,Louisiana,8,4.51,53.33,,,8,3,0,0,0,0,0.0
Levi Wallace,2018,CB,Alabama,1,4.63,4.44,,,8,3,0,0,0,0,0.0
Chris Warren,2018,RB,Texas,2,4.69,18.33,,38.5,8,3,0,0,0,0,0.0
Jester Weah,2018,WR,Pittsburgh,3,4.43,54.0,,65.77,8,3,0,0,0,0,0.0
Toby Weathersby,2018,OT,LSU,1,5.34,30.59,,,8,3,0,0,0,0,0.0
Damon Webb,2018,S,Ohio State,1,4.62,28.89,,,8,3,0,0,0,0,0.0
David Wells,2018,TE,San Diego State,7,4.75,41.67,,28.54,8,3,0,0,0,0,0.0
Sean Welsh,2018,C,Iowa,3,5.43,22.67,,,8,3,0,0,0,0,0.0
Karaun White,2018,WR,West Virginia,4,4.52,36.0,,,8,3,0,0,0,0,0.0
Jojo Wicker,2018,DE,Arizona State,3,5.16,0.0,,,8,3,0,0,0,0,0.0
Jake Wieneke,2018,WR,South Dakota State,9,4.67,6.0,,,8,3,0,0,0,0,0.0
Darrel Williams,2018,RB,LSU,1,4.72,13.33,,71.27,8,3,0,0,0,0,0.0
Eddy Wilson,2018,DT,Purdue,4,5.37,0.0,,,8,3,0,0,0,0,0.0
Jeff Wilson,2018,RB,North Texas,10,,,,,8,3,0,0,0,0,0.0
Anthony Winbush,2018,EDGE,Ball State,8,,,,,8,3,0,0,0,0,0.0
Ryan Winslow,2018,P,Pittsburgh,3,,,,,8,3,0,0,0,0,0.0
Chris Worley,2018,ILB,Ohio State,1,4.86,21.54,,,8,3,0,0,0,0,0.0
Paul Adams,2019,OT,Missouri,4,5.18,49.41,,,8,3,0,0,0,0,0.0
Azeez Al-Shaair,2019,LB,Florida Atlantic,2,,,,,8,3,0,0,0,0,0.0
Otaro Alaka,2019,LB,Texas A&M,2,4.82,6.0,,,8,3,0,0,0,0,0.0
Bryson Allen-Williams,2019,LB,South Carolina,3,4.88,0.0,,,8,3,0,0,0,0,0.0
Jeff Allison,2019,LB,Fresno State,7,4.82,6.0,,,8,3,0,0,0,0,0.0
Zack Bailey,2019,OL,South Carolina,3,,,,,8,3,0,0,0,0,0.0
Derrick Baity,2019,CB,Kentucky,4,,,,,8,3,0,0,0,0,0.0
Alex Barnes,2019,RB,Kansas State,4,4.59,35.0,,100.0,8,3,0,0,0,0,0.0
Alex Bars,2019,OL,Notre Dame,2,,,,,8,3,0,0,0,0,0.0
Ryan Bates,2019,OL,Penn State,2,5.09,54.12,,,8,3,0,0,0,0,0.0
John Battle,2019,S,LSU,1,4.67,17.78,,,8,3,0,0,0,0,0.0
Mike Bell,2019,S,Fresno State,7,4.83,0.0,,,8,3,0,0,0,0,0.0
Beau Benzschawel,2019,OL,Wisconsin,3,5.24,36.47,,,8,3,0,0,0,0,0.0
Kendall Blanton,2019,TE,Missouri,4,4.95,8.33,,17.39,8,3,0,0,0,0,0.0
Tyre Brady,2019,WR,Marshall,8,,,,94.25,8,3,0,0,0,0,0.0
Nick Brossette,2019,RB,LSU,1,4.72,13.33,,94.49,8,3,0,0,0,0,0.0
Blace Brown,2019,CB,Troy,8,4.75,0.0,,,8,3,0,0,0,0,0.0
Keenen Brown,2019,TE,Texas State,2,4.75,41.67,,75.86,8,3,0,0,0,0,0.0
Jake Browning,2019,QB,Washington,2,4.74,45.0,,61.43,8,3,0,0,0,0,0.0
Emmanuel Butler,2019,WR,Northern Arizona,10,,,,,8,3,0,0,0,0,0.0
Deion Calhoun,2019,OL,Mississippi State,3,5.07,56.47,,,8,3,0,0,0,0,0.0
Malik Carney,2019,EDGE,North Carolina,3,4.73,56.92,,,8,3,0,0,0,0,0.0
Hamp Cheevers,2019,CB,Boston College,4,4.52,28.89,,,8,3,0,0,0,0,0.0
Te'von Coney,2019,LB,Notre Dame,2,,,,,8,3,0,0,0,0,0.0
C.J. Conrad,2019,TE,Kentucky,4,,,,29.2,8,3,0,0,0,0,0.0
Jonathan Crawford,2019,S,Indiana,4,,,,,8,3,0,0,0,0,0.0
Jamal Custis,2019,WR,Syracuse,4,4.5,40.0,,70.77,8,3,0,0,0,0,0.0
Davante Davis,2019,CB,Texas,2,4.57,17.78,,,8,3,0,0,0,0,0.0
Felton Davis,2019,WR,Michigan State,3,,,,100.0,8,3,0,0,0,0,0.0
Jamal Davis,2019,EDGE,Akron,10,4.6,76.92,,,8,3,0,0,0,0,0.0
Ryan Davis,2019,WR,Auburn,2,,,,44.46,8,3,0,0,0,0,0.0
Lukas Denis,2019,S,Boston College,4,4.64,24.44,,,8,3,0,0,0,0,0.0
D'Cota Dixon,2019,S,Wisconsin,3,4.81,0.0,,,8,3,0,0,0,0,0.0
Johnnie Dixon,2019,WR,Ohio State,1,4.41,58.0,,68.93,8,3,0,0,0,0,0.0
Tyrel Dodson,2019,LB,Texas A&M,2,4.6,50.0,,,8,3,0,0,0,0,0.0
Greg Dortch,2019,WR,Wake Forest,4,,,,100.0,8,3,0,0,0,0,0.0
Keelan Doss,2019,WR,UC Davis,10,,,,,8,3,0,0,0,0,0.0
Ashton Dulin,2019,WR,Malone University (Ohio),10,4.43,54.0,,,8,3,0,0,0,0,0.0
Jovon Durante,2019,WR,Florida Atlantic,2,4.55,30.0,,76.34,8,3,0,0,0,0,0.0
T.J. Edwards,2019,LB,Wisconsin,3,,,,,8,3,0,0,0,0,0.0
Jazz Ferguson,2019,WR,Northwestern State (LA),5,4.45,50.0,,,8,3,0,0,0,0,0.0
Mark Fields,2019,CB,Clemson,1,4.37,62.22,,,8,3,0,0,0,0,0.0
Nick Fitzgerald,2019,QB,Mississippi State,3,4.64,57.5,,49.43,8,3,0,0,0,0,0.0
Jack Fox,2019,P,Rice,6,4.73,41.54,,,8,3,0,0,0,0,0.0
Malik Gant,2019,S,Marshall,8,4.63,26.67,,,8,3,0,0,0,0,0.0
Joe Giles-Harris,2019,LB,Duke,4,4.75,20.0,,,8,3,0,0,0,0,0.0
Kevin Givens,2019,DL,Penn State,2,5.08,27.5,,,8,3,0,0,0,0,0.0
Dan Godsil,2019,LS,Indiana,4,5.0,0.0,,,8,3,0,0,0,0,0.0
Carl Granderson,2019,EDGE,Wyoming,7,4.79,47.69,,,8,3,0,0,0,0,0.0
Donnell Greene,2019,OT,Minnesota,4,,,,,8,3,0,0,0,0,0.0
Ethan Greenidge,2019,OL,Villanova,9,,,,,8,3,0,0,0,0,0.0
Porter Gustin,2019,EDGE,USC,2,4.69,63.08,,,8,3,0,0,0,0,0.0
Emanuel Hall,2019,WR,Missouri,4,4.39,62.0,,100.0,8,3,0,0,0,0,0.0
Nate Hall,2019,LB,Northwestern,5,,,,,8,3,0,0,0,0,0.0
Terez Hall,2019,LB,Missouri,4,,,,,8,3,0,0,0,0,0.0
Terrill Hanks,2019,LB,New Mexico State,7,4.98,0.0,,,8,3,0,0,0,0,0.0
Chase Hansen,2019,LB,Utah,3,,,,,8,3,0,0,0,0,0.0
Montre Hartage,2019,CB,Northwestern,5,4.68,0.0,,,8,3,0,0,0,0,0.0
Daniel Helm,2019,TE,Duke,4,4.89,18.33,,26.0,8,3,0,0,0,0,0.0
Nate Herbig,2019,OL,Stanford,3,5.41,16.47,,,8,3,0,0,0,0,0.0
Karan Higdon,2019,RB,Michigan,1,4.49,51.67,,100.0,8,3,0,0,0,0,0.0
Alijah Holder,2019,CB,Stanford,3,4.6,11.11,,,8,3,0,0,0,0,0.0
Elijah Holyfield,2019,RB,Georgia,1,4.78,3.33,,62.61,8,3,0,0,0,0,0.0
Albert Huggins,2019,DL,Clemson,1,5.12,22.5,,,8,3,0,0,0,0,0.0
Lil'Jordan Humphrey,2019,WR,Texas,2,4.75,0.0,,100.0,8,3,0,0,0,0,0.0
Mitch Hyatt,2019,OT,Clemson,1,,,,,8,3,0,0,0,0,0.0
Alec Ingold,2019,FB,Wisconsin,3,4.89,16.92,,,8,3,0,0,0,0,0.0
Martez Ivey,2019,OL,Florida,2,,,,,8,3,0,0,0,0,0.0
Tyree Jackson,2019,QB,Buffalo,8,4.59,63.75,,81.13,8,3,0,0,0,0,0.0
Andre James,2019,OT,UCLA,5,5.32,32.94,,,8,3,0,0,0,0,0.0
Cece Jefferson,2019,EDGE,Florida,2,5.02,12.31,,,8,3,0,0,0,0,0.0
Devon Johnson,2019,OT,Ferris State,10,5.16,51.76,,,8,3,0,0,0,0,0.0
Anthony Johnson,2019,WR,Buffalo,8,,,,100.0,8,3,0,0,0,0,0.0
Fred Johnson,2019,OL,Florida,2,,,,,8,3,0,0,0,0,0.0
Gary Johnson,2019,LB,Texas,2,4.43,84.0,,,8,3,0,0,0,0,0.0
Jordan Jones,2019,LB,Kentucky,4,4.62,46.0,,,8,3,0,0,0,0,0.0
Tyler Jones,2019,OT,NC State,4,,,,,8,3,0,0,0,0,0.0
Kendall Joseph,2019,LB,Clemson,1,,,,,8,3,0,0,0,0,0.0
Brandon Knight,2019,OT,Indiana,4,,,,,8,3,0,0,0,0,0.0
Tre Lamar,2019,LB,Clemson,1,,,,,8,3,0,0,0,0,0.0
Jonathan Ledbetter,2019,DL,Georgia,1,5.14,20.0,,,8,3,0,0,0,0,0.0
Damarkus Lodge,2019,WR,Ole Miss,3,4.55,30.0,,77.98,8,3,0,0,0,0,0.0
Mark McLaurin,2019,S,Mississippi State,3,4.77,0.0,,,8,3,0,0,0,0,0.0
Jakobi Meyers,2019,WR,NC State,4,4.63,14.0,,85.2,8,3,0,0,0,0,0.0
Jalin Moore,2019,RB,Appalachian State,8,,,,,8,3,0,0,0,0,0.0
Stanley Morgan,2019,WR,Nebraska,3,4.53,34.0,,92.17,8,3,0,0,0,0,0.0
Nyqwan Murray,2019,WR,Florida State,2,4.63,14.0,,54.02,8,3,0,0,0,0,0.0
Yosh Nijman,2019,OT,Virginia Tech,3,,,,,8,3,0,0,0,0,0.0
Iosua Opeta,2019,OL,Weber State,10,5.02,62.35,,,8,3,0,0,0,0,0.0
Jamal Peters,2019,CB,Mississippi State,3,4.63,4.44,,,8,3,0,0,0,0,0.0
Ryan Pope,2019,OT,San Diego State,7,,,,,8,3,0,0,0,0,0.0
Ryan Pulley,2019,CB,Arkansas,3,4.61,8.89,,,8,3,0,0,0,0,0.0
Wyatt Ray,2019,EDGE,Boston College,4,4.83,41.54,,,8,3,0,0,0,0,0.0
Dax Raymond,2019,TE,Utah State,7,4.73,45.0,,37.78,8,3,0,0,0,0,0.0
Tyler Roemer,2019,OT,San Diego State,7,5.21,45.88,,,8,3,0,0,0,0,0.0
Brett Rypien,2019,QB,Boise State,7,4.91,23.75,,91.68,8,3,0,0,0,0,0.0
Lj Scott,2019,RB,Michigan State,3,,,,33.89,8,3,0,0,0,0,0.0
Kyle Shurmur,2019,QB,Vanderbilt,4,4.91,23.75,,80.59,8,3,0,0,0,0,0.0
David Sills,2019,WR,West Virginia,4,4.57,26.0,,,8,3,0,0,0,0,0.0
Jaylen Smith,2019,WR,Louisville,4,4.47,46.0,,34.91,8,3,0,0,0,0,0.0
Saivion Smith,2019,CB,Alabama,1,,,,,8,3,0,0,0,0,0.0
William Sweet,2019,OT,North Carolina,3,5.27,38.82,,,8,3,0,0,0,0,0.0
Jordan Ta'amu,2019,QB,Ole Miss,3,4.77,41.25,,88.69,8,3,0,0,0,0,0.0
Trevon Tate,2019,OL,Memphis,6,,,,,8,3,0,0,0,0,0.0
Derrek Thomas,2019,CB,Baylor,3,4.44,46.67,,,8,3,0,0,0,0,0.0
Cody Thompson,2019,WR,Toledo,8,4.57,26.0,,78.67,8,3,0,0,0,0,0.0
Cole Tracy,2019,K,LSU,1,,,,,8,3,0,0,0,0,0.0
Jamarius Way,2019,WR,South Alabama,10,4.63,14.0,,100.0,8,3,0,0,0,0,0.0
Alex Wesley,2019,WR,Northern Colorado,10,4.45,50.0,,,8,3,0,0,0,0,0.0
Antoine Wesley,2019,WR,Texas Tech,4,,,,100.0,8,3,0,0,0,0,0.0
Darius West,2019,S,Kentucky,4,4.39,80.0,,,8,3,0,0,0,0,0.0
James Williams,2019,RB,Washington State,4,4.58,36.67,,73.51,8,3,0,0,0,0,0.0
Gerald Willis,2019,DL,Miami (FL),2,,,,,8,3,0,0,0,0,0.0
Andrew Wingard,2019,S,Wyoming,7,4.56,42.22,,,8,3,0,0,0,0,0.0
Daniel Wise,2019,DL,Kansas,10,5.28,2.5,,,8,3,0,0,0,0,0.0
Zedrick Woods,2019,S,Ole Miss,3,4.29,100.0,,,8,3,0,0,0,0,0.0
Evan Worthington,2019,S,Colorado,3,4.63,26.67,,,8,3,0,0,0,0,0.0
Trey Adams,2020,OL,Washington,2,5.6,0.0,,,8,3,0,0,0,0,0.0
Salvon Ahmed,2020,RB,Washington,2,4.62,30.0,,89.2,8,3,0,0,0,0,0.0
Jet Anderson,2020,RB,TCU,3,4.61,31.67,,,8,3,0,0,0,0,0.0
Grayland Arnold,2020,CB,Baylor,3,4.59,13.33,,,8,3,0,0,0,0,0.0
Joe Bachie,2020,LB,Michigan State,3,4.67,36.0,,,8,3,0,0,0,0,0.0
Trajan Bandy,2020,CB,Miami,2,4.5,33.33,,,8,3,0,0,0,0,0.0
Essang Bassey,2020,CB,Wake Forest,4,4.46,42.22,,,8,3,0,0,0,0,0.0
Omar Bayless,2020,WR,Arkansas State,3,4.62,16.0,,100.0,8,3,0,0,0,0,0.0
LeVante Bellamy,2020,RB,Western Michigan,8,4.5,50.0,,100.0,8,3,0,0,0,0,0.0
Francis Bernard,2020,LB,Utah,3,4.81,8.0,,,8,3,0,0,0,0,0.0
Daniel Bituli,2020,LB,Tennessee,2,4.84,2.0,,,8,3,0,0,0,0,0.0
Rodrigo Blankenship,2020,K,Georgia,1,,,,,8,3,0,0,0,0,0.0
Jacob Breeland,2020,TE,Oregon,2,,,,100.0,8,3,0,0,0,0,0.0
Tony Brown,2020,WR,Colorado,3,4.65,10.0,,63.32,8,3,0,0,0,0,0.0
Hunter Bryant,2020,TE,Washington,2,4.74,43.33,,63.81,8,3,0,0,0,0,0.0
Kelly Bryant,2020,QB,Missouri,4,4.69,51.25,,69.08,8,3,0,0,0,0,0.0
Myles Bryant,2020,CB,Washington,2,4.62,6.67,,,8,3,0,0,0,0,0.0
Cohl Cabral,2020,OL,Arizona State,3,,,,,8,3,0,0,0,0,0.0
Lawrence Cager,2020,WR,Georgia,1,,,,69.62,8,3,0,0,0,0,0.0
Marquez Callaway,2020,WR,Tennessee,2,4.55,30.0,,69.27,8,3,0,0,0,0,0.0
Shyheim Carter,2020,S,Alabama,1,,,,,8,3,0,0,0,0,0.0
Joseph Charlton,2020,P,South Carolina,3,,,,,8,3,0,0,0,0,0.0
Nevelle Clarke,2020,CB,UCF,4,,,,,8,3,0,0,0,0,0.0
Rodney Clemons,2020,S,SMU,6,4.71,8.89,,,8,3,0,0,0,0,0.0
Josiah Coatney,2020,DL,Ole Miss,3,5.21,11.25,,,8,3,0,0,0,0,0.0
Nick Coe,2020,LB,Auburn,2,4.89,0.0,,,8,3,0,0,0,0,0.0
Kendall Coleman,2020,DL,Syracuse,4,4.95,43.75,,,8,3,0,0,0,0,0.0
Trystan Colon-Castillo,2020,OL,Missouri,4,,,,,8,3,0,0,0,0,0.0
Darrion Daniels,2020,DL,Nebraska,3,5.18,15.0,,,8,3,0,0,0,0,0.0
Kevin Davidson,2020,QB,Princeton,10,5.0,12.5,,,8,3,0,0,0,0,0.0
Javaris Davis,2020,CB,Auburn,2,4.39,57.78,,,8,3,0,0,0,0,0.0
Quartney Davis,2020,WR,Texas A&M,2,4.54,32.0,,57.38,8,3,0,0,0,0,0.0
Michael Divinity,2020,LB,LSU,1,4.85,0.0,,,8,3,0,0,0,0,0.0
Rico Dowdle,2020,RB,South Carolina,3,4.54,43.33,,46.68,8,3,0,0,0,0,0.0
Yasir Durant,2020,OL,Missouri,4,5.52,3.53,,,8,3,0,0,0,0,0.0
Jalen Elliott,2020,S,Notre Dame,2,4.8,0.0,,,8,3,0,0,0,0,0.0
Chris Finke,2020,WR,Notre Dame,2,4.57,26.0,,38.39,8,3,0,0,0,0,0.0
Aaron Fuller,2020,WR,Washington,2,4.59,22.0,,73.36,8,3,0,0,0,0,0.0
Tipa Galeai,2020,LB,Utah State,7,,,,,8,3,0,0,0,0,0.0
Cale Garrett,2020,LB,Missouri,4,4.92,0.0,,,8,3,0,0,0,0,0.0
Anthony Gordon,2020,QB,Washington State,4,,,,100.0,8,3,0,0,0,0,0.0
A.J. Green,2020,CB,Oklahoma State,3,4.62,6.67,,,8,3,0,0,0,0,0.0
Javelin Guidry,2020,CB,Utah,3,4.29,80.0,,,8,3,0,0,0,0,0.0
Stephen Guidry,2020,WR,Mississippi State,3,4.47,46.0,,43.17,8,3,0,0,0,0,0.0
LaDarius Hamilton,2020,DL,North Texas,10,4.89,51.25,,,8,3,0,0,0,0,0.0
Scoota Harris,2020,LB,Arkansas,3,4.69,32.0,,,8,3,0,0,0,0,0.0
JaMycal Hasty,2020,RB,Baylor,3,4.55,41.67,,47.85,8,3,0,0,0,0,0.0
Brian Herrien,2020,RB,Georgia,1,4.62,30.0,,46.57,8,3,0,0,0,0,0.0
Lavert Hill,2020,CB,Michigan,1,,,,,8,3,0,0,0,0,0.0
Trevon Hill,2020,DL,Miami,2,4.89,51.25,,,8,3,0,0,0,0,0.0
Cordel Iwuagwu,2020,OL,TCU,3,5.22,38.82,,,8,3,0,0,0,0,0.0
Lamar Jackson,2020,CB,Nebraska,3,4.58,15.56,,,8,3,0,0,0,0,0.0
Trishton Jackson,2020,WR,Syracuse,4,4.5,40.0,,100.0,8,3,0,0,0,0,0.0
Juwan Johnson,2020,WR,Oregon,2,4.58,24.0,,71.54,8,3,0,0,0,0,0.0
Benito Jones,2020,DL,Ole Miss,3,5.26,5.0,,,8,3,0,0,0,0,0.0
Tony Jones,2020,RB,Notre Dame,2,4.68,20.0,,58.02,8,3,0,0,0,0,0.0
Azur Kamara,2020,LB,Kansas,10,4.59,52.0,,,8,3,0,0,0,0,0.0
Javon Leake,2020,RB,Maryland,4,4.65,25.0,,65.88,8,3,0,0,0,0,0.0
Benny LeMay,2020,RB,Charlotte,10,4.75,8.33,,99.66,8,3,0,0,0,0,0.0
Brian Lewerke,2020,QB,Michigan State,3,4.95,18.75,,66.61,8,3,0,0,0,0,0.0
Kalija Lipscomb,2020,WR,Vanderbilt,4,4.57,26.0,,50.42,8,3,0,0,0,0,0.0
Austin Mack,2020,WR,Ohio State,1,4.59,22.0,,42.25,8,3,0,0,0,0,0.0
Jordan Mack,2020,LB,Virginia,4,,,,,8,3,0,0,0,0,0.0
Sean McKeon,2020,TE,Michigan,1,,,,31.68,8,3,0,0,0,0,0.0
Chris Miller,2020,S,Baylor,3,4.61,31.11,,,8,3,0,0,0,0,0.0
John Molchon,2020,OL,Boise State,7,5.13,49.41,,,8,3,0,0,0,0,0.0
JJ Molson,2020,K,UCLA,5,,,,,8,3,0,0,0,0,0.0
Steven Montez,2020,QB,Colorado,3,4.68,52.5,,65.09,8,3,0,0,0,0,0.0
Thaddeus Moss,2020,TE,LSU,1,,,,32.03,8,3,0,0,0,0,0.0
Kyle Murphy,2020,OL,Rhode Island,10,5.3,29.41,,,8,3,0,0,0,0,0.0
C.J. O'Grady,2020,TE,Arkansas,3,4.81,31.67,,,8,3,0,0,0,0,0.0
Sewo Olonilua,2020,RB,TCU,3,4.66,23.33,,52.83,8,3,0,0,0,0,0.0
Dante Olson,2020,LB,Montana,9,4.88,0.0,,,8,3,0,0,0,0,0.0
Aaron Parker,2020,WR,Rhode Island,10,4.57,26.0,,,8,3,0,0,0,0,0.0
Shea Patterson,2020,QB,Michigan,1,4.71,48.75,,70.93,8,3,0,0,0,0,0.0
Alex Pechin,2020,P,Bucknell,10,4.69,47.69,,,8,3,0,0,0,0,0.0
Scottie Phillips,2020,RB,Ole Miss,3,4.56,40.0,,59.91,8,3,0,0,0,0,0.0
James Pierre,2020,CB,Florida Atlantic,2,4.59,13.33,,,8,3,0,0,0,0,0.0
Michael Pinckney,2020,LB,Miami,2,,,,,8,3,0,0,0,0,0.0
Jared Pinkney,2020,TE,Vanderbilt,4,4.96,6.67,,34.34,8,3,0,0,0,0,0.0
J.R. Reed,2020,S,Georgia,1,4.54,46.67,,,8,3,0,0,0,0,0.0
Chauncey Rivers,2020,DL,Mississippi State,3,4.97,41.25,,,8,3,0,0,0,0,0.0
Malcolm Roach,2020,DL,Texas,2,4.84,57.5,,,8,3,0,0,0,0,0.0
James Robinson,2020,RB,Illinois State,4,4.64,26.67,,,8,3,0,0,0,0,0.0
Kendrick Rogers,2020,WR,Texas A&M,2,4.51,38.0,,40.36,8,3,0,0,0,0,0.0
Stanford Samuels,2020,CB,Florida State,2,4.65,0.0,,,8,3,0,0,0,0,0.0
Qaadir Sheppard,2020,DL,Ole Miss,3,4.83,58.75,,,8,3,0,0,0,0,0.0
Arryn Siposs,2020,P,Auburn,2,5.09,0.0,,,8,3,0,0,0,0,0.0
Terence Steele,2020,OL,Texas Tech,4,5.03,61.18,,,8,3,0,0,0,0,0.0
Darrell Stewart,2020,WR,Michigan State,3,,,,88.84,8,3,0,0,0,0,0.0
Charlie Taumoepeau,2020,TE,Portland State,10,4.75,41.67,,,8,3,0,0,0,0,0.0
Alex Taylor,2020,OL,South Carolina State,3,5.09,54.12,,,8,3,0,0,0,0,0.0
J.J. Taylor,2020,RB,Arizona,4,4.61,31.67,,53.53,8,3,0,0,0,0,0.0
Patrick Taylor,2020,RB,Memphis,6,4.57,38.33,,71.57,8,3,0,0,0,0,0.0
Jeff Thomas,2020,WR,Miami,2,4.45,50.0,,39.62,8,3,0,0,0,0,0.0
Calvin Throckmorton,2020,OL,Oregon,2,5.57,0.0,,,8,3,0,0,0,0,0.0
Tommy Townsend,2020,P,Florida,2,4.75,38.46,,,8,3,0,0,0,0,0.0
Michael Turk,2020,P,Arizona State,3,4.79,32.31,,,8,3,0,0,0,0,0.0
Ben Victor,2020,WR,Ohio State,1,4.6,20.0,,,8,3,0,0,0,0,0.0
Mike Warren,2020,RB,Cincinnati,4,,,,,8,3,0,0,0,0,0.0
Cody White,2020,WR,Michigan State,3,4.66,8.0,,71.96,8,3,0,0,0,0,0.0
Mitchell Wilcox,2020,TE,South Florida,6,4.88,20.0,,23.23,8,3,0,0,0,0,0.0
Darryl Williams,2020,OL,Mississippi State,3,5.23,37.65,,,8,3,0,0,0,0,0.0
Raequan Williams,2020,DL,Michigan State,3,5.04,32.5,,,8,3,0,0,0,0,0.0
Steven Wirtel,2020,LS,Iowa State,4,4.76,36.92,,,8,3,0,0,0,0,0.0
Dom Wood-Anderson,2020,TE,Tennessee,2,4.92,13.33,,,8,3,0,0,0,0,0.0
David Woodward,2020,LB,Utah State,7,4.79,12.0,,,8,3,0,0,0,0,0.0
