name,draft_year,position,college,conference_tier,combine_forty,combine_speed_score,games_college,production_score,draft_round,draft_grade,nfl_success,experience_years,pro_bowls,seasons_started,career_av,height_in,weight_lb,vertical,bench,broad_in,cone,shuttle,age
Courtney Brown,2000,DE,Penn State,2,4.78,49.23,,,1,0,1,6,0,4,27.0,77.0,269.0,,,,,,22.0
LaVar Arrington,2000,LB,Penn State,2,4.53,64.0,,,1,0,1,7,3,5,46.0,75.0,250.0,,,,,,22.0
Chris Samuels,2000,OT,Alabama,1,5.08,61.18,,,1,0,1,10,6,9,63.0,77.0,325.0,,,,,,23.0
Peter Warrick,2000,WR,Florida State,2,4.58,24.0,,,1,0,1,6,0,4,27.0,71.0,194.0,,,,,,23.0
Jamal Lewis,2000,RB,Tennessee,2,4.58,36.67,,,1,0,1,10,1,9,69.0,72.0,240.0,,23.0,,,,21.0
Corey Simon,2000,DT,Florida State,2,4.83,65.0,,,1,0,1,8,1,6,45.0,74.0,297.0,,,,,,23.0
Thomas Jones,2000,RB,Virginia,4,4.45,58.33,,,1,0,1,12,1,9,62.0,70.0,216.0,,,,,,22.0
Plaxico Burress,2000,WR,Michigan State,3,4.59,22.0,,,1,0,1,13,0,10,70.0,77.0,231.0,33.0,,115.0,,,23.0
Brian Urlacher,2000,LB,New Mexico,7,4.59,52.0,,,1,0,1,13,8,12,119.0,76.0,258.0,34.0,27.0,122.0,6.94,4.18,22.0
Travis Taylor,2000,WR,Florida,2,4.43,54.0,,,1,0,1,8,0,7,30.0,73.0,199.0,37.0,,118.0,7.15,,22.0
Ron Dayne,2000,RB,Wisconsin,3,4.65,25.0,,,1,0,0,8,0,1,23.0,71.0,259.0,,,,,,22.0
Shaun Ellis,2000,DE,Tennessee,2,4.85,38.46,,,1,0,1,12,2,11,70.0,76.0,280.0,,,,,,23.0
John Abraham,2000,DE,South Carolina,3,4.55,84.62,,,1,0,1,15,5,11,91.0,76.0,252.0,,,,,,22.0
Bubba Franks,2000,TE,Miami (FL),2,4.85,25.0,,,1,0,1,9,3,6,20.0,78.0,265.0,,,,,,22.0
Deltha O'Neal,2000,DB,California,4,4.6,22.22,,,1,0,1,9,2,6,45.0,71.0,193.0,,,,,,23.0
Julian Peterson,2000,LB,Michigan State,3,4.68,34.0,,,1,0,1,11,5,9,69.0,77.0,231.0,,,,,,22.0
Sebastian Janikowski,2000,K,Florida State,2,,,,,1,0,1,19,1,0,41.0,73.0,260.0,,,,,,22.0
Chad Pennington,2000,QB,Marshall,8,4.81,36.25,,,1,0,1,11,0,5,55.0,75.0,229.0,33.5,,111.0,7.12,4.16,24.0
Shaun Alexander,2000,RB,Alabama,1,4.58,36.67,,,1,0,1,9,3,7,68.0,72.0,218.0,,,,,,23.0
Stockar McDougle,2000,OT,Oklahoma,2,5.5,11.76,,,1,0,1,7,0,3,23.0,77.0,361.0,,24.0,,,,23.0
Sylvester Morris,2000,WR,Jackson State,10,4.6,20.0,,,1,0,0,1,0,1,6.0,75.0,216.0,34.5,,119.0,7.06,4.17,22.0
Chris McIntosh,2000,OT,Wisconsin,3,5.39,24.71,,,1,0,0,2,0,1,8.0,78.0,315.0,,28.0,,,,23.0
Rashard Anderson,2000,DB,Jackson State,10,4.55,33.33,,,1,0,0,2,0,1,6.0,74.0,206.0,34.0,,123.0,7.18,4.15,23.0
Ahmed Plummer,2000,DB,Ohio State,1,4.43,60.0,,,1,0,1,6,0,5,24.0,71.0,191.0,,,,,,24.0
Chris Hovan,2000,DT,Boston College,4,4.99,45.0,,,1,0,1,10,0,10,56.0,74.0,305.0,30.0,35.0,101.0,6.85,4.16,22.0
Erik Flowers,2000,DE,Arizona State,3,4.75,53.85,,,1,0,0,5,0,0,6.0,76.0,271.0,33.0,24.0,114.0,7.21,4.15,22.0
Anthony Becht,2000,TE,West Virginia,4,4.78,36.67,,,1,0,1,12,0,9,12.0,78.0,270.0,33.5,,123.0,6.94,4.08,23.0
Rob Morris,2000,LB,BYU,5,4.77,16.0,,,1,0,1,8,0,4,24.0,74.0,250.0,33.0,18.0,113.0,6.93,4.17,25.0
R. Jay Soward,2000,WR,USC,2,4.34,72.0,,,1,0,0,1,0,0,2.0,69.0,177.0,35.0,,124.0,,,22.0
Keith Bulluck,2000,LB,Syracuse,4,4.47,76.0,,,1,0,1,11,1,9,74.0,75.0,244.0,38.0,,119.0,7.33,4.13,23.0
Trung Canidate,2000,RB,Arizona,4,4.41,65.0,,,1,0,0,4,0,1,11.0,71.0,193.0,,18.0,,,,23.0
Dennis Northcutt,2000,WR,Arizona,4,4.43,54.0,,,2,0,1,10,0,3,41.0,70.0,175.0,37.5,,123.0,6.96,4.04,22.0
Darren Howard,2000,DE,Kansas State,4,5.09,1.54,,,2,0,1,10,0,6,42.0,76.0,281.0,29.0,,108.0,7.0,4.32,23.0
Mark Roman,2000,DB,LSU,1,4.55,33.33,,,2,0,1,10,0,7,38.0,71.0,188.0,,,,,,23.0
John Engelberger,2000,DE,Virginia Tech,3,4.73,56.92,,,2,0,1,9,0,5,31.0,76.0,260.0,34.0,24.0,115.0,6.95,4.28,23.0
Todd Pinkston,2000,WR,Southern Miss,10,4.45,50.0,,,2,0,1,5,0,4,25.0,74.0,169.0,,,,,,23.0
Travis Claridge,2000,OG,USC,2,5.15,53.33,,,2,0,1,4,0,3,23.0,77.0,303.0,31.5,29.0,100.0,7.77,4.86,22.0
Marvel Smith,2000,OT,Arizona State,3,5.37,27.06,,,2,0,1,9,1,7,44.0,77.0,320.0,27.5,24.0,100.0,7.87,4.83,22.0
Mike Brown,2000,DB,Nebraska,3,4.59,24.44,,,2,0,1,10,1,7,56.0,70.0,204.0,36.0,14.0,116.0,6.93,4.01,22.0
Ian Gold,2000,LB,Michigan,1,4.56,58.0,,,2,0,1,8,1,5,39.0,73.0,221.0,33.0,21.0,115.0,6.97,4.19,22.0
Raynoch Thompson,2000,LB,Tennessee,2,4.65,40.0,,,2,0,1,5,0,4,19.0,75.0,220.0,,,,,,22.0
Cornelius Griffin,2000,DT,Alabama,1,4.9,56.25,,,2,0,1,10,0,9,58.0,75.0,297.0,31.0,30.0,111.0,7.63,4.62,23.0
Rogers Beckett,2000,DB,Marshall,8,4.62,17.78,,,2,0,1,5,0,3,17.0,73.0,207.0,39.5,15.0,119.0,6.48,4.29,23.0
Chad Clifton,2000,OT,Tennessee,2,5.05,64.71,,,2,0,1,12,2,10,72.0,77.0,334.0,30.5,24.0,102.0,7.58,4.73,24.0
Kenoy Kennedy,2000,DB,Arkansas,3,4.71,0.0,,,2,0,1,8,0,7,34.0,73.0,221.0,33.5,8.0,113.0,7.08,4.38,22.0
Adrian Klemm,2000,OG,Hawaii,7,4.98,76.0,,,2,0,0,6,0,0,10.0,76.0,307.0,,24.0,,,,23.0
Jerry Porter,2000,WR,West Virginia,4,4.48,44.0,,,2,0,1,9,0,4,33.0,74.0,221.0,,,,,,22.0
Jason Webster,2000,DB,Texas A&M,2,4.42,62.22,,,2,0,1,9,0,5,26.0,69.0,180.0,35.5,17.0,122.0,6.76,3.98,22.0
Dwayne Goodrich,2000,DB,Tennessee,2,4.45,55.56,,,2,0,0,3,0,0,1.0,71.0,195.0,,,,,,22.0
Barrett Green,2000,LB,West Virginia,4,4.56,58.0,,,2,0,1,6,0,4,20.0,72.0,233.0,36.0,22.0,120.0,,,22.0
Cosey Coleman,2000,OG,Tennessee,2,5.4,20.0,,,2,0,1,7,0,6,35.0,76.0,322.0,28.0,,101.0,8.15,4.97,21.0
Ike Charlton,2000,DB,Virginia Tech,3,4.47,51.11,,,2,0,0,4,0,0,5.0,71.0,205.0,,16.0,126.0,,,22.0
Todd Wade,2000,OT,Ole Miss,3,5.22,44.71,,,2,0,1,8,0,7,41.0,80.0,326.0,27.5,29.0,101.0,7.68,4.68,23.0
William Bartee,2000,DB,Oklahoma,2,4.43,60.0,,,2,0,0,6,0,2,13.0,73.0,192.0,38.5,,124.0,6.7,3.99,23.0
Fred Robbins,2000,DT,Wake Forest,4,5.09,32.5,,,2,0,1,12,0,10,51.0,76.0,312.0,29.5,25.0,94.0,7.72,4.72,23.0
Michael Boireau,2000,DE,Miami (FL),2,5.09,1.54,,,2,0,0,0,0,0,0.0,76.0,274.0,29.0,26.0,105.0,7.68,4.49,
Deon Grant,2000,DB,Tennessee,2,4.5,44.44,,,2,0,1,12,0,10,56.0,74.0,209.0,,15.0,,,,21.0
Travares Tillman,2000,DB,Georgia Tech,3,4.6,22.22,,,2,0,0,8,0,1,13.0,73.0,194.0,37.5,15.0,123.0,6.95,4.29,22.0
Marcus Washington,2000,LB,Auburn,2,,,,,2,0,1,9,1,8,53.0,,,,,,,,22.0
Brad Meester,2000,C,Northern Iowa,10,5.12,64.0,,,2,0,1,14,0,14,74.0,75.0,298.0,34.0,25.0,110.0,7.46,4.43,23.0
Bobbie Williams,2000,OG,Arkansas,3,5.26,38.67,,,2,0,1,13,0,9,55.0,76.0,332.0,29.0,28.0,97.0,7.78,4.72,23.0
Jacoby Shepherd,2000,DB,Oklahoma State,3,4.53,37.78,,,2,0,0,4,0,0,1.0,73.0,195.0,35.0,5.0,120.0,,,21.0
Travis Prentice,2000,RB,Miami (OH),8,4.5,50.0,,,3,1,0,2,0,1,4.0,72.0,225.0,37.0,23.0,115.0,6.92,4.4,23.0
Lloyd Harrison,2000,DB,NC State,4,4.5,44.44,,,3,1,0,3,0,0,1.0,70.0,190.0,37.5,16.0,119.0,7.12,4.25,23.0
Giovanni Carmazzi,2000,QB,Hofstra,10,4.74,45.0,,,3,1,0,0,0,0,0.0,75.0,224.0,36.5,,119.0,6.94,4.23,
Ron Dugans,2000,WR,Florida State,2,4.58,24.0,,,3,1,0,3,0,0,6.0,73.0,206.0,,,117.0,,,23.0
Mark Simoneau,2000,LB,Kansas State,4,4.6,50.0,,,3,1,1,11,0,4,29.0,72.0,237.0,36.0,24.0,117.0,7.08,4.09,23.0
Erron Kinney,2000,TE,Florida,2,4.9,16.67,,,3,1,1,6,0,6,15.0,78.0,272.0,,,,,,23.0
Dez White,2000,WR,Georgia Tech,3,4.62,16.0,,,3,1,1,6,0,4,18.0,73.0,218.0,37.5,,124.0,6.91,4.09,21.0
Chris Cole,2000,WR,Texas A&M,2,4.37,66.0,,,3,1,0,4,0,0,1.0,72.0,191.0,37.5,,125.0,6.76,4.09,22.0
Darwin Walker,2000,DT,Tennessee,2,4.82,66.25,,,3,1,1,9,0,5,38.0,74.0,293.0,,,,,,23.0
Kendrick Clancy,2000,DT,Ole Miss,3,5.25,12.5,,,3,1,1,10,0,3,24.0,73.0,283.0,27.5,25.0,108.0,7.98,4.65,21.0
Ron Dixon,2000,WR,Lambuth,10,,,,,3,1,0,3,0,0,6.0,,,,,,,,24.0
Steve Warren,2000,DT,Nebraska,3,5.1,31.25,,,3,1,0,3,0,0,2.0,73.0,307.0,30.5,29.0,105.0,7.97,4.56,22.0
Chris Redman,2000,QB,Louisville,4,5.37,0.0,,,3,1,0,12,0,0,9.0,75.0,222.0,26.5,,98.0,7.8,4.78,23.0
J.R. Redmond,2000,RB,Arizona State,3,4.48,53.33,,,3,1,0,5,0,0,9.0,71.0,216.0,32.5,,121.0,,,22.0
Hank Poteat,2000,DB,Pittsburgh,3,4.57,28.89,,,3,1,0,10,0,1,16.0,70.0,197.0,37.0,16.0,126.0,6.66,4.0,23.0
Laveranues Coles,2000,WR,Florida State,2,4.41,58.0,,,3,1,1,10,1,9,68.0,71.0,192.0,34.0,,115.0,6.89,4.39,22.0
JaJuan Dawson,2000,WR,Tulane,6,4.55,30.0,,,3,1,0,3,0,0,5.0,73.0,199.0,34.0,,117.0,6.96,4.16,22.0
Darrell Jackson,2000,WR,Florida,2,4.56,28.0,,,3,1,1,9,0,7,55.0,72.0,197.0,,,,,,21.0
Reuben Droughns,2000,RB,Oregon,2,4.66,23.33,,,3,1,1,9,0,3,27.0,71.0,215.0,30.0,13.0,115.0,7.34,4.41,22.0
Leander Jordan,2000,OT,Indiana (PA),4,5.46,16.47,,,3,1,0,6,0,1,9.0,76.0,330.0,31.0,25.0,104.0,7.91,4.76,22.0
Damion McIntosh,2000,OT,Kansas State,4,5.31,34.12,,,3,1,1,10,0,8,38.0,76.0,328.0,26.0,23.0,97.0,7.72,4.71,23.0
Ben Kelly,2000,DB,Colorado,3,4.53,37.78,,,3,1,0,3,0,0,0.0,69.0,183.0,36.0,17.0,116.0,6.63,3.95,21.0
Greg Wesley,2000,DB,Ark-Pine Bluff,10,,,,,3,1,1,8,0,7,39.0,,,,,,,,22.0
Jeff Ulbrich,2000,LB,Hawaii,7,4.65,40.0,,,3,1,1,10,0,4,31.0,72.0,249.0,32.0,24.0,109.0,7.23,4.3,23.0
Dustin Lyman,2000,TE,Wake Forest,4,4.7,50.0,,,3,1,0,5,0,1,2.0,76.0,259.0,35.0,22.0,118.0,6.86,4.06,24.0
Doug Chapman,2000,RB,Marshall,8,4.56,40.0,,,3,1,0,4,0,0,3.0,70.0,215.0,38.5,16.0,128.0,6.84,4.2,23.0
Corey Moore,2000,LB,Virginia Tech,3,4.6,50.0,,,3,1,0,2,0,0,3.0,71.0,223.0,,21.0,,,,23.0
Nate Webster,2000,LB,Miami (FL),2,,,,,3,1,0,9,0,2,19.0,,,,,,,,22.0
David Macklin,2000,DB,Penn State,2,4.54,35.56,,,3,1,1,9,0,4,29.0,69.0,194.0,37.5,,120.0,6.9,4.09,22.0
T.J. Slaughter,2000,LB,Southern Miss,10,4.87,0.0,,,3,1,1,7,0,3,17.0,72.0,247.0,30.0,24.0,112.0,7.08,4.26,23.0
Byron Frisch,2000,DE,BYU,5,4.73,56.92,,,3,1,0,3,0,0,2.0,76.0,281.0,34.5,31.0,114.0,7.2,4.41,23.0
John St. Clair,2000,OT,Virginia,4,,,,,3,1,1,11,0,5,30.0,,,,,,,,23.0
Lewis Sanders,2000,DB,Maryland,4,4.5,44.44,,,4,1,0,9,0,0,14.0,72.0,202.0,37.0,10.0,116.0,,,22.0
Terrelle Smith,2000,FB,Arizona State,3,5.0,0.0,,,4,1,1,10,0,8,3.0,72.0,249.0,32.5,19.0,109.0,8.38,4.85,22.0
Curtis Keaton,2000,RB,James Madison,8,4.41,65.0,,,4,1,0,3,0,0,0.0,70.0,214.0,41.5,23.0,131.0,6.82,3.93,23.0
Na'il Diggs,2000,LB,Ohio State,1,4.66,38.0,,,4,1,1,12,0,10,55.0,76.0,231.0,,,,,,22.0
Gari Scott,2000,WR,Michigan State,3,4.59,22.0,,,4,1,0,2,0,0,0.0,72.0,194.0,33.5,,119.0,,,22.0
Michael Thompson,2000,OT,Tennessee State,2,5.28,37.65,,,4,1,0,3,0,0,3.0,76.0,305.0,26.0,16.0,104.0,7.99,4.73,23.0
Jerry Johnson,2000,DT,Florida State,2,5.03,40.0,,,4,1,0,2,0,0,1.0,72.0,293.0,28.5,26.0,102.0,,,23.0
David Barrett,2000,DB,Arkansas,3,4.44,57.78,,,4,1,1,9,0,6,31.0,70.0,199.0,37.5,16.0,116.0,6.81,4.04,22.0
Danny Farmer,2000,WR,UCLA,5,4.58,24.0,,,4,1,0,3,0,0,5.0,75.0,217.0,,,,,,23.0
Kaulana Noa,2000,OT,Hawaii,7,5.34,30.59,,,4,1,0,0,0,0,0.0,76.0,317.0,25.5,27.0,98.0,7.82,4.74,
Brandon Short,2000,LB,Penn State,2,4.72,26.0,,,4,1,1,7,0,5,32.0,75.0,252.0,,,,,,23.0
Antonio Wilson,2000,LB,Texas A&M-Commerce,2,4.56,58.0,,,4,1,0,3,0,0,2.0,74.0,245.0,,11.0,,,,22.0
Junior Ioane,2000,DT,Arizona State,3,5.12,28.75,,,4,1,0,6,0,0,4.0,75.0,324.0,,,,,,23.0
John Keith,2000,DB,Furman,9,,,,,4,1,0,4,0,0,3.0,,,,,,,,23.0
Kareem Larrimore,2000,DB,West Texas A&M,10,4.42,62.22,,,4,1,0,2,0,0,3.0,71.0,190.0,34.0,,125.0,,,24.0
Aaron Shea,2000,TE,Michigan,1,4.81,31.67,,,4,1,0,6,0,0,6.0,76.0,253.0,37.5,,114.0,6.72,4.3,23.0
Trevor Gaylor,2000,WR,Miami (OH),8,4.56,28.0,,,4,1,0,3,0,0,7.0,75.0,199.0,37.5,,121.0,7.03,4.29,22.0
Cooper Carlisle,2000,OG,Florida,2,5.16,52.0,,,4,1,1,13,0,8,54.0,77.0,297.0,31.0,28.0,100.0,7.82,4.48,23.0
Leonardo Carson,2000,DT,Auburn,2,5.06,36.25,,,4,1,0,5,0,2,16.0,73.0,283.0,28.0,22.0,106.0,7.82,4.75,23.0
Anthony Lucas,2000,WR,Arkansas,3,4.53,34.0,,,4,1,0,0,0,0,0.0,75.0,194.0,35.0,,121.0,,,
Frank Moreau,2000,RB,Louisville,4,4.57,38.33,,,4,1,0,2,0,0,1.0,73.0,231.0,36.0,23.0,117.0,,,23.0
Marcus Bell,2000,LB,Arizona,4,4.78,14.0,,,4,1,0,3,0,1,7.0,74.0,237.0,31.5,21.0,111.0,7.17,4.33,23.0
Deon Dyer,2000,FB,North Carolina,3,4.99,1.54,,,4,1,0,3,0,0,0.0,71.0,260.0,28.0,,104.0,7.88,4.81,22.0
Tyrone Carter,2000,DB,Minnesota,4,4.5,44.44,,,4,1,0,11,0,2,27.0,68.0,190.0,41.0,16.0,121.0,6.75,4.19,24.0
Isaiah Kacyvenski,2000,LB,Harvard,10,,,,,4,1,0,7,0,2,16.0,,,,,,,,22.0
Alvin McKinley,2000,DE,Mississippi State,3,5.09,1.54,,,4,1,1,8,0,3,22.0,76.0,289.0,27.5,22.0,102.0,7.73,4.61,22.0
Avion Black,2000,WR,Tennessee State,2,,,,,4,1,0,3,0,0,2.0,,,,,,,,23.0
Josh Williams,2000,DT,Michigan,1,4.9,56.25,,,4,1,0,6,0,2,19.0,75.0,282.0,30.5,,111.0,7.22,4.25,24.0
Joey Chustz,2000,OT,Louisiana Tech,5,5.08,61.18,,,4,1,0,0,0,0,0.0,79.0,304.0,31.0,28.0,103.0,7.65,4.65,
Bobby Myers,2000,DB,Wisconsin,3,4.56,31.11,,,4,1,0,2,0,0,3.0,73.0,183.0,37.5,,123.0,7.04,4.1,23.0
Reggie Austin,2000,DB,Wake Forest,4,4.44,57.78,,,4,1,0,3,0,0,3.0,69.0,175.0,35.0,17.0,119.0,7.03,4.14,23.0
Gary Berry,2000,DB,Ohio State,1,4.55,33.33,,,4,1,0,1,0,0,0.0,71.0,204.0,,,,,,22.0
Greg Randall,2000,OT,Michigan State,3,5.59,1.18,,,4,1,0,4,0,2,18.0,78.0,333.0,26.0,22.0,95.0,8.15,5.13,22.0
Peter Sirmon,2000,LB,Oregon,2,4.84,2.0,,,4,1,1,7,0,4,25.0,74.0,246.0,34.5,20.0,115.0,7.21,4.27,23.0
Michael Moore,2000,OG,Troy,8,,,,,4,1,0,5,0,0,1.0,,,,,,,,23.0
Anthony Malbrough,2000,DB,Texas Tech,4,4.44,57.78,,,5,2,0,1,0,0,1.0,69.0,184.0,35.5,20.0,117.0,6.73,4.0,23.0
Tutan Reyes,2000,OG,Ole Miss,3,5.37,24.0,,,5,2,0,9,0,2,19.0,75.0,299.0,26.5,20.0,99.0,7.49,4.88,22.0
Paul Smith,2000,RB,UTEP,6,4.65,25.0,,,5,2,0,8,0,0,3.0,71.0,220.0,,25.0,,,,22.0
Robert Bean,2000,DB,Mississippi State,3,4.5,44.44,,,5,2,0,3,0,0,5.0,71.0,178.0,34.5,,122.0,6.87,4.2,22.0
Anthony Midget,2000,DB,Virginia Tech,3,,,,,5,2,0,0,0,0,0.0,,,,,,,,
Aric Morris,2000,DB,Michigan State,3,4.56,31.11,,,5,2,0,4,0,1,5.0,69.0,211.0,,24.0,,,,23.0
Mao Tosi,2000,DT,Idaho,10,5.26,11.25,,,5,2,0,2,0,1,4.0,77.0,310.0,28.5,19.0,99.0,7.72,4.6,23.0
Clark Haggans,2000,LB,Colorado State,7,4.97,0.0,,,5,2,1,13,0,7,46.0,75.0,253.0,31.5,20.0,109.0,7.12,4.21,23.0
Matt Johnson,2000,OG,BYU,5,5.56,0.0,,,5,2,0,0,0,0,0.0,76.0,345.0,28.0,35.0,99.0,8.07,4.99,
Brian Young,2000,DT,UTEP,6,4.94,51.25,,,5,2,1,9,0,6,39.0,74.0,278.0,29.5,27.0,106.0,7.2,4.47,23.0
Ralph Brown,2000,DB,Nebraska,3,4.55,33.33,,,5,2,0,10,0,0,12.0,70.0,185.0,,10.0,,,,21.0
Dave Stachelski,2000,TE,Boise State,7,4.78,36.67,,,5,2,0,2,0,0,0.0,75.0,250.0,38.0,24.0,115.0,6.84,4.14,23.0
Shane Lechler,2000,P,Texas A&M,2,,,,,5,2,1,18,7,0,44.0,74.0,234.0,,,,,,24.0
Windrell Hayes,2000,WR,USC,2,4.5,40.0,,,5,2,0,2,0,0,1.0,71.0,204.0,,,,7.33,4.18,23.0
Michael Wiley,2000,RB,Ohio State,1,4.5,50.0,,,5,2,0,3,0,0,4.0,71.0,193.0,,,,,,22.0
Todd Franz,2000,DB,Tulsa,6,4.55,33.33,,,5,2,0,6,0,0,3.0,73.0,199.0,,14.0,,,,24.0
Lamar Chapman,2000,DB,Kansas State,4,,,,,5,2,0,2,0,0,1.0,,,,,,,,23.0
Gillis Wilson,2000,DE,Southern,10,,,,,5,2,0,2,0,0,1.0,,,,,,,,22.0
Richard Mercier,2000,OG,Miami (FL),2,5.39,21.33,,,5,2,0,0,0,0,0.0,75.0,295.0,26.0,18.0,97.0,7.84,4.78,
Kabeer Gbaja-Biamila,2000,DE,San Diego State,7,4.65,69.23,,,5,2,1,9,1,5,43.0,76.0,243.0,34.0,21.0,120.0,6.9,4.28,22.0
John Milem,2000,DE,Lenoir-Rhyne,10,,,,,5,2,0,2,0,0,1.0,,,,,,,,25.0
Joey Jamison,2000,WR,Texas Southern,2,,,,,5,2,0,0,0,0,0.0,,,,,,,,
Arturo Freeman,2000,DB,South Carolina,3,4.5,44.44,,,5,2,0,6,0,2,13.0,72.0,188.0,35.5,14.0,124.0,6.91,4.38,23.0
Dante Hall,2000,WR,Texas A&M,2,4.44,52.0,,,5,2,1,9,2,0,29.0,68.0,191.0,38.0,18.0,123.0,6.62,3.82,21.0
Muneer Moore,2000,WR,Richmond,9,4.52,36.0,,,5,2,0,0,0,0,0.0,73.0,201.0,37.5,,129.0,6.91,4.09,
Quincy Sanders,2000,DB,UNLV,10,,,,,5,2,0,0,0,0,0.0,,,,,,,,
Sammy Morris,2000,RB,Texas Tech,4,4.65,25.0,,,5,2,1,12,0,3,27.0,72.0,221.0,37.5,23.0,117.0,7.05,4.21,23.0
James Whalen,2000,TE,Kentucky,4,4.78,36.67,,,5,2,0,4,0,0,1.0,74.0,228.0,31.0,,110.0,7.42,4.22,22.0
Austin Wheatley,2000,TE,Iowa,3,4.66,56.67,,,5,2,0,1,0,0,0.0,76.0,254.0,32.5,,121.0,6.97,4.18,22.0
Kiwaukee Thomas,2000,DB,Georgia Southern,1,,,,,5,2,0,8,0,0,12.0,,,,,,,,23.0
Frank Chamberlin,2000,LB,Boston College,4,,,,,5,2,0,6,0,0,5.0,,,,,,,,22.0
Jeff Marriott,2000,DT,Missouri,4,,,,,5,2,0,0,0,0,0.0,,,,,,,,
Pat Dennis,2000,DB,La-Monroe,10,,,,,5,2,0,5,0,1,8.0,,,,,,,,22.0
Tee Martin,2000,QB,Tennessee,2,4.58,65.0,,,5,2,0,4,0,0,0.0,74.0,227.0,34.5,,113.0,,,22.0
Jay Tant,2000,TE,Northwestern,5,4.75,41.67,,,5,2,0,1,0,0,0.0,75.0,255.0,,31.0,,,,22.0
Troy Walters,2000,WR,Stanford,3,4.55,30.0,,,5,2,0,8,0,0,12.0,66.0,171.0,32.5,,106.0,6.61,3.84,23.0
Chad Morton,2000,RB,USC,2,4.5,50.0,,,5,2,0,7,0,0,10.0,68.0,182.0,36.0,18.0,121.0,,,23.0
Ernest Grant,2000,DT,Ark-Pine Bluff,10,5.31,5.0,,,6,2,0,3,0,0,3.0,77.0,316.0,29.5,24.0,98.0,8.0,5.03,24.0
Marc Bulger,2000,QB,West Virginia,4,4.97,16.25,,,6,2,1,10,2,8,57.0,74.0,208.0,,,100.0,7.46,4.34,23.0
Neil Rackers,2000,K,Illinois,4,,,,,6,2,1,12,1,0,29.0,,,,,,,,24.0
Frank Murphy,2000,WR,Kansas State,4,,,,,6,2,0,5,0,0,1.0,,,,,,,,23.0
Thomas Hamner,2000,RB,Minnesota,4,4.5,50.0,,,6,2,0,0,0,0,0.0,72.0,197.0,32.0,17.0,125.0,6.97,4.07,
Mareno Philyaw,2000,WR,Troy,8,4.66,8.0,,,6,2,0,1,0,0,0.0,74.0,205.0,39.5,,129.0,6.93,4.13,22.0
Chris Combs,2000,DE,Duke,4,5.16,0.0,,,6,2,0,3,0,0,1.0,77.0,286.0,,22.0,,,,23.0
Paul Edinger,2000,K,Michigan State,3,,,,,6,2,0,6,0,0,17.0,,,,,,,,22.0
James Williams,2000,WR,Marshall,8,4.59,22.0,,,6,2,0,4,0,0,4.0,71.0,180.0,36.0,,123.0,7.22,4.16,22.0
Jabari Issa,2000,DE,Washington,2,5.05,7.69,,,6,2,0,2,0,0,4.0,77.0,296.0,31.5,19.0,105.0,7.69,4.72,22.0
Dhani Jones,2000,LB,Michigan,1,4.68,34.0,,,6,2,1,11,0,9,54.0,73.0,240.0,,29.0,,,,22.0
John Frank,2000,DE,Utah,3,4.78,49.23,,,6,2,0,0,0,0,0.0,76.0,280.0,37.0,32.0,117.0,7.07,4.27,
Tony Scott,2000,DB,NC State,4,4.5,44.44,,,6,2,0,2,0,0,2.0,70.0,193.0,34.0,11.0,116.0,7.45,4.24,23.0
Mario Edwards,2000,DB,Florida State,2,4.46,53.33,,,6,2,1,5,0,3,22.0,72.0,191.0,,,120.0,,,24.0
Quinton Reese,2000,DE,Auburn,2,5.13,0.0,,,6,2,0,0,0,0,0.0,76.0,283.0,30.0,18.0,101.0,7.91,4.68,
Jeno James,2000,OG,Auburn,2,5.62,0.0,,,6,2,1,7,0,4,26.0,75.0,320.0,25.5,24.0,94.0,8.51,5.22,23.0
Spergon Wynn,2000,QB,Texas State,2,4.91,23.75,,,6,2,0,2,0,0,2.0,75.0,229.0,34.0,,108.0,7.71,4.59,22.0
Shannon Taylor,2000,LB,Virginia,4,4.65,40.0,,,6,2,0,4,0,0,4.0,75.0,249.0,34.5,,115.0,,,25.0
Tim Watson,2000,DT,Rowan,10,,,,,6,2,0,0,0,0,0.0,,,,,,,,
Adalius Thomas,2000,LB,Southern Miss,10,4.56,58.0,,,6,2,1,10,2,8,65.0,74.0,270.0,38.5,,120.0,,4.42,23.0
Antwan Harris,2000,DB,Virginia,4,4.34,80.0,,,6,2,0,4,0,0,5.0,69.0,186.0,39.0,16.0,121.0,6.75,4.01,23.0
Darnell Alford,2000,OG,Boston College,4,5.56,0.0,,,6,2,0,3,0,0,0.0,76.0,334.0,25.0,23.0,94.0,8.48,4.98,23.0
Mike Anderson,2000,RB,Utah,3,,,,,6,2,1,8,0,3,37.0,,,,,,,,26.0
John Hilliard,2000,DE,Mississippi State,3,,,,,6,2,0,3,0,0,6.0,,,,,,,,24.0
Cedric Woodard,2000,DT,Texas,2,5.21,17.5,,,6,2,0,5,0,2,14.0,74.0,290.0,30.5,23.0,109.0,,,23.0
John Romero,2000,C,California,4,,,,,6,2,0,0,0,0,0.0,,,,,,,,
David Gibson,2000,DB,USC,2,,,,,6,2,0,4,0,1,8.0,,,,,,,,22.0
Leif Larsen,2000,DT,UTEP,6,5.08,33.75,,,6,2,0,2,0,0,3.0,76.0,300.0,30.0,45.0,110.0,7.46,4.37,25.0
Michael Hawthorne,2000,DB,Purdue,4,,,,,6,2,0,6,0,0,10.0,,,,,,,,23.0
Emanuel Smith,2000,WR,Arkansas,3,,,,,6,2,0,1,0,0,0.0,,,,,,,,24.0
Robaire Smith,2000,DE,Michigan State,3,4.88,33.85,,,6,2,1,11,0,6,39.0,76.0,275.0,,,,,,22.0
Matt Bowen,2000,DB,Iowa,3,4.49,46.67,,,6,2,0,7,0,1,13.0,73.0,201.0,33.0,12.0,115.0,7.06,4.09,23.0
Tom Brady,2000,QB,Michigan,1,5.28,0.0,,,6,2,1,23,15,21,184.0,76.0,211.0,24.5,,99.0,7.2,4.38,23.0
Sherrod Gideon,2000,WR,Southern Miss,10,4.66,8.0,,,6,2,0,0,0,0,0.0,71.0,173.0,,,,,,
David Nugent,2000,DE,Purdue,4,,,,,6,2,0,3,0,0,2.0,,,,,,,,22.0
Todd Husak,2000,QB,Stanford,3,5.2,0.0,,,6,2,0,1,0,0,0.0,75.0,216.0,27.5,,99.0,7.17,4.41,22.0
Damen Wheeler,2000,DB,Colorado,3,4.51,42.22,,,6,2,0,2,0,0,0.0,69.0,179.0,35.0,11.0,115.0,7.21,4.27,23.0
Jason Gavadza,2000,TE,Kent State,8,4.62,63.33,,,6,2,0,0,0,0,0.0,75.0,249.0,32.5,22.0,113.0,7.15,4.3,
JaJuan Seider,2000,QB,Florida A&M,2,,,,,6,2,0,0,0,0,0.0,,,,,,,,
Brad Bedell,2000,OT,Colorado,3,5.07,62.35,,,6,2,0,7,0,0,4.0,76.0,302.0,31.5,17.0,103.0,7.76,4.58,23.0
Manuia Savea,2000,OG,Arizona,4,5.34,28.0,,,7,2,0,0,0,0,0.0,74.0,308.0,25.0,24.0,92.0,,,
Desmond Kitchings,2000,WR,Furman,9,,,,,7,2,0,0,0,0,0.0,,,,,,,,
Eric Chandler,2000,DE,Jackson State,10,,,,,7,2,0,0,0,0,0.0,,,,,,,,
Brad St. Louis,2000,TE,Missouri State,4,,,,,7,2,0,10,0,0,6.0,,,,,,,,24.0
Darrick Vaughn,2000,DB,Texas State,2,4.53,37.78,,,7,2,0,4,0,0,12.0,71.0,196.0,36.5,14.0,121.0,7.09,4.16,21.0
Tim Rattay,2000,QB,Louisiana Tech,5,4.91,23.75,,,7,2,0,8,0,1,12.0,72.0,215.0,25.5,,100.0,7.34,4.21,23.0
Mike Green,2000,RB,Houston,6,4.78,3.33,,,7,2,0,3,0,0,2.0,72.0,253.0,28.5,25.0,108.0,7.08,4.34,24.0
Jarious Jackson,2000,QB,Notre Dame,2,4.68,52.5,,,7,2,0,4,0,0,0.0,72.0,226.0,,,109.0,,,23.0
Sekou Sanyika,2000,LB,California,4,4.75,20.0,,,7,2,0,2,0,0,3.0,75.0,241.0,32.5,,111.0,7.33,4.38,22.0
Delbert Cowsette,2000,DT,Maryland,4,,,,,7,2,0,3,0,0,3.0,,,,,,,,23.0
Jeremiah Parker,2000,DE,California,4,,,,,7,2,0,1,0,0,0.0,,,,,,,,22.0
Richard Seals,2000,DT,Utah,3,5.13,27.5,,,7,2,0,0,0,0,0.0,74.0,316.0,28.5,24.0,102.0,7.78,4.6,
Orantes Grant,2000,LB,Georgia,1,,,,,7,2,0,4,0,0,2.0,,,,,,,,22.0
Andrew Kline,2000,OG,San Diego State,7,5.43,16.0,,,7,2,0,0,0,0,0.0,74.0,305.0,28.0,26.0,103.0,7.54,4.6,
Lester Towns,2000,LB,Washington,2,,,,,7,2,0,6,0,2,18.0,,,,,,,,23.0
Jason Thomas,2000,OG,Hampton,10,5.22,44.0,,,7,2,0,4,0,0,1.0,75.0,300.0,29.5,23.0,100.0,7.99,,23.0
James Cotton,2000,LB,Ohio State,1,,,,,7,2,0,0,0,0,0.0,,,,,,,,
Mark Tauscher,2000,OT,Wisconsin,3,5.37,27.06,,,7,2,1,11,0,9,55.0,75.0,318.0,27.0,22.0,90.0,7.91,4.84,23.0
Rashidi Barnes,2000,DB,Colorado,3,4.62,17.78,,,7,2,0,1,0,0,1.0,72.0,208.0,35.0,10.0,114.0,6.92,4.32,22.0
Casey Tisdale,2000,LB,New Mexico,7,,,,,7,2,0,0,0,0,0.0,,,,,,,,
Mondriel Fulcher,2000,TE,Miami (FL),2,4.85,25.0,,,7,2,0,3,0,0,0.0,75.0,253.0,27.0,18.0,116.0,7.46,4.52,23.0
Kevin Houser,2000,C,Ohio State,1,,,,,7,2,0,11,0,0,15.0,,,,,,,,23.0
Ron Moore,2000,DT,NW Oklahoma State,10,,,,,7,2,0,2,0,0,0.0,,,,,,,,23.0
Brian Jennings,2000,TE,Arizona State,3,,,,,7,2,1,13,2,0,0.0,,,,,,,,23.0
Clifton Black,2000,DB,Texas State,2,,,,,7,2,0,0,0,0,0.0,,,,,,,,
Jeff Harris,2000,DB,Georgia,1,4.53,37.78,,,7,2,0,0,0,0,0.0,72.0,190.0,34.5,,114.0,6.73,4.25,
Drew Haddad,2000,WR,Buffalo,8,,,,,7,2,0,5,0,0,0.0,,,,,,,,22.0
Joe Hamilton,2000,QB,Georgia Tech,3,4.81,36.25,,,7,2,0,1,0,0,0.0,70.0,192.0,,,106.0,,,23.0
Rob Renes,2000,DT,Michigan,1,,,,,7,2,0,0,0,0,0.0,,,,,,,,
Erik Olson,2000,DB,Colorado State,7,4.63,15.56,,,7,2,0,1,0,0,1.0,73.0,208.0,35.0,17.0,115.0,6.81,4.21,23.0
Wes Shivers,2000,OT,Mississippi State,3,5.65,0.0,,,7,2,0,1,0,0,0.0,77.0,318.0,22.5,18.0,98.0,8.48,4.81,23.0
Rodregis Brooks,2000,DB,UAB,6,,,,,7,2,0,2,0,0,0.0,,,,,,,,22.0
Patrick Pass,2000,FB,Georgia,1,,,,,7,2,0,8,0,0,10.0,,,,,,,,22.0
Mike Malano,2000,C,San Diego State,7,,,,,7,2,0,0,0,0,0.0,,,,,,,,
Rob Meier,2000,DE,Washington State,4,4.99,16.92,,,7,2,1,9,0,3,30.0,77.0,284.0,30.5,27.0,113.0,7.49,4.52,23.0
Charles Lee,2000,WR,UCF,4,4.56,28.0,,,7,2,0,6,0,0,7.0,73.0,202.0,35.5,,125.0,7.3,4.25,22.0
Shyrone Stith,2000,RB,Virginia Tech,3,4.6,33.33,,,7,2,0,3,0,0,0.0,67.0,204.0,35.0,13.0,111.0,7.14,4.14,22.0
Giles Cole,2000,TE,Texas A&M-Kingsville,2,,,,,7,2,0,0,0,0,0.0,,,,,,,,
Danny Clark,2000,LB,Illinois,4,4.75,20.0,,,7,2,1,11,0,8,39.0,74.0,245.0,,20.0,,,,23.0
Leroy Fields,2000,WR,Jackson State,10,,,,,7,2,0,0,0,0,0.0,,,,,,,,
Mark Baniewicz,2000,OT,Syracuse,4,5.34,30.59,,,7,2,0,0,0,0,0.0,78.0,312.0,28.0,20.0,96.0,7.72,4.73,
Lewis Kelly,2000,OT,South Carolina State,3,,,,,7,2,0,6,0,0,4.0,,,,,,,,23.0
Eugene McCaslin,2000,LB,Florida,2,,,,,7,2,0,1,0,0,0.0,,,,,,,,23.0
Ethan Howell,2000,WR,Oklahoma State,3,4.56,28.0,,,7,2,0,0,0,0,0.0,71.0,186.0,,16.0,,6.98,4.13,
DaShon Polk,2000,LB,Arizona,4,4.75,20.0,,,7,2,0,7,0,1,10.0,74.0,233.0,32.0,18.0,111.0,7.43,4.45,23.0
Rondell Mealey,2000,RB,LSU,1,4.69,18.33,,,7,2,0,3,0,0,2.0,72.0,212.0,33.0,,120.0,6.89,4.15,23.0
Alfonso Boone,2000,DT,Mount San Antonio JC,10,,,,,7,2,0,11,0,1,23.0,,,,,,,,24.0
Michael Green,2000,DB,Northwestern State (LA),5,,,,,7,2,0,9,0,2,22.0,,,,,,,,23.0
Michael Vick,2001,QB,Virginia Tech,3,4.33,96.25,,,1,0,1,15,4,7,92.0,72.0,210.0,,,,,,21.0
Leonard Davis,2001,OT,Texas,2,5.32,32.94,,,1,0,1,12,3,10,66.0,78.0,370.0,28.0,33.0,97.0,8.72,5.18,23.0
Gerard Warren,2001,DT,Florida,2,5.0,43.75,,,1,0,1,11,0,9,49.0,76.0,325.0,,,,,,23.0
Justin Smith,2001,DE,Missouri,4,4.64,70.77,,,1,0,1,14,5,14,101.0,76.0,267.0,34.0,26.0,117.0,,,21.0
LaDainian Tomlinson,2001,RB,TCU,3,4.46,56.67,,,1,0,1,11,5,10,129.0,70.0,221.0,40.5,18.0,124.0,6.84,4.21,22.0
Richard Seymour,2001,DE,Georgia,1,4.95,23.08,,,1,0,1,12,7,11,91.0,78.0,299.0,,,,,,21.0
Andre Carter,2001,DE,California,4,4.84,40.0,,,1,0,1,13,1,10,59.0,76.0,249.0,38.5,20.0,132.0,,4.24,22.0
David Terrell,2001,WR,Michigan,1,4.43,54.0,,,1,0,0,5,0,1,11.0,75.0,213.0,,,,,,22.0
Koren Robinson,2001,WR,NC State,4,4.61,18.0,,,1,0,1,8,1,4,35.0,73.0,211.0,,,,,,21.0
Jamal Reynolds,2001,DE,Florida State,2,4.72,58.46,,,1,0,0,3,0,0,3.0,75.0,267.0,,,,,,22.0
Dan Morgan,2001,LB,Miami (FL),2,4.54,62.0,,,1,0,1,7,1,5,30.0,74.0,240.0,,,,,,22.0
Damione Lewis,2001,DT,Miami (FL),2,4.9,56.25,,,1,0,1,10,0,3,32.0,75.0,293.0,,22.0,,,,23.0
Marcus Stroud,2001,DT,Georgia,1,5.13,27.5,,,1,0,1,10,3,9,67.0,78.0,321.0,30.0,21.0,110.0,8.07,4.72,23.0
Kenyatta Walker,2001,OT,Florida,2,5.17,50.59,,,1,0,1,6,0,5,29.0,77.0,311.0,31.5,24.0,109.0,7.7,4.6,22.0
Rod Gardner,2001,WR,Clemson,1,4.48,44.0,,,1,0,1,6,0,4,25.0,74.0,219.0,,,,,,23.0
Santana Moss,2001,WR,Miami (FL),2,4.31,78.0,,,1,0,1,14,1,9,72.0,70.0,184.0,,,,,,22.0
Steve Hutchinson,2001,OG,Michigan,1,5.15,53.33,,,1,0,1,12,7,11,94.0,77.0,315.0,33.5,31.0,106.0,,4.74,23.0
Jeff Backus,2001,OT,Michigan,1,5.37,27.06,,,1,0,1,12,0,12,61.0,77.0,310.0,27.0,25.0,99.0,8.27,4.67,23.0
Casey Hampton,2001,NT,Texas,2,5.25,0.0,,,1,0,1,12,5,11,73.0,73.0,314.0,,34.0,,,,24.0
Adam Archuleta,2001,DB,Arizona State,3,4.46,53.33,,,1,0,1,7,0,7,31.0,72.0,211.0,,31.0,,,,23.0
Nate Clements,2001,DB,Ohio State,1,4.38,71.11,,,1,0,1,12,1,11,61.0,71.0,209.0,,,,,,21.0
Will Allen,2001,DB,Syracuse,4,4.44,57.78,,,1,0,1,11,0,8,41.0,70.0,192.0,39.5,14.0,121.0,6.78,3.9,23.0
Deuce McAllister,2001,RB,Ole Miss,3,4.41,65.0,,,1,0,1,8,2,4,55.0,73.0,222.0,,,,,,22.0
Willie Middlebrooks,2001,DB,Minnesota,4,4.5,44.44,,,1,0,0,5,0,0,4.0,74.0,200.0,,17.0,,,,22.0
Freddie Mitchell,2001,WR,UCLA,5,4.46,48.0,,,1,0,0,4,0,1,13.0,71.0,185.0,39.5,,120.0,6.95,4.06,22.0
Jamar Fletcher,2001,DB,Wisconsin,3,4.48,48.89,,,1,0,0,8,0,0,9.0,69.0,180.0,,,,,,22.0
Michael Bennett,2001,RB,Wisconsin,3,4.38,70.0,,,1,0,1,10,1,3,34.0,69.0,207.0,39.5,13.0,130.0,,,23.0
Derrick Gibson,2001,DB,Florida State,2,4.45,55.56,,,1,0,0,6,0,2,13.0,74.0,218.0,,17.0,,,,22.0
Ryan Pickett,2001,DT,Ohio State,1,5.1,31.25,,,1,0,1,14,0,13,58.0,74.0,309.0,,,,,,21.0
Reggie Wayne,2001,WR,Miami (FL),2,4.45,50.0,,,1,0,1,14,6,13,116.0,72.0,198.0,,,,,,22.0
Todd Heap,2001,TE,Arizona State,3,4.68,53.33,,,1,0,1,12,2,8,43.0,77.0,252.0,,,,,,21.0
Drew Brees,2001,QB,Purdue,4,4.83,33.75,,,2,0,1,20,13,19,167.0,72.0,213.0,32.0,,105.0,7.09,4.21,22.0
Quincy Morgan,2001,WR,Kansas State,4,4.48,44.0,,,2,0,1,6,0,4,20.0,73.0,211.0,,,,,,23.0
Kyle Vanden Bosch,2001,DE,Nebraska,3,4.75,53.85,,,2,0,1,12,3,9,58.0,76.0,270.0,36.5,26.0,119.0,6.82,4.08,22.0
Alge Crumpler,2001,TE,North Carolina,3,4.76,40.0,,,2,0,1,10,4,10,41.0,74.0,266.0,34.0,22.0,112.0,7.38,4.43,23.0
Chad Johnson,2001,WR,Oregon State,4,4.57,26.0,,,2,0,1,11,6,9,85.0,73.0,192.0,33.0,,108.0,7.51,4.14,23.0
Idrees Bashir,2001,DB,Memphis,6,4.56,31.11,,,2,0,1,7,0,4,19.0,74.0,206.0,40.0,22.0,126.0,7.14,4.2,22.0
Anthony Thomas,2001,RB,Michigan,1,4.58,36.67,,,2,0,1,7,0,3,27.0,74.0,229.0,32.5,20.0,115.0,7.48,4.44,23.0
Kendrell Bell,2001,LB,Georgia,1,4.64,42.0,,,2,0,1,7,1,5,40.0,73.0,234.0,38.5,24.0,124.0,7.25,4.5,23.0
Ken Lucas,2001,DB,Ole Miss,3,4.45,55.56,,,2,0,1,9,0,7,46.0,72.0,200.0,,,,,,22.0
Robert Ferguson,2001,WR,Texas A&M,2,4.48,44.0,,,2,0,1,8,0,3,18.0,73.0,205.0,36.5,,120.0,7.24,4.07,21.0
Tommy Polley,2001,LB,Florida State,2,4.55,60.0,,,2,0,1,5,0,5,30.0,76.0,234.0,,,,,,23.0
Maurice Williams,2001,OT,Michigan,1,5.2,47.06,,,2,0,1,9,0,6,47.0,77.0,304.0,,24.0,,,,22.0
Kris Jenkins,2001,DT,Maryland,4,5.19,20.0,,,2,0,1,10,4,6,68.0,77.0,318.0,31.0,33.0,108.0,7.85,4.4,22.0
Fred Smoot,2001,DB,Mississippi State,3,4.48,48.89,,,2,0,1,9,0,7,40.0,71.0,172.0,,,,,,22.0
Aaron Schobel,2001,DE,TCU,3,4.75,53.85,,,2,0,1,9,2,8,62.0,76.0,263.0,38.0,,119.0,7.16,4.03,24.0
Jamie Winborn,2001,LB,Vanderbilt,4,4.63,44.0,,,2,0,0,10,0,2,18.0,71.0,229.0,35.5,,111.0,,,22.0
Matt Light,2001,OT,Purdue,4,5.29,36.47,,,2,0,1,11,3,10,89.0,77.0,311.0,,26.0,,7.84,4.49,23.0
LaMont Jordan,2001,RB,Maryland,4,4.57,38.33,,,2,0,1,9,0,2,30.0,70.0,234.0,,24.0,,,,22.0
Dominic Raiola,2001,C,Nebraska,3,5.13,62.67,,,2,0,1,14,0,13,64.0,74.0,307.0,33.0,29.0,108.0,7.55,4.35,22.0
Paul Toviessi,2001,DE,Marshall,8,4.78,49.23,,,2,0,0,0,0,0,0.0,78.0,260.0,33.5,,120.0,7.06,4.32,
Chris Chambers,2001,WR,Wisconsin,3,4.33,74.0,,,2,0,1,10,1,8,58.0,72.0,210.0,45.0,,134.0,,4.0,23.0
Quincy Carter,2001,QB,Georgia,1,4.58,65.0,,,2,0,0,4,0,2,16.0,74.0,225.0,35.5,,113.0,7.12,4.12,23.0
Michael Stone,2001,DB,Memphis,6,4.51,42.22,,,2,0,0,6,0,0,4.0,71.0,191.0,41.0,17.0,127.0,,,23.0
Quinton Caver,2001,LB,Arkansas,3,4.67,36.0,,,2,0,0,5,0,0,5.0,76.0,227.0,37.5,23.0,118.0,7.66,4.25,23.0
Tony Dixon,2001,DB,Alabama,1,4.63,15.56,,,2,0,0,4,0,0,9.0,73.0,213.0,37.0,17.0,117.0,7.38,,22.0
Willie Howard,2001,DE,Stanford,3,4.94,24.62,,,2,0,0,1,0,0,1.0,75.0,295.0,,23.0,,,,23.0
Travis Henry,2001,RB,Tennessee,2,4.61,31.67,,,2,0,1,7,1,4,41.0,69.0,223.0,,23.0,,,,22.0
Marques Tuiasosopo,2001,QB,Washington,2,4.71,48.75,,,2,0,0,8,0,0,1.0,73.0,223.0,35.5,,115.0,7.36,4.35,22.0
Andre Dyson,2001,DB,Utah,3,4.4,66.67,,,2,0,1,7,0,5,31.0,70.0,179.0,,,119.0,,,22.0
Shaun Rogers,2001,DT,Texas,2,5.28,8.75,,,2,0,1,13,3,8,57.0,76.0,320.0,,,,,,22.0
Gary Baxter,2001,DB,Baylor,3,4.53,37.78,,,2,0,1,6,0,3,20.0,74.0,204.0,37.5,,122.0,7.39,4.21,22.0
Derrick Burgess,2001,DE,Ole Miss,3,4.92,27.69,,,3,1,1,10,2,4,40.0,74.0,264.0,40.0,24.0,125.0,7.85,,23.0
Adrian Wilson,2001,DB,NC State,4,,,,,3,1,1,12,5,11,68.0,,,,,,,,21.0
James Jackson,2001,RB,Miami (FL),2,4.55,41.67,,,3,1,0,5,0,1,9.0,70.0,210.0,,,,,,25.0
Sean Brewer,2001,TE,San Jose State,7,4.73,45.0,,,3,1,0,3,0,0,0.0,76.0,255.0,36.0,14.0,117.0,7.37,4.18,23.0
Tay Cody,2001,DB,Florida State,2,4.55,33.33,,,3,1,0,3,0,1,4.0,69.0,181.0,,11.0,,,,23.0
Mike Gandy,2001,OT,Notre Dame,2,5.2,47.06,,,3,1,1,9,0,7,42.0,76.0,305.0,30.5,,103.0,8.03,4.71,22.0
Eric Kelly,2001,DB,Kentucky,4,4.46,53.33,,,3,1,0,3,0,2,9.0,70.0,199.0,36.0,15.0,120.0,7.24,4.18,24.0
Sedrick Hodge,2001,LB,North Carolina,3,4.49,72.0,,,3,1,1,5,0,3,17.0,76.0,244.0,32.0,21.0,120.0,,4.09,22.0
Bhawoh Jue,2001,DB,Penn State,2,4.54,35.56,,,3,1,0,7,0,1,14.0,72.0,199.0,34.5,,113.0,7.21,4.27,22.0
Torrance Marshall,2001,LB,Oklahoma,2,4.7,30.0,,,3,1,0,4,0,0,7.0,74.0,249.0,,,,,,24.0
Eric Westmoreland,2001,LB,Tennessee,2,4.63,44.0,,,3,1,0,4,0,0,5.0,72.0,236.0,36.5,21.0,115.0,7.47,4.21,24.0
Steve Smith Sr.,2001,WR,Utah,3,4.41,58.0,,,3,1,1,16,5,14,102.0,69.0,184.0,38.5,,121.0,7.44,4.25,22.0
Eric Downing,2001,DT,Syracuse,4,5.23,15.0,,,3,1,0,4,0,1,7.0,75.0,302.0,,27.0,,,,22.0
Ron Edwards,2001,DT,Texas A&M,2,4.86,61.25,,,3,1,1,12,0,6,37.0,75.0,293.0,,,,,,22.0
Snoop Minnis,2001,WR,Florida State,2,4.57,26.0,,,3,1,0,2,0,1,5.0,73.0,171.0,37.5,,115.0,7.06,4.07,24.0
Will Peterson,2001,DB,Western Illinois,10,,,,,3,1,1,10,0,3,23.0,,,,,,,,22.0
Kareem McKenzie,2001,OT,Penn State,2,5.33,31.76,,,3,1,1,11,0,10,62.0,78.0,328.0,33.0,20.0,104.0,7.87,4.8,22.0
Kevan Barlow,2001,RB,Pittsburgh,3,4.56,40.0,,,3,1,1,6,0,2,36.0,73.0,235.0,,,,,,22.0
Kenny Smith,2001,DT,Alabama,1,5.24,13.75,,,3,1,0,9,0,1,7.0,75.0,299.0,30.0,,100.0,8.0,4.8,23.0
Heath Evans,2001,FB,Auburn,2,4.56,67.69,,,3,1,0,10,0,0,8.0,72.0,246.0,34.5,30.0,111.0,7.3,4.24,22.0
Brian Allen,2001,LB,Florida State,2,4.65,40.0,,,3,1,0,4,0,0,8.0,72.0,238.0,,25.0,,,,23.0
Dwight Smith,2001,DB,Akron,10,4.51,42.22,,,3,1,1,8,0,5,34.0,70.0,212.0,33.5,15.0,114.0,,,23.0
Travis Minor,2001,RB,Florida State,2,4.44,60.0,,,3,1,0,8,0,0,10.0,70.0,197.0,32.0,9.0,115.0,,,22.0
Brock Williams,2001,DB,Notre Dame,2,4.46,53.33,,,3,1,0,4,0,0,1.0,70.0,183.0,42.5,11.0,130.0,6.7,4.21,22.0
Reggie Hayward,2001,DE,Iowa State,4,4.91,29.23,,,3,1,1,9,0,3,32.0,77.0,255.0,41.0,21.0,127.0,7.43,4.43,22.0
Morlon Greenwood,2001,LB,Syracuse,4,4.69,32.0,,,3,1,1,8,0,8,39.0,72.0,237.0,33.5,21.0,112.0,7.62,4.08,23.0
DeLawrence Grant,2001,DE,Oregon State,4,4.77,50.77,,,3,1,0,5,0,2,12.0,75.0,280.0,,,,,,21.0
Shad Meier,2001,TE,Kansas State,4,4.85,25.0,,,3,1,0,5,0,0,3.0,77.0,256.0,34.0,20.0,113.0,7.14,4.15,23.0
Cory Bird,2001,DB,Virginia Tech,3,4.6,22.22,,,3,1,0,4,0,0,6.0,70.0,217.0,,22.0,,,,23.0
Casey Rabach,2001,C,Wisconsin,3,5.23,49.33,,,3,1,1,10,0,7,44.0,76.0,298.0,,19.0,,,,23.0
Willie Blade,2001,DT,Mississippi State,3,4.93,52.5,,,3,1,0,4,0,1,8.0,75.0,316.0,,,,,,22.0
James Boyd,2001,DB,Penn State,2,4.59,24.44,,,3,1,0,2,0,0,2.0,71.0,207.0,32.5,,117.0,7.29,4.24,23.0
Jonas Jennings,2001,OT,Georgia,1,5.31,34.12,,,3,1,1,8,0,5,29.0,76.0,334.0,29.5,31.0,102.0,8.08,4.93,23.0
Kenyatta Jones,2001,OT,South Florida,6,5.01,69.41,,,4,1,0,4,0,1,7.0,75.0,308.0,,31.0,,,,22.0
Anthony Henry,2001,DB,South Florida,6,4.6,22.22,,,4,1,1,9,0,5,38.0,73.0,198.0,41.0,15.0,126.0,6.9,4.2,24.0
Bill Gramatica,2001,K,South Florida,6,,,,,4,1,0,4,0,0,7.0,,,,,,,,23.0
Roberto Garza,2001,OG,Texas A&M-Kingsville,2,5.0,73.33,,,4,1,1,14,0,11,61.0,74.0,303.0,32.5,37.0,114.0,7.71,4.53,22.0
Rudi Johnson,2001,RB,Auburn,2,4.57,38.33,,,4,1,1,8,1,5,46.0,70.0,227.0,37.5,24.0,119.0,7.32,4.22,21.0
Jamie Henderson,2001,DB,Georgia,1,4.48,48.89,,,4,1,0,3,0,0,3.0,73.0,202.0,40.5,10.0,125.0,6.9,4.12,22.0
Matt Stewart,2001,LB,Vanderbilt,4,,,,,4,1,1,6,0,4,26.0,,,,,,,,22.0
Karon Riley,2001,LB,Minnesota,4,4.75,20.0,,,4,1,0,4,0,0,1.0,74.0,264.0,,,,,,23.0
Orlando Huff,2001,LB,Fresno State,7,4.7,30.0,,,4,1,1,6,0,3,22.0,74.0,245.0,,16.0,,,,23.0
Bill Ferrario,2001,OG,Wisconsin,3,5.3,33.33,,,4,1,0,2,0,0,1.0,74.0,314.0,,17.0,,,,22.0
Chris Weinke,2001,QB,Florida State,2,5.2,0.0,,,4,1,0,7,0,1,9.0,76.0,226.0,,,,,,29.0
Monty Beisel,2001,LB,Kansas State,4,4.83,4.0,,,4,1,0,9,0,0,13.0,76.0,270.0,34.5,25.0,110.0,7.32,4.28,23.0
George Layne,2001,RB,TCU,3,4.59,35.0,,,4,1,0,4,0,0,0.0,71.0,242.0,32.0,,115.0,7.08,4.19,22.0
Sage Rosenfels,2001,QB,Iowa State,4,4.74,45.0,,,4,1,0,10,0,0,13.0,76.0,228.0,34.0,,107.0,7.07,4.29,23.0
Brandon Spoon,2001,LB,North Carolina,3,4.75,20.0,,,4,1,0,1,0,1,5.0,74.0,245.0,35.5,33.0,110.0,7.3,4.15,23.0
Mathias Nkwenti,2001,OT,Temple,6,5.57,3.53,,,4,1,0,3,0,0,0.0,75.0,293.0,35.5,29.0,113.0,7.66,4.18,23.0
Carlos Polk,2001,LB,Nebraska,3,4.76,18.0,,,4,1,0,8,0,0,7.0,74.0,251.0,,,,,,24.0
Ben Hamilton,2001,OG,Minnesota,4,5.26,38.67,,,4,1,1,10,0,7,54.0,77.0,303.0,33.5,17.0,106.0,7.62,4.62,24.0
Cedric Scott,2001,DE,Southern Miss,10,4.86,36.92,,,4,1,0,2,0,0,1.0,78.0,281.0,35.5,23.0,107.0,7.67,4.37,23.0
Moran Norris,2001,FB,Kansas,10,4.63,56.92,,,4,1,1,11,0,4,1.0,73.0,250.0,31.0,37.0,114.0,7.56,4.5,23.0
Milton Wynn,2001,WR,Washington State,4,,,,,4,1,0,2,0,0,1.0,,,,,,,,22.0
John Howell,2001,DB,Colorado State,7,4.64,13.33,,,4,1,0,6,0,0,7.0,72.0,204.0,37.0,14.0,121.0,6.87,4.12,23.0
Ryan Diem,2001,OT,Northern Illinois,8,5.13,55.29,,,4,1,1,11,0,10,72.0,79.0,338.0,34.0,,102.0,7.5,4.46,22.0
Jabari Holloway,2001,TE,Notre Dame,2,4.91,15.0,,,4,1,0,3,0,2,1.0,74.0,253.0,38.5,20.0,113.0,7.14,4.4,22.0
Nick Harris,2001,P,California,4,,,,,4,1,0,12,0,0,18.0,74.0,221.0,,,,,,23.0
Correll Buckhalter,2001,RB,Nebraska,3,4.53,45.0,,,4,1,0,10,0,0,27.0,72.0,226.0,40.0,11.0,123.0,7.08,4.06,22.0
Markus Steele,2001,LB,USC,2,4.62,46.0,,,4,1,0,3,0,1,8.0,75.0,232.0,33.0,,119.0,7.15,4.5,22.0
Marcus Bell,2001,DT,Memphis,6,5.32,3.75,,,4,1,0,6,0,2,14.0,73.0,319.0,,17.0,98.0,8.07,4.71,22.0
Justin McCareins,2001,WR,Northern Illinois,8,4.51,38.0,,,4,1,1,8,0,5,33.0,74.0,209.0,41.0,,129.0,7.06,3.99,22.0
Jesse Palmer,2001,QB,Florida,2,4.78,40.0,,,4,1,0,3,0,0,1.0,74.0,231.0,35.5,,112.0,7.13,4.29,22.0
Ed Hartwell,2001,LB,Western Illinois,10,,,,,4,1,1,6,0,3,28.0,,,,,,,,23.0
Curtis Fuller,2001,DB,TCU,3,4.45,55.56,,,4,1,0,4,0,0,3.0,70.0,186.0,36.0,18.0,114.0,7.2,4.21,23.0
Floyd Womack,2001,OT,Mississippi State,3,,,,,4,1,1,10,0,5,30.0,,,,,,,,22.0
Brandon Manumaleuna,2001,TE,Arizona,4,4.99,1.67,,,4,1,1,10,0,7,8.0,74.0,275.0,30.0,,106.0,7.49,4.26,21.0
Shawn Worthen,2001,DT,TCU,3,5.18,21.25,,,4,1,0,1,0,0,0.0,73.0,310.0,30.0,23.0,103.0,7.5,4.61,25.0
Cedric James,2001,WR,TCU,3,4.49,42.0,,,4,1,0,2,0,0,0.0,74.0,204.0,43.0,,134.0,,,22.0
Elliot Silvers,2001,OT,Washington,2,5.43,20.0,,,5,2,0,0,0,0,0.0,79.0,348.0,31.5,19.0,99.0,7.81,4.66,
Mario Fatafehi,2001,DT,Kansas State,4,5.29,7.5,,,5,2,0,4,0,2,13.0,74.0,295.0,,,,,,22.0
Jeremiah Pharms,2001,LB,Washington,2,4.91,0.0,,,5,2,0,0,0,0,0.0,72.0,257.0,32.5,,106.0,7.37,4.53,
Victor Leyva,2001,OG,Arizona State,3,5.33,29.33,,,5,2,0,2,0,0,1.0,75.0,313.0,30.0,37.0,105.0,8.0,4.73,23.0
Vinny Sutherland,2001,WR,Purdue,4,4.48,44.0,,,5,2,0,2,0,0,0.0,69.0,192.0,,,,,,23.0
Matt Lehr,2001,C,Virginia Tech,3,5.28,42.67,,,5,2,1,8,0,3,23.0,74.0,290.0,31.5,28.0,111.0,7.59,4.44,22.0
Bernard Robertson,2001,OT,Tulane,6,5.24,42.35,,,5,2,0,2,0,0,3.0,75.0,308.0,30.0,19.0,106.0,8.06,4.58,22.0
Zeke Moreno,2001,LB,USC,2,4.76,18.0,,,5,2,0,5,0,1,10.0,74.0,248.0,,24.0,,7.1,4.31,22.0
Alex Bannister,2001,WR,Eastern Kentucky,10,4.47,46.0,,,5,2,1,6,1,0,1.0,77.0,201.0,30.5,,110.0,,,22.0
Bill Baber,2001,TE,Virginia,4,4.76,40.0,,,5,2,0,4,0,0,0.0,76.0,255.0,33.0,22.0,106.0,7.12,4.19,22.0
David Leaverton,2001,P,Tennessee,2,,,,,5,2,0,0,0,0,0.0,75.0,211.0,,,,,,
Jarrod Cooper,2001,DB,Kansas State,4,4.45,55.56,,,5,2,0,7,0,1,7.0,72.0,222.0,41.5,,130.0,6.87,3.9,23.0
Marques Sullivan,2001,OG,Illinois,4,5.32,30.67,,,5,2,0,3,0,1,11.0,77.0,338.0,30.5,28.0,98.0,8.36,4.8,23.0
Jerametrius Butler,2001,DB,Kansas State,4,4.57,28.89,,,5,2,0,7,0,2,17.0,70.0,173.0,36.0,11.0,121.0,7.22,4.4,22.0
Chukky Okobi,2001,C,Purdue,4,5.27,44.0,,,5,2,0,7,0,0,7.0,73.0,316.0,32.5,24.0,103.0,7.87,4.61,22.0
Tony Stewart,2001,TE,Penn State,2,4.96,6.67,,,5,2,0,9,0,1,5.0,77.0,256.0,35.5,,109.0,7.3,4.4,22.0
Scotty Anderson,2001,WR,Grambling State,10,4.57,26.0,,,5,2,0,3,0,0,8.0,74.0,184.0,34.5,,115.0,,,21.0
Mike McMahon,2001,QB,Rutgers,4,4.57,66.25,,,5,2,0,5,0,0,6.0,74.0,207.0,37.5,,124.0,7.12,4.12,22.0
Derrick Blaylock,2001,RB,S.F. Austin,10,4.36,73.33,,,5,2,0,6,0,0,11.0,70.0,194.0,35.5,18.0,119.0,7.05,4.09,22.0
Russ Hochstein,2001,C,Nebraska,3,5.4,26.67,,,5,2,0,12,0,1,27.0,75.0,300.0,26.5,16.0,95.0,7.85,4.69,23.0
Raymond Walls,2001,DB,Southern Miss,10,4.51,42.22,,,5,2,0,5,0,0,4.0,71.0,176.0,39.0,,124.0,,4.18,22.0
Onomo Ojo,2001,WR,UC Davis,10,,,,,5,2,0,0,0,0,0.0,,,,,,,,
Darnerien McCants,2001,WR,Delaware State,9,,,,,5,2,0,5,0,0,7.0,,,,,,,,24.0
A.J. Feeley,2001,QB,Oregon,2,,,,,5,2,0,11,0,1,7.0,,,,,,,,24.0
Shawn Draper,2001,OT,Alabama,1,5.3,35.29,,,5,2,0,0,0,0,0.0,75.0,303.0,32.0,17.0,106.0,8.1,4.77,
Patrick Chukwurah,2001,LB,Wyoming,7,4.77,16.0,,,5,2,0,7,0,0,6.0,74.0,238.0,40.0,24.0,119.0,7.34,4.21,22.0
Ray Perryman,2001,DB,Northern Arizona,10,,,,,5,2,0,4,0,0,0.0,,,,,,,,22.0
Eddie Berlin,2001,WR,Northern Iowa,10,4.43,54.0,,,5,2,0,5,0,0,3.0,71.0,191.0,39.5,,122.0,6.78,4.08,23.0
John Markham,2001,K,Vanderbilt,4,,,,,5,2,0,0,0,0,0.0,,,,,,,,
Chris Barnes,2001,RB,New Mexico State,7,,,,,5,2,0,0,0,0,0.0,,,,,,,,
Jonathan Carter,2001,WR,Troy,8,,,,,5,2,0,4,0,0,4.0,,,,,,,,22.0
Hakim Akbar,2001,LB,Washington,2,4.55,60.0,,,5,2,0,2,0,0,1.0,72.0,210.0,,,,,,21.0
Brandon Winey,2001,OT,LSU,1,5.3,35.29,,,6,2,0,4,0,0,3.0,78.0,301.0,,,,,,23.0
Michael Jameson,2001,DB,Texas A&M,2,4.5,44.44,,,6,2,0,4,0,0,4.0,71.0,186.0,34.5,9.0,118.0,7.13,4.2,22.0
Bobby Newcombe,2001,WR,Nebraska,3,4.53,34.0,,,6,2,0,0,0,0,0.0,70.0,195.0,37.0,,117.0,6.86,3.98,
Randy Garner,2001,DE,Arkansas,3,4.77,50.77,,,6,2,0,0,0,0,0.0,76.0,277.0,,,,,,
Riall Johnson,2001,LB,Stanford,3,,,,,6,2,0,3,0,0,2.0,,,,,,,,23.0
Cedrick Wilson,2001,WR,Tennessee,2,4.48,44.0,,,6,2,0,7,0,2,22.0,70.0,179.0,38.0,,123.0,,,22.0
Chad Ward,2001,OG,Washington,2,5.23,42.67,,,6,2,0,0,0,0,0.0,76.0,321.0,32.5,26.0,99.0,7.98,4.9,
Daleroy Stewart,2001,DT,Southern Miss,10,4.9,56.25,,,6,2,0,4,0,0,3.0,75.0,309.0,33.0,,110.0,7.75,4.72,22.0
Josh Booty,2001,QB,LSU,1,4.9,25.0,,,6,2,0,0,0,0,0.0,74.0,221.0,29.5,,105.0,7.54,4.48,
Jason Glenn,2001,LB,Texas A&M,2,4.94,0.0,,,6,2,0,6,0,0,6.0,73.0,236.0,36.0,14.0,115.0,7.16,4.31,22.0
Jameel Cook,2001,FB,Illinois,4,4.8,30.77,,,6,2,0,8,0,2,4.0,70.0,226.0,29.5,17.0,108.0,7.55,4.38,22.0
Dee Brown,2001,RB,Syracuse,4,,,,,6,2,0,6,0,0,2.0,,,,,,,,23.0
Alex Sulfsted,2001,OT,Miami (OH),8,5.3,35.29,,,6,2,0,4,0,0,2.0,76.0,312.0,30.5,,96.0,,,23.0
Josh Heupel,2001,QB,Oklahoma,2,4.85,31.25,,,6,2,0,0,0,0,0.0,74.0,215.0,37.5,,114.0,7.18,4.15,
Tony Driver,2001,DB,Notre Dame,2,,,,,6,2,0,2,0,0,0.0,,,,,,,,24.0
Rashad Holman,2001,DB,Louisville,4,4.58,26.67,,,6,2,0,3,0,0,4.0,71.0,186.0,42.0,6.0,129.0,7.09,3.85,23.0
Arther Love,2001,TE,South Carolina State,3,4.75,41.67,,,6,2,0,0,0,0,0.0,76.0,236.0,36.0,24.0,,,,
Rodney Bailey,2001,DE,Ohio State,1,5.1,0.0,,,6,2,0,7,0,0,7.0,75.0,283.0,,,,,,21.0
Roger Knight,2001,LB,Wisconsin,3,,,,,6,2,0,4,0,0,4.0,,,,,,,,22.0
Ellis Wyms,2001,DE,Mississippi State,3,4.97,20.0,,,6,2,0,8,0,1,13.0,75.0,285.0,28.0,,103.0,7.71,4.47,22.0
Chris Cooper,2001,DT,Nebraska-Omaha,10,4.95,50.0,,,6,2,0,7,0,1,12.0,77.0,272.0,35.5,24.0,114.0,7.12,4.21,24.0
Mitch White,2001,OT,Oregon State,4,,,,,6,2,0,0,0,0,0.0,,,,,,,,
Mario Monds,2001,DT,Cincinnati,4,5.04,38.75,,,6,2,0,4,0,0,1.0,75.0,342.0,28.5,,99.0,8.06,4.73,24.0
Otis Leverette,2001,DE,UAB,6,,,,,6,2,0,4,0,0,3.0,,,,,,,,23.0
Rick Crowell,2001,LB,Colorado State,7,5.03,0.0,,,6,2,0,0,0,0,0.0,75.0,242.0,31.5,19.0,109.0,7.54,4.35,
Carey Scott,2001,DB,Kentucky State,4,4.65,11.11,,,6,2,0,3,0,0,0.0,71.0,208.0,30.0,,113.0,7.52,4.18,23.0
Kevin Kasper,2001,WR,Iowa,3,4.42,56.0,,,6,2,0,6,0,0,2.0,72.0,199.0,43.5,,126.0,6.56,3.73,23.0
Menson Holloway,2001,DE,UTEP,6,4.9,30.77,,,6,2,0,0,0,0,0.0,74.0,284.0,34.5,19.0,111.0,7.54,4.43,
Dan Alexander,2001,RB,Nebraska,3,,,,,6,2,0,3,0,0,0.0,,,,,,,,23.0
Jason Doering,2001,DB,Wisconsin,3,4.73,0.0,,,6,2,0,4,0,0,6.0,71.0,202.0,,,,7.07,4.12,23.0
Joe Maese,2001,C,New Mexico,7,,,,,6,2,0,5,0,0,7.0,,,,,,,,22.0
Dan O'Leary,2001,TE,Notre Dame,2,5.02,0.0,,,6,2,0,2,0,0,0.0,76.0,252.0,32.0,16.0,113.0,7.4,4.31,24.0
Jimmy Williams,2001,DB,Vanderbilt,4,4.58,26.67,,,6,2,0,6,0,0,9.0,70.0,188.0,36.0,,120.0,7.12,,22.0
Francis St. Paul,2001,WR,Northern Arizona,10,,,,,6,2,0,0,0,0,0.0,,,,,,,,
David Martin,2001,TE,Tennessee,2,4.76,40.0,,,6,2,1,11,0,4,12.0,76.0,242.0,,,,,,22.0
Adam Haayer,2001,OT,Minnesota,4,5.3,35.29,,,6,2,0,5,0,0,4.0,78.0,298.0,,23.0,,,,24.0
Leonard Myers,2001,DB,Miami (FL),2,4.65,11.11,,,6,2,0,3,0,0,1.0,70.0,190.0,37.0,13.0,120.0,7.21,4.16,22.0
Brandon Gorin,2001,OT,Purdue,4,,,,,7,2,0,9,0,2,15.0,,,,,,,,23.0
Renaldo Hill,2001,DB,Michigan State,3,4.68,4.44,,,7,2,1,10,0,8,36.0,71.0,178.0,35.5,10.0,116.0,7.07,4.18,22.0
Paul Zukauskas,2001,OG,Boston College,4,5.3,33.33,,,7,2,0,4,0,1,9.0,77.0,307.0,,22.0,,,,22.0
T.J. Houshmandzadeh,2001,WR,Oregon State,4,,,,,7,2,1,11,1,6,56.0,,,,,,,,23.0
Dauntae' Finger,2001,TE,North Carolina,3,5.09,0.0,,,7,2,0,0,0,0,0.0,76.0,262.0,33.5,15.0,103.0,7.95,4.59,
James Reed,2001,DT,Iowa State,4,,,,,7,2,0,7,0,2,19.0,,,,,,,,24.0
Colston Weatherington,2001,DE,Central Missouri State,10,,,,,7,2,0,2,0,0,0.0,,,,,,,,23.0
John Capel,2001,WR,Florida,2,4.39,62.0,,,7,2,0,0,0,0,0.0,71.0,177.0,36.5,,126.0,,,
Alex Lincoln,2001,LB,Auburn,2,4.77,16.0,,,7,2,0,0,0,0,0.0,72.0,251.0,35.0,22.0,111.0,,,
Harold Blackmon,2001,DB,Northwestern,5,4.54,35.56,,,7,2,0,2,0,0,1.0,71.0,210.0,37.0,17.0,121.0,7.03,4.28,23.0
Louis Williams,2001,C,LSU,1,5.48,16.0,,,7,2,0,2,0,0,0.0,76.0,299.0,28.5,25.0,103.0,7.86,4.67,22.0
Shaunard Harts,2001,DB,Boise State,7,4.56,31.11,,,7,2,0,4,0,1,8.0,72.0,200.0,34.5,12.0,119.0,7.14,,23.0
Anthony Denman,2001,LB,Notre Dame,2,4.76,18.0,,,7,2,0,2,0,0,2.0,73.0,239.0,,,,,,21.0
Reggie Germany,2001,WR,Ohio State,1,4.39,62.0,,,7,2,0,1,0,0,2.0,73.0,183.0,,,,,,23.0
Corey Hall,2001,DB,Appalachian State,8,4.5,44.44,,,7,2,0,1,0,0,0.0,75.0,198.0,36.5,14.0,127.0,,,22.0
Owen Pochman,2001,K,BYU,5,,,,,7,2,0,3,0,0,-2.0,71.0,179.0,,,,,,24.0
Tupe Peko,2001,OG,Michigan State,3,5.36,25.33,,,7,2,0,4,0,0,9.0,76.0,300.0,28.0,,92.0,8.1,4.56,22.0
Chris Taylor,2001,WR,Texas A&M,2,4.4,60.0,,,7,2,0,0,0,0,0.0,71.0,183.0,35.5,,115.0,6.81,3.93,22.0
Kynan Forney,2001,OG,Hawaii,7,5.28,36.0,,,7,2,1,9,0,5,37.0,74.0,312.0,27.0,23.0,97.0,8.56,4.7,22.0
Rick DeMulling,2001,OG,Idaho,10,5.24,41.33,,,7,2,1,7,0,3,31.0,76.0,307.0,31.5,32.0,108.0,7.62,4.6,24.0
Ennis Davis,2001,DT,USC,2,5.1,31.25,,,7,2,0,0,0,0,0.0,76.0,302.0,27.5,23.0,99.0,7.98,4.87,
Dennis Norman,2001,C,Princeton,10,5.16,58.67,,,7,2,0,9,0,1,17.0,76.0,305.0,35.0,25.0,107.0,8.08,4.72,21.0
Than Merrill,2001,DB,Yale,10,,,,,7,2,0,1,0,0,1.0,,,,,,,,23.0
Eric Johnson,2001,TE,Yale,10,,,,,7,2,1,7,0,5,19.0,,,,,,,,21.0
Brian Crawford,2001,OT,Western Oregon,10,,,,,7,2,0,0,0,0,0.0,,,,,,,,
Ronald Flemons,2001,DE,Texas A&M,2,,,,,7,2,0,4,0,0,0.0,,,,,,,,21.0
Mike Roberg,2001,TE,Idaho,10,4.75,41.67,,,7,2,0,2,0,0,0.0,76.0,256.0,34.5,16.0,117.0,7.28,4.4,23.0
Derek Combs,2001,DB,Ohio State,1,4.42,62.22,,,7,2,0,3,0,0,1.0,72.0,193.0,35.0,8.0,120.0,6.96,4.07,22.0
Ken-Yon Rambo,2001,WR,Ohio State,1,4.34,72.0,,,7,2,0,2,0,0,1.0,73.0,196.0,,,,,,22.0
Ross Kolodziej,2001,DT,Wisconsin,3,4.87,60.0,,,7,2,0,7,0,1,12.0,75.0,290.0,34.5,25.0,111.0,7.37,4.36,23.0
Dwayne Missouri,2001,DE,Northwestern,5,5.03,10.77,,,7,2,0,1,0,0,0.0,77.0,258.0,38.0,21.0,116.0,7.5,4.4,22.0
Keith Adams,2001,LB,Clemson,1,4.82,6.0,,,7,2,0,7,0,1,14.0,71.0,219.0,,24.0,104.0,,,21.0
Marlon McCree,2001,DB,Kentucky,4,4.62,17.78,,,7,2,1,8,0,7,35.0,71.0,197.0,38.0,10.0,117.0,7.36,4.1,24.0
Joe Tafoya,2001,DE,Arizona,4,4.91,29.23,,,7,2,0,7,0,0,10.0,76.0,269.0,33.0,28.0,111.0,7.65,4.4,23.0
Richmond Flowers III,2001,WR,Chattanooga,10,4.55,30.0,,,7,2,0,0,0,0,0.0,71.0,195.0,35.5,,114.0,6.98,3.96,
Quentin McCord,2001,WR,Kentucky,4,4.48,44.0,,,7,2,0,3,0,0,5.0,70.0,191.0,36.5,,112.0,7.17,4.18,23.0
Kris Kocurek,2001,DT,Texas Tech,4,,,,,7,2,0,1,0,0,0.0,,,,,,,,22.0
Tyrone Robertson,2001,DT,Hinds CC,10,,,,,7,2,0,1,0,0,1.0,,,,,,,,22.0
T.J. Turner,2001,LB,Michigan State,3,4.8,10.0,,,7,2,0,1,0,0,0.0,75.0,273.0,,,,,,22.0
John Nix,2001,DT,Southern Miss,10,,,,,7,2,0,4,0,0,2.0,,,,,,,,24.0
Randy Chevrier,2001,DT,McGill,10,,,,,7,2,0,1,0,0,0.0,,,,,,,,25.0
Char-ron Dorsey,2001,OT,Florida State,2,5.99,0.0,,,7,2,0,2,0,0,1.0,78.0,348.0,,16.0,,,,23.0
Terdell Sands,2001,DT,Chattanooga,10,,,,,7,2,0,9,0,1,11.0,,,,,,,,21.0
Robert Carswell,2001,DB,Clemson,1,4.59,24.44,,,7,2,0,2,0,0,1.0,72.0,214.0,34.0,21.0,106.0,7.14,4.18,22.0
Andre King,2001,WR,Miami (FL),2,4.61,18.0,,,7,2,0,4,0,0,2.0,72.0,199.0,,,,,,27.0
Tevita Ofahengaue,2001,TE,BYU,5,,,,,7,2,0,0,0,0,0.0,,,,,,,,
David Carr,2002,QB,Fresno State,7,4.67,53.75,,,1,0,1,11,0,5,45.0,75.0,223.0,35.0,,108.0,7.05,4.28,23.0
Julius Peppers,2002,DE,North Carolina,3,4.74,55.38,,,1,0,1,17,9,16,130.0,78.0,283.0,,,,,,22.0
Joey Harrington,2002,QB,Oregon,2,4.89,26.25,,,1,0,1,6,0,6,31.0,76.0,215.0,32.0,,112.0,7.0,4.21,23.0
Mike Williams,2002,OT,Texas,2,5.3,35.29,,,1,0,1,8,0,4,24.0,78.0,375.0,30.0,29.0,102.0,,,22.0
Quentin Jammer,2002,DB,Texas,2,4.49,46.67,,,1,0,1,12,0,10,52.0,72.0,204.0,36.0,18.0,124.0,,,23.0
Ryan Sims,2002,DT,North Carolina,3,5.09,32.5,,,1,0,1,9,0,3,22.0,76.0,311.0,,27.0,,,,22.0
Bryant McKinnie,2002,OT,Miami (FL),2,5.13,55.29,,,1,0,1,12,1,11,64.0,80.0,343.0,,,,,,22.0
Roy Williams,2002,DB,Oklahoma,2,4.53,37.78,,,1,0,1,9,5,7,59.0,72.0,219.0,30.5,13.0,115.0,,,22.0
John Henderson,2002,DT,Tennessee,2,4.87,60.0,,,1,0,1,10,2,8,64.0,79.0,308.0,27.5,24.0,110.0,7.71,4.66,23.0
Levi Jones,2002,OT,Arizona State,3,5.21,45.88,,,1,0,1,8,0,7,42.0,77.0,304.0,,,103.0,,,23.0
Dwight Freeney,2002,DE,Syracuse,4,4.48,95.38,,,1,0,1,16,7,11,81.0,73.0,266.0,,28.0,,,,22.0
Wendell Bryant,2002,DT,Wisconsin,3,4.91,55.0,,,1,0,0,3,0,0,4.0,76.0,308.0,,,,,,21.0
Donte' Stallworth,2002,WR,Tennessee,2,4.22,96.0,,,1,0,1,11,0,4,39.0,72.0,197.0,,,,,,21.0
Jeremy Shockey,2002,TE,Miami (FL),2,4.64,60.0,,,1,0,1,10,4,10,48.0,77.0,255.0,,,,,,22.0
Albert Haynesworth,2002,DT,Tennessee,2,5.09,32.5,,,1,0,1,10,2,7,55.0,78.0,320.0,,,,,,21.0
William Green,2002,RB,Boston College,4,4.6,33.33,,,1,0,1,4,0,3,14.0,72.0,221.0,42.0,27.0,121.0,,,22.0
Phillip Buchanon,2002,DB,Miami (FL),2,4.31,86.67,,,1,0,1,10,0,5,34.0,70.0,186.0,,,,,,21.0
T.J. Duckett,2002,RB,Michigan State,3,4.45,58.33,,,1,0,0,7,0,1,22.0,72.0,254.0,,,,,,21.0
Ashley Lelie,2002,WR,Hawaii,7,4.49,42.0,,,1,0,1,7,0,4,35.0,75.0,197.0,,,,,,22.0
Javon Walker,2002,WR,Florida State,2,4.38,64.0,,,1,0,1,8,1,3,40.0,75.0,210.0,39.5,,128.0,6.86,4.05,23.0
Daniel Graham,2002,TE,Colorado,3,4.64,60.0,,,1,0,1,11,0,7,19.0,75.0,248.0,36.0,,118.0,,,23.0
Bryan Thomas,2002,DE,UAB,6,4.47,96.92,,,1,0,1,11,0,7,49.0,76.0,266.0,34.5,33.0,,,,23.0
Napoleon Harris,2002,LB,Northwestern,5,4.55,60.0,,,1,0,1,7,0,6,33.0,75.0,253.0,34.0,27.0,115.0,7.15,4.44,23.0
Ed Reed,2002,DB,Miami (FL),2,4.57,28.89,,,1,0,1,12,9,11,102.0,71.0,201.0,,,,,,23.0
Charles Grant,2002,DE,Georgia,1,4.69,63.08,,,1,0,1,8,0,7,46.0,75.0,282.0,31.0,24.0,118.0,7.69,4.39,24.0
Lito Sheppard,2002,DB,Florida,2,4.47,51.11,,,1,0,1,10,2,7,48.0,70.0,194.0,37.5,11.0,120.0,,,21.0
Mike Rumph,2002,DB,Miami (FL),2,4.47,51.11,,,1,0,0,5,0,1,8.0,74.0,205.0,,,,,,22.0
Jerramy Stevens,2002,TE,Washington,2,4.77,38.33,,,1,0,0,9,0,2,18.0,79.0,265.0,,,,,,22.0
Marc Colombo,2002,OT,Boston College,4,5.27,38.82,,,1,0,1,10,0,6,42.0,80.0,313.0,29.5,30.0,101.0,7.65,4.6,23.0
Kendall Simmons,2002,OG,Auburn,2,5.3,33.33,,,1,0,1,8,0,5,35.0,75.0,311.0,28.5,24.0,98.0,7.84,4.71,23.0
Robert Thomas,2002,LB,UCLA,5,4.51,68.0,,,1,0,1,7,0,5,21.0,72.0,229.0,34.0,21.0,116.0,7.21,4.1,22.0
Patrick Ramsey,2002,QB,Tulane,6,5.24,0.0,,,1,0,0,7,0,1,14.0,74.0,219.0,33.5,,112.0,7.12,4.09,23.0
Jabar Gaffney,2002,WR,Florida,2,4.56,28.0,,,2,0,1,11,0,6,42.0,73.0,193.0,,,,6.87,4.06,21.0
DeShaun Foster,2002,RB,UCLA,5,4.57,38.33,,,2,0,1,7,0,3,32.0,73.0,222.0,35.5,20.0,119.0,6.82,4.16,22.0
Kalimba Edwards,2002,DE,South Carolina,3,4.75,53.85,,,2,0,0,7,0,2,20.0,77.0,265.0,,,,,,22.0
Josh Reed,2002,WR,LSU,1,4.54,32.0,,,2,0,1,8,0,3,27.0,70.0,210.0,,,,,,22.0
Andre Gurode,2002,OG,Colorado,3,5.34,28.0,,,2,0,1,12,5,8,65.0,76.0,316.0,30.5,,100.0,8.15,5.05,24.0
Raonall Smith,2002,LB,Washington State,4,4.53,64.0,,,2,0,0,6,0,0,6.0,74.0,244.0,42.0,26.0,125.0,7.1,4.11,23.0
Toniu Fonoti,2002,OG,Nebraska,3,5.49,8.0,,,2,0,0,5,0,2,17.0,76.0,349.0,28.5,32.0,97.0,8.12,4.81,20.0
Mike Pearson,2002,OT,Florida,2,,,,,2,0,0,4,0,2,17.0,,,,,,,,22.0
Lamont Thompson,2002,DB,Washington State,4,4.59,24.44,,,2,0,1,6,0,3,17.0,73.0,220.0,33.5,12.0,120.0,,,24.0
Larry Tripplett,2002,DT,Washington,2,4.93,52.5,,,2,0,1,6,0,4,27.0,74.0,305.0,30.0,,102.0,,4.36,23.0
Eddie Freeman,2002,DE,UAB,6,4.91,29.23,,,2,0,0,2,0,0,1.0,77.0,310.0,34.5,32.0,111.0,7.85,4.81,24.0
LeCharles Bentley,2002,OG,Ohio State,1,5.19,48.0,,,2,0,1,4,2,4,29.0,74.0,299.0,25.5,,103.0,7.85,4.54,22.0
Tank Williams,2002,DB,Stanford,3,4.46,53.33,,,2,0,1,6,0,4,20.0,74.0,222.0,38.5,19.0,125.0,6.78,3.93,22.0
Tim Carter,2002,WR,Auburn,2,4.32,76.0,,,2,0,0,8,0,0,10.0,72.0,190.0,39.0,,126.0,6.68,3.93,22.0
Andre' Davis,2002,WR,Virginia Tech,3,4.42,56.0,,,2,0,0,8,0,1,25.0,73.0,194.0,39.5,,123.0,6.77,4.1,23.0
Reche Caldwell,2002,WR,Florida,2,4.53,34.0,,,2,0,0,6,0,1,20.0,72.0,194.0,41.5,,130.0,7.0,4.1,23.0
Levar Fisher,2002,LB,NC State,4,4.67,36.0,,,2,0,0,2,0,1,6.0,73.0,233.0,31.0,,110.0,7.3,,23.0
Chester Pitts,2002,OT,San Diego State,7,5.22,44.71,,,2,0,1,9,0,7,43.0,76.0,320.0,30.0,,106.0,7.84,4.81,23.0
Clinton Portis,2002,RB,Miami (FL),2,4.42,63.33,,,2,0,1,9,2,7,72.0,71.0,204.0,,,,,,21.0
Anthony Weaver,2002,DE,Notre Dame,2,4.95,23.08,,,2,0,1,7,0,6,41.0,75.0,296.0,32.5,24.0,109.0,7.37,4.31,22.0
Langston Walker,2002,OT,California,4,5.26,40.0,,,2,0,1,9,0,4,31.0,80.0,344.0,28.5,21.0,102.0,8.09,4.95,23.0
Maurice Morris,2002,RB,Oregon,2,4.53,45.0,,,2,0,0,10,0,1,27.0,71.0,208.0,38.5,23.0,119.0,,,22.0
Doug Jolley,2002,TE,BYU,5,4.6,66.67,,,2,0,0,5,0,2,11.0,76.0,251.0,38.0,18.0,117.0,6.9,4.18,23.0
Ladell Betts,2002,RB,Iowa,3,4.62,30.0,,,2,0,1,9,0,1,31.0,70.0,220.0,38.0,23.0,116.0,7.06,4.06,23.0
Jon McGraw,2002,DB,Kansas State,4,4.5,44.44,,,2,0,0,10,0,2,18.0,75.0,208.0,39.5,13.0,126.0,6.51,3.92,23.0
Michael Lewis,2002,DB,Colorado,3,4.6,22.22,,,2,0,1,9,1,6,43.0,73.0,211.0,36.5,16.0,122.0,6.96,4.14,22.0
Sheldon Brown,2002,DB,South Carolina,3,4.47,51.11,,,2,0,1,11,0,9,55.0,70.0,196.0,36.5,15.0,120.0,7.0,4.24,23.0
Anton Palepoi,2002,DE,UNLV,10,4.81,44.62,,,2,0,0,4,0,0,4.0,75.0,279.0,33.5,24.0,114.0,7.46,4.27,24.0
Ryan Denney,2002,DE,BYU,5,4.86,36.92,,,2,0,0,9,0,2,23.0,79.0,276.0,33.0,36.0,107.0,7.18,4.25,25.0
Antwaan Randle El,2002,WR,Indiana,4,4.49,42.0,,,2,0,1,9,0,4,43.0,70.0,191.0,,,,,,23.0
Antonio Bryant,2002,WR,Pittsburgh,3,4.57,26.0,,,2,0,1,8,0,6,38.0,73.0,188.0,37.0,,121.0,,,21.0
Travis Fisher,2002,DB,UCF,4,,,,,2,0,1,8,0,6,25.0,,,,,,,,22.0
Deion Branch,2002,WR,Louisville,4,4.47,46.0,,,2,0,1,11,0,7,52.0,69.0,191.0,36.0,,117.0,6.71,3.78,23.0
Fred Weary,2002,OG,Tennessee,2,5.37,24.0,,,3,1,1,6,0,3,18.0,76.0,308.0,32.0,34.0,104.0,7.68,4.63,24.0
Matt Schobel,2002,TE,TCU,3,,,,,3,1,0,7,0,1,11.0,77.0,263.0,34.5,,,,,23.0
Andre' Goodman,2002,DB,South Carolina,3,4.36,75.56,,,3,1,1,10,0,5,34.0,70.0,182.0,,,,,,24.0
Saleem Rasheed,2002,LB,Alabama,1,4.66,38.0,,,3,1,0,4,0,0,5.0,75.0,229.0,,26.0,,,,21.0
Willie Offord,2002,DB,South Carolina,3,4.61,20.0,,,3,1,0,4,0,0,5.0,74.0,215.0,35.0,22.0,117.0,,,23.0
Ben Leber,2002,LB,Kansas State,4,4.62,46.0,,,3,1,1,10,0,8,46.0,75.0,244.0,32.5,20.0,114.0,6.75,4.25,23.0
Roosevelt Williams,2002,DB,Tuskegee,10,,,,,3,1,0,2,0,0,4.0,,,,,,,,23.0
Will Witherspoon,2002,LB,Georgia,1,4.68,34.0,,,3,1,1,12,0,8,59.0,73.0,231.0,38.0,25.0,122.0,7.09,4.21,22.0
Joe Jefferson,2002,DB,Western Kentucky,5,,,,,3,1,0,4,0,0,3.0,,,,,,,,22.0
Derek Ross,2002,DB,Ohio State,1,4.56,31.11,,,3,1,0,3,0,1,6.0,71.0,197.0,,17.0,118.0,,,22.0
Melvin Fowler,2002,C,Maryland,4,5.46,18.67,,,3,1,1,7,0,4,25.0,75.0,300.0,27.0,32.0,99.0,7.51,4.6,23.0
Rocky Calmus,2002,LB,Oklahoma,2,4.69,32.0,,,3,1,0,3,0,1,8.0,75.0,243.0,,16.0,,,,23.0
Jeff Hatch,2002,OT,Pennsylvania,10,,,,,3,1,0,2,0,0,2.0,,,,,,,,22.0
Rashad Bauman,2002,DB,Oregon,2,4.44,57.78,,,3,1,0,4,0,0,3.0,68.0,186.0,39.0,10.0,118.0,,,23.0
Will Overstreet,2002,LB,Tennessee,2,4.65,40.0,,,3,1,0,2,0,0,1.0,75.0,259.0,32.5,21.0,116.0,7.37,4.31,22.0
Josh McCown,2002,QB,Sam Houston State,10,4.59,63.75,,,3,1,1,18,0,5,40.0,76.0,221.0,38.5,,120.0,6.85,3.9,23.0
James Allen,2002,LB,Oregon State,4,4.62,46.0,,,3,1,0,4,0,1,9.0,75.0,240.0,38.0,24.0,126.0,7.59,4.21,22.0
Charles Hill,2002,DT,Maryland,4,5.06,36.25,,,3,1,0,1,0,0,1.0,74.0,293.0,33.5,23.0,113.0,7.37,4.36,21.0
Lamar Gordon,2002,RB,North Dakota State,9,4.55,41.67,,,3,1,0,5,0,0,9.0,73.0,214.0,34.0,16.0,119.0,,,22.0
Kris Richard,2002,DB,USC,2,4.47,51.11,,,3,1,0,4,0,0,2.0,71.0,186.0,39.5,10.0,120.0,,4.15,23.0
Marquis Walker,2002,WR,Michigan,1,,,,,3,1,0,0,0,0,0.0,,,,,,,,
Cliff Russell,2002,WR,Utah,3,4.36,68.0,,,3,1,0,7,0,0,0.0,71.0,185.0,,,,,,23.0
Chris Baker,2002,TE,Michigan State,3,4.81,31.67,,,3,1,1,9,0,5,13.0,75.0,258.0,35.0,18.0,112.0,6.95,,22.0
Akin Ayodele,2002,LB,Purdue,4,4.81,8.0,,,3,1,1,9,0,8,48.0,74.0,257.0,35.0,26.0,121.0,7.0,4.12,22.0
Seth McKinney,2002,C,Texas A&M,2,4.97,84.0,,,3,1,1,8,0,3,21.0,75.0,300.0,33.5,23.0,105.0,7.36,4.51,23.0
Brian Westbrook,2002,RB,Villanova,9,4.57,38.33,,,3,1,1,9,2,7,69.0,68.0,200.0,37.0,26.0,118.0,7.09,,23.0
Marques Anderson,2002,DB,UCLA,5,4.5,44.44,,,3,1,0,4,0,2,14.0,71.0,213.0,39.5,18.0,127.0,,,23.0
Terrence Metcalf,2002,OG,Ole Miss,3,5.31,32.0,,,3,1,0,7,0,1,11.0,75.0,318.0,,28.0,,,,24.0
Chris Hope,2002,DB,Florida State,2,4.58,26.67,,,3,1,1,11,1,7,46.0,72.0,210.0,,28.0,113.0,,,21.0
Eric Crouch,2002,WR,Nebraska,3,4.47,46.0,,,3,1,0,0,0,0,0.0,72.0,195.0,38.0,,112.0,6.87,4.02,
Dorsett Davis,2002,DE,Mississippi State,3,5.0,15.38,,,3,1,0,2,0,0,1.0,77.0,304.0,31.0,30.0,109.0,7.83,4.67,23.0
Coy Wire,2002,DB,Stanford,3,4.56,31.11,,,3,1,0,9,0,1,22.0,72.0,209.0,38.5,28.0,120.0,6.62,3.87,23.0
Dennis Johnson,2002,DE,Kentucky,4,4.82,43.08,,,3,1,0,3,0,1,5.0,77.0,258.0,35.5,17.0,119.0,7.21,4.36,22.0
Jonathan Wells,2002,RB,Ohio State,1,4.52,46.67,,,4,1,0,4,0,1,11.0,73.0,243.0,,,,,,23.0
Dante Wesley,2002,DB,Ark-Pine Bluff,10,4.43,60.0,,,4,1,0,9,0,0,10.0,73.0,211.0,35.0,15.0,116.0,7.25,4.22,23.0
Kevin Bentley,2002,LB,Northwestern,5,4.68,34.0,,,4,1,0,10,0,2,23.0,72.0,243.0,39.0,23.0,120.0,6.71,3.83,22.0
Jeff Chandler,2002,K,Florida,2,5.0,0.0,,,4,1,0,3,0,0,1.0,74.0,218.0,,,,,,23.0
Justin Peelle,2002,TE,Oregon,2,4.75,41.67,,,4,1,1,10,0,4,8.0,76.0,255.0,29.0,21.0,110.0,7.34,4.29,23.0
Alex Brown,2002,DE,Florida,2,4.74,55.38,,,4,1,1,9,0,8,59.0,75.0,260.0,,,,,,23.0
Brian Williams,2002,DB,NC State,4,,,,,4,1,1,10,0,7,34.0,,,,,,,,23.0
David Thornton,2002,LB,North Carolina,3,4.62,46.0,,,4,1,1,8,0,7,42.0,74.0,236.0,35.5,26.0,117.0,6.93,4.09,23.0
Omar Easy,2002,FB,Penn State,2,4.53,72.31,,,4,1,0,4,0,0,0.0,73.0,244.0,40.0,21.0,123.0,7.25,4.12,24.0
David Garrard,2002,QB,East Carolina,6,4.82,35.0,,,4,1,1,9,1,5,62.0,74.0,235.0,33.5,,111.0,7.35,4.26,24.0
Travis Dorsch,2002,P,Purdue,4,4.89,16.92,,,4,1,0,1,0,0,0.0,78.0,221.0,,,,,,22.0
Mike Echols,2002,DB,Wisconsin,3,4.35,77.78,,,4,1,0,2,0,0,0.0,69.0,190.0,,,,,,23.0
Ben Taylor,2002,LB,Virginia Tech,3,4.83,4.0,,,4,1,0,5,0,2,14.0,74.0,236.0,35.5,19.0,120.0,6.56,4.09,24.0
Dave Zastudil,2002,P,Ohio,8,5.26,0.0,,,4,1,0,13,0,0,18.0,75.0,222.0,,,,,,23.0
Nate Dwyer,2002,DT,Kansas,10,5.1,31.25,,,4,1,0,0,0,0,0.0,75.0,313.0,31.0,27.0,103.0,7.57,4.41,
Randy McMichael,2002,TE,Georgia,1,4.88,20.0,,,4,1,1,11,0,10,33.0,75.0,247.0,29.5,18.0,112.0,7.58,4.28,23.0
Tony Beckham,2002,DB,Wisconsin–Stout,10,,,,,4,1,0,6,0,0,5.0,,,,,,,,23.0
Martin Bibla,2002,OG,Miami (FL),2,5.08,62.67,,,4,1,0,3,0,0,3.0,75.0,306.0,,35.0,,,,22.0
Rohan Davey,2002,QB,LSU,1,4.74,45.0,,,4,1,0,3,0,0,0.0,74.0,245.0,,,,,,24.0
Chris Luzar,2002,TE,Virginia,4,4.76,40.0,,,4,1,0,2,0,0,0.0,79.0,270.0,32.5,22.0,115.0,6.84,4.17,23.0
Travis Stephens,2002,RB,Tennessee,2,4.6,33.33,,,4,1,0,1,0,0,0.0,68.0,194.0,32.0,15.0,121.0,,,24.0
Terreal Bierria,2002,DB,Georgia,1,4.61,20.0,,,4,1,0,3,0,1,6.0,75.0,216.0,36.0,18.0,130.0,6.93,4.1,21.0
Alan Harper,2002,DT,Fresno State,7,5.27,10.0,,,4,1,0,3,0,0,1.0,74.0,295.0,30.5,,104.0,,4.64,23.0
Darnell Sanders,2002,TE,Ohio State,1,,,,,4,1,0,3,0,1,1.0,,,,,,,,23.0
Ron Johnson,2002,WR,Minnesota,4,4.7,0.0,,,4,1,0,2,0,0,1.0,74.0,225.0,34.5,,118.0,7.12,4.02,22.0
Scott Peters,2002,C,Arizona State,3,5.07,70.67,,,4,1,0,2,0,0,1.0,75.0,300.0,33.5,36.0,97.0,7.68,4.69,23.0
Keyuo Craver,2002,DB,Nebraska,3,4.62,17.78,,,4,1,0,2,0,0,2.0,71.0,201.0,31.0,13.0,123.0,,,22.0
Jarvis Green,2002,DE,LSU,1,4.87,35.38,,,4,1,0,8,0,2,28.0,75.0,272.0,31.0,,109.0,7.52,4.25,23.0
Kevin Curtis,2002,DB,Texas Tech,4,4.53,37.78,,,4,1,0,0,0,0,0.0,74.0,212.0,37.5,24.0,124.0,6.75,3.88,
Larry Foote,2002,LB,Michigan,1,4.83,4.0,,,4,1,1,13,0,8,62.0,73.0,231.0,30.0,24.0,,7.18,4.41,22.0
Jamar Martin,2002,FB,Ohio State,1,4.89,16.92,,,4,1,0,5,0,0,0.0,71.0,245.0,32.0,23.0,108.0,7.53,4.34,22.0
Travis Scott,2002,OG,Arizona State,3,,,,,4,1,0,0,0,0,0.0,,,,,,,,
Sam Brandon,2002,DB,UNLV,10,4.66,8.89,,,4,1,0,5,0,0,9.0,74.0,199.0,36.5,,127.0,,,23.0
Edward Ta'amu,2002,OG,Utah,3,,,,,4,1,0,0,0,0,0.0,,,,,,,,
Rocky Boiman,2002,LB,Notre Dame,2,4.6,50.0,,,4,1,0,8,0,2,14.0,76.0,242.0,35.0,17.0,122.0,6.86,4.05,22.0
John Taylor,2002,LB,Montana State,9,,,,,4,1,0,0,0,0,0.0,,,,,,,,
Najeh Davenport,2002,RB,Miami (FL),2,4.57,38.33,,,4,1,0,7,0,0,18.0,73.0,248.0,,,,,,23.0
Jarrod Baxter,2002,FB,New Mexico,7,4.7,46.15,,,5,2,0,4,0,1,0.0,73.0,245.0,32.5,23.0,116.0,7.1,4.27,23.0
Randy Fasani,2002,QB,Stanford,3,4.77,41.25,,,5,2,0,1,0,0,1.0,75.0,224.0,31.5,,106.0,6.75,3.87,23.0
John Owens,2002,TE,Notre Dame,2,4.77,38.33,,,5,2,0,8,0,1,0.0,75.0,265.0,38.5,21.0,117.0,,,22.0
Justin Bannan,2002,DT,Colorado,3,5.0,43.75,,,5,2,1,12,0,4,36.0,75.0,300.0,29.0,24.0,99.0,7.31,4.24,23.0
Bobby Gray,2002,DB,Louisiana Tech,5,4.66,8.89,,,5,2,0,3,0,1,6.0,72.0,209.0,,24.0,112.0,,,24.0
Andra Davis,2002,LB,Florida,2,4.77,16.0,,,5,2,1,10,0,7,44.0,73.0,244.0,31.5,20.0,112.0,,,23.0
Terry Charles,2002,WR,Portland State,10,4.52,36.0,,,5,2,0,0,0,0,0.0,75.0,207.0,36.5,,122.0,7.02,4.09,
Scott Fujita,2002,LB,California,4,4.64,42.0,,,5,2,1,11,0,10,46.0,77.0,248.0,42.0,20.0,122.0,7.09,4.21,23.0
Herb Haygood,2002,WR,Michigan State,3,4.45,50.0,,,5,2,0,1,0,0,0.0,71.0,193.0,33.0,,114.0,6.65,4.26,24.0
Kyle Johnson,2002,RB,Syracuse,4,4.74,10.0,,,5,2,0,6,0,2,4.0,73.0,242.0,34.0,22.0,119.0,7.4,4.35,23.0
Rocky Bernard,2002,DT,Texas A&M,2,4.96,48.75,,,5,2,1,11,0,3,35.0,75.0,294.0,33.0,30.0,108.0,7.43,4.41,23.0
Kenyon Coleman,2002,DE,UCLA,5,4.97,20.0,,,5,2,1,11,0,5,38.0,77.0,284.0,,32.0,,,,23.0
Kevin McCadam,2002,DB,Colorado State,7,,,,,5,2,0,5,0,0,6.0,,,,,,,,23.0
Jason McAddley,2002,WR,Alabama,1,4.47,46.0,,,5,2,0,4,0,1,4.0,73.0,203.0,36.5,,123.0,6.83,4.09,23.0
Mel Mitchell,2002,DB,Western Kentucky,5,4.55,33.33,,,5,2,0,6,0,0,4.0,73.0,220.0,35.0,15.0,128.0,7.0,4.15,23.0
Jake Schifino,2002,WR,Akron,10,4.49,42.0,,,5,2,0,3,0,0,0.0,73.0,200.0,,,,,,22.0
Nick Greisen,2002,LB,Wisconsin,3,,,,,5,2,0,7,0,2,21.0,,,,,,,,23.0
Ramon Walker,2002,DB,Pittsburgh,3,,,,,5,2,0,4,0,0,3.0,,,,,,,,22.0
Jonathan Goodwin,2002,OG,Michigan,1,5.13,56.0,,,5,2,1,13,1,8,59.0,75.0,318.0,,,,,,23.0
Terry Jones,2002,TE,Alabama,1,4.79,35.0,,,5,2,1,4,0,3,5.0,75.0,265.0,33.5,20.0,111.0,7.43,4.43,22.0
Aaron Kampman,2002,DE,Iowa,3,,,,,5,2,1,10,2,7,55.0,,,,,,,,22.0
Jermaine Phillips,2002,DB,Georgia,1,4.66,8.89,,,5,2,1,8,0,6,32.0,73.0,214.0,31.5,18.0,115.0,,,23.0
Kurt Kittner,2002,QB,Illinois,4,4.86,30.0,,,5,2,0,2,0,0,1.0,74.0,221.0,27.0,,100.0,7.34,4.5,22.0
Andre Lott,2002,DB,Tennessee,2,4.48,48.89,,,5,2,0,5,0,0,4.0,70.0,194.0,36.5,15.0,119.0,7.1,4.01,23.0
Robert Royal,2002,TE,LSU,1,4.97,5.0,,,5,2,1,9,0,6,9.0,77.0,253.0,31.0,14.0,114.0,7.37,4.27,23.0
Omare Lowe,2002,DB,Washington,2,4.58,26.67,,,5,2,0,7,0,0,2.0,73.0,196.0,35.5,12.0,118.0,6.65,3.97,24.0
Freddie Milons,2002,WR,Alabama,1,4.51,38.0,,,5,2,0,0,0,0,0.0,70.0,190.0,33.5,,117.0,6.84,,
Brandon Doman,2002,QB,BYU,5,4.81,36.25,,,5,2,0,0,0,0,0.0,74.0,210.0,32.5,,106.0,6.9,4.08,
Craig Nall,2002,QB,LSU,1,,,,,5,2,0,6,0,0,1.0,,,,,,,,23.0
Bryan Knight,2002,LB,Pittsburgh,3,,,,,5,2,0,2,0,0,4.0,,,,,,,,23.0
Verron Haynes,2002,RB,Georgia,1,4.78,3.33,,,5,2,0,8,0,0,9.0,70.0,224.0,31.5,25.0,117.0,7.27,4.08,23.0
Courtland Bullard,2002,LB,Ohio State,1,4.69,32.0,,,5,2,0,2,0,0,2.0,75.0,234.0,36.5,,123.0,6.99,4.28,24.0
Pete Hunter,2002,DB,Virginia Union,4,,,,,5,2,0,5,0,0,5.0,,,,,,,,22.0
Ryan Hannam,2002,TE,Northern Iowa,10,4.69,51.67,,,5,2,0,5,0,0,2.0,74.0,251.0,30.5,18.0,113.0,7.07,4.21,22.0
Sam Simmons,2002,WR,Northwestern,5,,,,,5,2,0,2,0,0,0.0,,,,,,,,22.0
Matt Hill,2002,OT,Boise State,7,5.33,31.76,,,5,2,0,2,0,0,3.0,78.0,300.0,28.5,20.0,101.0,7.58,4.54,23.0
Josh Shaw,2002,DT,Michigan State,3,5.08,33.75,,,5,2,0,7,0,0,1.0,75.0,279.0,,22.0,,,,23.0
Demarcus Faggins,2002,DB,Kansas State,4,4.57,28.89,,,6,2,1,8,0,3,14.0,70.0,178.0,36.5,3.0,121.0,6.64,3.92,23.0
Keith Heinrich,2002,TE,Sam Houston State,10,4.77,38.33,,,6,2,0,6,0,0,1.0,77.0,255.0,35.0,21.0,120.0,6.87,4.1,23.0
Chris Cash,2002,DB,USC,2,4.5,44.44,,,6,2,0,4,0,1,7.0,70.0,177.0,,,,,,22.0
Kevin Thomas,2002,DB,UNLV,10,4.64,13.33,,,6,2,0,3,0,0,5.0,71.0,180.0,35.0,10.0,122.0,,,24.0
Nick Rogers,2002,LB,Georgia Tech,3,4.73,24.0,,,6,2,0,4,0,1,7.0,74.0,251.0,36.0,22.0,117.0,7.02,4.19,23.0
Matt Anderle,2002,OT,Minnesota,4,5.5,11.76,,,6,2,0,0,0,0,0.0,78.0,327.0,29.0,26.0,104.0,7.99,4.8,
Tyson Walter,2002,C,Ohio State,1,,,,,6,2,0,5,0,1,4.0,,,,,,,,24.0
Clenton Ballard,2002,DT,Texas State,2,5.18,21.25,,,6,2,0,0,0,0,0.0,74.0,313.0,26.5,24.0,93.0,7.47,4.64,
Marquand Manuel,2002,DB,Florida,2,4.52,40.0,,,6,2,1,8,0,3,22.0,72.0,209.0,,18.0,,,,23.0
David Pugh,2002,DT,Virginia Tech,3,,,,,6,2,0,1,0,0,1.0,,,,,,,,23.0
James Lewis,2002,DB,Miami (FL),2,,,,,6,2,0,0,0,0,0.0,,,,,,,,
Kahlil Hill,2002,WR,Iowa,3,4.65,10.0,,,6,2,0,1,0,0,0.0,74.0,200.0,35.0,,,,,23.0
Josh Scobey,2002,RB,Kansas State,4,4.42,63.33,,,6,2,0,6,0,0,3.0,71.0,218.0,40.5,21.0,124.0,6.96,3.93,22.0
J.T. O'Sullivan,2002,QB,UC Davis,10,4.88,27.5,,,6,2,0,8,0,0,6.0,74.0,223.0,29.0,,107.0,7.46,4.28,23.0
Justin Hartwig,2002,C,Kansas,10,,,,,6,2,1,8,0,6,41.0,,,,,,,,23.0
Wesly Mallard,2002,LB,Oregon,2,4.49,72.0,,,6,2,0,5,0,0,3.0,74.0,221.0,41.0,22.0,122.0,6.81,4.07,23.0
Keyon Nash,2002,DB,Albany State (GA),10,,,,,6,2,0,3,0,0,0.0,,,,,,,,23.0
Howard Green,2002,DT,LSU,1,,,,,6,2,0,10,0,2,11.0,,,,,,,,23.0
Jeb Putzier,2002,TE,Boise State,7,,,,,6,2,0,7,0,1,12.0,,,,,,,,23.0
Reggie Coleman,2002,OT,Tennessee,2,5.23,43.53,,,6,2,0,0,0,0,0.0,77.0,301.0,29.0,,103.0,7.84,4.88,
John Stamper,2002,DE,South Carolina,3,4.98,18.46,,,6,2,0,1,0,0,0.0,76.0,265.0,36.5,24.0,112.0,7.35,4.22,24.0
Craig Jarrett,2002,P,Michigan State,3,,,,,6,2,0,1,0,0,0.0,,,,,,,,23.0
Lamont Brightful,2002,DB,Eastern Washington,10,,,,,6,2,0,3,0,0,4.0,,,,,,,,23.0
John Gilmore,2002,TE,Penn State,2,,,,,6,2,0,10,0,2,3.0,,,,,,,,22.0
Larry Ned,2002,RB,San Diego State,7,4.62,30.0,,,6,2,0,3,0,0,0.0,71.0,219.0,34.5,15.0,120.0,7.12,,24.0
Tyreo Harrison,2002,LB,Notre Dame,2,4.87,0.0,,,6,2,0,2,0,0,1.0,74.0,238.0,40.0,,118.0,7.24,,22.0
Adrian Peterson,2002,RB,Georgia Southern,1,4.68,20.0,,,6,2,0,8,0,0,11.0,70.0,214.0,34.0,14.0,119.0,7.59,4.6,23.0
Mike Houghton,2002,OG,San Diego State,7,,,,,6,2,0,1,0,0,0.0,,,,,,,,22.0
Mark Anelli,2002,TE,Wisconsin,3,4.8,33.33,,,6,2,0,1,0,0,0.0,76.0,262.0,,18.0,,,,23.0
Lee Mays,2002,WR,UTEP,6,4.55,30.0,,,6,2,0,5,0,0,2.0,73.0,190.0,32.5,,119.0,7.08,4.17,23.0
Jamin Elliott,2002,WR,Delaware,9,,,,,6,2,0,5,0,0,0.0,,,,,,,,22.0
Brian Allen,2002,RB,Stanford,3,4.46,56.67,,,6,2,0,2,0,0,0.0,69.0,209.0,33.0,19.0,112.0,6.9,4.08,22.0
Steve Bellisari,2002,QB,Ohio State,1,,,,,6,2,0,0,0,0,0.0,,,,,,,,
Javin Hunter,2002,WR,Notre Dame,2,4.47,46.0,,,6,2,0,1,0,0,0.0,71.0,186.0,41.0,,129.0,6.84,4.04,22.0
Chester Taylor,2002,RB,Toledo,8,4.58,36.67,,,6,2,1,10,0,1,41.0,71.0,213.0,33.0,22.0,114.0,,,22.0
DeVeren Johnson,2002,WR,Sacred Heart,10,,,,,6,2,0,0,0,0,0.0,,,,,,,,
Chad Williams,2002,DB,Southern Miss,10,4.58,26.67,,,6,2,0,5,0,0,9.0,69.0,207.0,36.5,20.0,121.0,6.96,,23.0
Bryan Fletcher,2002,TE,UCLA,5,,,,,6,2,0,6,0,1,8.0,,,,,,,,23.0
Bob Slowikowski,2002,TE,Virginia Tech,3,,,,,6,2,0,0,0,0,0.0,,,,,,,,
LaVar Glover,2002,DB,Cincinnati,4,4.59,24.44,,,7,2,0,1,0,0,0.0,69.0,177.0,37.0,11.0,117.0,7.18,4.29,23.0
Pete Campion,2002,OG,North Dakota State,9,5.26,38.67,,,7,2,0,0,0,0,0.0,76.0,307.0,25.5,30.0,88.0,7.96,4.81,
Luke Staley,2002,RB,BYU,5,4.42,63.33,,,7,2,0,0,0,0,0.0,73.0,227.0,,,,,,
Mike Pucillo,2002,OG,Auburn,2,5.31,32.0,,,7,2,0,6,0,1,9.0,76.0,317.0,28.0,26.0,,,,23.0
Seth Burford,2002,QB,Cal Poly,9,,,,,7,2,0,0,0,0,0.0,,,,,,,,
Michael Coleman,2002,WR,Widener,10,,,,,7,2,0,0,0,0,0.0,,,,,,,,
Chad Beasley,2002,OT,Virginia Tech,3,5.15,52.94,,,7,2,0,2,0,0,2.0,77.0,303.0,31.5,27.0,104.0,7.75,4.6,23.0
Joey Evans,2002,DE,North Carolina,3,,,,,7,2,0,0,0,0,0.0,,,,,,,,
Josh Mallard,2002,DE,Georgia,1,,,,,7,2,0,7,0,0,5.0,,,,,,,,23.0
Maurice Rodriguez,2002,LB,Fresno State,7,,,,,7,2,0,0,0,0,0.0,,,,,,,,
Kendall Newson,2002,WR,Middle Tenn. State,10,4.69,2.0,,,7,2,0,2,0,0,1.0,74.0,200.0,33.5,,117.0,6.87,4.27,22.0
Mike Banks,2002,TE,Iowa State,4,4.84,26.67,,,7,2,0,2,0,0,0.0,76.0,260.0,31.5,,104.0,,,22.0
Derrius Monroe,2002,DE,Virginia Tech,3,4.56,83.08,,,7,2,0,0,0,0,0.0,76.0,269.0,31.5,25.0,111.0,7.38,4.51,
Darrell Hill,2002,WR,Northern Illinois,8,,,,,7,2,0,3,0,0,0.0,,,,,,,,23.0
Daryl Jones,2002,WR,Miami (FL),2,4.35,70.0,,,7,2,0,3,0,0,1.0,69.0,180.0,,,,,,23.0
Joaquin Gonzalez,2002,OT,Miami (FL),2,,,,,7,2,0,4,0,1,9.0,,,,,,,,23.0
Chris Young,2002,DB,Georgia Tech,3,4.63,15.56,,,7,2,0,3,0,0,2.0,72.0,210.0,38.5,23.0,121.0,,,22.0
Stylez G. White,2002,DE,Minnesota,4,,,,,7,2,0,9,0,2,15.0,,,,,,,,23.0
Jeff Grau,2002,C,UCLA,5,,,,,7,2,0,2,0,0,4.0,,,,,,,,22.0
Monsanto Pope,2002,DT,Virginia,4,5.25,12.5,,,7,2,0,4,0,1,12.0,75.0,295.0,,,,,,24.0
Jeff Kelly,2002,QB,Southern Miss,10,,,,,7,2,0,0,0,0,0.0,,,,,,,,23.0
Tim Wansley,2002,DB,Georgia,1,,,,,7,2,0,2,0,0,4.0,,,,,,,,23.0
Greg Scott,2002,DE,Hampton,10,4.9,30.77,,,7,2,0,3,0,0,0.0,76.0,268.0,32.5,26.0,110.0,7.5,4.61,22.0
Ronald Curry,2002,WR,North Carolina,3,4.59,22.0,,,7,2,0,7,0,2,16.0,74.0,220.0,35.0,,115.0,7.06,4.11,23.0
Wes Pate,2002,QB,S.F. Austin,10,,,,,7,2,0,0,0,0,0.0,,,,,,,,
Antwoine Womack,2002,RB,Virginia,4,,,,,7,2,0,0,0,0,0.0,,,,,,,,
Raheem Brock,2002,DE,Temple,6,4.93,26.15,,,7,2,1,10,0,6,43.0,76.0,257.0,34.0,25.0,115.0,7.09,4.23,24.0
Eric Heitmann,2002,OG,Stanford,3,5.22,44.0,,,7,2,1,8,0,7,40.0,76.0,305.0,28.0,33.0,103.0,7.56,4.6,22.0
Carlos Hall,2002,DE,Arkansas,3,4.67,66.15,,,7,2,0,4,0,2,17.0,76.0,259.0,40.0,20.0,129.0,6.97,4.19,23.0
Leonard Henry,2002,RB,East Carolina,6,4.57,38.33,,,7,2,0,3,0,0,1.0,73.0,206.0,35.0,26.0,113.0,7.11,4.29,24.0
Brett Keisel,2002,DE,BYU,5,4.89,32.31,,,7,2,1,13,1,8,58.0,77.0,279.0,33.5,26.0,107.0,7.28,4.51,23.0
Chris Massey,2002,RB,Marshall,8,,,,,7,2,0,10,0,0,13.0,,,,,,,,23.0
Kevin Shaffer,2002,OT,Tulsa,6,,,,,7,2,1,9,0,5,37.0,,,,,,,,22.0
Quincy Monk,2002,LB,North Carolina,3,4.82,6.0,,,7,2,0,3,0,0,1.0,75.0,250.0,33.5,26.0,113.0,7.48,4.38,23.0
Steve Smith,2002,DB,Oregon,2,4.62,17.78,,,7,2,0,1,0,0,0.0,73.0,193.0,30.5,,110.0,7.0,4.22,23.0
Hayden Epstein,2002,K,Michigan,1,4.79,32.31,,,7,2,0,1,0,0,0.0,74.0,212.0,,,,,,21.0
Kyle Kosier,2002,OG,Arizona State,3,5.09,61.33,,,7,2,1,10,0,8,51.0,77.0,293.0,29.5,24.0,108.0,7.34,4.49,23.0
Rodney Wright,2002,WR,Fresno State,7,,,,,7,2,0,0,0,0,0.0,,,,,,,,
Tracey Wistrom,2002,TE,Nebraska,3,4.92,13.33,,,7,2,0,0,0,0,0.0,76.0,245.0,33.5,17.0,116.0,7.09,4.1,
Jarrett Ferguson,2002,RB,Virginia Tech,3,,,,,7,2,0,0,0,0,0.0,,,,,,,,
Matt Murphy,2002,TE,Maryland,4,,,,,7,2,0,6,0,0,0.0,,,,,,,,22.0
David Givens,2002,WR,Notre Dame,2,4.56,28.0,,,7,2,0,5,0,2,22.0,72.0,217.0,40.5,,126.0,6.82,4.13,22.0
Aaron Lockett,2002,WR,Kansas State,4,4.31,78.0,,,7,2,0,0,0,0,0.0,67.0,155.0,35.0,,119.0,6.84,4.11,
Zack Quaccia,2002,C,Stanford,3,,,,,7,2,0,0,0,0,0.0,,,,,,,,
Teddy Gaines,2002,DB,Tennessee,2,,,,,7,2,0,0,0,0,0.0,,,,,,,,
Rock Cartwright,2002,FB,Kansas State,4,4.47,81.54,,,7,2,0,10,0,0,9.0,68.0,237.0,35.0,30.0,116.0,7.18,4.25,22.0
Brad Franklin,2002,DB,Louisiana,8,,,,,7,2,0,2,0,0,0.0,,,,,,,,22.0
Victor Rogers,2002,OT,Colorado,3,5.57,3.53,,,7,2,0,3,0,0,0.0,78.0,331.0,25.0,20.0,93.0,9.0,5.16,23.0
Dominique Stevenson,2002,LB,Tennessee,2,4.53,64.0,,,7,2,0,3,0,0,2.0,72.0,231.0,32.5,23.0,110.0,,,24.0
Ahmad Miller,2002,DT,UNLV,10,,,,,7,2,0,0,0,0,0.0,,,,,,,,
Carson Palmer,2003,QB,USC,2,4.65,56.25,,,1,0,1,15,3,12,107.0,77.0,232.0,,,,,,23.0
Charles Rogers,2003,WR,Michigan State,3,4.4,60.0,,,1,0,0,3,0,0,4.0,74.0,202.0,,,,,,22.0
Andre Johnson,2003,WR,Miami (FL),2,4.41,58.0,,,1,0,1,14,7,12,94.0,74.0,230.0,39.0,,132.0,,,22.0
Dewayne Robertson,2003,DT,Kentucky,4,5.15,25.0,,,1,0,1,6,0,6,34.0,73.0,317.0,,,,,,21.0
Terence Newman,2003,DB,Kansas State,4,4.37,73.33,,,1,0,1,15,2,15,70.0,70.0,189.0,41.0,,136.0,6.88,3.83,25.0
Johnathan Sullivan,2003,DT,Georgia,1,5.1,31.25,,,1,0,0,3,0,1,10.0,75.0,313.0,,,,,,22.0
Byron Leftwich,2003,QB,Marshall,8,4.85,31.25,,,1,0,1,10,0,3,33.0,77.0,241.0,,,,,,23.0
Jordan Gross,2003,OT,Utah,3,5.05,64.71,,,1,0,1,11,3,11,69.0,76.0,300.0,31.5,28.0,112.0,7.69,4.39,23.0
Kevin Williams,2003,DT,Oklahoma State,3,4.81,67.5,,,1,0,1,13,6,12,102.0,77.0,304.0,30.0,23.0,112.0,7.66,5.04,23.0
Terrell Suggs,2003,LB,Arizona State,3,4.84,2.0,,,1,0,1,17,7,15,110.0,75.0,262.0,,,,,,20.0
Marcus Trufant,2003,DB,Washington State,4,4.38,71.11,,,1,0,1,10,1,8,49.0,71.0,199.0,39.0,11.0,127.0,6.87,4.32,22.0
Jimmy Kennedy,2003,DT,Penn State,2,5.2,18.75,,,1,0,0,9,0,2,16.0,76.0,322.0,,,,,,23.0
Ty Warren,2003,DE,Texas A&M,2,5.1,0.0,,,1,0,1,10,0,6,45.0,77.0,307.0,,27.0,,,,22.0
Michael Haynes,2003,DE,Penn State,2,4.87,35.38,,,1,0,0,3,0,0,8.0,76.0,281.0,30.5,23.0,109.0,,,22.0
Jerome McDougle,2003,DE,Miami (FL),2,4.67,66.15,,,1,0,0,6,0,0,3.0,74.0,264.0,34.0,,117.0,7.28,4.58,24.0
Troy Polamalu,2003,DB,USC,2,4.4,66.67,,,1,0,1,12,8,10,96.0,70.0,206.0,,,,,,22.0
Bryant Johnson,2003,WR,Penn State,2,4.57,26.0,,,1,0,1,9,0,4,26.0,74.0,214.0,,,,,,22.0
Calvin Pace,2003,DE,Wake Forest,4,4.79,47.69,,,1,0,1,13,0,10,61.0,76.0,269.0,33.0,,115.0,,,22.0
Kyle Boller,2003,QB,California,4,4.61,61.25,,,1,0,1,9,0,4,16.0,75.0,234.0,35.5,,117.0,7.2,4.02,22.0
George Foster,2003,OT,Georgia,1,5.23,43.53,,,1,0,1,6,0,4,31.0,77.0,338.0,27.0,,100.0,,,23.0
Jeff Faine,2003,C,Notre Dame,2,5.18,56.0,,,1,0,1,10,0,8,45.0,75.0,303.0,,,,,,22.0
Rex Grossman,2003,QB,Florida,2,5.06,5.0,,,1,0,1,9,0,3,23.0,73.0,217.0,,,,,,23.0
Willis McGahee,2003,RB,Miami (FL),2,4.45,58.33,,,1,0,1,11,2,7,56.0,72.0,223.0,,,,,,21.0
Dallas Clark,2003,TE,Iowa,3,4.65,58.33,,,1,0,1,11,1,9,51.0,75.0,257.0,37.5,,123.0,,,24.0
William Joseph,2003,DT,Miami (FL),2,5.18,21.25,,,1,0,0,7,0,1,11.0,77.0,308.0,,29.0,,,,24.0
Kwame Harris,2003,OT,Stanford,3,5.2,47.06,,,1,0,1,6,0,3,22.0,79.0,310.0,35.5,,107.0,7.98,4.65,21.0
Larry Johnson,2003,RB,Penn State,2,4.45,58.33,,,1,0,1,9,2,4,51.0,73.0,228.0,,19.0,,,,23.0
Andre Woolfolk,2003,DB,Oklahoma,2,4.47,51.11,,,1,0,0,4,0,0,6.0,73.0,197.0,35.5,10.0,128.0,6.78,3.96,23.0
Nick Barnett,2003,LB,Oregon State,4,4.67,36.0,,,1,0,1,11,0,9,60.0,74.0,236.0,34.5,32.0,123.0,7.0,4.08,22.0
Sammy Davis,2003,DB,Texas A&M,2,4.42,62.22,,,1,0,0,5,0,2,12.0,72.0,186.0,40.0,19.0,131.0,7.01,,23.0
Nnamdi Asomugha,2003,DB,California,4,4.45,55.56,,,1,0,1,11,3,8,64.0,74.0,213.0,37.5,16.0,124.0,,,22.0
Tyler Brayton,2003,DE,Colorado,3,4.73,56.92,,,1,0,1,9,0,6,40.0,78.0,277.0,34.0,25.0,116.0,7.14,4.31,23.0
Eric Steinbach,2003,OG,Iowa,3,4.96,78.67,,,2,0,1,8,0,8,48.0,78.0,297.0,36.0,,119.0,7.36,4.42,23.0
Boss Bailey,2003,LB,Georgia,1,4.58,54.0,,,2,0,1,6,0,4,22.0,75.0,233.0,42.0,,135.0,,,23.0
Charles Tillman,2003,DB,Louisiana,8,4.49,46.67,,,2,0,1,13,2,11,66.0,73.0,207.0,40.0,12.0,131.0,7.05,3.89,22.0
Eugene Wilson,2003,DB,Illinois,4,4.48,48.89,,,2,0,1,8,0,6,29.0,70.0,192.0,38.0,15.0,122.0,7.18,4.05,23.0
Jon Stinchcomb,2003,OT,Georgia,1,4.99,71.76,,,2,0,1,8,1,5,45.0,77.0,302.0,35.0,32.0,115.0,7.83,4.62,24.0
Al Johnson,2003,C,Wisconsin,3,4.95,86.67,,,2,0,1,6,0,3,23.0,75.0,305.0,,,,,,24.0
Rashean Mathis,2003,DB,Bethune-Cookman,10,4.45,55.56,,,2,0,1,13,1,11,64.0,73.0,202.0,38.5,22.0,123.0,7.09,4.17,23.0
E.J. Henderson,2003,LB,Maryland,4,4.8,10.0,,,2,0,1,9,1,7,47.0,73.0,245.0,,20.0,,,,23.0
Bennie Joppru,2003,TE,Michigan,1,4.78,36.67,,,2,0,0,5,0,0,0.0,76.0,272.0,30.5,19.0,109.0,,,23.0
Ken Hamlin,2003,DB,Arkansas,3,4.61,20.0,,,2,0,1,8,1,6,37.0,74.0,209.0,33.0,16.0,117.0,6.8,3.92,22.0
Pisa Tinoisamoa,2003,LB,Hawaii,7,4.65,40.0,,,2,0,1,8,0,7,35.0,72.0,231.0,34.5,19.0,111.0,6.97,4.07,22.0
Taylor Jacobs,2003,WR,Florida,2,4.42,56.0,,,2,0,0,5,0,0,2.0,72.0,205.0,,,,,,22.0
Bethel Johnson,2003,WR,Texas A&M,2,4.38,64.0,,,2,0,0,4,0,0,8.0,71.0,201.0,38.5,,127.0,,,24.0
Drayton Florence,2003,DB,Tuskegee,10,4.39,68.89,,,2,0,1,11,0,6,34.0,72.0,198.0,35.0,18.0,124.0,,,22.0
Kawika Mitchell,2003,LB,South Florida,6,4.69,32.0,,,2,0,1,8,0,6,37.0,73.0,253.0,37.0,25.0,117.0,7.32,4.24,23.0
Chris Kelsay,2003,DE,Nebraska,3,4.75,53.85,,,2,0,1,10,0,8,46.0,76.0,273.0,36.5,23.0,121.0,,,23.0
Eddie Moore,2003,LB,Tennessee,2,4.71,28.0,,,2,0,0,3,0,0,3.0,72.0,237.0,,,,,,23.0
Bruce Nelson,2003,OG,Iowa,3,5.26,38.67,,,2,0,0,1,0,0,2.0,77.0,301.0,,21.0,,,,24.0
Terry Pierce,2003,LB,Kansas State,4,4.78,14.0,,,2,0,0,2,0,0,1.0,73.0,251.0,27.5,28.0,,,,22.0
Chaun Thompson,2003,LB,West Texas A&M,10,4.58,54.0,,,2,0,0,7,0,2,17.0,74.0,240.0,35.5,29.0,123.0,7.01,4.22,23.0
Victor Hobson,2003,LB,Michigan,1,4.86,0.0,,,2,0,1,6,0,4,26.0,72.0,252.0,33.0,29.0,117.0,7.26,4.33,23.0
Anquan Boldin,2003,WR,Florida State,2,4.72,0.0,,,2,0,1,14,3,14,86.0,73.0,216.0,33.5,,114.0,7.35,4.33,22.0
Bryan Scott,2003,DB,Penn State,2,4.6,22.22,,,2,0,1,10,0,3,34.0,73.0,219.0,,13.0,,,,22.0
Osi Umenyiora,2003,DE,Troy,8,,,,,2,0,1,12,2,6,63.0,,,,,,,,21.0
Anthony Adams,2003,DT,Penn State,2,5.13,27.5,,,2,0,1,9,0,4,33.0,72.0,299.0,30.5,,109.0,7.68,4.59,23.0
Mike Doss,2003,DB,Ohio State,1,4.45,55.56,,,2,0,1,6,0,3,17.0,70.0,207.0,,,,,,22.0
Alonzo Jackson,2003,LB,Florida State,2,4.86,0.0,,,2,0,0,3,0,0,2.0,76.0,266.0,37.0,14.0,114.0,7.69,4.5,22.0
Tyrone Calico,2003,WR,Middle Tenn. State,10,4.34,72.0,,,2,0,0,3,0,0,5.0,76.0,223.0,38.0,,127.0,6.73,4.26,22.0
L.J. Smith,2003,TE,Rutgers,4,4.62,63.33,,,2,0,1,7,0,4,21.0,75.0,258.0,37.0,26.0,122.0,6.74,4.25,23.0
Terrence Kiel,2003,DB,Texas A&M,2,4.46,53.33,,,2,0,1,4,0,3,17.0,71.0,204.0,38.0,16.0,127.0,6.88,3.96,22.0
Teyo Johnson,2003,TE,Stanford,3,4.61,65.0,,,2,0,0,3,0,0,2.0,77.0,247.0,33.5,,,,,21.0
Dewayne White,2003,DE,Louisville,4,4.76,52.31,,,2,0,0,7,0,2,24.0,74.0,273.0,33.0,22.0,112.0,7.22,4.32,23.0
Kelley Washington,2003,WR,Tennessee,2,4.42,56.0,,,3,1,0,8,0,0,13.0,74.0,223.0,,,,,,24.0
Cory Redding,2003,DE,Texas,2,4.88,33.85,,,3,1,1,13,0,10,54.0,76.0,279.0,,24.0,,,,22.0
Antwan Peek,2003,LB,Cincinnati,4,4.65,40.0,,,3,1,0,5,0,1,12.0,75.0,246.0,37.0,21.0,125.0,7.07,4.35,23.0
Lance Briggs,2003,LB,Arizona,4,4.75,20.0,,,3,1,1,12,7,12,98.0,73.0,242.0,33.0,25.0,113.0,,,22.0
Jason Witten,2003,TE,Tennessee,2,4.65,58.33,,,3,1,1,18,11,16,80.0,78.0,264.0,31.0,25.0,,,,21.0
Gerald Hayes,2003,LB,Pittsburgh,3,4.75,20.0,,,3,1,1,8,0,4,27.0,73.0,238.0,30.5,,107.0,7.57,4.35,22.0
Nate Burleson,2003,WR,Nevada,7,4.51,38.0,,,3,1,1,11,0,9,45.0,72.0,197.0,42.5,,126.0,6.96,4.16,22.0
Vince Manuwai,2003,OG,Hawaii,7,5.06,65.33,,,3,1,1,8,0,7,49.0,74.0,304.0,29.5,27.0,107.0,7.59,4.4,23.0
Wayne Hunter,2003,OT,Hawaii,7,5.08,61.18,,,3,1,0,10,0,1,13.0,78.0,303.0,31.0,37.0,104.0,7.72,4.57,22.0
Kevin Curtis,2003,WR,Utah State,7,4.42,56.0,,,3,1,1,8,0,3,25.0,71.0,186.0,36.0,,122.0,6.76,3.99,25.0
Seth Wand,2003,OT,NW Missouri State,10,5.14,54.12,,,3,1,0,6,0,1,10.0,79.0,321.0,31.5,20.0,107.0,7.61,4.5,24.0
Mike Seidman,2003,TE,UCLA,5,4.8,33.33,,,3,1,0,4,0,0,1.0,76.0,261.0,,20.0,,,,22.0
Musa Smith,2003,RB,Georgia,1,4.45,58.33,,,3,1,0,5,0,0,6.0,73.0,232.0,35.5,,123.0,,,21.0
Wade Smith,2003,OT,Memphis,6,5.14,54.12,,,3,1,1,12,1,6,43.0,76.0,296.0,32.5,24.0,114.0,7.62,4.75,22.0
Kenny Peterson,2003,DT,Ohio State,1,4.8,68.75,,,3,1,0,7,0,1,11.0,75.0,298.0,,,,,,24.0
Courtney Van Buren,2003,OT,Ark-Pine Bluff,10,,,,,3,1,0,2,0,1,3.0,,,,,,,,23.0
Derrick Dockery,2003,OG,Texas,2,5.58,0.0,,,3,1,1,10,0,7,44.0,78.0,347.0,25.0,,92.0,,,22.0
Ricky Manning,2003,DB,UCLA,5,4.52,40.0,,,3,1,0,6,0,1,22.0,69.0,185.0,36.5,12.0,117.0,7.11,4.17,22.0
Sam Williams,2003,DE,Fresno State,7,,,,,3,1,0,8,0,1,13.0,,,,,,,,23.0
Chris Crocker,2003,DB,Marshall,8,,,,,3,1,1,11,0,7,42.0,,,,,,,,23.0
B.J. Askew,2003,FB,Michigan,1,4.6,61.54,,,3,1,0,7,0,1,4.0,74.0,241.0,,,,,,23.0
Cie Grant,2003,LB,Ohio State,1,4.68,34.0,,,3,1,0,1,0,0,1.0,72.0,228.0,,,,,,23.0
Taylor Whitley,2003,OG,Texas A&M,2,5.18,49.33,,,3,1,0,3,0,1,4.0,76.0,321.0,30.0,28.0,106.0,7.95,4.58,23.0
Dave Ragone,2003,QB,Louisville,4,4.99,13.75,,,3,1,0,1,0,0,1.0,76.0,249.0,30.5,,101.0,7.42,4.36,23.0
Andrew Williams,2003,DE,Miami (FL),2,4.7,61.54,,,3,1,0,2,0,0,1.0,74.0,263.0,32.0,29.0,113.0,7.53,4.47,24.0
Donald Strickland,2003,DB,Colorado,3,4.53,37.78,,,3,1,0,9,0,0,12.0,70.0,187.0,35.5,16.0,121.0,6.98,4.04,22.0
Visanthe Shiancoe,2003,TE,Morgan State,10,4.65,58.33,,,3,1,1,11,0,5,23.0,76.0,251.0,39.5,28.0,120.0,7.09,4.31,23.0
Julian Battle,2003,DB,Tennessee,2,4.45,55.56,,,3,1,0,2,0,0,2.0,74.0,205.0,,,,,,22.0
Chris Brown,2003,RB,Colorado,3,4.46,56.67,,,3,1,0,7,0,2,24.0,75.0,220.0,,,,,,22.0
Angelo Crowell,2003,LB,Virginia,4,4.73,24.0,,,3,1,1,5,0,3,18.0,72.0,236.0,32.5,25.0,,7.08,4.29,22.0
Billy McMullen,2003,WR,Virginia,4,4.61,18.0,,,3,1,0,6,0,0,5.0,76.0,210.0,,,,,,23.0
Justin Fargas,2003,FB,USC,2,4.35,100.0,,,3,1,0,7,0,2,20.0,73.0,219.0,,27.0,137.0,,,23.0
Chris Simms,2003,QB,Texas,2,4.84,32.5,,,3,1,0,7,0,1,8.0,76.0,220.0,31.0,,103.0,7.38,4.21,23.0
Dennis Weathersby,2003,DB,Oregon State,4,4.38,71.11,,,4,1,0,1,0,0,0.0,73.0,204.0,38.0,9.0,125.0,7.14,4.13,23.0
Artose Pinner,2003,RB,Kentucky,4,4.68,20.0,,,4,1,0,5,0,0,8.0,70.0,229.0,,,,,,25.0
Todd Johnson,2003,DB,Florida,2,4.56,31.11,,,4,1,0,7,0,1,13.0,73.0,206.0,33.5,19.0,117.0,7.01,4.19,24.0
Domanick Williams,2003,RB,LSU,1,4.63,28.33,,,4,1,1,3,0,3,33.0,69.0,213.0,32.5,22.0,112.0,7.32,4.47,22.0
Montrae Holland,2003,OG,Florida State,2,5.3,33.33,,,4,1,1,9,0,4,30.0,73.0,333.0,,30.0,,8.46,5.13,23.0
Bradie James,2003,LB,LSU,1,4.71,28.0,,,4,1,1,10,0,8,53.0,74.0,242.0,32.5,,113.0,7.53,4.54,22.0
George Wrighster,2003,TE,Oregon,2,4.89,18.33,,,4,1,0,6,0,1,8.0,74.0,249.0,34.5,16.0,115.0,7.24,,22.0
Onterrio Smith,2003,RB,Oregon,2,4.48,53.33,,,4,1,0,2,0,0,14.0,70.0,220.0,,19.0,,,,22.0
Shaun McDonald,2003,WR,Arizona State,3,4.43,54.0,,,4,1,0,7,0,1,19.0,68.0,169.0,,,,,,22.0
DeJuan Groce,2003,DB,Nebraska,3,4.49,46.67,,,4,1,0,4,0,1,10.0,70.0,192.0,36.0,18.0,118.0,6.82,4.0,23.0
Quentin Griffin,2003,RB,Oklahoma,2,4.48,53.33,,,4,1,0,2,0,0,6.0,67.0,195.0,38.0,21.0,123.0,,4.08,22.0
Jarret Johnson,2003,DE,Alabama,1,5.07,4.62,,,4,1,1,12,0,9,55.0,75.0,284.0,28.5,21.0,107.0,7.72,4.58,22.0
Seneca Wallace,2003,QB,Iowa State,4,4.56,67.5,,,4,1,0,11,0,1,14.0,71.0,196.0,38.0,,127.0,6.98,4.14,23.0
Terrence McGee,2003,DB,Northwestern State (LA),5,4.57,28.89,,,4,1,1,10,1,7,49.0,70.0,201.0,37.0,15.0,126.0,6.88,4.09,22.0
Matt Wilhelm,2003,LB,Ohio State,1,4.8,10.0,,,4,1,0,8,0,1,18.0,76.0,245.0,,,,,,22.0
Brett Williams,2003,OT,Florida State,2,5.25,41.18,,,4,1,0,2,0,0,0.0,77.0,321.0,27.5,,99.0,8.57,5.01,23.0
Nick Eason,2003,DT,Clemson,1,5.17,22.5,,,4,1,0,10,0,0,16.0,75.0,301.0,,29.0,102.0,,,23.0
Lee Suggs,2003,RB,Virginia Tech,3,4.44,60.0,,,4,1,0,4,0,0,8.0,72.0,202.0,,,,,,23.0
Ian Scott,2003,DT,Florida,2,5.16,23.75,,,4,1,1,7,0,3,22.0,74.0,312.0,28.5,28.0,99.0,8.12,5.0,21.0
Dan Klecko,2003,DT,Temple,6,4.94,51.25,,,4,1,0,6,0,0,8.0,71.0,283.0,33.5,26.0,111.0,7.52,4.43,22.0
Jeremi Johnson,2003,FB,Western Kentucky,5,4.9,15.38,,,4,1,1,7,0,4,4.0,71.0,260.0,29.0,20.0,103.0,,,23.0
Colin Branch,2003,DB,Stanford,3,4.4,66.67,,,4,1,0,4,0,1,8.0,72.0,203.0,36.0,22.0,119.0,,,23.0
Asante Samuel,2003,DB,UCF,4,4.49,46.67,,,4,1,1,11,4,9,74.0,71.0,185.0,35.5,9.0,120.0,6.95,4.14,22.0
Justin Griffith,2003,FB,Mississippi State,3,4.59,63.08,,,4,1,1,7,0,6,11.0,71.0,232.0,32.0,29.0,113.0,7.73,4.68,23.0
Steve Sciullo,2003,OG,Marshall,8,5.48,9.33,,,4,1,0,2,0,1,13.0,77.0,330.0,28.0,23.0,98.0,7.85,4.72,23.0
Roderick Babers,2003,DB,Texas,2,,,,,4,1,0,2,0,0,0.0,,,,,,,,22.0
Brandon Lloyd,2003,WR,Illinois,4,4.62,16.0,,,4,1,1,12,1,6,41.0,72.0,184.0,36.0,,,,,22.0
Ike Taylor,2003,DB,Louisiana,8,,,,,4,1,1,12,0,9,53.0,,,,,,,,23.0
Rien Long,2003,DT,Washington State,4,5.1,31.25,,,4,1,0,3,0,0,5.0,78.0,302.0,,,105.0,,,22.0
Sam Aiken,2003,WR,North Carolina,3,4.59,22.0,,,4,1,0,8,0,0,7.0,74.0,209.0,39.5,,121.0,7.22,,22.0
Bryant McNeal,2003,DE,Clemson,1,4.88,33.85,,,4,1,0,0,0,0,0.0,76.0,248.0,34.5,22.0,117.0,,,
Shurron Pierson,2003,DE,South Florida,6,4.63,72.31,,,4,1,0,2,0,0,0.0,74.0,243.0,39.0,,128.0,,,21.0
Lance Nimmo,2003,OT,West Virginia,4,5.28,37.65,,,4,1,0,0,0,0,0.0,77.0,303.0,27.0,20.0,90.0,8.21,4.96,
Jamaal Green,2003,DE,Miami (FL),2,4.78,49.23,,,4,1,0,3,0,0,1.0,74.0,272.0,35.5,27.0,119.0,,,23.0
LaBrandon Toefield,2003,RB,LSU,1,4.6,33.33,,,4,1,0,5,0,0,5.0,71.0,233.0,,19.0,,,,22.0
Austin King,2003,C,Northwestern,5,5.42,24.0,,,4,1,0,4,0,0,3.0,76.0,299.0,28.0,20.0,106.0,7.99,4.73,22.0
Ovie Mughelli,2003,FB,Wake Forest,4,4.73,41.54,,,4,1,1,9,1,5,6.0,73.0,255.0,31.5,,114.0,7.78,4.32,23.0
Solomon Bates,2003,LB,Arizona State,3,4.89,0.0,,,4,1,0,2,0,0,2.0,73.0,243.0,30.0,19.0,112.0,7.23,4.34,21.0
Khalid Abdullah,2003,LB,Mars Hill,10,4.61,48.0,,,5,2,0,1,0,0,1.0,74.0,227.0,36.5,26.0,126.0,7.13,4.25,24.0
Terrence Holt,2003,DB,NC State,4,4.55,33.33,,,5,2,1,6,0,3,18.0,74.0,208.0,34.5,13.0,122.0,6.99,4.03,23.0
Robert Mathis,2003,DE,Alabama A&M,1,,,,,5,2,1,14,5,9,67.0,,,,,,,,22.0
Bobby Wade,2003,WR,Arizona,4,4.66,8.0,,,5,2,1,7,0,3,22.0,70.0,193.0,34.5,,115.0,7.01,4.11,22.0
Derek Pagel,2003,DB,Iowa,3,4.57,28.89,,,5,2,0,2,0,0,1.0,73.0,208.0,35.5,25.0,115.0,6.87,4.08,23.0
Kenny King,2003,DE,Alabama,1,4.95,23.08,,,5,2,0,1,0,0,1.0,75.0,281.0,35.0,25.0,114.0,7.5,4.37,22.0
Ryan Pontbriand,2003,C,Rice,6,,,,,5,2,1,9,2,0,18.0,,,,,,,,23.0
Justin Gage,2003,WR,Missouri,4,4.45,50.0,,,5,2,1,8,0,3,25.0,76.0,217.0,,,,,,22.0
James Davis,2003,LB,West Virginia,4,,,,,5,2,0,3,0,2,13.0,,,,,,,,24.0
Kindal Moorehead,2003,DT,Alabama,1,5.0,43.75,,,5,2,0,6,0,1,14.0,74.0,285.0,32.0,22.0,104.0,7.71,4.57,24.0
Aubrayo Franklin,2003,DT,Tennessee,2,5.2,18.75,,,5,2,1,11,0,7,42.0,73.0,307.0,27.0,,100.0,,4.79,23.0
James Lee,2003,DT,Oregon State,4,4.98,46.25,,,5,2,0,2,0,0,1.0,76.0,327.0,30.0,23.0,106.0,7.78,4.69,23.0
Dan Curley,2003,FB,Eastern Washington,10,4.63,56.92,,,5,2,0,1,0,0,0.0,76.0,254.0,35.5,17.0,118.0,7.47,4.53,25.0
Mike Scifres,2003,P,Western Illinois,10,4.91,13.85,,,5,2,0,13,0,0,23.0,74.0,236.0,,,,,,22.0
Matt Walters,2003,DE,Miami (FL),2,4.9,30.77,,,5,2,0,1,0,0,1.0,76.0,272.0,,30.0,,,,24.0
Ben Sobieski,2003,OT,Iowa,3,5.0,70.59,,,5,2,0,1,0,0,0.0,77.0,307.0,30.0,18.0,109.0,7.7,4.49,24.0
Michael Lehan,2003,DB,Minnesota,4,4.48,48.89,,,5,2,0,6,0,1,9.0,72.0,196.0,34.5,13.0,119.0,6.95,4.15,23.0
Jordan Black,2003,OT,Notre Dame,2,5.18,49.41,,,5,2,0,10,0,2,24.0,78.0,314.0,30.0,,106.0,7.65,4.5,23.0
Donnie Nickey,2003,DB,Ohio State,1,4.65,11.11,,,5,2,0,8,0,0,8.0,74.0,220.0,33.5,17.0,119.0,7.08,4.16,23.0
Melvin Williams,2003,DE,Kansas State,4,,,,,5,2,0,2,0,0,2.0,,,,,,,,24.0
Donald Lee,2003,TE,Mississippi State,3,4.82,30.0,,,5,2,1,9,0,5,17.0,75.0,249.0,39.0,26.0,120.0,7.42,4.42,23.0
Ben Claxton,2003,OG,Ole Miss,3,5.16,52.0,,,5,2,0,7,0,0,0.0,75.0,301.0,27.0,,102.0,7.81,4.69,23.0
Adrian Madise,2003,WR,TCU,3,4.49,42.0,,,5,2,0,1,0,0,0.0,71.0,215.0,32.0,,119.0,7.32,4.26,23.0
Jon Olinger,2003,WR,Cincinnati,4,,,,,5,2,0,0,0,0,0.0,,,,,,,,
David Diehl,2003,OG,Illinois,4,5.26,38.67,,,5,2,1,11,1,11,67.0,78.0,310.0,28.0,22.0,96.0,8.1,4.97,22.0
Aaron Walker,2003,TE,Florida,2,4.72,46.67,,,5,2,0,5,0,0,3.0,78.0,252.0,33.5,24.0,115.0,7.57,4.3,23.0
Keyon Whiteside,2003,LB,Tennessee,2,4.8,10.0,,,5,2,0,2,0,0,0.0,72.0,229.0,29.0,27.0,111.0,7.32,4.34,23.0
Brian St. Pierre,2003,QB,Boston College,4,,,,,5,2,0,8,0,0,0.0,,,,,,,,23.0
Dan Koppen,2003,C,Boston College,4,5.43,22.67,,,5,2,1,10,1,9,72.0,75.0,297.0,28.5,27.0,101.0,8.26,4.56,23.0
Chris Davis,2003,FB,Syracuse,4,4.56,67.69,,,5,2,0,1,0,0,0.0,71.0,235.0,38.5,21.0,116.0,7.25,4.37,23.0
Hunter Hillenmeyer,2003,LB,Vanderbilt,4,,,,,5,2,1,8,0,5,34.0,,,,,,,,22.0
Doug Gabriel,2003,WR,UCF,4,4.52,36.0,,,5,2,0,4,0,1,14.0,74.0,213.0,35.5,,116.0,7.05,4.16,23.0
Sean Mahan,2003,OG,Notre Dame,2,5.14,54.67,,,5,2,1,7,0,3,24.0,75.0,301.0,30.0,30.0,105.0,7.75,4.77,23.0
J.R. Tolver,2003,WR,San Diego State,7,4.67,6.0,,,5,2,0,0,0,0,0.0,73.0,202.0,36.0,,119.0,6.99,4.23,
Shane Walton,2003,DB,Notre Dame,2,4.67,6.67,,,5,2,0,1,0,0,0.0,71.0,184.0,31.0,11.0,109.0,7.05,4.29,23.0
Tron LaFavor,2003,DT,Florida,2,5.08,33.75,,,5,2,0,1,0,0,0.0,74.0,290.0,28.0,26.0,106.0,,,23.0
Kevin Garrett,2003,DB,SMU,6,4.32,84.44,,,5,2,0,4,0,0,2.0,69.0,194.0,35.0,,129.0,6.9,3.96,23.0
Tony Pashos,2003,OT,Illinois,4,5.3,35.29,,,5,2,1,11,0,5,34.0,78.0,337.0,,38.0,,,,23.0
Langston Moore,2003,DT,South Carolina,3,5.04,38.75,,,6,2,0,6,0,0,7.0,73.0,303.0,32.0,29.0,104.0,7.64,4.29,22.0
David Kircus,2003,WR,Grand Valley State,10,,,,,6,2,0,4,0,0,3.0,,,,,,,,23.0
Brandon Green,2003,DE,Rice,6,4.78,49.23,,,6,2,0,4,0,0,5.0,74.0,267.0,32.0,19.0,105.0,7.23,4.32,23.0
Reggie Wells,2003,OG,Clarion,10,5.16,52.0,,,6,2,1,10,0,6,40.0,75.0,300.0,29.0,23.0,104.0,8.35,4.56,22.0
B.J. Tucker,2003,DB,Wisconsin,3,4.34,80.0,,,6,2,0,4,0,0,0.0,70.0,188.0,35.0,16.0,123.0,7.25,4.2,22.0
David Young,2003,DB,Georgia Southern,1,,,,,6,2,0,1,0,0,0.0,,,,,,,,24.0
Eddie Johnson,2003,P,Idaho State,10,5.17,0.0,,,6,2,0,1,0,0,1.0,75.0,232.0,,,,,,22.0
Corey Jenkins,2003,LB,South Carolina,3,,,,,6,2,0,2,0,0,1.0,,,,,,,,27.0
Gerome Sapp,2003,DB,Notre Dame,2,4.64,13.33,,,6,2,0,5,0,0,6.0,72.0,216.0,36.5,,112.0,7.13,4.3,22.0
Rashad Moore,2003,DT,Tennessee,2,5.1,31.25,,,6,2,0,5,0,1,11.0,75.0,324.0,,,,,,24.0
Scott Tercero,2003,OG,California,4,5.23,42.67,,,6,2,0,2,0,0,2.0,76.0,303.0,28.5,25.0,103.0,7.81,4.51,21.0
Jeremy Bridges,2003,OG,Southern Miss,10,5.38,22.67,,,6,2,0,10,0,2,23.0,76.0,301.0,28.5,25.0,96.0,8.12,4.77,23.0
Zuriel Smith,2003,WR,Hampton,10,,,,,6,2,0,1,0,0,0.0,,,,,,,,23.0
Lauvale Sape,2003,DT,Utah,3,5.21,17.5,,,6,2,0,3,0,0,1.0,74.0,297.0,31.5,,111.0,7.73,4.72,23.0
Hanik Milligan,2003,DB,Houston,6,4.52,40.0,,,6,2,1,5,1,0,6.0,74.0,201.0,36.5,9.0,130.0,7.11,4.18,23.0
Jimmy Wilkerson,2003,DE,Oklahoma,2,4.91,29.23,,,6,2,0,8,0,1,17.0,75.0,271.0,34.5,29.0,114.0,7.45,4.4,22.0
Mike Nattiel,2003,LB,Florida,2,,,,,6,2,0,2,0,0,3.0,,,,,,,,22.0
Joe Odom,2003,LB,Purdue,4,4.6,50.0,,,6,2,0,3,0,0,6.0,73.0,241.0,,26.0,,,,23.0
Drew Henson,2003,QB,Michigan,1,,,,,6,2,0,6,0,0,0.0,,,,,,,,23.0
Marques Ogden,2003,OT,Howard,10,,,,,6,2,0,0,0,0,0.0,,,,,,,,
Aaron Hunt,2003,DE,Texas Tech,4,4.86,36.92,,,6,2,0,0,0,0,0.0,74.0,267.0,30.0,24.0,106.0,7.68,4.52,
Antonio Garay,2003,DE,Boston College,4,4.9,30.77,,,6,2,0,10,0,2,15.0,75.0,295.0,,,,,,23.0
LaTarence Dunbar,2003,WR,TCU,3,4.52,36.0,,,6,2,0,1,0,0,0.0,71.0,196.0,34.0,,122.0,7.41,4.35,23.0
Arnaz Battle,2003,WR,Notre Dame,2,4.58,24.0,,,6,2,0,9,0,2,18.0,73.0,217.0,35.0,,117.0,6.74,4.06,23.0
Cato June,2003,LB,Michigan,1,4.61,48.0,,,6,2,1,7,1,5,38.0,72.0,218.0,35.0,,113.0,,,23.0
Willie Ponder,2003,WR,SE Missouri State,10,,,,,6,2,0,4,0,0,2.0,,,,,,,,23.0
Brooks Bollinger,2003,QB,Wisconsin,3,,,,,6,2,0,6,0,1,6.0,,,,,,,,23.0
Kliff Kingsbury,2003,QB,Texas Tech,4,4.77,41.25,,,6,2,0,3,0,0,0.0,75.0,213.0,30.0,,101.0,6.92,4.1,24.0
Waine Bacon,2003,DB,Alabama,1,,,,,6,2,0,2,0,0,1.0,,,,,,,,24.0
Kareem Kelly,2003,WR,USC,2,4.42,56.0,,,6,2,0,0,0,0,0.0,72.0,186.0,35.0,,125.0,7.51,4.24,
Dustin Rykert,2003,OT,BYU,5,5.42,21.18,,,6,2,0,0,0,0,0.0,78.0,327.0,26.5,21.0,92.0,8.2,4.87,
Torrie Cox,2003,DB,Pittsburgh,3,4.55,33.33,,,6,2,0,7,0,0,5.0,69.0,181.0,32.0,,119.0,6.98,4.2,22.0
Brock Forsey,2003,RB,Boise State,7,,,,,6,2,0,2,0,0,2.0,,,,,,,,23.0
Frank Walker,2003,DB,Tuskegee,10,,,,,6,2,0,9,0,1,14.0,,,,,,,,23.0
Makoa Freitas,2003,OT,Arizona,4,5.05,64.71,,,6,2,0,2,0,0,7.0,76.0,307.0,24.5,36.0,95.0,8.24,4.92,23.0
Tim Provost,2003,OT,San Jose State,7,5.23,43.53,,,6,2,0,0,0,0,0.0,77.0,301.0,28.5,21.0,102.0,8.38,4.7,
Tony Gilbert,2003,LB,Georgia,1,4.86,0.0,,,6,2,0,7,0,0,6.0,72.0,251.0,27.5,19.0,109.0,,,23.0
David Tyree,2003,WR,Syracuse,4,,,,,6,2,1,7,1,0,5.0,,,,,,,,23.0
Brennan Curtin,2003,OT,Notre Dame,2,5.28,37.65,,,6,2,0,0,0,0,0.0,81.0,318.0,32.0,,100.0,7.98,4.87,
Yeremiah Bell,2003,DB,Eastern Kentucky,10,,,,,6,2,1,11,1,7,40.0,,,,,,,,25.0
Keith Wright,2003,DT,Missouri,4,,,,,6,2,0,0,0,0,0.0,,,,,,,,
Scott Kooistra,2003,OT,NC State,4,5.14,54.12,,,7,2,0,7,0,0,6.0,78.0,316.0,31.0,28.0,103.0,7.95,4.62,22.0
Ben Johnson,2003,OT,Wisconsin,3,5.37,27.06,,,7,2,0,0,0,0,0.0,78.0,329.0,,30.0,,,,
Curry Burns,2003,DB,Louisville,4,4.56,31.11,,,7,2,0,4,0,0,1.0,72.0,216.0,36.0,19.0,120.0,7.04,4.16,22.0
Malaefou MacKenzie,2003,FB,USC,2,4.67,50.77,,,7,2,0,1,0,0,0.0,70.0,233.0,,,,,,24.0
Justin Bates,2003,OG,Colorado,3,5.38,22.67,,,7,2,0,0,0,0,0.0,76.0,300.0,,18.0,,,,
Blue Adams,2003,DB,Cincinnati,4,,,,,7,2,0,5,0,0,3.0,,,,,,,,23.0
Keenan Howry,2003,WR,Oregon,2,4.56,28.0,,,7,2,0,3,0,0,0.0,70.0,178.0,31.5,,114.0,7.34,4.28,22.0
Josh Brown,2003,K,Nebraska,3,4.81,29.23,,,7,2,1,14,1,0,34.0,73.0,202.0,,,,,,24.0
Trent Smith,2003,TE,Oklahoma,2,4.79,35.0,,,7,2,0,3,0,0,0.0,77.0,243.0,35.5,16.0,118.0,7.23,4.37,23.0
Taco Wallace,2003,WR,Kansas State,4,,,,,7,2,0,3,0,0,0.0,,,,,,,,22.0
Todd Williams,2003,OG,Florida State,2,5.08,62.67,,,7,2,0,3,0,0,0.0,77.0,340.0,32.5,27.0,108.0,8.06,4.54,25.0
Walter Young,2003,WR,Illinois,4,4.54,32.0,,,7,2,0,4,0,0,0.0,77.0,214.0,39.0,,121.0,6.9,4.25,23.0
Clint Mitchell,2003,DE,Florida,2,4.93,26.15,,,7,2,0,0,0,0,0.0,79.0,257.0,34.5,16.0,115.0,7.36,4.39,
Mario Haggan,2003,LB,Mississippi State,3,4.88,0.0,,,7,2,0,10,0,2,21.0,75.0,252.0,33.0,21.0,110.0,7.55,4.46,23.0
Andrew Pinnock,2003,FB,South Carolina,3,4.62,58.46,,,7,2,0,5,0,0,1.0,70.0,265.0,,22.0,,,,23.0
Montique Sharpe,2003,DT,Wake Forest,4,,,,,7,2,0,1,0,0,0.0,,,,,,,,23.0
Talman Gardner,2003,WR,Florida State,2,4.44,52.0,,,7,2,0,2,0,0,0.0,73.0,205.0,34.5,,116.0,7.54,4.43,23.0
Gibran Hamdan,2003,QB,Indiana,4,,,,,7,2,0,1,0,0,0.0,,,,,,,,22.0
Chance Pearce,2003,C,Texas A&M,2,,,,,7,2,0,0,0,0,0.0,,,,,,,,
Spencer Nead,2003,FB,BYU,5,4.86,21.54,,,7,2,0,1,0,0,0.0,76.0,259.0,28.5,19.0,102.0,7.37,4.34,25.0
Ahmaad Galloway,2003,RB,Alabama,1,4.65,25.0,,,7,2,0,0,0,0,0.0,72.0,223.0,,22.0,,,,
Brandon Drumm,2003,RB,Colorado,3,4.71,15.0,,,7,2,0,0,0,0,0.0,73.0,233.0,32.5,21.0,113.0,7.18,4.29,
Dave Yovanovits,2003,OG,Temple,6,,,,,7,2,0,3,0,0,0.0,,,,,,,,22.0
Demetrin Veal,2003,DE,Tennessee,2,5.24,0.0,,,7,2,0,5,0,0,4.0,74.0,288.0,,26.0,111.0,,,22.0
Tully Banta-Cain,2003,LB,California,4,4.79,12.0,,,7,2,0,8,0,2,22.0,74.0,264.0,,25.0,,,,23.0
Charles Drake,2003,DB,Michigan,1,4.52,40.0,,,7,2,0,0,0,0,0.0,73.0,205.0,,20.0,,,,
Ken Dorsey,2003,QB,Miami (FL),2,4.7,50.0,,,7,2,0,6,0,0,2.0,77.0,208.0,,,,,,22.0
J.T. Wall,2003,RB,Georgia,1,,,,,7,2,0,0,0,0,0.0,,,,,,,,
Ethan Kelley,2003,DT,Baylor,3,,,,,7,2,0,5,0,1,6.0,,,,,,,,23.0
Norman LeJeune,2003,DB,LSU,1,4.65,11.11,,,7,2,0,4,0,0,0.0,72.0,200.0,33.5,11.0,115.0,7.42,4.21,23.0
Chris Johnson,2003,DB,Louisville,4,,,,,7,2,0,10,0,1,15.0,,,,,,,,23.0
Siddeeq Shabazz,2003,DB,New Mexico State,7,,,,,7,2,0,3,0,0,2.0,,,,,,,,22.0
Casey Moore,2003,RB,Stanford,3,4.65,25.0,,,7,2,0,0,0,0,0.0,74.0,240.0,32.5,22.0,114.0,7.29,4.26,
Davern Williams,2003,DT,Troy,8,,,,,7,2,0,2,0,0,1.0,,,,,,,,23.0
Wayne Lucier,2003,OG,Colorado,3,5.28,36.0,,,7,2,0,2,0,1,9.0,76.0,301.0,,,,,,23.0
Mike Mabry,2003,C,UCF,4,,,,,7,2,0,0,0,0,0.0,,,,,,,,
Scott Shanle,2003,LB,Nebraska,3,4.72,26.0,,,7,2,1,10,0,7,41.0,74.0,245.0,31.0,20.0,111.0,7.27,4.32,23.0
Willie Pile,2003,DB,Virginia Tech,3,4.57,28.89,,,7,2,0,3,0,0,3.0,74.0,206.0,38.0,14.0,125.0,6.77,4.21,23.0
DeAndrew Rubin,2003,WR,South Florida,6,,,,,7,2,0,0,0,0,0.0,,,,,,,,
Richard Angulo,2003,TE,Western New Mexico,10,,,,,7,2,0,6,0,0,2.0,,,,,,,,23.0
Kevin Walter,2003,WR,Eastern Michigan,8,,,,,7,2,1,10,0,6,37.0,,,,,,,,22.0
Carl Ford,2003,WR,Toledo,8,,,,,7,2,0,3,0,0,0.0,,,,,,,,22.0
Steve Josue,2003,LB,Carson-Newman,10,,,,,7,2,0,2,0,0,0.0,,,,,,,,23.0
Antwoine Sanders,2003,DB,Utah,3,4.54,35.56,,,7,2,0,0,0,0,0.0,74.0,202.0,37.5,14.0,128.0,7.44,4.45,
Elton Patterson,2003,DE,UCF,4,,,,,7,2,0,2,0,0,1.0,,,,,,,,22.0
Travis Anglin,2003,WR,Memphis,6,,,,,7,2,0,0,0,0,0.0,,,,,,,,
Bryan Anderson,2003,OG,Pittsburgh,3,,,,,7,2,0,2,0,0,0.0,,,,,,,,23.0
Ryan Hoag,2003,WR,Gustavus Adolphus,10,4.51,38.0,,,7,2,0,0,0,0,0.0,74.0,200.0,38.0,,125.0,6.72,3.95,
Eli Manning,2004,QB,Ole Miss,3,4.9,25.0,,,1,0,1,16,4,14,121.0,77.0,221.0,,,,,,23.0
Robert Gallery,2004,OT,Iowa,3,4.98,72.94,,,1,0,1,8,0,7,38.0,79.0,323.0,30.0,24.0,105.0,7.42,4.38,24.0
Larry Fitzgerald,2004,WR,Pittsburgh,3,4.48,44.0,,,1,0,1,17,11,17,93.0,75.0,225.0,,,,,,21.0
Philip Rivers,2004,QB,NC State,4,5.08,2.5,,,1,0,1,22,8,15,150.0,77.0,229.0,,,,,,22.0
Sean Taylor,2004,DB,Miami (FL),2,4.51,42.22,,,1,0,1,4,2,4,32.0,74.0,230.0,,,,,,21.0
Kellen Winslow,2004,TE,Miami (FL),2,4.55,75.0,,,1,0,1,10,1,5,37.0,76.0,251.0,,24.0,120.0,,,21.0
Roy Williams,2004,WR,Texas,2,4.48,44.0,,,1,0,1,8,1,7,42.0,74.0,212.0,,,,,,22.0
DeAngelo Hall,2004,DB,Virginia Tech,3,4.34,80.0,,,1,0,1,14,3,10,61.0,70.0,202.0,,,,,,20.0
Reggie Williams,2004,WR,Washington,2,4.56,28.0,,,1,0,1,5,0,3,23.0,76.0,229.0,,,,,,21.0
Dunta Robinson,2004,DB,South Carolina,3,4.34,80.0,,,1,0,1,10,0,8,41.0,71.0,186.0,36.0,15.0,120.0,6.97,3.75,22.0
Ben Roethlisberger,2004,QB,Miami (OH),8,4.75,43.75,,,1,0,1,18,6,17,131.0,77.0,241.0,,,,,,22.0
Jonathan Vilma,2004,LB,Miami (FL),2,4.61,48.0,,,1,0,1,10,3,8,56.0,72.0,233.0,,,,,,22.0
Lee Evans,2004,WR,Wisconsin,3,4.39,62.0,,,1,0,1,8,0,7,47.0,71.0,197.0,34.5,,120.0,,,23.0
Tommie Harris,2004,DT,Oklahoma,2,4.78,71.25,,,1,0,1,8,3,6,56.0,74.0,295.0,,29.0,,,,21.0
Michael Clayton,2004,WR,LSU,1,4.67,6.0,,,1,0,1,8,0,5,22.0,75.0,209.0,32.5,,116.0,6.77,4.09,21.0
Shawn Andrews,2004,OG,Arkansas,3,5.49,8.0,,,1,0,1,7,2,3,35.0,76.0,366.0,25.0,27.0,98.0,8.25,4.85,21.0
D.J. Williams,2004,LB,Miami (FL),2,4.55,60.0,,,1,0,1,11,0,9,48.0,73.0,250.0,,,,,,22.0
Will Smith,2004,DE,Ohio State,1,4.6,76.92,,,1,0,1,9,1,7,52.0,75.0,275.0,,,,,,23.0
Vernon Carey,2004,OT,Miami (FL),2,5.33,31.76,,,1,0,1,8,0,7,44.0,76.0,335.0,,30.0,,,,23.0
Kenechi Udeze,2004,DE,USC,2,4.77,50.77,,,1,0,1,4,0,3,20.0,75.0,281.0,,,,,,21.0
Vince Wilfork,2004,NT,Miami (FL),2,5.08,0.0,,,1,0,1,13,5,11,90.0,73.0,323.0,,36.0,,,,22.0
J.P. Losman,2004,QB,Tulane,6,4.73,46.25,,,1,0,0,8,0,1,19.0,74.0,224.0,33.0,,116.0,,,23.0
Marcus Tubbs,2004,DT,Texas,2,5.05,37.5,,,1,0,0,3,0,1,9.0,76.0,321.0,32.5,29.0,105.0,,,23.0
Steven Jackson,2004,RB,Oregon State,4,4.55,41.67,,,1,0,1,12,3,10,75.0,73.0,241.0,,,,,,21.0
Ahmad Carroll,2004,DB,Arkansas,3,4.34,80.0,,,1,0,0,6,0,2,14.0,70.0,195.0,41.0,15.0,128.0,,,21.0
Chris Perry,2004,RB,Michigan,1,4.56,40.0,,,1,0,0,5,0,0,9.0,72.0,224.0,,19.0,,,,22.0
Jason Babin,2004,LB,Western Michigan,8,4.62,46.0,,,1,0,1,12,2,5,46.0,75.0,260.0,34.0,28.0,121.0,7.03,4.14,24.0
Chris Gamble,2004,DB,Ohio State,1,4.52,40.0,,,1,0,1,9,0,8,44.0,73.0,198.0,,,,,,21.0
Michael Jenkins,2004,WR,Ohio State,1,4.4,60.0,,,1,0,1,9,0,6,39.0,76.0,218.0,,,,,,22.0
Kevin Jones,2004,RB,Virginia Tech,3,4.38,70.0,,,1,0,1,5,0,4,27.0,72.0,227.0,38.0,,120.0,,,22.0
Rashaun Woods,2004,WR,Oklahoma State,3,4.47,46.0,,,1,0,0,1,0,0,1.0,74.0,202.0,39.0,,125.0,6.93,3.97,23.0
Ben Watson,2004,TE,Georgia,1,4.5,83.33,,,1,0,1,16,0,11,40.0,75.0,258.0,35.5,34.0,123.0,7.38,4.11,23.0
Karlos Dansby,2004,LB,Auburn,2,4.58,54.0,,,2,0,1,14,0,13,81.0,75.0,251.0,,,,,,22.0
Chris Snee,2004,OG,Boston College,4,5.1,60.0,,,2,0,1,10,4,9,75.0,75.0,314.0,30.5,29.0,104.0,7.75,4.66,22.0
Igor Olshansky,2004,DE,Oregon,2,4.96,21.54,,,2,0,1,8,0,7,39.0,77.0,315.0,33.5,41.0,110.0,7.61,4.41,22.0
Junior Siavii,2004,DT,Oregon,2,5.16,23.75,,,2,0,0,7,0,0,6.0,76.0,344.0,24.5,31.0,93.0,7.93,4.84,25.0
Teddy Lehman,2004,LB,Oklahoma,2,4.55,60.0,,,2,0,0,5,0,1,9.0,73.0,240.0,34.5,26.0,113.0,6.91,4.06,22.0
Ricardo Colclough,2004,DB,Tusculum,10,4.49,46.67,,,2,0,0,6,0,0,2.0,71.0,194.0,39.5,8.0,127.0,,,20.0
Daryl Smith,2004,LB,Georgia Tech,3,4.67,36.0,,,2,0,1,13,0,12,72.0,74.0,234.0,,24.0,,,,22.0
Ben Troupe,2004,TE,Florida,2,4.65,58.33,,,2,0,0,5,0,2,8.0,76.0,265.0,,,,,,22.0
Tatum Bell,2004,RB,Oklahoma State,3,4.37,71.67,,,2,0,0,5,0,1,22.0,71.0,212.0,38.5,25.0,117.0,,,23.0
Travis LaBoy,2004,DE,Hawaii,7,4.69,63.08,,,2,0,1,8,0,3,21.0,75.0,263.0,35.5,35.0,126.0,7.01,4.07,23.0
Julius Jones,2004,RB,Notre Dame,2,4.47,55.0,,,2,0,1,7,0,6,38.0,70.0,217.0,37.5,,121.0,6.97,4.12,23.0
Bob Sanders,2004,DB,Iowa,3,4.35,77.78,,,2,0,1,8,2,2,33.0,68.0,204.0,41.5,15.0,128.0,6.7,3.91,23.0
Jake Grove,2004,C,Virginia Tech,3,5.16,58.67,,,2,0,1,6,0,4,20.0,75.0,303.0,,31.0,,,,24.0
Justin Smiley,2004,OG,Alabama,1,5.07,64.0,,,2,0,1,7,0,5,30.0,75.0,298.0,32.0,19.0,111.0,7.72,4.41,22.0
Tank Johnson,2004,DT,Washington,2,4.69,82.5,,,2,0,0,7,0,2,22.0,75.0,304.0,34.0,31.0,114.0,7.56,4.6,22.0
Dontarrious Thomas,2004,LB,Auburn,2,4.57,56.0,,,2,0,0,5,0,0,8.0,74.0,241.0,38.5,26.0,129.0,,4.0,24.0
Keiwan Ratliff,2004,DB,Florida,2,4.56,31.11,,,2,0,0,7,0,0,9.0,70.0,194.0,,11.0,,,,23.0
Devery Henderson,2004,WR,LSU,1,4.41,58.0,,,2,0,1,9,0,6,36.0,71.0,198.0,,,,,,22.0
Dwan Edwards,2004,DT,Oregon State,4,5.12,28.75,,,2,0,1,12,0,5,32.0,75.0,313.0,28.0,25.0,105.0,7.59,4.68,23.0
Jacob Rogers,2004,OT,USC,2,5.3,35.29,,,2,0,0,1,0,0,0.0,78.0,307.0,,30.0,,,,23.0
Michael Boulware,2004,DB,Florida State,2,4.5,44.44,,,2,0,0,4,0,2,16.0,74.0,225.0,,,,6.89,3.92,22.0
Darius Watts,2004,WR,Marshall,8,4.5,40.0,,,2,0,0,2,0,0,4.0,73.0,188.0,,,,,,22.0
Greg Jones,2004,RB,Florida State,2,4.55,41.67,,,2,0,1,10,0,5,9.0,73.0,249.0,,,,,,23.0
Madieu Williams,2004,DB,Maryland,4,4.48,48.89,,,2,0,1,9,0,7,33.0,72.0,193.0,,18.0,125.0,,,22.0
Antwan Odom,2004,DE,Alabama,1,4.71,60.0,,,2,0,1,7,0,4,24.0,78.0,274.0,37.0,21.0,114.0,7.3,4.44,22.0
Shawntae Spencer,2004,DB,Pittsburgh,3,,,,,2,0,1,9,0,5,26.0,,,,,,,,22.0
Sean Jones,2004,DB,Georgia,1,4.63,15.56,,,2,0,1,8,0,6,31.0,73.0,218.0,36.5,,122.0,7.19,,22.0
Courtney Watson,2004,LB,Notre Dame,2,4.56,58.0,,,2,0,0,2,0,1,7.0,73.0,237.0,36.5,22.0,114.0,7.39,4.35,23.0
Kris Wilson,2004,TE,Pittsburgh,3,4.62,63.33,,,2,0,0,8,0,2,3.0,74.0,248.0,35.0,24.0,119.0,6.88,4.1,23.0
Keary Colbert,2004,WR,USC,2,4.6,20.0,,,2,0,1,8,0,3,14.0,73.0,207.0,30.0,,,,,22.0
Marquise Hill,2004,DE,LSU,1,5.12,0.0,,,2,0,0,3,0,0,1.0,79.0,305.0,29.0,23.0,106.0,,,22.0
Darnell Dockett,2004,DT,Florida State,2,5.0,43.75,,,3,1,1,10,3,10,69.0,75.0,297.0,31.0,26.0,105.0,,,23.0
Nate Kaeding,2004,K,Iowa,3,4.95,7.69,,,3,1,1,9,2,0,21.0,72.0,187.0,,,,,,22.0
Nick Hardwick,2004,C,Purdue,4,5.2,53.33,,,3,1,1,11,1,9,67.0,75.0,295.0,34.0,27.0,108.0,7.72,4.55,23.0
Stuart Schweigert,2004,DB,Purdue,4,4.47,51.11,,,3,1,1,5,0,3,15.0,74.0,218.0,38.0,18.0,124.0,6.68,3.89,23.0
Ben Hartsock,2004,TE,Ohio State,1,4.8,33.33,,,3,1,0,10,0,2,2.0,76.0,263.0,35.0,23.0,117.0,7.1,3.98,24.0
Gilbert Gardner,2004,LB,Purdue,4,4.65,40.0,,,3,1,0,5,0,1,8.0,73.0,229.0,,,,,,22.0
Joey Thomas,2004,DB,Montana State,9,4.44,57.78,,,3,1,0,5,0,0,3.0,73.0,195.0,38.5,17.0,122.0,6.82,3.88,24.0
Randy Starks,2004,DT,Maryland,4,5.08,33.75,,,3,1,1,12,2,8,61.0,75.0,314.0,29.5,27.0,102.0,,,20.0
Donnell Washington,2004,DT,Clemson,1,5.0,43.75,,,3,1,0,0,0,0,0.0,77.0,332.0,31.0,34.0,109.0,7.8,4.88,
Keith Smith,2004,DB,McNeese State,10,4.48,48.89,,,3,1,0,6,0,0,6.0,71.0,201.0,36.5,12.0,116.0,,,24.0
Tim Anderson,2004,DT,Ohio State,1,5.01,42.5,,,3,1,0,4,0,1,7.0,75.0,307.0,,,,,,23.0
Max Starks,2004,OT,Florida,2,5.56,4.71,,,3,1,1,10,0,6,44.0,79.0,350.0,27.5,21.0,98.0,7.88,4.65,22.0
Derrick Strait,2004,DB,Oklahoma,2,4.52,40.0,,,3,1,0,3,0,0,4.0,71.0,196.0,,,,,,24.0
Derrick Hamilton,2004,WR,Clemson,1,4.54,32.0,,,3,1,0,1,0,0,0.0,75.0,196.0,,,,,,22.0
Bernard Berrian,2004,WR,Fresno State,7,4.58,24.0,,,3,1,1,8,0,5,32.0,73.0,183.0,38.0,,128.0,7.34,4.18,23.0
Marquis Cooper,2004,LB,Washington,2,4.55,60.0,,,3,1,0,5,0,0,2.0,75.0,223.0,36.5,25.0,121.0,7.02,4.12,22.0
Caleb Miller,2004,LB,Arkansas,3,4.66,38.0,,,3,1,0,4,0,0,8.0,75.0,224.0,34.5,23.0,120.0,6.85,3.93,24.0
Chris Cooley,2004,TE,Utah State,7,4.87,21.67,,,3,1,1,9,2,6,34.0,75.0,265.0,33.0,22.0,115.0,7.21,4.19,22.0
Devard Darling,2004,WR,Washington State,4,4.52,36.0,,,3,1,0,5,0,1,4.0,73.0,213.0,37.0,,129.0,,,22.0
Stephen Peterman,2004,OG,LSU,1,5.46,12.0,,,3,1,1,9,0,6,34.0,76.0,312.0,24.5,23.0,95.0,7.87,4.68,22.0
Sean Locklear,2004,OT,NC State,4,5.16,51.76,,,3,1,1,9,0,6,39.0,76.0,308.0,29.0,27.0,100.0,7.85,4.56,23.0
Jeremy LeSueur,2004,DB,Michigan,1,4.53,37.78,,,3,1,0,2,0,0,0.0,72.0,197.0,35.0,,116.0,,,23.0
Jorge Cordova,2004,LB,Nevada,7,4.65,40.0,,,3,1,0,4,0,0,1.0,73.0,241.0,35.5,22.0,,7.25,4.16,22.0
B.J. Sander,2004,P,Ohio State,1,4.84,24.62,,,3,1,0,2,0,0,1.0,76.0,219.0,,,,,,24.0
Darrion Scott,2004,DE,Ohio State,1,4.81,44.62,,,3,1,0,8,0,2,15.0,75.0,289.0,36.5,,118.0,,4.32,22.0
Matt Ware,2004,DB,UCLA,5,4.54,35.56,,,3,1,0,7,0,0,6.0,74.0,209.0,,15.0,,,,21.0
Matt Schaub,2004,QB,Virginia,4,5.04,7.5,,,3,1,1,17,2,7,68.0,78.0,243.0,30.5,,110.0,7.65,4.62,23.0
Anthony Hargrove,2004,DE,Georgia Tech,3,,,,,3,1,0,8,0,1,16.0,,,,,,,,21.0
Rich Gardner,2004,DB,Penn State,2,4.46,53.33,,,3,1,0,3,0,0,2.0,71.0,199.0,36.5,11.0,123.0,6.91,3.91,23.0
Keyaron Fox,2004,LB,Georgia Tech,3,4.65,40.0,,,3,1,0,8,0,0,13.0,74.0,227.0,,28.0,,,,22.0
Travelle Wharton,2004,OT,South Carolina,3,5.14,54.12,,,3,1,1,10,0,8,45.0,76.0,312.0,31.5,,105.0,8.31,4.58,23.0
Guss Scott,2004,DB,Florida,2,4.46,53.33,,,3,1,0,3,0,0,1.0,70.0,204.0,39.0,20.0,124.0,,,23.0
Landon Johnson,2004,LB,Purdue,4,4.65,40.0,,,3,1,1,7,0,5,28.0,74.0,227.0,37.5,20.0,120.0,7.0,4.08,23.0
Reggie Torbor,2004,LB,Auburn,2,4.65,40.0,,,4,1,0,7,0,2,17.0,74.0,254.0,34.0,16.0,120.0,7.48,4.46,23.0
Shaun Phillips,2004,DE,Purdue,4,4.78,49.23,,,4,1,1,11,1,8,54.0,75.0,255.0,33.0,,114.0,6.95,4.23,23.0
Carlos Francis,2004,WR,Texas Tech,4,4.33,74.0,,,4,1,0,1,0,0,0.0,69.0,198.0,38.5,,114.0,6.97,4.06,23.0
Alex Stepanovich,2004,C,Ohio State,1,5.29,41.33,,,4,1,0,5,0,1,14.0,75.0,304.0,25.5,,96.0,7.64,4.44,22.0
Demorrio Williams,2004,LB,Nebraska,3,4.52,66.0,,,4,1,1,9,0,5,33.0,73.0,232.0,37.0,16.0,125.0,7.02,4.11,24.0
Will Poole,2004,DB,USC,2,4.47,51.11,,,4,1,0,1,0,0,1.0,70.0,194.0,,16.0,,,,23.0
Bo Schobel,2004,DE,TCU,3,4.8,46.15,,,4,1,0,4,0,0,3.0,77.0,271.0,32.5,25.0,109.0,6.94,4.38,23.0
Isaac Sopoaga,2004,DT,Hawaii,7,4.97,47.5,,,4,1,1,10,0,5,38.0,74.0,317.0,30.5,42.0,99.0,7.79,4.66,23.0
Samie Parker,2004,WR,Oregon,2,4.39,62.0,,,4,1,0,4,0,2,13.0,70.0,179.0,36.0,,,,,23.0
Luke McCown,2004,QB,Louisiana Tech,5,4.71,48.75,,,4,1,0,12,0,0,8.0,76.0,208.0,37.5,,125.0,6.74,4.21,23.0
Kendyll Pope,2004,LB,Florida State,2,4.7,30.0,,,4,1,0,1,0,0,0.0,73.0,226.0,,,118.0,,4.26,23.0
Jerricho Cotchery,2004,WR,NC State,4,4.54,32.0,,,4,1,1,12,0,6,51.0,72.0,212.0,36.0,,121.0,6.93,3.91,22.0
Tim Euhus,2004,TE,Oregon State,4,4.93,11.67,,,4,1,0,4,0,0,1.0,77.0,260.0,34.5,25.0,115.0,6.99,4.13,23.0
Nathan Vasher,2004,DB,Texas,2,4.49,46.67,,,4,1,1,7,1,2,30.0,70.0,177.0,,,,,,22.0
Will Allen,2004,DB,Ohio State,1,4.58,26.67,,,4,1,0,12,0,2,24.0,72.0,202.0,,,,,,22.0
Leon Joe,2004,LB,Maryland,4,4.49,72.0,,,4,1,0,4,0,0,4.0,72.0,230.0,39.0,30.0,,,,22.0
Dexter Reid,2004,DB,North Carolina,3,4.56,31.11,,,4,1,0,3,0,0,4.0,71.0,203.0,,,,,,23.0
Matthias Askew,2004,DT,Michigan State,3,5.2,18.75,,,4,1,0,2,0,0,0.0,77.0,308.0,27.0,20.0,101.0,7.55,4.42,22.0
Nat Dorsey,2004,OT,Georgia Tech,3,5.46,16.47,,,4,1,0,4,0,1,7.0,79.0,322.0,28.5,26.0,102.0,8.3,4.84,20.0
Niko Koutouvides,2004,LB,Purdue,4,4.71,28.0,,,4,1,0,9,0,0,8.0,74.0,244.0,30.5,,108.0,6.98,3.88,23.0
Robert Geathers,2004,DE,Georgia,1,4.84,40.0,,,4,1,1,11,0,7,46.0,75.0,271.0,33.5,24.0,112.0,,,21.0
Anthony Maddox,2004,DT,Delta State,10,,,,,4,1,0,4,0,1,7.0,,,,,,,,25.0
Mewelde Moore,2004,RB,Tulane,6,4.65,25.0,,,4,1,0,9,0,1,29.0,71.0,209.0,35.0,,118.0,7.05,4.12,22.0
Ernest Wilford,2004,WR,Virginia Tech,3,4.79,0.0,,,4,1,1,7,0,4,22.0,76.0,226.0,40.5,,130.0,,4.17,25.0
Bruce Thornton,2004,DB,Georgia,1,4.5,44.44,,,4,1,0,2,0,1,4.0,70.0,197.0,37.5,,122.0,,,24.0
Glenn Earl,2004,DB,Notre Dame,2,4.65,11.11,,,4,1,0,3,0,2,10.0,73.0,222.0,,20.0,,,,23.0
Stacy Andrews,2004,OT,Ole Miss,3,5.07,62.35,,,4,1,1,8,0,3,23.0,78.0,342.0,30.5,34.0,106.0,8.09,4.78,23.0
Michael Waddell,2004,DB,North Carolina,3,4.31,86.67,,,4,1,0,5,0,0,4.0,71.0,187.0,37.5,14.0,121.0,6.84,4.03,23.0
Jason David,2004,DB,Washington State,4,,,,,4,1,1,5,0,5,24.0,,,,,,,,22.0
Jared Allen,2004,DE,Idaho State,10,4.72,58.46,,,4,1,1,12,5,12,101.0,78.0,265.0,33.0,13.0,120.0,7.11,4.34,22.0
Richard Seigler,2004,LB,Oregon State,4,4.86,0.0,,,4,1,0,3,0,0,0.0,74.0,244.0,,25.0,,,,23.0
Cedric Cobbs,2004,RB,Arkansas,3,4.75,8.33,,,4,1,0,3,0,0,0.0,72.0,223.0,40.0,,123.0,,,23.0
J.R. Reed,2004,DB,South Florida,6,,,,,4,1,0,5,0,0,3.0,,,,,,,,22.0
Brandon Chillar,2004,LB,UCLA,5,4.71,28.0,,,4,1,0,7,0,2,22.0,75.0,253.0,33.0,23.0,115.0,,4.08,21.0
Trey Darilek,2004,OG,UTEP,6,5.23,42.67,,,4,1,0,2,0,0,1.0,76.0,301.0,28.5,22.0,110.0,7.85,4.61,23.0
Adrian Jones,2004,OT,Kansas,10,4.97,74.12,,,4,1,0,5,0,2,12.0,76.0,296.0,31.0,27.0,114.0,7.81,4.58,23.0
Dave Ball,2004,DE,UCLA,5,5.07,4.62,,,5,2,0,8,0,1,15.0,77.0,277.0,,24.0,,,,23.0
Johnnie Morant,2004,WR,Syracuse,4,4.51,38.0,,,5,2,0,3,0,0,0.0,76.0,229.0,41.0,,130.0,7.34,4.22,22.0
Antonio Smith,2004,DE,Oklahoma State,3,5.03,10.77,,,5,2,1,13,1,8,56.0,75.0,274.0,33.0,24.0,108.0,,4.75,22.0
Gibril Wilson,2004,DB,Tennessee,2,4.47,51.11,,,5,2,1,8,0,6,32.0,72.0,197.0,,15.0,120.0,,,22.0
Josh Scobee,2004,K,Louisiana Tech,5,4.87,20.0,,,5,2,0,12,0,0,26.0,73.0,191.0,,,,,,22.0
Jacob Bell,2004,OG,Miami (OH),8,5.22,44.0,,,5,2,1,8,0,7,32.0,77.0,302.0,,26.0,,,,23.0
Rodney Leisle,2004,DT,UCLA,5,5.15,25.0,,,5,2,0,6,0,0,2.0,75.0,309.0,,31.0,,,,23.0
Alex Lewis,2004,LB,Wisconsin,3,4.78,14.0,,,5,2,0,5,0,1,7.0,72.0,227.0,34.5,25.0,121.0,7.06,4.28,23.0
Jake Scott,2004,OG,Idaho,10,5.06,65.33,,,5,2,1,9,0,9,58.0,77.0,281.0,34.5,24.0,110.0,7.96,4.68,23.0
Chad Lavalais,2004,DT,LSU,1,5.09,32.5,,,5,2,0,2,0,1,9.0,73.0,303.0,,,,,,25.0
Erik Coleman,2004,DB,Washington State,4,4.64,13.33,,,5,2,1,9,0,6,33.0,70.0,200.0,35.5,16.0,117.0,7.03,4.14,22.0
Sean Ryan,2004,TE,Boston College,4,4.97,5.0,,,5,2,0,6,0,0,1.0,76.0,268.0,32.5,22.0,115.0,,,24.0
Nathaniel Adibi,2004,DE,Virginia Tech,3,4.65,69.23,,,5,2,0,0,0,0,0.0,75.0,254.0,33.0,,118.0,,4.36,
Jeb Terry,2004,OG,North Carolina,3,5.2,46.67,,,5,2,0,3,0,0,2.0,77.0,313.0,29.0,27.0,105.0,8.03,4.98,23.0
Claude Harriott,2004,DE,Pittsburgh,3,4.69,63.08,,,5,2,0,0,0,0,0.0,76.0,252.0,30.5,25.0,118.0,7.44,4.25,
Craig Krenzel,2004,QB,Ohio State,1,4.84,32.5,,,5,2,0,1,0,0,1.0,75.0,228.0,28.0,,112.0,7.22,4.08,23.0
Maurice Mann,2004,WR,Nevada,7,4.57,26.0,,,5,2,0,3,0,0,0.0,73.0,191.0,34.0,,118.0,,,21.0
Chris Thompson,2004,DB,Nicholls State,10,4.5,44.44,,,5,2,0,2,0,0,1.0,72.0,189.0,35.0,12.0,117.0,7.09,4.14,22.0
Mark Wilson,2004,TE,California,4,5.36,0.0,,,5,2,0,1,0,0,0.0,79.0,314.0,28.5,24.0,108.0,7.53,4.49,23.0
Jeff Shoate,2004,DB,San Diego State,7,4.62,17.78,,,5,2,0,4,0,0,0.0,70.0,189.0,36.0,12.0,121.0,7.0,3.88,23.0
Roderick Green,2004,LB,Central Missouri State,10,4.7,30.0,,,5,2,0,5,0,0,6.0,74.0,245.0,34.5,21.0,129.0,7.26,4.04,22.0
Michael Turner,2004,RB,Northern Illinois,8,4.49,51.67,,,5,2,1,9,2,5,55.0,70.0,237.0,31.0,22.0,114.0,7.5,4.15,22.0
Rod Davis,2004,LB,Southern Miss,10,4.76,18.0,,,5,2,0,3,0,0,3.0,74.0,239.0,,,114.0,7.2,4.02,23.0
Mike Karney,2004,FB,Arizona State,3,5.02,0.0,,,5,2,1,7,0,7,2.0,71.0,254.0,30.0,25.0,103.0,,,23.0
D.J. Hackett,2004,WR,Colorado,3,4.53,34.0,,,5,2,0,5,0,0,14.0,74.0,199.0,41.0,,131.0,6.79,4.08,23.0
Jason Shivers,2004,DB,Arizona State,3,4.51,42.22,,,5,2,0,1,0,0,0.0,72.0,201.0,36.0,19.0,128.0,,,21.0
Sean Bubin,2004,OT,Illinois,4,5.32,32.94,,,5,2,0,0,0,0,0.0,78.0,306.0,24.5,25.0,97.0,7.66,4.76,
Tony Bua,2004,LB,Arkansas,3,4.67,36.0,,,5,2,0,1,0,0,1.0,71.0,209.0,36.0,15.0,120.0,6.75,4.08,24.0
Amon Gordon,2004,DT,Stanford,3,,,,,5,2,0,8,0,0,4.0,,,,,,,,22.0
Thomas Tapeh,2004,FB,Minnesota,4,4.8,30.77,,,5,2,0,5,0,2,2.0,73.0,245.0,32.5,23.0,114.0,7.65,4.52,24.0
Drew Carter,2004,WR,Ohio State,1,4.36,68.0,,,5,2,0,4,0,0,8.0,76.0,204.0,,,,,,23.0
P.K. Sam,2004,WR,Florida State,2,4.54,32.0,,,5,2,0,1,0,0,0.0,75.0,210.0,34.5,,,7.04,,20.0
Robert Reynolds,2004,LB,Ohio State,1,4.76,18.0,,,5,2,0,3,0,0,2.0,75.0,251.0,32.5,18.0,116.0,7.17,3.94,23.0
Shawn Johnson,2004,DE,Delaware,9,4.87,35.38,,,6,2,0,0,0,0,0.0,76.0,269.0,,,,,,
Nick Leckey,2004,C,Kansas State,4,5.26,45.33,,,6,2,1,6,0,3,14.0,75.0,290.0,27.0,18.0,97.0,7.71,4.47,22.0
Jamaar Taylor,2004,WR,Texas A&M,2,4.46,48.0,,,6,2,0,2,0,0,1.0,73.0,197.0,,,,,,23.0
Ryan Krause,2004,TE,Nebraska-Omaha,10,4.6,66.67,,,6,2,0,4,0,0,1.0,74.0,244.0,33.5,18.0,119.0,6.78,4.16,23.0
Vontez Duff,2004,DB,Notre Dame,2,4.53,37.78,,,6,2,0,0,0,0,0.0,71.0,203.0,35.0,13.0,120.0,6.94,4.03,
Triandos Luke,2004,WR,Alabama,1,4.51,38.0,,,6,2,0,1,0,0,0.0,71.0,199.0,38.0,,124.0,7.06,4.17,22.0
Kelly Butler,2004,OT,Purdue,4,5.11,57.65,,,6,2,0,3,0,1,8.0,79.0,320.0,30.5,,105.0,7.96,4.92,22.0
Von Hutchins,2004,DB,Ole Miss,3,4.46,53.33,,,6,2,0,4,0,1,5.0,70.0,185.0,34.5,11.0,115.0,7.05,4.06,23.0
Rex Hadnot,2004,OG,Houston,6,5.5,6.67,,,6,2,1,9,0,5,35.0,74.0,323.0,24.5,27.0,91.0,7.94,4.66,22.0
Jammal Lord,2004,DB,Nebraska,3,,,,,6,2,0,1,0,0,0.0,,,,,,,,23.0
Kirk Chambers,2004,OT,Stanford,3,5.44,18.82,,,6,2,0,8,0,1,9.0,79.0,313.0,27.0,22.0,101.0,7.56,4.4,25.0
Bo Lacy,2004,OT,Arkansas,3,,,,,6,2,0,0,0,0,0.0,,,,,,,,
Marko Cavka,2004,OT,Sacramento State,9,5.17,50.59,,,6,2,0,0,0,0,0.0,79.0,294.0,27.5,27.0,107.0,7.53,4.37,
Corey Williams,2004,DT,Arkansas State,3,5.18,21.25,,,6,2,1,9,0,5,33.0,76.0,313.0,28.0,25.0,106.0,7.97,4.55,24.0
Jim Molinaro,2004,OT,Notre Dame,2,5.09,60.0,,,6,2,0,3,0,0,1.0,78.0,308.0,29.5,21.0,105.0,7.75,4.6,23.0
Nate Lawrie,2004,TE,Yale,10,,,,,6,2,0,5,0,0,0.0,,,,,,,,22.0
Cody Spencer,2004,LB,North Texas,10,4.65,40.0,,,6,2,0,5,0,0,4.0,74.0,242.0,34.5,27.0,116.0,6.94,4.08,23.0
Greg Brooks,2004,DB,Southern Miss,10,4.45,55.56,,,6,2,0,3,0,0,1.0,71.0,177.0,,,,,,23.0
Deandre Eiland,2004,DB,South Carolina,3,4.53,37.78,,,6,2,0,0,0,0,0.0,71.0,202.0,35.0,17.0,113.0,7.19,4.27,
Andy Hall,2004,QB,Delaware,9,,,,,6,2,0,0,0,0,0.0,,,,,,,,23.0
Etric Pruitt,2004,DB,Southern Miss,10,4.57,28.89,,,6,2,0,2,0,0,0.0,72.0,197.0,39.5,,116.0,7.15,4.0,23.0
Josh Harris,2004,QB,Bowling Green,10,4.78,40.0,,,6,2,0,0,0,0,0.0,73.0,238.0,31.0,,115.0,,,
Andy Lee,2004,P,Pittsburgh,3,5.0,0.0,,,6,2,1,19,3,1,34.0,73.0,207.0,,,,,,22.0
Craig Terrill,2004,DT,Purdue,4,5.21,17.5,,,6,2,0,7,0,0,9.0,74.0,290.0,26.5,28.0,100.0,7.39,4.1,24.0
Josh Sewell,2004,C,Nebraska,3,5.06,72.0,,,6,2,0,0,0,0,0.0,74.0,301.0,30.0,30.0,99.0,7.53,4.24,
Troy Fleming,2004,RB,Tennessee,2,4.62,30.0,,,6,2,0,2,0,0,3.0,72.0,230.0,32.0,,120.0,6.94,3.91,23.0
Dexter Wynn,2004,DB,Colorado State,7,4.49,46.67,,,6,2,0,5,0,0,4.0,69.0,175.0,39.0,13.0,123.0,6.7,3.9,23.0
Jim Sorgi,2004,QB,Wisconsin,3,,,,,6,2,0,6,0,0,5.0,,,,,,,,23.0
Matt Kranchick,2004,TE,Penn State,2,,,,,6,2,0,2,0,0,0.0,,,,,,,,24.0
Jeris McIntyre,2004,WR,Auburn,2,4.46,48.0,,,6,2,0,0,0,0,0.0,71.0,203.0,29.0,,112.0,6.98,4.08,
Sean Tufts,2004,LB,Colorado,3,4.61,48.0,,,6,2,0,2,0,0,1.0,76.0,242.0,34.5,21.0,118.0,6.94,3.94,22.0
Drew Caylor,2004,C,Stanford,3,,,,,6,2,0,0,0,0,0.0,,,,,,,,
Keith Lewis,2004,DB,Oregon,2,4.6,22.22,,,6,2,0,5,0,1,8.0,72.0,204.0,37.0,11.0,121.0,7.28,4.07,22.0
Clarence Moore,2004,WR,Northern Arizona,10,4.55,30.0,,,6,2,0,3,0,0,2.0,78.0,211.0,34.0,,122.0,6.84,4.16,21.0
Charlie Anderson,2004,LB,Ole Miss,3,,,,,6,2,0,7,0,0,9.0,,,,,,,,22.0
Jeff Smoker,2004,QB,Michigan State,3,4.95,18.75,,,6,2,0,0,0,0,0.0,75.0,223.0,26.5,,101.0,7.65,4.36,
John Navarre,2004,QB,Michigan,1,5.19,0.0,,,7,2,0,2,0,0,0.0,78.0,246.0,26.5,,100.0,7.73,4.46,23.0
Drew Strojny,2004,OT,Duke,4,5.37,27.06,,,7,2,0,0,0,0,0.0,79.0,327.0,29.5,,99.0,7.98,4.84,
Ryon Bingham,2004,DT,Nebraska,3,5.09,32.5,,,7,2,0,5,0,0,6.0,75.0,303.0,30.0,33.0,109.0,7.44,4.38,23.0
Nate Jones,2004,DB,Rutgers,4,,,,,7,2,0,8,0,0,9.0,,,,,,,,22.0
Mark Jones,2004,WR,Tennessee,2,,,,,7,2,0,6,0,0,0.0,,,,,,,,23.0
Dylan McFarland,2004,OT,Montana,9,5.26,40.0,,,7,2,0,2,0,0,0.0,78.0,304.0,27.5,31.0,98.0,,,24.0
Adimchinobe Echemandu,2004,RB,California,4,4.58,36.67,,,7,2,0,4,0,0,1.0,71.0,226.0,,15.0,,,,23.0
Shane Olivea,2004,OT,Ohio State,1,5.29,36.47,,,7,2,1,4,0,4,31.0,75.0,302.0,29.0,,92.0,8.25,4.71,22.0
Raheem Orr,2004,LB,Rutgers,4,,,,,7,2,0,1,0,0,0.0,,,,,,,,23.0
Sloan Thomas,2004,WR,Texas,2,4.5,40.0,,,7,2,0,2,0,0,0.0,73.0,203.0,,,,,,22.0
Eric Taylor,2004,DT,Memphis,6,,,,,7,2,0,2,0,0,0.0,,,,,,,,22.0
Darrell McClover,2004,LB,Miami (FL),2,,,,,7,2,0,6,0,0,4.0,,,,,,,,23.0
Jonathan Smith,2004,WR,Georgia Tech,3,4.78,0.0,,,7,2,0,3,0,0,2.0,70.0,194.0,32.5,,114.0,,4.35,22.0
Alfonso Marshall,2004,DB,Miami (FL),2,,,,,7,2,0,1,0,0,0.0,,,,,,,,23.0
Patrick Crayton,2004,WR,NW Oklahoma State,10,,,,,7,2,1,8,0,3,33.0,,,,,,,,25.0
Cody Pickett,2004,QB,Washington,2,4.79,38.75,,,7,2,0,2,0,0,1.0,75.0,233.0,30.5,,109.0,7.19,4.3,24.0
Casey Bramlet,2004,QB,Wyoming,7,,,,,7,2,0,0,0,0,0.0,,,,,,,,
Quincy Wilson,2004,RB,West Virginia,4,4.6,33.33,,,7,2,0,4,0,0,0.0,69.0,225.0,33.5,26.0,118.0,7.68,4.36,23.0
Jeff Dugan,2004,TE,Maryland,4,5.0,0.0,,,7,2,0,7,0,0,2.0,76.0,263.0,28.0,21.0,109.0,7.4,4.32,23.0
Tony Pape,2004,OG,Michigan,1,5.36,25.33,,,7,2,0,0,0,0,0.0,78.0,323.0,27.0,26.0,97.0,8.01,4.6,
Derrick Pope,2004,LB,Alabama,1,4.71,28.0,,,7,2,0,4,0,1,10.0,71.0,230.0,,24.0,106.0,,,22.0
Jacques Reeves,2004,DB,Purdue,4,,,,,7,2,0,9,0,2,15.0,,,,,,,,21.0
Donnie Jones,2004,P,LSU,1,4.88,18.46,,,7,2,0,15,0,0,27.0,75.0,222.0,,,,,,24.0
Matt Mauck,2004,QB,LSU,1,4.79,38.75,,,7,2,0,2,0,0,1.0,74.0,228.0,,,,,,25.0
Christian Ferrara,2004,DT,Syracuse,4,,,,,7,2,0,0,0,0,0.0,,,,,,,,
Adrien Clarke,2004,OG,Ohio State,1,5.52,4.0,,,7,2,0,4,0,1,8.0,77.0,329.0,26.0,,102.0,7.9,4.74,23.0
Casey Cramer,2004,RB,Dartmouth,10,,,,,7,2,0,5,0,0,0.0,,,,,,,,22.0
David Kimball,2004,K,Penn State,2,4.88,18.46,,,7,2,0,0,0,0,0.0,73.0,209.0,,,,,,
Jared Clauss,2004,DT,Iowa,3,4.95,50.0,,,7,2,0,2,0,0,3.0,77.0,294.0,,23.0,,,,23.0
Kevin Sampson,2004,OT,Syracuse,4,,,,,7,2,0,3,0,1,5.0,,,,,,,,23.0
Michael Gaines,2004,TE,UCF,4,5.06,0.0,,,7,2,0,6,0,2,7.0,74.0,275.0,33.0,18.0,109.0,7.44,4.18,24.0
Christian Morton,2004,DB,Illinois,4,,,,,7,2,0,3,0,0,2.0,,,,,,,,23.0
Trevor Johnson,2004,DE,Nebraska,3,4.8,46.15,,,7,2,0,4,0,0,4.0,77.0,260.0,35.5,23.0,110.0,7.06,4.08,23.0
Derrick Ward,2004,RB,Ottawa (KS),10,,,,,7,2,0,8,0,0,25.0,,,,,,,,24.0
Rashad Washington,2004,DB,Kansas State,4,4.61,20.0,,,7,2,0,4,0,0,3.0,74.0,223.0,34.0,14.0,116.0,7.06,4.02,24.0
Erik Jensen,2004,TE,Iowa,3,,,,,7,2,0,0,0,0,0.0,,,,,,,,
Larry Turner,2004,C,Eastern Kentucky,10,,,,,7,2,0,3,0,0,1.0,,,,,,,,22.0
Eugene Amano,2004,C,SE Missouri State,10,,,,,7,2,1,8,0,4,30.0,,,,,,,,22.0
Colby Bockwoldt,2004,LB,BYU,5,4.6,50.0,,,7,2,0,4,0,1,12.0,74.0,230.0,34.0,14.0,112.0,7.12,4.05,23.0
Sean McHugh,2004,FB,Penn State,2,4.92,12.31,,,7,2,0,5,0,1,2.0,77.0,264.0,29.0,18.0,115.0,7.36,4.09,22.0
Bruce Perry,2004,RB,Maryland,4,,,,,7,2,0,3,0,0,0.0,,,,,,,,23.0
Dominic Furio,2004,C,UNLV,10,,,,,7,2,0,0,0,0,0.0,,,,,,,,
Derek Abney,2004,WR,Kentucky,4,4.58,24.0,,,7,2,0,0,0,0,0.0,69.0,179.0,33.5,,120.0,6.89,4.08,
Courtney Anderson,2004,TE,San Jose State,7,4.89,18.33,,,7,2,0,4,0,2,6.0,78.0,269.0,30.0,17.0,106.0,7.86,4.45,23.0
Brian Rimpf,2004,OG,East Carolina,6,5.41,18.67,,,7,2,0,2,0,0,3.0,78.0,319.0,28.0,31.0,105.0,7.97,4.66,23.0
Brandon Miree,2004,RB,Pittsburgh,3,,,,,7,2,0,3,0,0,0.0,,,,,,,,23.0
B.J. Symons,2004,QB,Texas Tech,4,4.9,25.0,,,7,2,0,0,0,0,0.0,72.0,210.0,,,,,,
Bobby McCray,2004,DE,Florida,2,4.62,73.85,,,7,2,0,7,0,2,24.0,78.0,255.0,33.5,27.0,,,,22.0
Bradlee Van Pelt,2004,QB,Colorado State,7,4.98,15.0,,,7,2,0,2,0,0,0.0,74.0,231.0,33.5,,115.0,6.89,4.11,24.0
Scott Wells,2004,OG,Tennessee,2,5.3,33.33,,,7,2,1,11,1,9,64.0,74.0,300.0,31.0,31.0,109.0,7.56,4.35,23.0
Lenny Williams,2004,DB,Southern,10,,,,,7,2,0,0,0,0,0.0,,,,,,,,
Isaac Hilton,2004,DE,Hampton,10,4.57,81.54,,,7,2,0,0,0,0,0.0,75.0,267.0,36.5,31.0,123.0,7.99,4.48,
Carlos Joseph,2004,OT,Miami (FL),2,5.33,31.76,,,7,2,0,0,0,0,0.0,78.0,345.0,,29.0,,,,
Andre Sommersell,2004,LB,Colorado State,7,,,,,7,2,0,0,0,0,0.0,,,,,,,,
Alex Smith,2005,QB,Utah,3,4.71,48.75,,,1,0,1,16,3,14,98.0,76.0,217.0,32.0,,113.0,6.82,3.96,21.0
Ronnie Brown,2005,RB,Auburn,2,4.43,61.67,,,1,0,1,10,1,6,41.0,72.0,233.0,34.0,18.0,117.0,7.1,4.08,23.0
Braylon Edwards,2005,WR,Michigan,1,4.45,50.0,,,1,0,1,8,1,5,41.0,75.0,211.0,,,,,,22.0
Cedric Benson,2005,RB,Texas,2,4.62,30.0,,,1,0,1,8,0,6,36.0,70.0,222.0,,,,,,22.0
Cadillac Williams,2005,RB,Auburn,2,4.43,61.67,,,1,0,1,7,0,4,28.0,71.0,217.0,35.5,19.0,118.0,6.94,4.15,23.0
Adam Jones,2005,DB,West Virginia,4,4.38,71.11,,,1,0,1,14,1,6,50.0,69.0,187.0,,,,,,21.0
Troy Williamson,2005,WR,South Carolina,3,4.32,76.0,,,1,0,0,5,0,1,8.0,73.0,203.0,,,,6.99,,22.0
Antrel Rolle,2005,DB,Miami (FL),2,4.48,48.89,,,1,0,1,11,3,9,57.0,72.0,201.0,,15.0,,,,22.0
Carlos Rogers,2005,DB,Auburn,2,4.44,57.78,,,1,0,1,10,1,7,47.0,72.0,196.0,40.5,15.0,126.0,6.48,3.82,24.0
Mike Williams,2005,WR,USC,2,4.56,28.0,,,1,0,0,7,0,2,12.0,77.0,229.0,36.5,,,,,21.0
DeMarcus Ware,2005,LB,Troy,8,4.56,58.0,,,1,0,1,12,9,11,100.0,76.0,251.0,38.5,27.0,122.0,6.83,4.07,23.0
Shawne Merriman,2005,LB,Maryland,4,4.64,42.0,,,1,0,1,8,3,4,40.0,76.0,272.0,,25.0,,,,21.0
Jammal Brown,2005,OT,Oklahoma,2,5.06,63.53,,,1,0,1,7,2,6,49.0,78.0,316.0,31.5,,109.0,7.93,4.67,24.0
Thomas Davis,2005,LB,Georgia,1,4.6,50.0,,,1,0,1,16,3,12,80.0,73.0,230.0,36.5,,115.0,7.09,3.97,22.0
Derrick Johnson,2005,LB,Texas,2,4.52,66.0,,,1,0,1,14,4,11,80.0,75.0,242.0,37.5,,120.0,7.2,3.87,22.0
Travis Johnson,2005,DT,Florida State,2,4.91,55.0,,,1,0,1,6,0,3,17.0,76.0,305.0,,,,,,23.0
David Pollack,2005,LB,Georgia,1,4.75,20.0,,,1,0,0,2,0,0,3.0,74.0,265.0,37.0,25.0,120.0,6.86,3.9,23.0
Erasmus James,2005,DE,Wisconsin,3,4.81,44.62,,,1,0,0,4,0,1,6.0,76.0,266.0,37.5,,122.0,7.56,4.37,22.0
Alex Barron,2005,OT,Florida State,2,4.87,85.88,,,1,0,1,6,0,5,27.0,79.0,320.0,35.5,,112.0,7.83,4.56,22.0
Marcus Spears,2005,DE,LSU,1,5.05,7.69,,,1,0,1,9,0,6,36.0,76.0,307.0,,,,,,22.0
Matt Jones,2005,WR,Arkansas,3,4.37,66.0,,,1,0,0,4,0,1,22.0,78.0,242.0,39.5,,129.0,,,22.0
Mark Clayton,2005,WR,Oklahoma,2,4.41,58.0,,,1,0,1,7,0,5,28.0,70.0,193.0,36.5,,118.0,6.95,4.07,23.0
Fabian Washington,2005,DB,Nebraska,3,4.29,91.11,,,1,0,1,6,0,4,20.0,70.0,188.0,41.5,18.0,129.0,,3.91,22.0
Aaron Rodgers,2005,QB,California,4,4.71,48.75,,,1,0,1,21,10,16,169.0,74.0,223.0,34.5,,110.0,7.38,,21.0
Jason Campbell,2005,QB,Auburn,2,4.71,48.75,,,1,0,1,10,0,5,48.0,77.0,230.0,,,,,,23.0
Chris Spencer,2005,C,Ole Miss,3,5.21,52.0,,,1,0,1,10,0,6,38.0,75.0,309.0,32.0,26.0,105.0,8.06,4.59,23.0
Roddy White,2005,WR,UAB,6,4.46,48.0,,,1,0,1,11,4,10,88.0,73.0,207.0,,,,,,23.0
Luis Castillo,2005,DE,Northwestern,5,4.79,47.69,,,1,0,1,7,0,6,33.0,75.0,303.0,34.5,32.0,112.0,,,22.0
Marlin Jackson,2005,DB,Michigan,1,4.52,40.0,,,1,0,0,5,0,2,14.0,73.0,198.0,36.0,23.0,125.0,6.95,3.96,22.0
Heath Miller,2005,TE,Virginia,4,4.79,35.0,,,1,0,1,11,2,11,45.0,77.0,256.0,,,,,,22.0
Mike Patterson,2005,DT,USC,2,4.93,52.5,,,1,0,1,10,0,6,48.0,72.0,292.0,,26.0,,,,22.0
Logan Mankins,2005,OG,Fresno State,7,5.06,65.33,,,1,0,1,11,7,11,102.0,76.0,307.0,31.5,21.0,95.0,7.52,4.44,23.0
David Baas,2005,OG,Michigan,1,5.06,65.33,,,2,0,1,9,0,6,36.0,76.0,319.0,29.5,29.0,105.0,7.5,4.46,23.0
Brodney Pool,2005,DB,Oklahoma,2,4.52,40.0,,,2,0,1,7,0,4,27.0,73.0,207.0,,,,,,21.0
Reggie Brown,2005,WR,Georgia,1,4.45,50.0,,,2,0,1,5,0,3,20.0,74.0,196.0,41.5,,128.0,6.99,3.94,24.0
Barrett Ruud,2005,LB,Nebraska,3,4.75,20.0,,,2,0,1,8,0,5,41.0,74.0,241.0,34.5,25.0,112.0,7.22,3.94,22.0
Shaun Cody,2005,DT,USC,2,5.05,37.5,,,2,0,1,8,0,4,28.0,76.0,293.0,,34.0,,,,22.0
Stanford Routt,2005,DB,Houston,6,4.27,95.56,,,2,0,1,8,0,3,22.0,73.0,193.0,36.5,,129.0,6.63,3.9,22.0
Mark Bradley,2005,WR,Oklahoma,2,4.37,66.0,,,2,0,0,5,0,0,10.0,73.0,201.0,39.5,,128.0,6.96,3.98,23.0
Josh Bullocks,2005,DB,Nebraska,3,4.46,53.33,,,2,0,1,6,0,3,21.0,72.0,209.0,37.5,,118.0,7.09,4.08,22.0
Michael Roos,2005,OT,Eastern Washington,10,5.3,35.29,,,2,0,1,10,1,9,63.0,79.0,320.0,29.0,19.0,97.0,7.72,4.5,22.0
Kevin Burnett,2005,LB,Tennessee,2,4.58,54.0,,,2,0,1,9,0,4,40.0,75.0,239.0,36.0,20.0,130.0,,,22.0
Corey Webster,2005,DB,LSU,1,4.5,44.44,,,2,0,1,9,0,6,33.0,72.0,199.0,,9.0,,,,23.0
J.J. Arrington,2005,RB,California,4,4.4,66.67,,,2,0,0,4,0,0,12.0,69.0,214.0,35.0,18.0,121.0,6.81,4.1,22.0
Lofa Tatupu,2005,LB,USC,2,4.83,4.0,,,2,0,1,6,3,5,49.0,72.0,238.0,35.0,23.0,113.0,7.31,4.16,22.0
Matt Roth,2005,DE,Iowa,3,4.81,44.62,,,2,0,1,7,0,5,27.0,76.0,278.0,32.0,26.0,112.0,7.65,4.36,22.0
Mike Nugent,2005,K,Ohio State,1,4.72,43.08,,,2,0,0,16,0,0,22.0,70.0,182.0,,,,,,23.0
Odell Thurman,2005,LB,Georgia,1,4.62,46.0,,,2,0,0,1,0,1,7.0,72.0,233.0,34.0,23.0,114.0,7.47,,22.0
Marcus Johnson,2005,OG,Ole Miss,3,5.45,13.33,,,2,0,0,5,0,1,8.0,78.0,321.0,27.5,21.0,104.0,7.71,4.71,21.0
Ron Bartell,2005,DB,Howard,10,4.37,73.33,,,2,0,1,8,0,4,25.0,73.0,211.0,35.5,21.0,,,,23.0
Nick Collins,2005,DB,Bethune-Cookman,10,4.36,75.56,,,2,0,1,7,3,6,48.0,71.0,206.0,40.0,11.0,118.0,6.94,4.16,22.0
Khalif Barnes,2005,OT,Washington,2,4.92,80.0,,,2,0,1,13,0,7,51.0,78.0,305.0,35.0,26.0,106.0,7.57,4.54,23.0
Dan Cody,2005,DE,Oklahoma,2,4.75,53.85,,,2,0,0,2,0,0,0.0,77.0,254.0,,,,,,23.0
Eric Shelton,2005,RB,Louisville,4,4.53,45.0,,,2,0,0,2,0,0,0.0,73.0,246.0,38.5,,124.0,7.44,4.08,22.0
Roscoe Parrish,2005,WR,Miami (FL),2,4.37,66.0,,,2,0,0,8,0,0,14.0,70.0,168.0,,,,,,23.0
Darrent Williams,2005,DB,Oklahoma State,3,4.3,88.89,,,2,0,0,2,0,2,11.0,69.0,176.0,39.0,16.0,124.0,6.97,3.96,22.0
Justin Miller,2005,DB,Clemson,1,,,,,2,0,1,8,1,0,15.0,,,,,,,,21.0
Terrence Murphy,2005,WR,Texas A&M,2,4.39,62.0,,,2,0,0,1,0,0,0.0,73.0,202.0,,,,,,22.0
Jonathan Babineaux,2005,DE,Iowa,3,4.87,35.38,,,2,0,1,12,0,10,52.0,74.0,286.0,29.5,21.0,109.0,7.7,4.57,23.0
Kelvin Hayden,2005,DB,Illinois,4,4.45,55.56,,,2,0,1,8,0,4,24.0,70.0,197.0,34.0,17.0,111.0,6.87,3.9,22.0
Vincent Jackson,2005,WR,Northern Colorado,10,4.46,48.0,,,2,0,1,12,3,8,77.0,77.0,241.0,39.0,,,,,22.0
Bryant McFadden,2005,DB,Florida State,2,4.44,57.78,,,2,0,1,7,0,3,27.0,72.0,193.0,38.5,23.0,130.0,,4.04,23.0
Matt McCoy,2005,LB,San Diego State,7,,,,,2,0,0,7,0,1,9.0,,,,,,,,22.0
Adam Terry,2005,OT,Syracuse,4,5.4,23.53,,,2,0,0,6,0,0,9.0,80.0,330.0,28.0,,96.0,7.89,4.78,23.0
Frank Gore,2005,RB,Miami (FL),2,4.58,36.67,,,3,1,1,16,5,14,94.0,69.0,217.0,,,,,,22.0
O.J. Atogwe,2005,DB,Stanford,3,4.52,40.0,,,3,1,1,7,0,6,34.0,71.0,219.0,,22.0,,,,24.0
Charlie Frye,2005,QB,Akron,10,4.79,38.75,,,3,1,0,5,0,1,8.0,76.0,225.0,33.0,,113.0,6.94,4.08,24.0
Courtney Roby,2005,WR,Indiana,4,4.41,58.0,,,3,1,0,10,0,0,4.0,72.0,189.0,36.5,,126.0,6.6,3.94,22.0
Andrew Walter,2005,QB,Arizona State,3,4.86,30.0,,,3,1,0,4,0,1,1.0,78.0,233.0,,,,,,23.0
Channing Crowder,2005,LB,Florida,2,4.71,28.0,,,3,1,1,6,0,6,31.0,74.0,252.0,,,,,,21.0
Alex Smith,2005,TE,Stanford,3,4.88,20.0,,,3,1,1,11,0,3,11.0,76.0,258.0,,28.0,,,,23.0
Stanley Wilson,2005,DB,Stanford,3,4.36,75.56,,,3,1,0,3,0,0,5.0,72.0,185.0,39.5,14.0,125.0,,,22.0
Vernand Morency,2005,RB,Oklahoma State,3,4.66,23.33,,,3,1,0,3,0,0,8.0,70.0,212.0,33.5,19.0,108.0,7.02,4.12,25.0
Justin Tuck,2005,DE,Notre Dame,2,4.71,60.0,,,3,1,1,11,2,7,65.0,77.0,268.0,,,,,,22.0
Eric Green,2005,DB,Virginia Tech,3,4.52,40.0,,,3,1,0,4,0,2,12.0,71.0,198.0,38.0,,120.0,,3.9,23.0
Karl Paymah,2005,DB,Washington State,4,4.35,77.78,,,3,1,0,6,0,0,6.0,72.0,204.0,41.5,15.0,125.0,7.09,3.91,22.0
Ryan Moats,2005,RB,Louisiana Tech,5,4.46,56.67,,,3,1,0,5,0,0,7.0,68.0,210.0,36.0,19.0,117.0,7.22,4.1,22.0
Kirk Morrison,2005,LB,San Diego State,7,4.75,20.0,,,3,1,1,8,0,6,38.0,73.0,235.0,,25.0,,,4.31,23.0
Evan Mathis,2005,OG,Alabama,1,4.92,84.0,,,3,1,1,12,2,6,46.0,77.0,304.0,35.5,35.0,117.0,7.37,4.16,23.0
Dustin Fox,2005,DB,Ohio State,1,4.43,60.0,,,3,1,0,4,0,0,0.0,71.0,191.0,43.5,7.0,,,,22.0
Richie Incognito,2005,OG,Oregon,2,4.84,94.67,,,3,1,1,16,4,10,62.0,75.0,305.0,,29.0,,,,22.0
Alfred Fincher,2005,LB,Connecticut,6,4.68,34.0,,,3,1,0,4,0,0,3.0,73.0,238.0,31.5,25.0,112.0,7.69,4.45,22.0
Chris Henry,2005,WR,West Virginia,4,4.5,40.0,,,3,1,0,5,0,0,16.0,76.0,197.0,,,,,,22.0
Ellis Hobbs,2005,DB,Iowa State,4,4.45,55.56,,,3,1,1,6,0,4,28.0,69.0,192.0,42.0,12.0,124.0,6.8,4.07,22.0
David Greene,2005,QB,Georgia,1,4.78,40.0,,,3,1,0,0,0,0,0.0,75.0,226.0,31.5,,115.0,7.0,4.1,
Kevin Everett,2005,TE,Miami (FL),2,4.72,46.67,,,3,1,0,3,0,0,0.0,77.0,241.0,,,,,,23.0
Scott Starks,2005,DB,Wisconsin,3,4.37,73.33,,,3,1,0,5,0,0,4.0,68.0,172.0,43.0,13.0,137.0,6.99,3.9,22.0
Sione Pouha,2005,DT,Utah,3,5.02,41.25,,,3,1,1,8,0,4,36.0,75.0,325.0,32.5,32.0,107.0,7.83,4.44,26.0
Atiyyah Ellison,2005,DT,Missouri,4,5.07,35.0,,,3,1,0,5,0,0,0.0,76.0,305.0,27.5,25.0,103.0,8.0,4.79,23.0
Jordan Beck,2005,LB,Cal Poly,9,4.6,50.0,,,3,1,0,3,0,0,2.0,74.0,233.0,41.0,25.0,128.0,7.11,4.1,22.0
Chris Colmer,2005,OT,NC State,4,5.19,48.24,,,3,1,0,0,0,0,0.0,77.0,310.0,,,,,,
Vincent Burns,2005,DE,Kentucky,4,4.84,40.0,,,3,1,0,0,0,0,0.0,72.0,267.0,35.0,25.0,122.0,7.24,4.41,
Trai Essex,2005,OT,Northwestern,5,5.61,0.0,,,3,1,0,8,0,1,19.0,76.0,324.0,29.0,,96.0,8.11,4.92,22.0
Adam Snyder,2005,OT,Oregon,2,5.34,30.59,,,3,1,1,10,0,5,34.0,77.0,316.0,28.5,21.0,93.0,7.83,4.83,23.0
Darryl Blackstock,2005,LB,Virginia,4,4.7,30.0,,,3,1,0,7,0,0,6.0,75.0,247.0,39.0,25.0,126.0,7.05,4.29,22.0
Brandon Jones,2005,WR,Oklahoma,2,4.42,56.0,,,3,1,0,5,0,2,11.0,73.0,210.0,37.0,,114.0,7.03,4.08,23.0
Domonique Foxworth,2005,DB,Maryland,4,4.34,80.0,,,3,1,0,7,0,2,19.0,71.0,184.0,41.0,14.0,125.0,6.78,3.89,22.0
LeRoy Hill,2005,LB,Clemson,1,4.65,40.0,,,3,1,1,8,0,6,37.0,73.0,229.0,34.0,25.0,116.0,7.23,4.1,22.0
Dustin Colquitt,2005,P,Tennessee,2,4.88,18.46,,,3,1,1,17,2,0,24.0,74.0,211.0,,,,,,23.0
Nick Kaczur,2005,OT,Toledo,8,5.28,37.65,,,3,1,1,5,0,5,37.0,76.0,319.0,31.5,,,,,26.0
Maurice Clarett,2005,RB,Ohio State,1,4.78,3.33,,,3,1,0,0,0,0,0.0,72.0,234.0,34.0,22.0,115.0,,,
Sean Considine,2005,DB,Iowa,3,4.5,44.44,,,4,1,0,8,0,2,15.0,72.0,212.0,37.0,19.0,117.0,7.09,3.92,22.0
Antonio Perkins,2005,DB,Oklahoma,2,4.49,46.67,,,4,1,0,2,0,0,0.0,71.0,190.0,40.0,10.0,126.0,7.17,4.07,23.0
Travis Daniels,2005,DB,LSU,1,4.54,35.56,,,4,1,0,8,0,1,13.0,73.0,194.0,35.0,,120.0,6.95,3.97,22.0
Ray Willis,2005,OT,Florida State,2,5.18,49.41,,,4,1,0,5,0,1,10.0,78.0,327.0,,27.0,,,,23.0
Kyle Orton,2005,QB,Purdue,4,5.06,5.0,,,4,1,1,10,0,5,40.0,76.0,233.0,26.5,,,7.38,4.52,22.0
Dan Buenning,2005,OG,Wisconsin,3,5.35,26.67,,,4,1,0,4,0,1,10.0,76.0,320.0,28.0,29.0,111.0,7.9,4.59,23.0
Vincent Fuller,2005,DB,Virginia Tech,3,4.44,57.78,,,4,1,0,7,0,0,8.0,73.0,189.0,,,,,,23.0
Marion Barber III,2005,RB,Minnesota,4,4.49,51.67,,,4,1,1,7,1,3,39.0,71.0,221.0,40.0,20.0,127.0,,,22.0
Brandon Jacobs,2005,RB,Southern Illinois,10,4.56,40.0,,,4,1,1,9,0,3,36.0,76.0,267.0,37.0,19.0,118.0,7.53,4.46,23.0
Elton Brown,2005,OG,Virginia,4,4.93,82.67,,,4,1,0,4,0,1,8.0,77.0,329.0,,,,,,23.0
Ciatrick Fason,2005,RB,Florida,2,4.58,36.67,,,4,1,0,2,0,0,1.0,73.0,207.0,,,,,,22.0
David Stewart,2005,OT,Mississippi State,3,5.25,41.18,,,4,1,1,9,0,8,48.0,78.0,314.0,,24.0,,,,23.0
Jerome Mathis,2005,WR,Hampton,10,4.28,84.0,,,4,1,1,3,1,0,4.0,71.0,181.0,35.5,,123.0,,,22.0
Marviel Underwood,2005,DB,San Diego State,7,4.45,55.56,,,4,1,0,1,0,0,1.0,70.0,205.0,38.0,19.0,118.0,7.12,4.21,23.0
Craphonso Thorpe,2005,WR,Florida State,2,4.38,64.0,,,4,1,0,3,0,0,1.0,73.0,188.0,,,,,,22.0
Jerome Carter,2005,DB,Florida State,2,4.47,51.11,,,4,1,0,3,0,0,3.0,71.0,220.0,35.0,21.0,121.0,7.18,4.04,22.0
Chase Lyman,2005,WR,California,4,4.5,40.0,,,4,1,0,0,0,0,0.0,75.0,217.0,,,,,,
Eric Ghiaciuc,2005,C,Central Michigan,8,5.09,68.0,,,4,1,1,4,0,3,19.0,76.0,302.0,32.0,30.0,105.0,7.87,4.56,24.0
Manuel White,2005,RB,UCLA,5,4.64,26.67,,,4,1,0,0,0,0,0.0,74.0,244.0,,,,,,
Stefan Lefors,2005,QB,Louisville,4,4.56,67.5,,,4,1,0,0,0,0,0.0,72.0,208.0,31.0,,111.0,7.03,4.09,
Duke Preston,2005,C,Illinois,4,,,,,4,1,0,4,0,1,11.0,77.0,311.0,32.0,21.0,96.0,7.57,4.45,23.0
Kerry Rhodes,2005,DB,Louisville,4,4.56,31.11,,,4,1,1,8,0,7,49.0,74.0,209.0,42.0,12.0,123.0,6.94,4.12,23.0
Jason Brown,2005,C,North Carolina,3,5.4,26.67,,,4,1,1,7,0,6,30.0,75.0,313.0,30.5,23.0,105.0,7.72,4.51,22.0
Brady Poppinga,2005,LB,BYU,5,4.59,52.0,,,4,1,1,8,0,4,25.0,75.0,259.0,35.5,26.0,110.0,7.27,4.38,25.0
Todd Herremans,2005,OT,Saginaw Valley State,10,,,,,4,1,1,11,0,9,51.0,,,,,,,,22.0
Alvin Pearman,2005,RB,Virginia,4,4.63,28.33,,,4,1,0,5,0,0,5.0,69.0,208.0,34.0,24.0,114.0,7.06,4.08,23.0
Chauncey Davis,2005,DE,Florida State,2,4.8,46.15,,,4,1,0,7,0,1,20.0,74.0,273.0,37.0,22.0,118.0,7.66,4.44,22.0
Dylan Gandy,2005,OG,Texas Tech,4,5.12,57.33,,,4,1,0,9,0,1,19.0,75.0,304.0,29.5,,100.0,7.62,4.51,23.0
Darren Sproles,2005,RB,Kansas State,4,4.47,55.0,,,4,1,1,15,3,1,62.0,66.0,187.0,33.0,23.0,105.0,6.96,3.96,22.0
Fred Gibson,2005,WR,Georgia,1,4.55,30.0,,,4,1,0,0,0,0,0.0,76.0,196.0,38.5,,126.0,7.03,4.1,
Chris Canty,2005,DE,Virginia,4,4.98,18.46,,,4,1,1,11,0,9,46.0,79.0,279.0,,,,,,22.0
James Sanders,2005,DB,Fresno State,7,,,,,4,1,0,8,0,2,25.0,,,,,,,,21.0
Claude Terrell,2005,OG,New Mexico,7,5.42,17.33,,,4,1,0,3,0,1,6.0,74.0,343.0,24.5,27.0,89.0,8.17,4.75,23.0
Matt Giordano,2005,DB,California,4,,,,,4,1,0,9,0,1,16.0,,,,,,,,22.0
Roydell Williams,2005,WR,Tulane,6,,,,,4,1,0,6,0,1,10.0,,,,,,,,24.0
Ronald Fields,2005,DT,Mississippi State,3,5.24,13.75,,,5,2,0,7,0,2,13.0,74.0,313.0,27.0,,102.0,8.01,4.68,23.0
Boomer Grigsby,2005,LB,Illinois State,4,4.6,50.0,,,5,2,0,4,0,0,3.0,72.0,249.0,35.5,32.0,112.0,7.1,,23.0
David McMillan,2005,DE,Kansas,10,4.58,80.0,,,5,2,0,3,0,0,2.0,75.0,262.0,34.0,16.0,120.0,7.11,4.07,23.0
Airese Currie,2005,WR,Clemson,1,4.49,42.0,,,5,2,0,2,0,0,0.0,70.0,186.0,38.0,,125.0,7.05,4.07,22.0
Donte Nicholson,2005,DB,Oklahoma,2,4.56,31.11,,,5,2,0,4,0,0,1.0,73.0,212.0,,18.0,,,,23.0
Damien Nash,2005,RB,Missouri,4,,,,,5,2,0,2,0,0,1.0,,,,,,,,23.0
Junius Coston,2005,OG,North Carolina A&T,3,5.31,32.0,,,5,2,0,3,0,0,5.0,75.0,310.0,29.5,21.0,102.0,7.93,4.56,21.0
Jerome Collins,2005,TE,Notre Dame,2,4.71,48.33,,,5,2,0,1,0,0,0.0,76.0,267.0,,21.0,118.0,,,23.0
Dan Orlovsky,2005,QB,Connecticut,6,4.93,21.25,,,5,2,0,11,0,1,7.0,77.0,225.0,29.5,,107.0,7.33,4.39,22.0
Trent Cole,2005,DE,Cincinnati,4,4.7,61.54,,,5,2,1,12,2,9,68.0,74.0,236.0,,,,,,22.0
Alphonso Hodge,2005,DB,Miami (OH),8,4.44,57.78,,,5,2,0,0,0,0,0.0,71.0,203.0,34.0,20.0,,,3.99,
Jonathan Welsh,2005,DE,Wisconsin,3,4.61,75.38,,,5,2,0,1,0,0,0.0,75.0,244.0,40.5,19.0,130.0,7.83,4.22,23.0
Adam Seward,2005,LB,UNLV,10,4.6,50.0,,,5,2,0,5,0,0,4.0,74.0,248.0,36.5,33.0,120.0,7.16,4.11,23.0
Daniel Loper,2005,OT,Texas Tech,4,5.3,35.29,,,5,2,0,6,0,0,7.0,78.0,306.0,32.0,14.0,101.0,7.74,4.68,23.0
Drew Hodgdon,2005,C,Arizona State,3,5.31,38.67,,,5,2,0,3,0,0,3.0,75.0,309.0,32.5,,109.0,7.49,4.45,23.0
Adrian McPherson,2005,QB,Florida State,2,4.71,48.75,,,5,2,0,0,0,0,0.0,75.0,218.0,34.5,22.0,128.0,6.93,4.08,
Adam Kieft,2005,OT,Central Michigan,8,5.52,9.41,,,5,2,0,0,0,0,0.0,79.0,337.0,33.0,28.0,110.0,7.78,4.76,
Robert McCune,2005,LB,Louisville,4,4.5,70.0,,,5,2,0,4,0,0,0.0,72.0,245.0,,34.0,,,,26.0
Larry Brackins,2005,WR,Pearl River CC,10,,,,,5,2,0,0,0,0,0.0,,,,,,,,
Eric King,2005,DB,Wake Forest,4,4.43,60.0,,,5,2,0,6,0,0,4.0,68.0,189.0,,12.0,,,,23.0
Gerald Sensabaugh,2005,DB,North Carolina,3,4.44,57.78,,,5,2,1,8,0,5,31.0,72.0,214.0,46.0,17.0,133.0,,,22.0
Justin Green,2005,FB,Montana,9,4.84,24.62,,,5,2,0,3,0,0,0.0,71.0,251.0,31.0,23.0,109.0,7.24,4.21,23.0
Jeb Huckeba,2005,LB,Arkansas,3,,,,,5,2,0,0,0,0,0.0,,,,,,,,
Michael Boley,2005,LB,Southern Miss,10,4.56,58.0,,,5,2,1,9,0,8,41.0,75.0,236.0,34.0,,113.0,7.08,4.12,23.0
Andre Maddox,2005,DB,NC State,4,4.46,53.33,,,5,2,0,0,0,0,0.0,73.0,205.0,36.5,17.0,127.0,7.33,,
Anthony Alabi,2005,OT,TCU,3,5.12,56.47,,,5,2,0,3,0,0,1.0,77.0,310.0,32.5,18.0,105.0,7.62,4.6,24.0
Frank Omiyale,2005,OT,Tennessee Tech,2,5.3,35.29,,,5,2,0,8,0,2,17.0,76.0,310.0,29.5,22.0,101.0,8.19,4.72,22.0
Wesley Britt,2005,OT,Alabama,1,5.2,47.06,,,5,2,0,4,0,0,3.0,80.0,314.0,,24.0,,,,23.0
Robert Hunt,2005,C,North Dakota State,9,,,,,5,2,0,0,0,0,0.0,,,,,,,,
Rian Wallace,2005,LB,Temple,6,4.73,24.0,,,5,2,0,2,0,0,2.0,74.0,241.0,35.5,10.0,112.0,7.45,3.94,23.0
Michael Hawkins,2005,DB,Oklahoma,2,,,,,5,2,0,2,0,0,1.0,,,,,,,,22.0
Lance Mitchell,2005,LB,Oklahoma,2,4.85,0.0,,,5,2,0,1,0,0,1.0,74.0,247.0,33.5,15.0,,7.49,4.38,23.0
Geoff Hangartner,2005,C,Texas A&M,2,5.21,52.0,,,5,2,1,9,0,5,36.0,77.0,301.0,28.5,26.0,103.0,7.62,4.52,23.0
Ryan Claridge,2005,LB,UNLV,10,4.78,14.0,,,5,2,0,0,0,0,0.0,74.0,254.0,,,,,,
Ben Emanuel,2005,DB,UCLA,5,4.57,28.89,,,5,2,0,1,0,0,3.0,75.0,213.0,,21.0,,,,23.0
Scott Young,2005,OG,BYU,5,5.08,62.67,,,5,2,0,4,0,0,1.0,76.0,312.0,35.0,43.0,115.0,7.46,4.37,24.0
Tyjuan Hagler,2005,LB,Cincinnati,4,4.59,52.0,,,5,2,0,6,0,1,12.0,72.0,236.0,35.5,35.0,124.0,7.21,4.07,23.0
Rasheed Marshall,2005,WR,West Virginia,4,4.51,38.0,,,5,2,0,1,0,0,0.0,72.0,185.0,38.0,,121.0,6.81,3.95,24.0
Anttaj Hawthorne,2005,DT,Wisconsin,3,5.23,15.0,,,6,2,0,2,0,0,1.0,75.0,321.0,27.0,21.0,100.0,8.0,4.69,23.0
Nick Speegle,2005,LB,New Mexico,7,,,,,6,2,0,2,0,0,1.0,,,,,,,,23.0
Wes Sims,2005,OG,Oklahoma,2,5.39,21.33,,,6,2,0,1,0,0,0.0,77.0,318.0,28.0,26.0,108.0,7.68,4.43,24.0
Anthony Bryant,2005,DT,Alabama,1,5.06,36.25,,,6,2,0,6,0,0,2.0,75.0,337.0,31.5,23.0,106.0,7.8,4.68,23.0
Bo Scaife,2005,TE,Texas,2,4.75,41.67,,,6,2,1,6,0,4,20.0,75.0,249.0,32.5,24.0,114.0,7.21,4.12,24.0
Mike Montgomery,2005,DT,Texas A&M,2,5.05,37.5,,,6,2,0,6,0,1,8.0,77.0,276.0,34.5,19.0,115.0,7.38,4.32,22.0
Chris Harris,2005,DB,La-Monroe,10,,,,,6,2,1,8,0,6,38.0,,,,,,,,23.0
Cedric Houston,2005,RB,Tennessee,2,4.61,31.67,,,6,2,0,2,0,0,5.0,71.0,225.0,,,,,,23.0
Jared Newberry,2005,LB,Stanford,3,4.71,28.0,,,6,2,0,0,0,0,0.0,73.0,234.0,,,,,,
Bill Swancutt,2005,DE,Oregon State,4,5.0,15.38,,,6,2,0,1,0,0,0.0,76.0,270.0,34.0,23.0,113.0,7.35,4.24,23.0
Chad Owens,2005,WR,Hawaii,7,4.62,16.0,,,6,2,0,3,0,0,0.0,67.0,183.0,37.0,,116.0,6.7,3.94,23.0
Eric Moore,2005,DE,Florida State,2,4.84,40.0,,,6,2,0,7,0,0,5.0,76.0,262.0,29.5,22.0,108.0,7.62,4.5,24.0
Will Svitek,2005,OT,Stanford,3,,,,,6,2,0,10,0,1,14.0,,,,,,,,23.0
C.C. Brown,2005,DB,Louisiana,8,,,,,6,2,1,7,0,3,19.0,,,,,,,,22.0
Jovan Haye,2005,DE,Vanderbilt,4,4.74,55.38,,,6,2,1,7,0,3,25.0,74.0,284.0,34.0,33.0,110.0,7.38,4.35,23.0
Tab Perry,2005,WR,UCLA,5,4.46,48.0,,,6,2,0,3,0,0,1.0,74.0,229.0,34.0,,116.0,7.0,,23.0
C.J. Mosley,2005,DT,Missouri,4,5.08,33.75,,,6,2,0,11,0,1,21.0,74.0,314.0,27.5,27.0,100.0,8.21,4.64,22.0
Dante Ridgeway,2005,WR,Ball State,8,4.57,26.0,,,6,2,0,1,0,0,0.0,71.0,212.0,33.0,,117.0,7.25,4.39,21.0
Jason Jefferson,2005,DT,Wisconsin,3,5.1,31.25,,,6,2,0,4,0,0,3.0,74.0,310.0,28.5,,102.0,7.79,4.47,23.0
Pat Thomas,2005,LB,NC State,4,,,,,6,2,0,4,0,1,5.0,,,,,,,,22.0
Craig Bragg,2005,WR,UCLA,5,4.46,48.0,,,6,2,0,0,0,0,0.0,73.0,196.0,36.0,,,,,
Tony Jackson,2005,TE,Iowa,3,4.75,41.67,,,6,2,0,0,0,0,0.0,74.0,266.0,33.0,23.0,113.0,7.5,4.48,
Justin Geisinger,2005,OG,Vanderbilt,4,5.38,22.67,,,6,2,0,4,0,0,0.0,76.0,322.0,25.0,34.0,95.0,7.87,4.62,23.0
Joel Dreessen,2005,TE,Colorado State,7,4.72,46.67,,,6,2,1,9,0,4,16.0,76.0,260.0,36.0,22.0,113.0,7.09,4.01,23.0
Khari Long,2005,DE,Baylor,3,4.74,55.38,,,6,2,0,1,0,0,0.0,76.0,257.0,38.5,27.0,121.0,7.22,4.07,23.0
Chris Myers,2005,OG,Miami (FL),2,5.11,58.67,,,6,2,1,10,2,8,59.0,77.0,300.0,,25.0,,,,23.0
DeAndra Cobb,2005,RB,Michigan State,3,4.49,51.67,,,6,2,0,1,0,0,0.0,70.0,196.0,34.0,17.0,118.0,7.13,4.25,24.0
Dave Rayner,2005,K,Michigan State,3,5.0,0.0,,,6,2,0,7,0,0,3.0,74.0,210.0,,,,,,22.0
Andrew Hoffman,2005,DT,Virginia,4,,,,,6,2,0,0,0,0,0.0,,,,,,,,
Chris Kemoeatu,2005,OG,Utah,3,5.34,28.0,,,6,2,1,7,0,3,27.0,75.0,344.0,29.0,26.0,98.0,7.75,4.54,22.0
Derrick Johnson,2005,DB,Washington,2,4.52,40.0,,,6,2,0,2,0,0,2.0,75.0,242.0,37.5,,120.0,7.2,3.87,23.0
Jonathan Goddard,2005,DE,Marshall,8,,,,,6,2,0,1,0,0,0.0,,,,,,,,24.0
Joe Berger,2005,OT,Michigan Tech,1,5.18,49.41,,,6,2,1,13,0,5,36.0,77.0,303.0,27.0,30.0,96.0,7.77,4.62,23.0
Justin Beriault,2005,DB,Ball State,8,4.52,40.0,,,6,2,0,0,0,0,0.0,75.0,204.0,39.5,14.0,132.0,6.92,3.8,
Rob Petitti,2005,OT,Pittsburgh,3,5.48,14.12,,,6,2,0,6,0,1,9.0,78.0,347.0,,,,,,23.0
Reggie Hodges,2005,P,Ball State,8,4.88,18.46,,,6,2,0,8,0,0,5.0,72.0,226.0,,,,,,23.0
Calvin Armstrong,2005,OT,Washington State,4,5.51,10.59,,,6,2,0,0,0,0,0.0,79.0,325.0,34.0,26.0,100.0,7.62,4.66,
Ryan Riddle,2005,DE,California,4,4.83,41.54,,,6,2,0,2,0,0,1.0,74.0,256.0,,18.0,,,,24.0
Derek Anderson,2005,QB,Oregon State,4,5.03,8.75,,,6,2,1,14,1,3,23.0,78.0,242.0,29.0,,103.0,7.67,4.62,22.0
Pete McMahon,2005,OT,Iowa,3,5.43,20.0,,,6,2,0,0,0,0,0.0,80.0,329.0,27.0,26.0,92.0,7.97,4.8,
Daven Holly,2005,DB,Cincinnati,4,4.39,68.89,,,7,2,0,3,0,1,10.0,70.0,192.0,39.0,15.0,115.0,7.16,4.08,23.0
Kevin Vickerson,2005,DT,Michigan State,3,5.0,43.75,,,7,2,1,10,0,3,21.0,77.0,310.0,32.5,,103.0,7.78,4.64,22.0
Jon Dunn,2005,OT,Virginia Tech,3,5.4,23.53,,,7,2,0,0,0,0,0.0,79.0,328.0,,,,,,
Reynaldo Hill,2005,DB,Florida,2,,,,,7,2,0,4,0,2,11.0,,,,,,,,23.0
Adrian Ward,2005,DB,UTEP,6,,,,,7,2,0,0,0,0,0.0,,,,,,,,
Rod Wilson,2005,DB,South Carolina,3,,,,,7,2,0,6,0,0,7.0,,,,,,,,23.0
Rick Razzano,2005,RB,Ole Miss,3,,,,,7,2,0,0,0,0,0.0,,,,,,,,
Nehemiah Broughton,2005,FB,The Citadel,10,4.59,63.08,,,7,2,0,2,0,0,0.0,71.0,250.0,30.0,25.0,108.0,7.54,4.28,22.0
Marcus Maxwell,2005,WR,Oregon,2,,,,,7,2,0,3,0,0,0.0,,,,,,,,22.0
Jay Ratliff,2005,DE,Auburn,2,,,,,7,2,1,11,4,7,55.0,,,,,,,,24.0
Paris Warren,2005,WR,Utah,3,4.71,0.0,,,7,2,0,2,0,0,0.0,72.0,219.0,31.5,,,,,23.0
LeRon McCoy,2005,WR,Indiana (PA),4,4.4,60.0,,,7,2,0,1,0,0,1.0,73.0,211.0,37.0,,120.0,7.19,4.21,23.0
Kenneth Pettway,2005,DE,Grambling State,10,4.69,63.08,,,7,2,0,4,0,0,3.0,75.0,236.0,32.5,22.0,114.0,7.29,4.31,22.0
Shaun Nua,2005,DE,BYU,5,,,,,7,2,0,0,0,0,0.0,,,,,,,,
James Kilian,2005,QB,Tulsa,6,,,,,7,2,0,0,0,0,0.0,,,,,,,,
Matt Cassel,2005,QB,USC,2,,,,,7,2,1,14,1,6,47.0,,,,,,,,23.0
Hamza Abdullah,2005,DB,Washington State,4,,,,,7,2,0,7,0,1,5.0,74.0,214.0,39.0,18.0,114.0,6.94,,22.0
Jimmy Verdon,2005,DT,Arizona State,3,5.02,41.25,,,7,2,0,1,0,0,0.0,75.0,280.0,29.5,18.0,105.0,7.89,4.53,20.0
Jonathan Fanene,2005,DE,Utah,3,,,,,7,2,0,7,0,1,12.0,,,,,,,,23.0
Mike Smith,2005,LB,Texas Tech,4,,,,,7,2,0,2,0,0,1.0,,,,,,,,24.0
Cornelius Wortham,2005,LB,Alabama,1,4.71,28.0,,,7,2,0,1,0,0,1.0,73.0,236.0,37.0,22.0,110.0,,4.38,23.0
Lionel Gates,2005,RB,Louisville,4,4.6,33.33,,,7,2,0,3,0,0,0.0,72.0,222.0,36.0,23.0,121.0,7.17,4.1,23.0
Chris Roberson,2005,DB,Eastern Michigan,8,,,,,7,2,0,4,0,0,0.0,,,,,,,,22.0
Jeremy Parquet,2005,OT,Southern Miss,10,5.31,34.12,,,7,2,0,0,0,0,0.0,79.0,323.0,29.5,17.0,94.0,7.95,4.8,
Paul Ernster,2005,K,Northern Arizona,10,,,,,7,2,0,4,0,0,2.0,,,,,,,,23.0
Harry Williams,2005,WR,Tuskegee,10,,,,,7,2,0,3,0,0,0.0,,,,,,,,23.0
Darrell Shropshire,2005,DT,South Carolina,3,4.87,60.0,,,7,2,0,2,0,0,2.0,74.0,301.0,34.0,25.0,116.0,7.54,4.31,22.0
Scott Mruczkowski,2005,C,Bowling Green,10,5.29,41.33,,,7,2,0,7,0,1,15.0,76.0,321.0,,28.0,,,,23.0
Anthony Davis,2005,RB,Wisconsin,3,4.5,50.0,,,7,2,0,0,0,0,0.0,67.0,200.0,38.0,18.0,121.0,7.39,,
Noah Herron,2005,RB,Northwestern,5,4.6,33.33,,,7,2,0,2,0,0,3.0,71.0,224.0,31.0,17.0,108.0,6.95,3.97,23.0
Kurt Campbell,2005,DB,Albany (NY),10,,,,,7,2,0,0,0,0,0.0,,,,,,,,
Will Whitticker,2005,OG,Michigan State,3,,,,,7,2,0,1,0,1,6.0,,,,,,,,23.0
Keyonta Marshall,2005,DT,Grand Valley State,10,,,,,7,2,0,1,0,0,0.0,,,,,,,,24.0
Patrick Estes,2005,TE,Virginia,4,,,,,7,2,0,3,0,0,0.0,,,,,,,,22.0
Billy Bajema,2005,TE,Oklahoma State,3,4.74,43.33,,,7,2,1,9,0,4,2.0,77.0,261.0,31.5,16.0,113.0,7.05,4.25,22.0
Ryan Fitzpatrick,2005,QB,Harvard,10,4.86,30.0,,,7,2,1,17,0,10,78.0,74.0,232.0,30.5,,105.0,7.09,4.07,22.0
Madison Hedgecock,2005,FB,North Carolina,3,4.87,20.0,,,7,2,1,6,0,4,2.0,75.0,266.0,32.5,29.0,108.0,7.41,4.24,24.0
David Bergeron,2005,LB,Stanford,3,,,,,7,2,0,0,0,0,0.0,,,,,,,,
J.R. Russell,2005,WR,Louisville,4,4.56,28.0,,,7,2,0,0,0,0,0.0,75.0,206.0,34.5,,,,,
Doug Nienhuis,2005,OT,Oregon State,4,5.15,52.94,,,7,2,0,1,0,0,0.0,78.0,307.0,29.5,22.0,99.0,7.5,4.47,23.0
Andy Stokes,2005,TE,William Penn,10,,,,,7,2,0,0,0,0,0.0,,,,,,,,
Mario Williams,2006,DE,NC State,4,4.7,61.54,,,1,0,1,11,4,9,79.0,79.0,295.0,40.5,35.0,120.0,7.19,4.36,21.0
Reggie Bush,2006,RB,USC,2,4.37,71.67,,,1,0,1,11,0,8,61.0,71.0,201.0,,,,,,21.0
Vince Young,2006,QB,Texas,2,4.48,77.5,,,1,0,1,6,2,4,33.0,77.0,229.0,,,,,,23.0
D'Brickashaw Ferguson,2006,OT,Virginia,4,5.08,61.18,,,1,0,1,10,3,10,58.0,78.0,312.0,,,,,,22.0
A.J. Hawk,2006,LB,Ohio State,1,4.59,52.0,,,1,0,1,11,1,10,55.0,73.0,248.0,40.0,24.0,115.0,6.82,3.96,22.0
Vernon Davis,2006,TE,Maryland,4,4.38,100.0,,,1,0,1,14,2,11,51.0,75.0,254.0,42.0,33.0,128.0,7.0,4.17,22.0
Michael Huff,2006,DB,Texas,2,4.34,80.0,,,1,0,1,8,0,6,33.0,72.0,204.0,40.5,21.0,125.0,,,23.0
Donte Whitner,2006,DB,Ohio State,1,4.4,66.67,,,1,0,1,11,2,10,47.0,70.0,204.0,40.0,18.0,132.0,,,21.0
Ernie Sims,2006,LB,Florida State,2,4.5,70.0,,,1,0,1,8,0,4,29.0,71.0,231.0,41.0,25.0,125.0,7.31,4.22,21.0
Matt Leinart,2006,QB,USC,2,4.9,25.0,,,1,0,0,7,0,1,12.0,77.0,223.0,,,,,,23.0
Jay Cutler,2006,QB,Vanderbilt,4,4.77,41.25,,,1,0,1,12,1,10,86.0,75.0,226.0,,23.0,,7.1,4.26,23.0
Haloti Ngata,2006,DT,Oregon,2,5.13,27.5,,,1,0,1,13,5,12,100.0,76.0,338.0,31.5,37.0,110.0,7.95,4.65,22.0
Kamerion Wimbley,2006,DE,Florida State,2,4.61,75.38,,,1,0,1,9,0,8,44.0,76.0,248.0,38.5,24.0,129.0,6.97,4.48,22.0
Brodrick Bunkley,2006,DT,Florida State,2,5.01,42.5,,,1,0,1,9,0,7,40.0,75.0,306.0,32.5,44.0,113.0,,,22.0
Tye Hill,2006,DB,Clemson,1,4.34,80.0,,,1,0,0,5,0,0,9.0,70.0,185.0,41.0,,129.0,6.63,4.01,24.0
Jason Allen,2006,DB,Tennessee,2,4.39,68.89,,,1,0,0,7,0,1,13.0,73.0,209.0,39.5,17.0,131.0,6.75,3.81,23.0
Chad Greenway,2006,LB,Iowa,3,4.76,18.0,,,1,0,1,11,2,10,66.0,74.0,242.0,33.5,16.0,117.0,7.0,4.22,23.0
Bobby Carpenter,2006,LB,Ohio State,1,4.65,40.0,,,1,0,0,7,0,0,11.0,74.0,256.0,,,,,,23.0
Antonio Cromartie,2006,DB,Florida State,2,4.47,51.11,,,1,0,1,11,4,8,66.0,74.0,208.0,38.0,18.0,132.0,,,22.0
Tamba Hali,2006,DE,Penn State,2,4.87,35.38,,,1,0,1,12,5,10,75.0,75.0,275.0,,,,,,22.0
Laurence Maroney,2006,RB,Minnesota,4,4.48,53.33,,,1,0,0,5,0,0,26.0,72.0,217.0,,,,,,21.0
Manny Lawson,2006,DE,NC State,4,4.43,100.0,,,1,0,1,10,0,7,47.0,77.0,241.0,39.5,23.0,124.0,6.9,4.18,22.0
Davin Joseph,2006,OG,Oklahoma,2,5.09,61.33,,,1,0,1,9,2,8,42.0,75.0,311.0,32.0,24.0,111.0,,4.97,22.0
Johnathan Joseph,2006,DB,South Carolina,3,4.31,86.67,,,1,0,1,15,2,15,67.0,71.0,193.0,37.0,15.0,123.0,6.92,4.23,22.0
Santonio Holmes,2006,WR,Ohio State,1,4.35,70.0,,,1,0,1,9,0,6,47.0,71.0,188.0,,,,,,22.0
John McCargo,2006,DT,NC State,4,5.15,25.0,,,1,0,0,6,0,0,4.0,73.0,302.0,30.5,25.0,110.0,7.79,4.48,23.0
DeAngelo Williams,2006,RB,Memphis,6,4.45,58.33,,,1,0,1,11,1,6,61.0,69.0,214.0,35.5,25.0,121.0,,,23.0
Marcedes Lewis,2006,TE,UCLA,5,4.8,33.33,,,1,0,1,20,1,15,35.0,78.0,261.0,37.0,23.0,118.0,7.24,4.82,22.0
Nick Mangold,2006,C,Ohio State,1,5.05,73.33,,,1,0,1,11,7,11,73.0,76.0,300.0,27.5,24.0,104.0,7.47,4.36,22.0
Joseph Addai,2006,RB,LSU,1,4.4,66.67,,,1,0,1,6,1,4,50.0,71.0,214.0,38.5,18.0,125.0,7.09,4.47,23.0
Kelly Jennings,2006,DB,Miami (FL),2,4.39,68.89,,,1,0,0,6,0,2,18.0,71.0,178.0,40.0,,120.0,,4.0,23.0
Mathias Kiwanuka,2006,DE,Boston College,4,4.7,61.54,,,1,0,1,9,0,5,37.0,78.0,266.0,32.0,17.0,120.0,7.27,4.13,23.0
DeMeco Ryans,2006,LB,Alabama,1,4.65,40.0,,,2,0,1,10,2,8,58.0,73.0,236.0,39.0,23.0,129.0,7.19,4.17,22.0
D'Qwell Jackson,2006,LB,Maryland,4,4.73,24.0,,,2,0,1,11,1,9,61.0,72.0,230.0,37.0,19.0,116.0,7.05,4.36,22.0
Rocky McIntosh,2006,LB,Miami (FL),2,4.62,46.0,,,2,0,1,8,0,5,38.0,74.0,237.0,41.5,18.0,119.0,,,23.0
Chad Jackson,2006,WR,Florida,2,4.32,76.0,,,2,0,0,3,0,0,2.0,73.0,213.0,38.5,,122.0,6.73,3.97,21.0
Jimmy Williams,2006,DB,Virginia Tech,3,4.44,57.78,,,2,0,0,2,0,0,5.0,74.0,213.0,,,,,,22.0
Thomas Howard,2006,LB,UTEP,6,4.42,86.0,,,2,0,1,8,0,5,33.0,75.0,239.0,39.0,21.0,124.0,6.96,4.28,23.0
Winston Justice,2006,OT,USC,2,5.16,51.76,,,2,0,1,8,0,3,21.0,78.0,319.0,35.0,,110.0,7.31,4.53,21.0
Daniel Bullocks,2006,DB,Nebraska,3,4.38,71.11,,,2,0,0,3,0,1,7.0,72.0,212.0,38.0,18.0,124.0,6.91,4.16,23.0
Deuce Lutui,2006,OG,USC,2,5.35,26.67,,,2,0,1,7,0,5,34.0,76.0,334.0,28.0,26.0,97.0,8.04,4.76,23.0
Danieal Manning,2006,DB,Abilene Christian,10,4.48,48.89,,,2,0,1,9,0,6,35.0,71.0,202.0,39.0,17.0,123.0,7.23,4.07,24.0
Roman Harper,2006,DB,Alabama,1,4.5,44.44,,,2,0,1,11,2,8,49.0,72.0,198.0,,19.0,,,,23.0
Sinorice Moss,2006,WR,Miami (FL),2,4.38,64.0,,,2,0,0,4,0,0,4.0,68.0,185.0,,,,,,22.0
LenDale White,2006,RB,USC,2,4.49,51.67,,,2,0,0,4,0,1,14.0,72.0,238.0,,,,,,21.0
Joe Klopfenstein,2006,TE,Colorado,3,4.63,61.67,,,2,0,1,4,0,3,3.0,78.0,255.0,36.0,27.0,112.0,7.39,4.21,22.0
Daryn Colledge,2006,OT,Boise State,7,5.05,64.71,,,2,0,1,9,0,9,57.0,76.0,299.0,32.5,21.0,110.0,7.43,4.58,24.0
Cedric Griffin,2006,DB,Texas,2,4.51,42.22,,,2,0,1,7,0,4,23.0,72.0,199.0,35.5,17.0,125.0,6.84,4.1,23.0
Kellen Clemens,2006,QB,Oregon,2,4.89,26.25,,,2,0,0,12,0,2,10.0,74.0,224.0,,,,,,23.0
Marcus McNeill,2006,OT,Auburn,2,5.07,62.35,,,2,0,1,6,2,6,48.0,80.0,336.0,31.0,,98.0,8.19,5.0,22.0
Ryan Cook,2006,C,New Mexico,7,5.47,17.33,,,2,0,1,7,0,3,23.0,79.0,328.0,26.5,28.0,97.0,7.93,4.66,23.0
Greg Jennings,2006,WR,Western Michigan,8,4.42,56.0,,,2,0,1,10,2,8,66.0,71.0,197.0,36.5,,117.0,6.68,4.16,22.0
Anthony Fasano,2006,TE,Notre Dame,2,4.72,46.67,,,2,0,1,12,0,8,22.0,76.0,259.0,33.5,19.0,112.0,6.94,4.34,22.0
Bernard Pollard,2006,DB,Purdue,4,4.57,28.89,,,2,0,1,9,1,7,34.0,74.0,224.0,36.5,,131.0,,,21.0
Andrew Whitworth,2006,OT,LSU,1,5.16,51.76,,,2,0,1,16,4,16,100.0,79.0,334.0,30.5,28.0,112.0,8.23,4.83,24.0
Chris Chester,2006,OG,Oklahoma,2,4.83,96.0,,,2,0,1,11,0,9,59.0,75.0,303.0,31.5,27.0,106.0,7.31,4.5,23.0
Devin Hester,2006,DB,Miami (FL),2,4.41,64.44,,,2,0,1,11,4,3,47.0,71.0,190.0,38.0,16.0,124.0,,,23.0
Richard Marshall,2006,DB,Fresno State,7,4.42,62.22,,,2,0,1,9,0,3,31.0,71.0,189.0,37.0,12.0,129.0,6.65,4.16,21.0
Jeremy Trueblood,2006,OT,Boston College,4,5.25,41.18,,,2,0,1,8,0,6,35.0,80.0,316.0,27.5,20.0,96.0,7.82,4.68,23.0
Maurice Jones-Drew,2006,RB,UCLA,5,4.39,68.33,,,2,0,1,9,3,4,74.0,67.0,207.0,36.0,18.0,116.0,7.08,4.38,21.0
Tony Scheffler,2006,TE,Western Michigan,8,4.54,76.67,,,2,0,0,8,0,2,24.0,77.0,254.0,33.5,17.0,115.0,6.81,4.01,23.0
Tim Jennings,2006,DB,Georgia,1,4.32,84.44,,,2,0,1,10,2,6,43.0,68.0,185.0,37.5,17.0,117.0,,,22.0
Darryl Tapp,2006,DE,Virginia Tech,3,4.83,41.54,,,2,0,1,12,0,2,30.0,74.0,252.0,33.0,27.0,109.0,7.31,4.48,21.0
Tarvaris Jackson,2006,QB,Alabama State,1,4.69,51.25,,,2,0,0,10,0,2,22.0,74.0,226.0,31.5,22.0,107.0,7.4,4.38,23.0
Charles Spencer,2006,OG,Pittsburgh,3,5.25,40.0,,,3,1,0,1,0,0,1.0,77.0,352.0,,30.0,,,,24.0
Eric Winston,2006,OT,Miami (FL),2,4.94,77.65,,,3,1,1,12,0,7,53.0,79.0,310.0,29.0,,108.0,7.47,4.44,22.0
Abdul Hodge,2006,LB,Iowa,3,4.76,18.0,,,3,1,0,5,0,0,2.0,72.0,236.0,31.0,,108.0,7.09,4.3,23.0
Claude Wroten,2006,DT,LSU,1,5.08,33.75,,,3,1,0,2,0,0,2.0,74.0,302.0,,,,,,22.0
Paul McQuistan,2006,OT,Weber State,10,5.07,62.35,,,3,1,0,9,0,2,24.0,78.0,312.0,29.5,28.0,110.0,7.72,4.62,23.0
Ashton Youboty,2006,DB,Ohio State,1,4.44,57.78,,,3,1,0,6,0,0,8.0,72.0,189.0,,,,,,22.0
Chris Gocong,2006,DE,Cal Poly,9,4.7,61.54,,,3,1,1,6,0,5,29.0,74.0,263.0,38.5,28.0,123.0,7.05,4.08,22.0
Leonard Pope,2006,TE,Georgia,1,4.62,63.33,,,3,1,1,7,0,4,6.0,80.0,258.0,37.5,22.0,118.0,7.47,4.67,22.0
Dusty Dvoracek,2006,DT,Oklahoma,2,5.01,42.5,,,3,1,0,3,0,1,6.0,75.0,306.0,34.0,31.0,110.0,7.62,4.35,25.0
Brian Calhoun,2006,RB,Wisconsin,3,4.57,38.33,,,3,1,0,2,0,0,1.0,69.0,201.0,31.5,18.0,124.0,7.05,4.2,22.0
Jason Spitz,2006,OG,Louisville,4,5.4,20.0,,,3,1,1,6,0,3,24.0,75.0,313.0,28.5,25.0,102.0,7.82,4.55,23.0
Anthony Schlegel,2006,LB,Ohio State,1,4.88,0.0,,,3,1,0,2,0,0,2.0,72.0,250.0,32.0,21.0,111.0,7.41,4.38,25.0
Jon Alston,2006,LB,Stanford,3,4.5,70.0,,,3,1,0,4,0,0,5.0,73.0,223.0,40.0,30.0,132.0,6.9,4.13,23.0
Travis Wilson,2006,WR,Oklahoma,2,4.47,46.0,,,3,1,0,1,0,0,0.0,74.0,214.0,36.5,,120.0,6.7,3.99,22.0
Jerious Norwood,2006,RB,Mississippi State,3,4.4,66.67,,,3,1,0,6,0,0,20.0,72.0,210.0,36.5,15.0,122.0,6.81,4.25,23.0
Clint Ingram,2006,LB,Oklahoma,2,4.65,40.0,,,3,1,1,4,0,3,21.0,74.0,244.0,41.0,22.0,,7.12,4.1,23.0
Charlie Whitehurst,2006,QB,Clemson,1,4.75,43.75,,,3,1,0,11,0,0,7.0,77.0,223.0,33.0,,112.0,7.0,4.11,24.0
Derek Hagan,2006,WR,Arizona State,3,4.45,50.0,,,3,1,0,9,0,0,12.0,74.0,208.0,36.0,,124.0,,4.07,21.0
Anthony Smith,2006,DB,Syracuse,4,4.71,0.0,,,3,1,0,6,0,1,12.0,72.0,194.0,41.0,18.0,125.0,6.75,4.35,22.0
Brandon Williams,2006,WR,Wisconsin,3,4.48,44.0,,,3,1,0,2,0,0,0.0,69.0,179.0,34.5,,115.0,6.87,4.07,22.0
Brodie Croyle,2006,QB,Alabama,1,4.88,27.5,,,3,1,0,5,0,0,2.0,74.0,205.0,30.5,,104.0,7.34,4.25,23.0
David Thomas,2006,TE,Texas,2,4.67,55.0,,,3,1,1,7,0,3,9.0,75.0,252.0,37.5,19.0,113.0,7.05,4.34,23.0
David Pittman,2006,DB,Northwestern State (LA),5,4.44,57.78,,,3,1,0,2,0,0,1.0,71.0,182.0,36.0,14.0,128.0,,4.23,22.0
James Anderson,2006,LB,Virginia Tech,3,4.59,52.0,,,3,1,1,10,0,4,31.0,75.0,229.0,41.0,,121.0,6.67,4.07,22.0
Rashad Butler,2006,OT,Miami (FL),2,5.3,35.29,,,3,1,0,8,0,0,7.0,77.0,293.0,28.0,16.0,106.0,7.9,4.55,23.0
Maurice Stovall,2006,WR,Notre Dame,2,4.57,26.0,,,3,1,0,7,0,0,5.0,76.0,217.0,35.0,,122.0,6.81,4.14,21.0
Frostee Rucker,2006,DE,USC,2,4.88,33.85,,,3,1,1,13,0,5,39.0,75.0,267.0,29.5,,110.0,,,22.0
Jason Hatcher,2006,DE,Grambling State,10,4.82,43.08,,,3,1,1,10,1,5,34.0,78.0,284.0,35.5,28.0,113.0,7.67,4.49,24.0
Dominique Byrd,2006,TE,USC,2,4.79,35.0,,,3,1,0,6,0,0,0.0,75.0,255.0,,,,,,22.0
Freddy Keiaho,2006,LB,San Diego State,7,4.68,34.0,,,3,1,0,4,0,2,15.0,71.0,224.0,36.0,15.0,113.0,7.01,4.12,23.0
Willie Reid,2006,WR,Florida State,2,4.34,72.0,,,3,1,0,2,0,0,1.0,70.0,188.0,37.5,,117.0,7.06,4.26,23.0
Gerris Wilkinson,2006,LB,Georgia Tech,3,4.66,38.0,,,3,1,0,5,0,0,6.0,75.0,233.0,39.0,19.0,122.0,7.21,4.17,23.0
Eric Smith,2006,DB,Michigan State,3,4.63,15.56,,,3,1,0,7,0,1,18.0,73.0,209.0,40.0,21.0,127.0,6.89,4.1,23.0
Owen Daniels,2006,TE,Wisconsin,3,4.65,58.33,,,4,1,1,10,2,9,41.0,75.0,253.0,34.5,23.0,114.0,6.87,4.1,23.0
Max Jean-Gilles,2006,OG,Georgia,1,5.48,9.33,,,4,1,0,5,0,2,14.0,76.0,355.0,24.5,27.0,95.0,8.56,5.08,22.0
Michael Robinson,2006,WR,Penn State,2,4.57,26.0,,,4,1,1,8,1,1,7.0,73.0,227.0,,,,,,23.0
Darnell Bing,2006,DB,USC,2,4.53,37.78,,,4,1,0,4,0,0,1.0,74.0,227.0,34.0,17.0,120.0,7.25,4.07,21.0
Calvin Lowry,2006,DB,Penn State,2,4.54,35.56,,,4,1,0,3,0,0,7.0,71.0,200.0,36.0,15.0,120.0,7.16,4.2,23.0
Brad Smith,2006,QB,Missouri,4,4.46,80.0,,,4,1,0,9,0,1,17.0,74.0,213.0,39.5,,128.0,7.0,4.33,22.0
Cory Rodgers,2006,WR,TCU,3,4.58,24.0,,,4,1,0,0,0,0,0.0,72.0,188.0,33.5,,110.0,7.37,4.19,
Ko Simpson,2006,DB,South Carolina,3,4.45,55.56,,,4,1,0,4,0,2,12.0,73.0,209.0,40.5,11.0,122.0,7.09,4.17,22.0
Garrett Mills,2006,FB,Tulsa,6,4.64,55.38,,,4,1,0,5,0,0,1.0,73.0,241.0,35.5,23.0,111.0,6.81,4.05,22.0
Gabe Watson,2006,DT,Michigan,1,5.27,10.0,,,4,1,0,5,0,1,11.0,75.0,339.0,25.0,36.0,96.0,8.28,4.8,22.0
Jahri Evans,2006,OT,Bloomsburg,10,5.25,41.18,,,4,1,1,12,6,12,114.0,76.0,316.0,27.0,20.0,95.0,7.97,4.8,23.0
Jason Avant,2006,WR,Michigan,1,4.62,16.0,,,4,1,1,10,0,3,29.0,72.0,212.0,37.0,20.0,118.0,,,23.0
Leon Williams,2006,LB,Miami (FL),2,4.54,62.0,,,4,1,0,7,0,0,9.0,75.0,245.0,,25.0,,,,23.0
Demetrius Williams,2006,WR,Oregon,2,4.52,36.0,,,4,1,0,5,0,0,9.0,74.0,197.0,38.0,,127.0,6.84,4.08,23.0
Isaac Sowells,2006,OT,Indiana,4,5.15,52.94,,,4,1,0,3,0,0,1.0,75.0,324.0,28.5,20.0,101.0,8.13,4.98,24.0
Victor Adeyanju,2006,DE,Indiana,4,4.86,36.92,,,4,1,0,4,0,2,13.0,76.0,274.0,32.0,22.0,112.0,7.37,4.41,23.0
Joe Toledo,2006,OT,Washington,2,5.11,57.65,,,4,1,0,0,0,0,0.0,77.0,337.0,,32.0,,,,
Will Blackmon,2006,DB,Boston College,4,4.47,51.11,,,4,1,0,11,0,2,16.0,72.0,198.0,41.0,,133.0,6.67,4.23,21.0
Stephen Tulloch,2006,LB,NC State,4,4.84,2.0,,,4,1,1,11,0,7,49.0,71.0,241.0,33.5,27.0,113.0,7.19,4.15,21.0
Leon Washington,2006,RB,Florida State,2,4.42,63.33,,,4,1,1,9,2,1,30.0,68.0,201.0,32.5,17.0,105.0,6.94,4.37,24.0
Stephen Gostkowski,2006,K,Memphis,6,,,,,4,1,1,15,4,0,37.0,,,,,,,,22.0
Brandon Marshall,2006,WR,UCF,4,4.52,36.0,,,4,1,1,13,6,10,83.0,76.0,229.0,37.0,,120.0,,,22.0
Jamar Williams,2006,LB,Arizona State,3,4.59,52.0,,,4,1,0,5,0,0,5.0,72.0,236.0,37.0,,120.0,7.03,4.29,22.0
Nate Salley,2006,DB,Ohio State,1,4.63,15.56,,,4,1,0,3,0,0,1.0,74.0,216.0,40.0,14.0,123.0,6.79,4.15,22.0
Alan Zemaitis,2006,DB,Penn State,2,4.57,28.89,,,4,1,0,0,0,0,0.0,73.0,194.0,,,,,,
Domata Peko,2006,DT,Michigan State,3,5.27,10.0,,,4,1,1,15,0,12,68.0,75.0,307.0,28.5,25.0,103.0,7.69,4.49,21.0
Barry Cofield,2006,DT,Northwestern,5,4.95,50.0,,,4,1,1,10,0,8,46.0,76.0,304.0,34.0,35.0,105.0,7.43,4.35,22.0
Skyler Green,2006,WR,LSU,1,4.53,34.0,,,4,1,0,3,0,0,0.0,69.0,192.0,34.0,,118.0,,,21.0
Elvis Dumervil,2006,DE,Louisville,4,4.75,53.85,,,4,1,1,12,5,6,63.0,71.0,257.0,,30.0,,,,22.0
Ray Edwards,2006,DE,Purdue,4,4.81,44.62,,,4,1,1,7,0,5,37.0,77.0,273.0,39.0,30.0,114.0,7.71,4.57,21.0
Rob Sims,2006,OG,Ohio State,1,5.25,40.0,,,4,1,1,9,0,7,46.0,75.0,307.0,,27.0,,,,22.0
Guy Whimper,2006,DE,East Carolina,6,4.96,21.54,,,4,1,0,8,0,1,13.0,77.0,304.0,29.0,26.0,102.0,7.38,4.59,23.0
Domenik Hixon,2006,WR,Akron,10,,,,,4,1,0,8,0,0,17.0,,,,,,,,21.0
Willie Colon,2006,OG,Hofstra,10,,,,,4,1,1,10,0,6,40.0,,,,,,,,23.0
P.J. Daniels,2006,RB,Georgia Tech,3,4.64,26.67,,,4,1,0,0,0,0,0.0,70.0,214.0,33.0,21.0,116.0,7.13,4.4,23.0
Orien Harris,2006,DT,Miami (FL),2,5.27,10.0,,,4,1,0,4,0,0,1.0,75.0,301.0,,25.0,,,,23.0
Kyle Williams,2006,DT,LSU,1,,,,,5,2,1,13,6,11,79.0,,,,,,,,23.0
Rob Ninkovich,2006,DE,Purdue,4,4.91,29.23,,,5,2,1,11,0,7,51.0,75.0,260.0,34.5,23.0,116.0,6.96,4.18,22.0
Ryan O'Callaghan,2006,OT,California,4,5.39,24.71,,,5,2,0,5,0,1,11.0,79.0,344.0,25.0,21.0,92.0,,,23.0
Terna Nande,2006,LB,Miami (OH),8,4.51,68.0,,,5,2,0,1,0,0,0.0,72.0,232.0,39.0,41.0,124.0,6.97,4.11,23.0
Pat Watkins,2006,DB,Florida State,2,4.42,62.22,,,5,2,0,5,0,1,6.0,77.0,211.0,41.0,14.0,133.0,,,23.0
Quinn Ojinnaka,2006,OG,Syracuse,4,5.44,14.67,,,5,2,0,7,0,2,11.0,77.0,309.0,28.5,21.0,102.0,8.45,5.11,22.0
Parys Haralson,2006,DE,Tennessee,2,4.8,46.15,,,5,2,1,9,0,7,38.0,73.0,253.0,32.0,24.0,115.0,7.37,4.26,22.0
Jonathan Scott,2006,OT,Texas,2,5.32,32.94,,,5,2,0,9,0,1,17.0,78.0,315.0,24.5,,101.0,7.73,4.85,23.0
Brandon Johnson,2006,LB,Louisville,4,4.44,82.0,,,5,2,0,7,0,1,13.0,77.0,228.0,37.0,11.0,118.0,7.17,4.34,23.0
Brad Butler,2006,OT,Virginia,4,5.29,36.47,,,5,2,0,4,0,2,13.0,79.0,310.0,,,,,,22.0
Marques Hagans,2006,WR,Virginia,4,4.67,6.0,,,5,2,0,3,0,0,1.0,69.0,202.0,35.0,,114.0,7.03,4.38,23.0
Jerome Harrison,2006,RB,Washington State,4,4.47,55.0,,,5,2,0,6,0,0,12.0,69.0,201.0,34.5,19.0,124.0,6.77,4.07,23.0
Dawan Landry,2006,DB,Georgia Tech,3,4.64,13.33,,,5,2,1,9,0,8,43.0,73.0,220.0,37.5,18.0,124.0,,4.27,23.0
Jeremy Bloom,2006,DB,Colorado,3,4.49,46.67,,,5,2,0,0,0,0,0.0,69.0,173.0,,,,,,
Ingle Martin,2006,QB,Furman,9,4.71,48.75,,,5,2,0,1,0,0,0.0,74.0,220.0,36.0,,111.0,7.13,4.17,24.0
Greg Blue,2006,DB,Georgia,1,4.57,28.89,,,5,2,0,2,0,0,2.0,74.0,216.0,37.5,16.0,120.0,,,24.0
Jason Pociask,2006,TE,Wisconsin,3,4.84,26.67,,,5,2,0,2,0,0,0.0,75.0,266.0,32.5,23.0,115.0,7.31,4.3,23.0
Tim Dobbins,2006,LB,Iowa State,4,4.59,52.0,,,5,2,0,8,0,1,19.0,73.0,246.0,35.5,23.0,110.0,7.25,4.39,23.0
DeMario Minter,2006,DB,Georgia,1,4.52,40.0,,,5,2,0,0,0,0,0.0,71.0,190.0,38.5,10.0,131.0,6.87,4.1,
Anthony Montgomery,2006,NT,Minnesota,4,,,,,5,2,0,4,0,1,14.0,,,,,,,,22.0
Marcus Maxey,2006,DB,Miami (FL),2,4.48,48.89,,,5,2,0,1,0,0,0.0,73.0,198.0,41.5,14.0,129.0,,,23.0
Jeff King,2006,TE,Virginia Tech,3,4.83,28.33,,,5,2,1,7,0,6,10.0,77.0,245.0,32.5,21.0,109.0,6.99,4.09,23.0
Julian Jenkins,2006,DE,Stanford,3,5.03,10.77,,,5,2,0,1,0,0,1.0,76.0,277.0,34.5,25.0,110.0,7.11,4.23,22.0
A.J. Nicholson,2006,LB,Florida State,2,4.88,0.0,,,5,2,0,1,0,0,0.0,73.0,252.0,,25.0,116.0,7.37,4.43,23.0
Charlie Peprah,2006,DB,Alabama,1,4.66,8.89,,,5,2,0,7,0,2,12.0,71.0,206.0,37.5,15.0,119.0,6.81,4.09,23.0
Mark Anderson,2006,DE,Alabama,1,4.62,73.85,,,5,2,0,7,0,1,21.0,76.0,254.0,42.0,20.0,127.0,6.95,4.22,23.0
Brent Hawkins,2006,DE,Illinois State,4,,,,,5,2,0,2,0,0,3.0,,,,,,,,23.0
Chris Kuper,2006,OG,North Dakota,10,5.1,60.0,,,5,2,1,8,0,5,35.0,76.0,301.0,30.0,24.0,109.0,7.59,4.6,23.0
Michael Toudouze,2006,OG,TCU,3,5.12,57.33,,,5,2,0,6,0,0,1.0,78.0,303.0,26.5,23.0,100.0,7.45,4.7,23.0
David Kirtman,2006,RB,USC,2,4.76,6.67,,,5,2,0,3,0,0,0.0,71.0,233.0,29.5,,106.0,7.18,4.31,23.0
Omar Jacobs,2006,QB,Bowling Green,10,4.84,32.5,,,5,2,0,0,0,0,0.0,76.0,232.0,32.5,,108.0,7.47,4.29,
Tony Moll,2006,OT,Nevada,7,,,,,5,2,0,6,0,0,13.0,,,,,,,,23.0
Quinn Sypniewski,2006,TE,Colorado,3,4.77,38.33,,,5,2,0,2,0,1,2.0,78.0,268.0,32.5,20.0,114.0,7.09,4.52,24.0
Charles Davis,2006,TE,Purdue,4,4.87,21.67,,,5,2,0,0,0,0,0.0,77.0,263.0,31.5,27.0,108.0,7.53,4.37,
Omar Gaither,2006,LB,Tennessee,2,4.78,14.0,,,5,2,0,8,0,2,25.0,73.0,234.0,37.0,23.0,116.0,7.31,4.28,22.0
Jesse Mahelona,2006,DT,Tennessee,2,5.37,0.0,,,5,2,0,2,0,0,1.0,72.0,311.0,,,,,,23.0
Wali Lundy,2006,RB,Virginia,4,4.48,53.33,,,6,2,0,1,0,1,5.0,71.0,214.0,35.0,18.0,111.0,6.99,4.36,22.0
Mike Hass,2006,WR,Oregon State,4,4.59,22.0,,,6,2,0,4,0,0,0.0,73.0,208.0,32.0,,116.0,6.97,4.14,23.0
Jonathan Orr,2006,WR,Wisconsin,3,4.44,52.0,,,6,2,0,0,0,0,0.0,74.0,198.0,35.5,,119.0,7.31,4.16,
Reed Doughty,2006,DB,Northern Colorado,10,4.65,11.11,,,6,2,1,8,0,3,20.0,72.0,209.0,37.0,15.0,121.0,6.66,4.17,23.0
Josh Lay,2006,DB,Pittsburgh,3,4.48,48.89,,,6,2,0,0,0,0,0.0,72.0,197.0,40.5,16.0,120.0,,,
Delanie Walker,2006,WR,Central Missouri State,10,4.49,42.0,,,6,2,1,14,3,7,39.0,73.0,240.0,36.5,,118.0,,,22.0
Kevin Boothe,2006,OT,Cornell,10,5.41,22.35,,,6,2,1,9,0,4,27.0,77.0,316.0,31.5,23.0,98.0,8.36,5.07,23.0
Jonathan Lewis,2006,DT,Virginia Tech,3,4.97,47.5,,,6,2,0,1,0,0,0.0,73.0,309.0,33.5,24.0,111.0,7.4,4.4,22.0
Keith Ellison,2006,LB,Oregon State,4,4.76,18.0,,,6,2,1,5,0,3,19.0,73.0,235.0,32.5,24.0,115.0,7.22,4.16,22.0
Dee McCann,2006,DB,West Virginia,4,4.53,37.78,,,6,2,0,0,0,0,0.0,71.0,197.0,40.5,,122.0,7.35,4.38,
Lawrence Vickers,2006,FB,Colorado,3,4.82,27.69,,,6,2,1,7,0,3,3.0,72.0,245.0,30.5,21.0,104.0,7.74,4.63,23.0
Babatunde Oshinowo,2006,DT,Stanford,3,5.27,10.0,,,6,2,0,2,0,0,0.0,74.0,304.0,32.0,33.0,105.0,7.87,4.54,23.0
Montavious Stanley,2006,DT,Louisville,4,5.12,28.75,,,6,2,0,4,0,0,5.0,74.0,313.0,29.0,,106.0,8.06,4.6,24.0
Johnny Jolly,2006,DT,Texas A&M,2,5.41,0.0,,,6,2,1,8,0,3,21.0,75.0,317.0,,,104.0,,,23.0
Adam Jennings,2006,WR,Fresno State,7,4.44,52.0,,,6,2,0,4,0,0,0.0,69.0,181.0,37.5,,118.0,6.88,4.12,23.0
Tyrone Culver,2006,DB,Fresno State,7,,,,,6,2,0,7,0,0,7.0,,,,,,,,23.0
Tre Stallings,2006,OG,Mississippi State,3,,,,,6,2,0,2,0,0,0.0,,,,,,,,23.0
Jeromey Clary,2006,OT,Kansas State,4,5.28,37.65,,,6,2,1,8,0,6,47.0,78.0,309.0,26.0,24.0,102.0,7.8,4.63,22.0
Kurt Smith,2006,K,Virginia,4,,,,,6,2,0,0,0,0,0.0,,,,,,,,
Drew Coleman,2006,DB,TCU,3,,,,,6,2,0,6,0,0,11.0,,,,,,,,23.0
Jeff Webb,2006,WR,San Diego State,7,4.4,60.0,,,6,2,0,3,0,0,2.0,74.0,211.0,37.0,,126.0,6.81,4.08,24.0
Jeremy Mincey,2006,DE,Florida,2,4.76,52.31,,,6,2,1,10,0,4,29.0,75.0,259.0,33.5,27.0,116.0,6.99,4.25,22.0
Marcus Hudson,2006,DB,NC State,4,4.55,33.33,,,6,2,0,5,0,0,5.0,73.0,194.0,,11.0,,,,23.0
Reggie McNeal,2006,QB,Texas A&M,2,4.4,87.5,,,6,2,0,1,0,0,0.0,74.0,198.0,32.0,,121.0,6.96,4.25,22.0
Bruce Gradkowski,2006,QB,Toledo,8,4.59,63.75,,,6,2,0,9,0,1,8.0,73.0,217.0,34.0,,107.0,7.12,4.16,23.0
J.D. Runnels,2006,RB,Oklahoma,2,,,,,6,2,0,1,0,0,0.0,,,,,,,,22.0
Kedric Golston,2006,DT,Georgia,1,4.88,58.75,,,6,2,1,11,0,4,27.0,76.0,300.0,33.0,31.0,111.0,7.6,4.45,23.0
Melvin Oliver,2006,DE,LSU,1,5.08,3.08,,,6,2,0,1,0,1,5.0,75.0,276.0,,,,,,23.0
Greg Eslinger,2006,C,Minnesota,4,5.13,62.67,,,6,2,0,0,0,0,0.0,75.0,292.0,30.0,28.0,101.0,7.59,4.68,
Charlie Johnson,2006,OT,Oklahoma State,3,,,,,6,2,1,9,0,7,52.0,,,,,,,,22.0
Tyler Reed,2006,OG,Penn State,2,,,,,6,2,0,0,0,0,0.0,,,,,,,,
Marvin Philip,2006,C,California,4,5.24,48.0,,,6,2,0,0,0,0,0.0,73.0,307.0,27.0,27.0,96.0,7.85,4.69,
T.J. Williams,2006,TE,NC State,4,4.72,46.67,,,6,2,0,0,0,0,0.0,74.0,269.0,34.0,25.0,111.0,7.49,4.54,
Sam Koch,2006,P,Nebraska,3,,,,,6,2,1,16,1,0,25.0,,,,,,,,24.0
LaJuan Ramsey,2006,DT,USC,2,,,,,6,2,0,4,0,0,4.0,,,,,,,,22.0
Dan Stevenson,2006,OG,Notre Dame,2,5.36,25.33,,,6,2,0,0,0,0,0.0,77.0,300.0,24.5,24.0,100.0,7.58,4.59,
Le Kevin Smith,2006,DT,Nebraska,3,,,,,6,2,0,5,0,0,5.0,,,,,,,,24.0
Antoine Bethea,2006,DB,Howard,10,4.39,68.89,,,6,2,1,14,3,12,63.0,71.0,203.0,36.5,19.0,127.0,6.99,4.11,22.0
Derrick Martin,2006,DB,Wyoming,7,4.5,44.44,,,6,2,0,8,0,0,5.0,70.0,202.0,40.0,17.0,127.0,6.72,3.95,21.0
Ethan Kilmer,2006,WR,Penn State,2,,,,,7,2,0,1,0,0,0.0,,,,,,,,23.0
Zach Strief,2006,OG,Northwestern,5,5.38,22.67,,,7,2,1,12,0,6,50.0,80.0,330.0,21.0,19.0,94.0,8.01,4.83,22.0
Pat McQuistan,2006,OT,Weber State,10,,,,,7,2,0,7,0,0,8.0,,,,,,,,23.0
Fred Evans,2006,DT,Texas State,2,,,,,7,2,0,8,0,0,9.0,,,,,,,,22.0
James Wyche,2006,DE,Syracuse,4,4.63,72.31,,,7,2,0,4,0,0,0.0,77.0,262.0,33.0,27.0,116.0,7.75,4.51,24.0
Chris Morris,2006,C,Michigan State,3,,,,,7,2,0,5,0,1,5.0,,,,,,,,23.0
Cortland Finnegan,2006,DB,Samford,10,,,,,7,2,1,10,1,7,53.0,,,,,,,,22.0
Terrance Pennington,2006,OT,New Mexico,7,5.39,24.71,,,7,2,0,2,0,1,4.0,79.0,325.0,28.5,28.0,102.0,,,22.0
Fred Matua,2006,OG,USC,2,5.0,73.33,,,7,2,0,0,0,0,0.0,74.0,306.0,24.5,28.0,93.0,7.87,4.76,
Todd Watkins,2006,WR,BYU,5,4.4,60.0,,,7,2,0,4,0,0,1.0,74.0,202.0,36.0,15.0,118.0,7.13,4.24,23.0
Ryan LaCasse,2006,LB,Syracuse,4,4.62,46.0,,,7,2,0,1,0,0,1.0,74.0,257.0,34.0,34.0,113.0,7.25,4.3,23.0
Titus Adams,2006,DT,Nebraska,3,5.07,35.0,,,7,2,0,4,0,0,0.0,75.0,306.0,30.5,15.0,103.0,7.49,4.54,23.0
Tim McGarigle,2006,LB,Northwestern,5,4.73,24.0,,,7,2,0,2,0,0,1.0,73.0,242.0,38.0,,118.0,7.09,4.07,22.0
Justin Hamilton,2006,RB,Virginia Tech,3,,,,,7,2,0,3,0,0,1.0,,,,,,,,23.0
D.J. Shockley,2006,QB,Georgia,1,4.56,67.5,,,7,2,0,0,0,0,0.0,73.0,214.0,37.5,,121.0,7.07,4.17,
E.J. Whitley,2006,C,Texas Tech,4,5.35,33.33,,,7,2,0,0,0,0,0.0,77.0,309.0,25.0,16.0,101.0,7.53,4.79,
Chase Page,2006,DT,North Carolina,3,,,,,7,2,0,2,0,0,0.0,,,,,,,,23.0
Rodrique Wright,2006,DT,Texas,2,5.08,33.75,,,7,2,0,3,0,0,4.0,77.0,300.0,32.0,31.0,110.0,7.84,4.51,22.0
Jimmy Martin,2006,C,Virginia Tech,3,5.23,49.33,,,7,2,0,0,0,0,0.0,77.0,303.0,31.0,25.0,101.0,,,
Jarrad Page,2006,DB,UCLA,5,4.63,15.56,,,7,2,0,6,0,2,18.0,72.0,239.0,38.0,,127.0,6.68,4.14,21.0
Willie Andrews,2006,DB,Baylor,3,4.43,60.0,,,7,2,0,2,0,0,3.0,69.0,193.0,36.5,7.0,124.0,6.99,4.27,22.0
Kili Lefotu,2006,OG,Arizona,4,,,,,7,2,0,0,0,0,0.0,,,,,,,,
Bennie Brazell,2006,WR,LSU,1,,,,,7,2,0,0,0,0,0.0,,,,,,,,
Gerrick McPhearson,2006,DB,Maryland,4,4.42,62.22,,,7,2,0,0,0,0,0.0,70.0,196.0,41.5,18.0,129.0,,,
Devin Aromashodu,2006,WR,Auburn,2,4.35,70.0,,,7,2,0,7,0,0,10.0,74.0,201.0,39.0,,120.0,7.04,4.16,22.0
Will Montgomery,2006,OG,Virginia Tech,3,5.12,57.33,,,7,2,1,10,0,4,34.0,75.0,312.0,29.5,35.0,104.0,7.4,4.43,23.0
Justin Phinisee,2006,DB,Oregon,2,,,,,7,2,0,0,0,0,0.0,,,,,,,,
Dee Webb,2006,DB,Florida,2,4.41,64.44,,,7,2,0,1,0,0,1.0,71.0,183.0,36.5,,121.0,,,21.0
Stanley McClover,2006,DE,Auburn,2,4.7,61.54,,,7,2,0,3,0,0,1.0,74.0,262.0,39.0,19.0,114.0,7.87,4.5,21.0
T.J. Rushing,2006,DB,Stanford,3,,,,,7,2,0,4,0,0,3.0,,,,,,,,23.0
Ryan Plackemeier,2006,P,Wake Forest,4,5.2,0.0,,,7,2,0,3,0,0,5.0,75.0,253.0,,,,,,22.0
Cedric Humes,2006,RB,Virginia Tech,3,4.62,30.0,,,7,2,0,0,0,0,0.0,73.0,227.0,30.5,18.0,106.0,7.07,4.22,
Charles Bennett,2006,LB,Clemson,1,4.7,30.0,,,7,2,0,1,0,0,0.0,76.0,258.0,33.5,19.0,115.0,7.48,4.52,23.0
Mark Setterstrom,2006,OG,Minnesota,4,5.38,22.67,,,7,2,0,4,0,0,5.0,76.0,314.0,26.5,19.0,100.0,7.63,4.53,22.0
Tony Palmer,2006,OG,Missouri,4,,,,,7,2,0,2,0,0,0.0,,,,,,,,23.0
Tim Massaquoi,2006,TE,Michigan,1,4.85,25.0,,,7,2,0,2,0,0,0.0,75.0,259.0,,32.0,,,,24.0
Spencer Toone,2006,LB,Utah,3,,,,,7,2,0,1,0,0,0.0,,,,,,,,26.0
Quinton Ganther,2006,RB,Utah,3,4.5,50.0,,,7,2,0,5,0,0,3.0,69.0,218.0,35.0,29.0,119.0,7.19,,22.0
Anthony Cannon,2006,LB,Tulane,6,,,,,7,2,0,3,0,0,3.0,,,,,,,,21.0
Aaron Merz,2006,OG,California,4,,,,,7,2,0,1,0,0,1.0,,,,,,,,23.0
Ben Obomanu,2006,WR,Auburn,2,4.45,50.0,,,7,2,0,8,0,0,10.0,73.0,205.0,38.0,,116.0,7.17,4.21,22.0
Kevin Simon,2006,LB,Tennessee,2,4.89,0.0,,,7,2,0,0,0,0,0.0,70.0,235.0,28.0,26.0,103.0,7.69,4.32,
David Anderson,2006,WR,Colorado State,7,4.57,26.0,,,7,2,0,6,0,0,7.0,70.0,192.0,34.0,,116.0,6.88,4.2,23.0
Marques Colston,2006,WR,Hofstra,10,4.5,40.0,,,7,2,1,10,0,7,72.0,77.0,224.0,37.0,16.0,123.0,6.94,4.43,23.0
Dave Tollefson,2006,DE,NW Missouri State,10,,,,,7,2,0,7,0,0,6.0,,,,,,,,24.0
Vickiel Vaughn,2006,DB,Arkansas,3,,,,,7,2,0,0,0,0,0.0,,,,,,,,
Kevin McMahan,2006,WR,Maine,10,,,,,7,2,0,0,0,0,0.0,,,,,,,,
JaMarcus Russell,2007,QB,LSU,1,4.83,33.75,,,1,0,0,3,0,2,6.0,77.0,265.0,,,,,,22.0
Calvin Johnson,2007,WR,Georgia Tech,3,4.35,70.0,,,1,0,1,9,6,9,78.0,77.0,239.0,,,,,,21.0
Joe Thomas,2007,OT,Wisconsin,3,4.92,80.0,,,1,0,1,11,10,10,85.0,79.0,311.0,33.0,28.0,110.0,7.95,4.88,22.0
Gaines Adams,2007,DE,Clemson,1,4.64,70.77,,,1,0,0,3,0,1,17.0,77.0,258.0,35.0,,119.0,7.17,4.36,24.0
Levi Brown,2007,OT,Penn State,2,5.4,23.53,,,1,0,1,7,0,5,34.0,77.0,323.0,25.5,31.0,97.0,7.87,4.89,23.0
LaRon Landry,2007,DB,LSU,1,4.35,77.78,,,1,0,1,8,1,7,39.0,72.0,213.0,37.5,,123.0,,,22.0
Adrian Peterson,2007,RB,Oklahoma,2,4.4,66.67,,,1,0,1,15,7,12,101.0,73.0,217.0,38.5,,127.0,7.09,4.4,22.0
Jamaal Anderson,2007,DE,Arkansas,3,4.75,53.85,,,1,0,1,6,0,3,20.0,77.0,288.0,,,,,,21.0
Ted Ginn Jr.,2007,WR,Ohio State,1,4.38,64.0,,,1,0,1,14,0,7,52.0,71.0,178.0,,,,,,22.0
Amobi Okoye,2007,DT,Louisville,4,5.07,35.0,,,1,0,1,6,0,4,24.0,74.0,302.0,30.0,29.0,111.0,7.46,,20.0
Patrick Willis,2007,LB,Ole Miss,3,4.51,68.0,,,1,0,1,8,7,7,93.0,73.0,242.0,39.0,22.0,119.0,7.23,4.46,22.0
Marshawn Lynch,2007,RB,California,4,4.46,56.67,,,1,0,1,13,5,8,74.0,71.0,215.0,35.5,20.0,125.0,7.05,4.55,21.0
Adam Carriker,2007,DE,Nebraska,3,4.9,30.77,,,1,0,1,6,0,3,22.0,78.0,296.0,33.5,33.0,110.0,7.06,4.18,23.0
Darrelle Revis,2007,DB,Pittsburgh,3,4.38,71.11,,,1,0,1,11,7,9,93.0,71.0,204.0,,16.0,,,,22.0
Lawrence Timmons,2007,LB,Florida State,2,4.66,38.0,,,1,0,1,11,1,9,72.0,73.0,234.0,35.0,25.0,123.0,6.89,4.32,21.0
Justin Harrell,2007,DT,Tennessee,2,5.04,38.75,,,1,0,0,4,0,0,2.0,76.0,300.0,30.5,24.0,108.0,7.63,4.79,23.0
Jarvis Moss,2007,DE,Florida,2,4.7,61.54,,,1,0,0,5,0,0,3.0,78.0,250.0,30.5,16.0,120.0,,,23.0
Leon Hall,2007,DB,Michigan,1,4.39,68.89,,,1,0,1,12,0,6,51.0,71.0,193.0,37.5,15.0,125.0,6.5,4.07,22.0
Michael Griffin,2007,DB,Texas,2,4.45,55.56,,,1,0,1,10,2,9,55.0,72.0,202.0,36.0,16.0,120.0,6.6,4.1,22.0
Aaron Ross,2007,DB,Texas,2,4.44,57.78,,,1,0,1,7,0,4,20.0,72.0,193.0,34.0,17.0,118.0,6.67,4.15,24.0
Reggie Nelson,2007,DB,Florida,2,4.48,48.89,,,1,0,1,12,2,11,63.0,71.0,198.0,34.5,,,,,23.0
Brady Quinn,2007,QB,Notre Dame,2,4.73,46.25,,,1,0,0,6,0,1,2.0,76.0,232.0,,24.0,,,,22.0
Dwayne Bowe,2007,WR,LSU,1,4.51,38.0,,,1,0,1,9,1,8,50.0,74.0,221.0,33.0,,125.0,6.81,4.35,22.0
Brandon Meriweather,2007,DB,Miami (FL),2,4.47,51.11,,,1,0,1,9,2,6,33.0,71.0,195.0,35.0,11.0,111.0,7.06,4.33,23.0
Jon Beason,2007,LB,Miami (FL),2,4.72,26.0,,,1,0,1,9,3,5,55.0,72.0,237.0,,19.0,111.0,,,22.0
Anthony Spencer,2007,DE,Purdue,4,4.7,61.54,,,1,0,1,8,1,4,34.0,75.0,261.0,32.5,30.0,112.0,7.14,4.43,23.0
Robert Meachem,2007,WR,Tennessee,2,4.39,62.0,,,1,0,0,8,0,1,26.0,74.0,214.0,37.5,,121.0,6.97,4.31,22.0
Joe Staley,2007,OT,Central Michigan,8,4.79,95.29,,,1,0,1,13,6,12,81.0,78.0,306.0,,27.0,,,,23.0
Ben Grubbs,2007,OG,Auburn,2,5.18,49.33,,,1,0,1,9,2,9,56.0,75.0,311.0,26.5,29.0,103.0,7.99,4.72,23.0
Craig Davis,2007,WR,LSU,1,,,,,1,0,0,4,0,0,7.0,,,,,,,,21.0
Greg Olsen,2007,TE,Miami (FL),2,4.51,81.67,,,1,0,1,14,3,11,60.0,78.0,254.0,35.5,23.0,114.0,7.04,4.48,22.0
Anthony Gonzalez,2007,WR,Ohio State,1,4.44,52.0,,,1,0,0,5,0,1,16.0,72.0,193.0,38.0,,123.0,6.54,4.08,22.0
Alan Branch,2007,DT,Michigan,1,5.07,35.0,,,2,0,1,11,0,6,42.0,78.0,324.0,27.5,33.0,107.0,,,22.0
Paul Posluszny,2007,LB,Penn State,2,4.7,30.0,,,2,0,1,11,1,9,58.0,74.0,238.0,37.0,22.0,116.0,6.94,4.2,22.0
Arron Sears,2007,OG,Tennessee,2,5.09,61.33,,,2,0,0,2,0,2,14.0,75.0,319.0,,21.0,,,,22.0
Kevin Kolb,2007,QB,Houston,6,4.85,31.25,,,2,0,0,6,0,1,12.0,75.0,218.0,32.5,,112.0,6.94,4.44,23.0
Eric Weddle,2007,DB,Utah,3,4.48,48.89,,,2,0,1,15,6,12,88.0,71.0,203.0,33.5,11.0,113.0,6.78,4.12,22.0
Zach Miller,2007,TE,Arizona State,3,4.87,21.67,,,2,0,1,8,1,7,28.0,76.0,256.0,34.0,,115.0,7.01,4.42,21.0
Justin Blalock,2007,OG,Texas,2,5.1,60.0,,,2,0,1,8,0,8,55.0,75.0,320.0,28.5,40.0,101.0,7.75,4.72,23.0
John Beck,2007,QB,BYU,5,4.75,43.75,,,2,0,0,5,0,0,4.0,74.0,215.0,29.5,,111.0,6.81,4.17,26.0
Chris Houston,2007,DB,Arkansas,3,4.32,84.44,,,2,0,1,7,0,7,32.0,70.0,185.0,36.0,27.0,122.0,6.94,4.12,22.0
Tony Ugoh,2007,OT,Arkansas,3,5.06,63.53,,,2,0,0,5,0,2,17.0,77.0,301.0,32.5,32.0,117.0,,,23.0
Drew Stanton,2007,QB,Michigan State,3,4.75,43.75,,,2,0,0,11,0,1,10.0,75.0,226.0,30.5,,108.0,6.77,4.41,23.0
Sidney Rice,2007,WR,South Carolina,3,4.51,38.0,,,2,0,1,7,1,3,33.0,75.0,200.0,39.5,,119.0,7.09,4.34,21.0
Dwayne Jarrett,2007,WR,USC,2,4.62,16.0,,,2,0,0,4,0,0,4.0,76.0,219.0,,,,,,20.0
LaMarr Woodley,2007,DE,Michigan,1,4.74,55.38,,,2,0,1,9,1,7,54.0,73.0,266.0,,,,,,22.0
David Harris,2007,LB,Michigan,1,4.59,52.0,,,2,0,1,11,0,11,75.0,74.0,243.0,33.0,23.0,107.0,7.25,4.29,23.0
Justin Durant,2007,LB,Hampton,10,4.51,68.0,,,2,0,1,11,0,6,36.0,73.0,230.0,36.0,25.0,121.0,6.77,4.09,21.0
Kenny Irons,2007,RB,Auburn,2,4.45,58.33,,,2,0,0,0,0,0,0.0,71.0,203.0,38.0,,123.0,7.0,4.17,
Chris Henry,2007,RB,Arizona,4,4.4,66.67,,,2,0,0,4,0,0,1.0,71.0,230.0,36.0,26.0,127.0,6.96,4.14,22.0
Steve Smith,2007,WR,USC,2,4.44,52.0,,,2,0,1,6,1,1,23.0,72.0,197.0,38.0,,120.0,6.68,4.19,22.0
Brian Leonard,2007,RB,Rutgers,4,4.52,46.67,,,2,0,0,8,0,0,11.0,73.0,226.0,34.5,28.0,122.0,6.88,4.22,23.0
Eric Wright,2007,DB,UNLV,10,4.36,75.56,,,2,0,1,7,0,6,32.0,71.0,192.0,36.5,16.0,123.0,6.93,4.23,22.0
Turk McBride,2007,DT,Tennessee,2,4.81,67.5,,,2,0,0,6,0,1,13.0,74.0,277.0,31.0,27.0,108.0,7.1,4.12,22.0
Josh Wilson,2007,DB,Maryland,4,4.39,68.89,,,2,0,1,9,0,6,32.0,69.0,189.0,36.5,20.0,120.0,7.07,4.43,22.0
Tim Crowder,2007,DE,Texas,2,4.69,63.08,,,2,0,0,5,0,1,11.0,76.0,272.0,30.5,32.0,111.0,7.28,4.32,22.0
Victor Abiamiri,2007,DE,Notre Dame,2,4.8,46.15,,,2,0,0,3,0,0,5.0,76.0,267.0,,25.0,,,,21.0
Ikaika Alama-Francis,2007,DE,Hawaii,7,4.85,38.46,,,2,0,0,5,0,0,2.0,77.0,280.0,,,,,,22.0
Ryan Kalil,2007,C,USC,2,4.96,85.33,,,2,0,1,13,5,9,72.0,75.0,299.0,26.0,34.0,104.0,7.5,4.34,22.0
Samson Satele,2007,C,Hawaii,7,5.24,48.0,,,2,0,1,8,0,8,48.0,75.0,300.0,33.0,25.0,101.0,7.47,4.29,22.0
Gerald Alexander,2007,DB,Boise State,7,4.51,42.22,,,2,0,0,5,0,2,11.0,72.0,210.0,41.0,15.0,124.0,7.24,4.21,23.0
Dan Bazuin,2007,DE,Central Michigan,8,4.77,50.77,,,2,0,0,0,0,0,0.0,75.0,266.0,30.0,25.0,109.0,7.09,4.75,
Brandon Jackson,2007,RB,Nebraska,3,4.54,43.33,,,2,0,0,6,0,1,16.0,70.0,210.0,37.0,21.0,122.0,7.0,4.14,21.0
Sabby Piscitelli,2007,LB,Oregon State,4,4.47,76.0,,,2,0,0,5,0,1,15.0,75.0,224.0,34.5,19.0,122.0,6.84,3.9,24.0
Quentin Moses,2007,DE,Georgia,1,4.82,43.08,,,3,1,0,4,0,0,5.0,77.0,261.0,32.0,17.0,115.0,7.38,4.53,23.0
Usama Young,2007,DB,Kent State,8,,,,,3,1,0,8,0,1,17.0,,,,,,,,22.0
James Marten,2007,OT,Boston College,4,5.08,61.18,,,3,1,0,2,0,0,0.0,79.0,309.0,30.5,,100.0,7.68,4.54,23.0
Quincy Black,2007,LB,New Mexico,7,4.42,86.0,,,3,1,1,6,0,3,18.0,74.0,240.0,41.5,24.0,124.0,6.86,4.34,23.0
Buster Davis,2007,LB,Florida State,2,4.64,42.0,,,3,1,0,2,0,0,2.0,69.0,239.0,31.0,24.0,104.0,7.28,4.37,23.0
Ryan Harris,2007,OT,Notre Dame,2,5.09,60.0,,,3,1,1,10,0,5,33.0,76.0,305.0,25.5,22.0,100.0,7.78,4.52,22.0
Lorenzo Booker,2007,RB,Florida State,2,4.46,56.67,,,3,1,0,5,0,0,4.0,70.0,191.0,35.5,26.0,121.0,,,23.0
Marcus McCauley,2007,DB,Fresno State,7,4.39,68.89,,,3,1,0,3,0,0,4.0,73.0,203.0,36.0,17.0,129.0,6.61,4.17,24.0
Jacoby Jones,2007,WR,Lane,10,4.5,40.0,,,3,1,1,9,1,2,30.0,75.0,210.0,34.0,,129.0,7.03,4.31,23.0
Yamon Figurs,2007,WR,Kansas State,4,4.3,80.0,,,3,1,0,4,0,0,2.0,71.0,174.0,,,123.0,6.85,4.21,24.0
Laurent Robinson,2007,WR,Illinois State,4,4.38,64.0,,,3,1,0,6,0,1,16.0,74.0,199.0,39.0,19.0,127.0,6.83,4.28,22.0
Jason Hill,2007,WR,Washington State,4,4.32,76.0,,,3,1,0,6,0,1,9.0,72.0,204.0,37.0,,123.0,7.02,4.22,22.0
Matt Spaeth,2007,TE,Minnesota,4,4.83,28.33,,,3,1,1,9,0,6,2.0,79.0,270.0,,,,,,23.0
James Jones,2007,WR,San Jose State,7,4.54,32.0,,,3,1,1,9,0,4,46.0,73.0,207.0,34.0,22.0,119.0,7.06,4.2,23.0
Mike Sims-Walker,2007,WR,UCF,4,4.35,70.0,,,3,1,0,5,0,2,16.0,74.0,209.0,36.5,18.0,121.0,6.92,4.39,22.0
Paul Williams,2007,WR,Fresno State,7,4.45,50.0,,,3,1,0,2,0,0,0.0,73.0,205.0,38.5,,125.0,7.03,4.24,23.0
Jay Alford,2007,DT,Penn State,2,5.17,22.5,,,3,1,0,4,0,0,4.0,75.0,304.0,25.5,,103.0,7.81,4.83,24.0
Tank Tyler,2007,DT,NC State,4,5.18,21.25,,,3,1,0,3,0,1,11.0,74.0,306.0,28.5,42.0,,,,22.0
Charles Johnson,2007,DE,Georgia,1,4.84,40.0,,,3,1,1,11,0,8,47.0,74.0,270.0,34.0,33.0,118.0,7.5,,21.0
Jonathan Wade,2007,DB,Tennessee,2,4.36,75.56,,,3,1,0,5,0,0,7.0,70.0,195.0,40.5,,126.0,7.07,4.4,23.0
Brandon Mebane,2007,DT,California,4,5.15,25.0,,,3,1,1,13,0,13,63.0,73.0,309.0,24.0,24.0,106.0,7.94,4.65,22.0
Marshal Yanda,2007,OT,Iowa,3,5.15,52.94,,,3,1,1,13,8,10,92.0,76.0,307.0,,,,,,22.0
Stewart Bradley,2007,LB,Nebraska,3,4.72,26.0,,,3,1,0,6,0,2,19.0,76.0,254.0,35.5,28.0,112.0,7.29,4.17,23.0
Andy Alleman,2007,OG,Akron,10,5.07,64.0,,,3,1,0,3,0,0,5.0,76.0,305.0,30.0,27.0,106.0,7.8,4.65,23.0
Aaron Rouse,2007,DB,Virginia Tech,3,4.58,26.67,,,3,1,0,3,0,2,8.0,76.0,223.0,35.0,16.0,,,,23.0
Tony Hunt,2007,RB,Penn State,2,4.68,20.0,,,3,1,0,2,0,0,0.0,74.0,233.0,,24.0,,,,21.0
Mario Henderson,2007,DT,Florida State,2,5.11,30.0,,,3,1,0,4,0,1,11.0,78.0,302.0,28.5,20.0,109.0,7.6,4.87,22.0
Trent Edwards,2007,QB,Stanford,3,4.76,42.5,,,3,1,0,6,0,2,16.0,76.0,231.0,,19.0,,7.14,4.46,23.0
Garrett Wolfe,2007,RB,Northern Illinois,8,4.39,68.33,,,3,1,0,4,0,0,2.0,67.0,186.0,35.5,22.0,116.0,6.69,4.08,23.0
Michael Okwo,2007,LB,Stanford,3,4.7,30.0,,,3,1,0,0,0,0,0.0,71.0,232.0,35.5,20.0,121.0,7.12,4.43,
Dante Hughes,2007,DB,California,4,4.56,31.11,,,3,1,0,5,0,0,4.0,70.0,190.0,28.5,16.0,114.0,7.28,4.43,22.0
Anthony Waters,2007,LB,Clemson,1,4.59,52.0,,,3,1,0,4,0,0,2.0,75.0,245.0,,25.0,,,,23.0
Ray McDonald,2007,DE,Florida,2,4.88,33.85,,,3,1,1,8,0,5,35.0,75.0,276.0,,,,,,22.0
Quinn Pitcock,2007,DT,Ohio State,1,4.93,52.5,,,3,1,0,1,0,0,1.0,74.0,299.0,34.0,,112.0,,,23.0
Johnnie Lee Higgins,2007,WR,UTEP,6,4.48,44.0,,,3,1,0,4,0,0,9.0,71.0,186.0,36.5,,122.0,6.62,4.32,23.0
Michael Bush,2007,RB,Louisville,4,4.62,30.0,,,4,1,0,7,0,2,25.0,73.0,243.0,,,,,,23.0
Adam Podlesh,2007,P,Maryland,4,4.54,70.77,,,4,1,0,7,0,0,8.0,71.0,202.0,,,,,,24.0
Brian Robison,2007,DE,Texas,2,4.67,66.15,,,4,1,1,11,0,6,46.0,75.0,259.0,40.5,27.0,121.0,6.89,4.26,24.0
Isaiah Stanback,2007,QB,Washington,2,4.6,62.5,,,4,1,0,6,0,0,0.0,74.0,216.0,,22.0,,,,23.0
Jay Moore,2007,DE,Nebraska,3,4.92,27.69,,,4,1,0,0,0,0,0.0,77.0,274.0,34.0,26.0,118.0,7.19,4.35,
A.J. Davis,2007,DB,NC State,4,4.56,31.11,,,4,1,0,0,0,0,0.0,70.0,193.0,,16.0,,,,
Tanard Jackson,2007,DB,Syracuse,4,4.52,40.0,,,4,1,1,5,0,4,24.0,72.0,200.0,32.5,12.0,121.0,6.89,4.28,22.0
Antonio Pittman,2007,RB,Ohio State,1,4.4,66.67,,,4,1,0,2,0,0,3.0,71.0,207.0,35.5,16.0,123.0,6.84,4.16,21.0
Paul Soliai,2007,DT,Utah,3,5.1,31.25,,,4,1,1,10,1,6,41.0,76.0,344.0,29.5,,103.0,7.66,4.69,23.0
Stephen Nicholas,2007,LB,South Florida,6,4.64,42.0,,,4,1,1,7,0,4,27.0,73.0,232.0,33.5,29.0,110.0,7.29,4.45,24.0
John Bowie,2007,DB,Cincinnati,4,,,,,4,1,0,3,0,0,0.0,,,,,,,,23.0
Dwayne Wright,2007,RB,Fresno State,7,4.66,23.33,,,4,1,0,1,0,0,1.0,71.0,228.0,34.0,14.0,115.0,7.23,4.43,24.0
Daniel Sepulveda,2007,P,Baylor,3,4.62,58.46,,,4,1,0,5,0,0,7.0,75.0,229.0,,,,,,23.0
Brian Smith,2007,DE,Missouri,4,,,,,4,1,0,0,0,0,0.0,,,,,,,,
Marvin White,2007,DB,TCU,3,4.54,35.56,,,4,1,0,4,0,2,8.0,73.0,199.0,33.5,17.0,,,,23.0
Leroy Harris,2007,C,NC State,4,5.35,33.33,,,4,1,1,7,0,3,19.0,74.0,302.0,24.5,29.0,96.0,8.0,4.8,23.0
Zak DeOssie,2007,LB,Brown,10,4.58,54.0,,,4,1,1,13,2,0,21.0,77.0,250.0,34.5,26.0,122.0,6.89,4.22,23.0
Manuel Ramirez,2007,OG,Texas Tech,4,5.24,41.33,,,4,1,1,9,0,4,33.0,75.0,326.0,,40.0,,,,24.0
Ryne Robinson,2007,WR,Miami (OH),8,4.47,46.0,,,4,1,0,1,0,0,0.0,69.0,179.0,35.0,,123.0,6.71,4.21,22.0
Allen Barbre,2007,OT,Missouri Southern,4,4.84,89.41,,,4,1,0,11,0,2,23.0,76.0,300.0,32.0,28.0,105.0,7.4,4.63,23.0
Baraka Atkins,2007,DE,Miami (FL),2,4.69,63.08,,,4,1,0,2,0,0,2.0,76.0,271.0,33.0,22.0,111.0,,,22.0
Marcus Thomas,2007,DT,Florida,2,5.23,15.0,,,4,1,0,5,0,2,14.0,75.0,314.0,,27.0,,,,21.0
Doug Free,2007,OT,Northern Illinois,8,5.19,48.24,,,4,1,1,10,0,7,49.0,78.0,324.0,30.0,22.0,111.0,7.38,4.53,23.0
Fred Bennett,2007,DB,South Carolina,3,4.46,53.33,,,4,1,0,4,0,1,7.0,73.0,196.0,38.5,17.0,125.0,6.67,4.3,23.0
Mansfield Wrotto,2007,OG,Georgia Tech,3,5.4,20.0,,,4,1,0,4,0,1,6.0,75.0,317.0,,27.0,92.0,8.34,4.92,22.0
Jermon Bushrod,2007,OT,Towson,10,,,,,4,1,1,12,2,8,62.0,,,,,,,,23.0
Dashon Goldson,2007,DB,Washington,2,4.6,22.22,,,4,1,1,10,2,7,41.0,74.0,205.0,34.5,12.0,115.0,7.37,4.46,22.0
Kareem Brown,2007,DT,Miami (FL),2,5.38,0.0,,,4,1,0,1,0,0,0.0,76.0,290.0,26.5,,96.0,,,24.0
Chris Davis,2007,WR,Florida State,2,4.5,40.0,,,4,1,0,2,0,0,0.0,70.0,181.0,35.5,,115.0,6.66,4.14,23.0
Scott Chandler,2007,TE,Iowa,3,4.78,36.67,,,4,1,0,9,0,2,18.0,79.0,270.0,30.0,16.0,111.0,7.26,4.32,22.0
Josh Beekman,2007,C,Boston College,4,5.36,32.0,,,4,1,0,3,0,1,10.0,74.0,313.0,25.5,24.0,93.0,8.24,4.81,24.0
Brannon Condren,2007,DB,Troy,8,,,,,4,1,0,2,0,0,1.0,,,,,,,,24.0
Ryan McBean,2007,DT,Oklahoma State,3,4.98,46.25,,,4,1,0,5,0,1,11.0,76.0,286.0,28.0,27.0,108.0,7.79,4.46,23.0
Martrez Milner,2007,TE,Georgia,1,4.79,35.0,,,4,1,0,1,0,0,0.0,76.0,252.0,34.0,19.0,117.0,7.35,4.49,23.0
Antwan Barnes,2007,LB,Florida International,2,4.43,84.0,,,4,1,0,8,0,0,7.0,73.0,240.0,35.0,31.0,122.0,7.29,4.32,22.0
Joe Cohen,2007,DT,Florida,2,5.1,31.25,,,4,1,0,3,0,0,0.0,74.0,313.0,26.0,34.0,,,,23.0
Clint Session,2007,LB,Pittsburgh,3,,,,,4,1,0,5,0,2,20.0,,,,,,,,22.0
Le'Ron McClain,2007,RB,Alabama,1,4.75,8.33,,,4,1,1,7,2,6,13.0,72.0,256.0,29.5,14.0,113.0,7.14,4.47,22.0
Jay Richardson,2007,DE,Ohio State,1,5.0,15.38,,,5,2,0,7,0,2,12.0,78.0,279.0,33.0,20.0,112.0,7.5,4.54,23.0
Dustin Fry,2007,C,Clemson,1,5.28,42.67,,,5,2,0,1,0,0,0.0,75.0,314.0,,34.0,,,,23.0
Brandon McDonald,2007,DB,Memphis,6,4.58,26.67,,,5,2,0,6,0,2,15.0,71.0,181.0,33.0,17.0,118.0,7.44,4.76,22.0
Greg Peterson,2007,DE,North Carolina Central,3,,,,,5,2,0,3,0,0,2.0,,,,,,,,23.0
Steve Breaston,2007,WR,Michigan,1,4.46,48.0,,,5,2,1,6,0,3,26.0,72.0,193.0,33.0,,124.0,6.9,4.29,24.0
Dallas Sartz,2007,LB,USC,2,4.71,28.0,,,5,2,0,0,0,0,0.0,77.0,235.0,33.5,20.0,111.0,6.85,4.13,
Brandon Harrison,2007,DB,Stanford,3,4.58,26.67,,,5,2,0,2,0,0,2.0,74.0,227.0,,23.0,,,,22.0
David Jones,2007,DB,Wingate,10,,,,,5,2,0,6,0,0,6.0,,,,,,,,21.0
Aundrae Allison,2007,WR,East Carolina,6,4.39,62.0,,,5,2,0,2,0,0,3.0,72.0,198.0,37.0,,127.0,,,21.0
Tarell Brown,2007,DB,Texas,2,4.45,55.56,,,5,2,1,9,0,4,24.0,71.0,190.0,33.5,17.0,111.0,7.0,4.37,22.0
Kolby Smith,2007,RB,Louisville,4,4.5,50.0,,,5,2,0,3,0,0,4.0,71.0,220.0,38.0,18.0,114.0,7.22,4.34,22.0
Uche Nwaneri,2007,OG,Purdue,4,5.37,24.0,,,5,2,1,7,0,6,37.0,75.0,325.0,,24.0,,,,23.0
Josh Gattis,2007,DB,Wake Forest,4,4.51,42.22,,,5,2,0,1,0,0,0.0,73.0,206.0,34.5,22.0,121.0,6.72,4.27,23.0
Jeff Rowe,2007,QB,Nevada,7,4.91,23.75,,,5,2,0,0,0,0,0.0,77.0,226.0,29.5,,114.0,7.16,4.42,23.0
Antonio Johnson,2007,DT,Mississippi State,3,5.15,25.0,,,5,2,1,7,0,3,21.0,75.0,310.0,29.0,28.0,108.0,7.47,4.49,22.0
Kevin Boss,2007,TE,Western Oregon,10,4.78,36.67,,,5,2,1,6,0,4,17.0,78.0,252.0,35.0,,116.0,6.96,4.41,23.0
Clifton Ryan,2007,DT,Michigan State,3,5.12,28.75,,,5,2,0,4,0,2,13.0,75.0,310.0,26.5,25.0,102.0,7.49,4.69,23.0
Dante Rosario,2007,TE,Oregon,2,4.78,36.67,,,5,2,0,8,0,1,9.0,75.0,244.0,36.0,20.0,115.0,6.96,4.47,22.0
Cameron Stephenson,2007,OG,Rutgers,4,5.4,20.0,,,5,2,0,0,0,0,0.0,75.0,306.0,28.5,34.0,101.0,7.72,4.81,
David Clowney,2007,WR,Virginia Tech,3,4.36,68.0,,,5,2,0,4,0,0,3.0,72.0,188.0,32.5,,123.0,7.0,4.15,22.0
Johnny Baldwin,2007,LB,Arkansas–Monticello,10,,,,,5,2,0,1,0,0,0.0,,,,,,,,23.0
C.J. Gaddis,2007,DB,Clemson,1,4.45,55.56,,,5,2,0,0,0,0,0.0,71.0,203.0,36.5,20.0,121.0,7.28,4.3,
Justin Medlock,2007,K,UCLA,5,4.89,16.92,,,5,2,0,6,0,0,1.0,72.0,201.0,,,,,,23.0
Will Herring,2007,LB,Auburn,2,,,,,5,2,0,8,0,0,10.0,,,,,,,,24.0
Brent Celek,2007,TE,Cincinnati,4,,,,,5,2,1,11,0,9,35.0,,,,,,,,22.0
Brandon Frye,2007,OT,Virginia Tech,3,5.08,61.18,,,5,2,0,3,0,0,2.0,76.0,301.0,32.5,34.0,103.0,7.5,4.4,24.0
Tim Shaw,2007,LB,Penn State,2,4.51,68.0,,,5,2,0,6,0,0,6.0,73.0,236.0,36.5,26.0,116.0,7.01,4.12,23.0
Eric Frampton,2007,DB,Washington State,4,4.61,20.0,,,5,2,0,7,0,0,5.0,71.0,204.0,34.5,10.0,122.0,6.84,4.17,23.0
Derek Landri,2007,DT,Notre Dame,2,4.96,48.75,,,5,2,0,7,0,1,15.0,74.0,288.0,,24.0,,,,23.0
Kevin Payne,2007,DB,La-Monroe,10,4.6,22.22,,,5,2,0,3,0,1,10.0,72.0,220.0,35.0,20.0,106.0,7.0,4.3,23.0
Corey Graham,2007,DB,New Hampshire,10,4.42,62.22,,,5,2,1,12,1,5,33.0,72.0,195.0,,10.0,,,,22.0
Roy Hall,2007,WR,Ohio State,1,,,,,5,2,0,2,0,0,0.0,,,,,,,,23.0
William Gay,2007,DB,Louisville,4,,,,,5,2,1,11,0,7,41.0,,,,,,,,22.0
Clint Oldenburg,2007,OT,Colorado State,7,,,,,5,2,0,1,0,0,0.0,,,,,,,,23.0
Legedu Naanee,2007,WR,Boise State,7,4.41,58.0,,,5,2,0,6,0,2,13.0,74.0,225.0,40.0,19.0,119.0,,,23.0
Michael Coe,2007,DB,Alabama State,1,4.53,37.78,,,5,2,0,6,0,0,2.0,73.0,190.0,35.0,17.0,122.0,6.78,4.31,23.0
Troy Smith,2007,QB,Ohio State,1,4.72,47.5,,,5,2,0,4,0,0,6.0,72.0,225.0,,,,,,23.0
Oren O'Neal,2007,FB,Arkansas State,3,,,,,6,2,0,3,0,0,0.0,,,,,,,,23.0
Rufus Alexander,2007,LB,Oklahoma,2,4.79,12.0,,,6,2,0,2,0,0,0.0,73.0,228.0,35.0,25.0,117.0,7.06,4.3,24.0
Jacob Bender,2007,OT,Nicholls State,10,,,,,6,2,0,1,0,0,0.0,,,,,,,,22.0
Nick Folk,2007,K,Arizona,4,4.95,7.69,,,6,2,1,19,1,3,38.0,73.0,225.0,,,,,,22.0
H.B. Blades,2007,LB,Pittsburgh,3,4.69,32.0,,,6,2,0,4,0,0,9.0,71.0,236.0,,22.0,,,,22.0
Justin Rogers,2007,LB,SMU,6,,,,,6,2,0,3,0,0,2.0,,,,,,,,24.0
Reagan Maui'a,2007,RB,Hawaii,7,,,,,6,2,0,6,0,1,0.0,,,,,,,,23.0
Adam Hayward,2007,LB,Portland State,10,,,,,6,2,0,8,0,1,11.0,,,,,,,,23.0
Kasey Studdard,2007,OG,Texas,2,5.18,49.33,,,6,2,0,4,0,1,8.0,74.0,303.0,,32.0,,,,23.0
John Wendling,2007,DB,Wyoming,7,4.48,48.89,,,6,2,0,7,0,0,7.0,73.0,222.0,38.5,22.0,129.0,6.96,4.16,24.0
Trey Lewis,2007,DT,Washburn,10,,,,,6,2,0,4,0,0,4.0,,,,,,,,22.0
Thomas Clayton,2007,RB,Kansas State,4,4.63,28.33,,,6,2,0,0,0,0,0.0,70.0,218.0,36.5,23.0,121.0,,,
Matt Toeaina,2007,DT,Oregon,2,5.11,30.0,,,6,2,0,6,0,2,12.0,74.0,307.0,,26.0,,,,22.0
Joel Filani,2007,WR,Texas Tech,4,4.57,26.0,,,6,2,0,0,0,0,0.0,74.0,211.0,32.5,17.0,117.0,,,
Adam Koets,2007,OT,Oregon State,4,5.08,61.18,,,6,2,0,4,0,0,3.0,77.0,298.0,32.0,20.0,106.0,7.44,4.47,23.0
Ken Shackleford,2007,OT,Georgia,1,5.3,35.29,,,6,2,0,0,0,0,0.0,77.0,322.0,24.5,28.0,102.0,8.35,5.05,
Korey Hall,2007,LB,Boise State,7,,,,,6,2,0,5,0,2,0.0,,,,,,,,24.0
Desmond Bishop,2007,LB,California,4,4.78,14.0,,,6,2,0,8,0,2,18.0,74.0,239.0,,33.0,,,,23.0
Mason Crosby,2007,K,Colorado,3,5.18,0.0,,,6,2,1,17,0,1,33.0,73.0,212.0,,,,,,23.0
David Irons,2007,DB,Auburn,2,4.44,57.78,,,6,2,0,2,0,0,1.0,70.0,190.0,29.5,11.0,111.0,7.18,4.3,24.0
Deon Anderson,2007,FB,Connecticut,6,4.73,41.54,,,6,2,0,4,0,1,1.0,71.0,243.0,33.0,23.0,114.0,7.27,4.43,24.0
Herbert Taylor,2007,OT,TCU,3,,,,,6,2,0,6,0,0,2.0,,,,,,,,22.0
Courtney Taylor,2007,WR,Auburn,2,4.5,40.0,,,6,2,0,2,0,0,1.0,74.0,204.0,36.0,,122.0,7.22,4.28,23.0
Doug Datish,2007,C,Ohio State,1,5.13,62.67,,,6,2,0,0,0,0,0.0,76.0,302.0,26.0,31.0,102.0,7.51,4.65,
Drew Mormino,2007,C,Central Michigan,8,5.32,37.33,,,6,2,0,0,0,0,0.0,75.0,299.0,28.0,27.0,105.0,7.48,4.53,
Melila Purcell,2007,DE,Hawaii,7,,,,,6,2,0,0,0,0,0.0,,,,,,,,
Rashad Barksdale,2007,DB,Albany (NY),10,,,,,6,2,0,1,0,0,0.0,,,,,,,,23.0
Mike Richardson,2007,DB,Notre Dame,2,,,,,6,2,0,4,0,0,2.0,,,,,,,,23.0
Daren Stone,2007,DB,Maine,10,4.58,26.67,,,6,2,0,2,0,0,2.0,75.0,218.0,39.0,13.0,132.0,7.13,4.44,22.0
Jacob Ford,2007,DE,Central Arkansas,9,4.65,69.23,,,6,2,0,4,0,0,7.0,76.0,249.0,,19.0,,,,24.0
Jordan Palmer,2007,QB,UTEP,6,4.98,15.0,,,6,2,0,8,0,0,0.0,78.0,231.0,30.5,,104.0,7.32,4.58,23.0
Ryan Smith,2007,DB,Florida,2,4.51,42.22,,,6,2,0,0,0,0,0.0,70.0,174.0,,11.0,,,,
Prescott Burgess,2007,LB,Michigan,1,4.82,6.0,,,6,2,0,5,0,0,2.0,75.0,240.0,32.5,19.0,106.0,7.01,4.31,23.0
Justise Hairston,2007,RB,Central Connecticut State,10,,,,,6,2,0,0,0,0,0.0,,,,,,,,
Corey Hilliard,2007,OT,Oklahoma State,3,5.29,36.47,,,6,2,0,8,0,0,9.0,77.0,308.0,27.0,28.0,106.0,7.45,4.65,22.0
Jordan Kent,2007,WR,Oregon,2,4.49,42.0,,,6,2,0,3,0,0,0.0,76.0,217.0,,,,,,23.0
Oscar Lua,2007,LB,USC,2,,,,,7,2,0,0,0,0,0.0,,,,,,,,
Courtney Brown,2007,DB,Cal Poly,9,,,,,7,2,0,2,0,0,2.0,,,,,,,,23.0
Chase Pittman,2007,DE,LSU,1,5.03,10.77,,,7,2,0,0,0,0,0.0,77.0,270.0,,,,,,
Chris Denman,2007,OT,Fresno State,7,5.62,0.0,,,7,2,0,0,0,0,0.0,78.0,315.0,27.5,21.0,97.0,8.1,4.92,
Ben Patrick,2007,TE,Delaware,9,4.74,43.33,,,7,2,0,4,0,2,4.0,75.0,252.0,34.5,,111.0,7.21,4.31,23.0
Tyler Ecker,2007,TE,Michigan,1,,,,,7,2,0,0,0,0,0.0,,,,,,,,
Tyler Thigpen,2007,QB,Coastal Carolina,8,,,,,7,2,0,6,0,1,10.0,,,,,,,,23.0
Zach Diles,2007,LB,Kansas State,4,,,,,7,2,1,8,0,3,15.0,,,,,,,,22.0
Kelvin Smith,2007,LB,Syracuse,4,4.8,10.0,,,7,2,0,3,0,0,0.0,74.0,240.0,32.0,26.0,110.0,7.19,4.42,23.0
Marvin Mitchell,2007,LB,Tennessee,2,4.87,0.0,,,7,2,0,7,0,1,12.0,75.0,249.0,32.0,22.0,108.0,7.29,4.25,22.0
Trumaine McBride,2007,DB,Ole Miss,3,4.57,28.89,,,7,2,0,9,0,2,14.0,69.0,185.0,34.5,14.0,122.0,6.96,4.32,21.0
Derek Schouman,2007,TE,Boise State,7,4.74,43.33,,,7,2,0,4,0,1,2.0,74.0,247.0,37.5,27.0,122.0,7.0,4.27,22.0
Michael Otto,2007,OT,Purdue,4,,,,,7,2,0,7,0,0,7.0,,,,,,,,24.0
Michael Johnson,2007,DB,Arizona,4,4.62,17.78,,,7,2,0,4,0,2,14.0,75.0,205.0,33.0,15.0,114.0,7.04,4.32,23.0
Brandon Fields,2007,P,Michigan State,3,5.26,0.0,,,7,2,1,9,1,0,21.0,77.0,239.0,,,,,,23.0
C.J. Wilson,2007,DB,Baylor,3,4.62,17.78,,,7,2,0,4,0,0,1.0,73.0,195.0,37.5,,127.0,6.81,4.2,22.0
Dallas Baker,2007,WR,Florida,2,4.53,34.0,,,7,2,0,2,0,0,0.0,75.0,208.0,36.0,,129.0,6.69,4.19,24.0
DeShawn Wynn,2007,RB,Florida,2,4.47,55.0,,,7,2,0,4,0,0,3.0,70.0,232.0,31.5,,115.0,,,23.0
John Broussard,2007,WR,San Jose State,7,,,,,7,2,0,1,0,0,2.0,,,,,,,,23.0
Dan Santucci,2007,OG,Notre Dame,2,5.13,56.0,,,7,2,0,1,0,0,0.0,75.0,301.0,29.0,23.0,102.0,7.47,4.74,24.0
Michael Allan,2007,TE,Whitworth,10,4.71,48.33,,,7,2,0,0,0,0,0.0,78.0,255.0,36.0,19.0,123.0,7.31,4.52,
Steve Vallos,2007,OG,Wake Forest,4,,,,,7,2,0,7,0,0,7.0,,,,,,,,23.0
Chandler Williams,2007,WR,Florida International,2,4.42,56.0,,,7,2,0,0,0,0,0.0,71.0,184.0,32.5,,123.0,6.99,4.29,
Syndric Steptoe,2007,WR,Arizona,4,4.59,22.0,,,7,2,0,2,0,0,1.0,69.0,194.0,33.0,17.0,,,,22.0
Chansi Stuckey,2007,WR,Clemson,1,4.56,28.0,,,7,2,0,5,0,0,10.0,71.0,197.0,35.0,,120.0,6.91,4.14,23.0
Nate Ilaoa,2007,RB,Hawaii,7,4.77,5.0,,,7,2,0,0,0,0,0.0,69.0,245.0,30.0,25.0,103.0,7.1,4.42,
Alan Ball,2007,DB,Illinois,4,,,,,7,2,0,9,0,2,19.0,,,,,,,,22.0
Abraham Wright,2007,DE,Colorado,3,4.9,30.77,,,7,2,0,0,0,0,0.0,74.0,242.0,31.0,24.0,111.0,7.2,4.46,
C.J. Ah You,2007,DE,Oklahoma,2,4.7,61.54,,,7,2,0,5,0,0,4.0,76.0,274.0,36.5,26.0,108.0,7.06,4.4,25.0
Brandon Siler,2007,LB,Florida,2,4.62,46.0,,,7,2,0,6,0,1,12.0,74.0,241.0,30.5,,109.0,7.34,,21.0
Aaron Brant,2007,OG,Iowa State,4,,,,,7,2,0,0,0,0,0.0,,,,,,,,
Keyunta Dawson,2007,DE,Texas Tech,4,,,,,7,2,0,7,0,1,14.0,,,,,,,,21.0
Clark Harris,2007,TE,Rutgers,4,4.8,33.33,,,7,2,1,16,1,0,11.0,77.0,261.0,32.0,21.0,112.0,,4.4,23.0
Jason Snelling,2007,RB,Virginia,4,4.79,1.67,,,7,2,0,7,0,0,21.0,71.0,230.0,30.0,,111.0,7.06,4.37,23.0
Marcus Hamilton,2007,DB,Virginia,4,,,,,7,2,0,3,0,0,1.0,,,,,,,,23.0
Kenneth Darby,2007,RB,Alabama,1,4.75,8.33,,,7,2,0,4,0,0,4.0,70.0,211.0,30.0,19.0,108.0,7.25,4.53,24.0
Mike Elgin,2007,OG,Iowa,3,,,,,7,2,0,0,0,0,0.0,,,,,,,,
Keith Jackson,2007,DT,Arkansas,3,5.05,37.5,,,7,2,0,0,0,0,0.0,72.0,305.0,30.0,33.0,,7.65,4.56,
Derek Stanley,2007,WR,Wisconsin–Whitewater,10,,,,,7,2,0,3,0,0,1.0,,,,,,,,22.0
Ahmad Bradshaw,2007,RB,Marshall,8,4.55,41.67,,,7,2,1,9,0,3,42.0,69.0,198.0,34.0,,112.0,6.7,4.09,21.0
Chad Nkang,2007,LB,Elon,10,4.52,66.0,,,7,2,0,2,0,0,3.0,71.0,220.0,36.5,23.0,118.0,7.1,4.34,22.0
Andrew Carnahan,2007,OT,Arizona State,3,5.2,47.06,,,7,2,0,0,0,0,0.0,79.0,306.0,,22.0,,,,
Nedu Ndukwe,2007,DB,Notre Dame,2,4.49,46.67,,,7,2,0,5,0,2,15.0,74.0,206.0,37.5,15.0,,,,22.0
Jonathan Holland,2007,WR,Louisiana Tech,5,4.45,50.0,,,7,2,0,3,0,0,1.0,72.0,191.0,35.5,15.0,120.0,7.12,4.4,22.0
Ramzee Robinson,2007,DB,Alabama,1,,,,,7,2,0,3,0,0,1.0,,,,,,,,23.0
Jake Long,2008,OT,Michigan,1,5.22,44.71,,,1,0,1,9,4,6,54.0,79.0,313.0,27.5,37.0,102.0,7.44,4.73,23.0
Chris Long,2008,DE,Virginia,4,4.75,53.85,,,1,0,1,11,0,6,48.0,75.0,272.0,34.0,,124.0,7.02,4.21,23.0
Matt Ryan,2008,QB,Boston College,4,4.89,26.25,,,1,0,1,15,4,15,146.0,77.0,228.0,,,,7.4,4.51,23.0
Darren McFadden,2008,RB,Arkansas,3,4.33,78.33,,,1,0,1,10,0,4,39.0,73.0,211.0,33.0,,128.0,,,21.0
Glenn Dorsey,2008,DT,LSU,1,5.12,28.75,,,1,0,1,9,0,7,37.0,73.0,297.0,,,,,,23.0
Vernon Gholston,2008,DE,Ohio State,1,4.65,69.23,,,1,0,0,3,0,0,6.0,75.0,266.0,35.5,37.0,125.0,7.12,4.4,22.0
Sedrick Ellis,2008,DT,USC,2,5.26,11.25,,,1,0,1,5,0,5,26.0,72.0,309.0,26.5,34.0,105.0,7.78,4.73,23.0
Derrick Harvey,2008,DE,Florida,2,4.84,40.0,,,1,0,0,4,0,1,14.0,77.0,271.0,28.5,31.0,113.0,7.27,4.36,21.0
Keith Rivers,2008,LB,USC,2,4.54,62.0,,,1,0,1,7,0,4,24.0,74.0,241.0,,24.0,,,,22.0
Jerod Mayo,2008,LB,Tennessee,2,4.54,62.0,,,1,0,1,8,2,7,51.0,73.0,242.0,32.0,,114.0,7.31,4.29,22.0
Leodis McKelvin,2008,DB,Troy,8,4.38,71.11,,,1,0,1,9,0,4,29.0,70.0,190.0,33.5,17.0,121.0,7.06,4.1,23.0
Ryan Clady,2008,OT,Boise State,7,5.18,49.41,,,1,0,1,9,4,7,65.0,78.0,309.0,,24.0,,,,22.0
Jonathan Stewart,2008,RB,Oregon,2,4.46,56.67,,,1,0,1,11,1,5,48.0,70.0,235.0,36.5,28.0,128.0,,,21.0
Chris Williams,2008,OT,Vanderbilt,4,5.13,55.29,,,1,0,1,7,0,4,25.0,78.0,315.0,25.0,21.0,103.0,7.95,4.85,23.0
Branden Albert,2008,OG,Virginia,4,5.17,50.67,,,1,0,1,9,2,9,41.0,78.0,309.0,26.0,23.0,111.0,7.97,4.78,23.0
Dominique Rodgers-Cromartie,2008,DB,Tennessee State,2,4.29,91.11,,,1,0,1,12,2,7,53.0,73.0,184.0,38.5,17.0,131.0,6.74,4.17,22.0
Gosder Cherilus,2008,OT,Boston College,4,5.14,54.12,,,1,0,1,9,0,8,48.0,78.0,314.0,23.0,24.0,102.0,7.6,4.82,24.0
Joe Flacco,2008,QB,Delaware,9,4.84,32.5,,,1,0,1,18,1,12,97.0,78.0,236.0,28.5,,110.0,6.82,4.27,23.0
Jeff Otah,2008,OT,Pittsburgh,3,5.55,5.88,,,1,0,0,4,0,2,14.0,78.0,322.0,22.5,27.0,102.0,,,22.0
Aqib Talib,2008,DB,Kansas,10,4.44,57.78,,,1,0,1,12,5,9,68.0,73.0,202.0,38.0,10.0,131.0,6.82,4.22,22.0
Sam Baker,2008,OT,USC,2,5.5,11.76,,,1,0,1,6,0,3,32.0,77.0,309.0,,28.0,,,,23.0
Felix Jones,2008,RB,Arkansas,3,4.44,60.0,,,1,0,0,6,0,1,27.0,70.0,207.0,33.5,,124.0,6.9,4.19,21.0
Rashard Mendenhall,2008,RB,Illinois,4,4.41,65.0,,,1,0,1,6,0,4,29.0,70.0,225.0,33.5,26.0,117.0,,4.18,21.0
Chris Johnson,2008,RB,East Carolina,6,4.24,93.33,,,1,0,1,10,3,7,70.0,71.0,197.0,35.0,,130.0,,,22.0
Mike Jenkins,2008,DB,South Florida,6,4.38,71.11,,,1,0,1,8,1,4,27.0,70.0,197.0,34.0,18.0,117.0,7.21,4.4,23.0
Duane Brown,2008,OT,Virginia Tech,3,5.07,62.35,,,1,0,1,16,5,15,91.0,76.0,315.0,27.5,24.0,105.0,7.58,4.52,23.0
Antoine Cason,2008,DB,Arizona,4,4.45,55.56,,,1,0,1,7,0,4,27.0,72.0,191.0,35.5,20.0,128.0,,4.08,22.0
Lawrence Jackson,2008,DE,USC,2,4.82,43.08,,,1,0,0,5,0,2,15.0,76.0,271.0,31.0,31.0,108.0,7.08,4.4,23.0
Kentwan Balmer,2008,DT,North Carolina,3,5.29,7.5,,,1,0,0,4,0,1,7.0,76.0,308.0,29.0,33.0,103.0,7.65,4.82,21.0
Dustin Keller,2008,TE,Purdue,4,4.53,78.33,,,1,0,1,5,0,3,22.0,74.0,242.0,38.0,26.0,131.0,6.88,4.14,23.0
Kenny Phillips,2008,DB,Miami (FL),2,4.48,48.89,,,1,0,0,8,0,2,16.0,74.0,212.0,32.5,19.0,121.0,6.97,4.27,21.0
Phillip Merling,2008,DE,Clemson,1,4.73,56.92,,,2,0,0,6,0,0,6.0,76.0,276.0,,17.0,,,,23.0
Donnie Avery,2008,WR,Houston,6,4.43,54.0,,,2,0,1,7,0,4,21.0,71.0,192.0,,16.0,,,,24.0
Devin Thomas,2008,WR,Michigan State,3,4.41,58.0,,,2,0,0,4,0,1,4.0,74.0,216.0,28.0,,126.0,7.15,4.26,21.0
Brandon Flowers,2008,DB,Virginia Tech,3,4.55,33.33,,,2,0,1,9,1,9,42.0,70.0,189.0,30.0,14.0,117.0,,,22.0
Jordy Nelson,2008,WR,Kansas State,4,4.51,38.0,,,2,0,1,11,1,7,73.0,75.0,217.0,31.0,,123.0,7.03,4.35,23.0
Curtis Lofton,2008,LB,Oklahoma,2,4.79,12.0,,,2,0,1,8,0,8,49.0,72.0,246.0,24.5,23.0,105.0,7.69,4.56,22.0
John Carlson,2008,TE,Notre Dame,2,4.88,20.0,,,2,0,1,7,0,4,16.0,77.0,251.0,30.5,20.0,113.0,7.12,4.28,24.0
Chilo Rachal,2008,OG,USC,2,5.16,52.0,,,2,0,1,5,0,3,20.0,77.0,315.0,25.5,28.0,108.0,8.01,5.14,22.0
Tracy Porter,2008,DB,Indiana,4,4.37,73.33,,,2,0,1,9,0,6,31.0,71.0,188.0,34.0,18.0,123.0,7.2,4.07,22.0
James Hardy,2008,WR,Indiana,4,4.45,50.0,,,2,0,0,2,0,0,1.0,77.0,217.0,31.5,18.0,125.0,6.84,4.2,22.0
Eddie Royal,2008,WR,Virginia Tech,3,4.39,62.0,,,2,0,1,9,0,6,35.0,70.0,184.0,36.0,24.0,124.0,7.07,4.34,22.0
Tyrell Johnson,2008,DB,Arkansas State,3,4.41,64.44,,,2,0,0,5,0,1,10.0,72.0,207.0,32.0,27.0,127.0,,,23.0
Matt Forte,2008,RB,Tulane,6,4.44,60.0,,,2,0,1,10,2,9,84.0,73.0,217.0,33.0,23.0,118.0,6.84,4.23,22.0
Jordon Dizon,2008,LB,Colorado,3,4.71,28.0,,,2,0,0,2,0,0,2.0,72.0,229.0,30.5,,118.0,7.01,4.35,22.0
Jerome Simpson,2008,WR,Coastal Carolina,8,4.42,56.0,,,2,0,1,8,0,3,18.0,74.0,199.0,37.5,,136.0,7.08,4.52,22.0
Trevor Laws,2008,DT,Notre Dame,2,5.09,32.5,,,2,0,0,4,0,0,7.0,73.0,304.0,30.5,35.0,103.0,7.37,4.49,23.0
Fred Davis,2008,TE,USC,2,4.68,53.33,,,2,0,1,6,0,3,14.0,75.0,255.0,,24.0,,,,22.0
DeSean Jackson,2008,WR,California,4,4.35,70.0,,,2,0,1,15,3,11,75.0,70.0,169.0,,,120.0,,,21.0
Calais Campbell,2008,DE,Miami (FL),2,5.04,9.23,,,2,0,1,18,6,17,113.0,80.0,290.0,29.5,16.0,111.0,7.45,4.69,22.0
Malcolm Kelly,2008,WR,Oklahoma,2,4.68,4.0,,,2,0,0,2,0,1,3.0,76.0,224.0,,,,,,21.0
Quentin Groves,2008,DE,Auburn,2,4.53,87.69,,,2,0,0,7,0,2,17.0,75.0,259.0,29.5,30.0,120.0,7.31,4.42,24.0
Limas Sweed,2008,WR,Texas,2,4.48,44.0,,,2,0,0,2,0,0,1.0,76.0,215.0,35.0,,,,,23.0
Jason Jones,2008,DE,Eastern Michigan,8,4.76,52.31,,,2,0,1,9,0,4,32.0,77.0,273.0,25.5,18.0,123.0,7.29,4.32,22.0
Ray Rice,2008,RB,Rutgers,4,4.42,63.33,,,2,0,1,6,3,5,63.0,68.0,199.0,31.5,23.0,119.0,6.65,4.2,21.0
Brian Brohm,2008,QB,Louisville,4,4.81,36.25,,,2,0,0,3,0,0,0.0,75.0,230.0,30.0,,115.0,7.13,4.55,22.0
Chad Henne,2008,QB,Michigan,1,4.92,22.5,,,2,0,1,15,0,3,26.0,75.0,230.0,25.5,,106.0,7.17,4.4,23.0
Dexter Jackson,2008,WR,Appalachian State,8,4.33,74.0,,,2,0,0,1,0,0,0.0,69.0,182.0,29.5,,122.0,6.81,4.38,22.0
Mike Pollak,2008,OT,Arizona State,3,4.99,71.76,,,2,0,0,7,0,2,26.0,75.0,301.0,25.0,29.0,110.0,7.49,4.47,23.0
Pat Lee,2008,DB,Auburn,2,4.41,64.44,,,2,0,0,5,0,1,4.0,72.0,200.0,31.0,15.0,120.0,7.07,4.3,24.0
Martellus Bennett,2008,TE,Texas A&M,2,4.68,53.33,,,2,0,1,10,1,8,35.0,78.0,259.0,34.0,18.0,118.0,7.64,4.53,21.0
Terrence Wheatley,2008,DB,Colorado,3,4.37,73.33,,,2,0,0,3,0,0,1.0,70.0,187.0,36.5,17.0,128.0,6.74,4.17,23.0
Terrell Thomas,2008,DB,USC,2,4.45,55.56,,,2,0,0,6,0,2,18.0,72.0,202.0,30.5,14.0,123.0,7.18,,23.0
Kevin Smith,2008,RB,UCF,4,4.53,45.0,,,3,1,0,5,0,2,19.0,73.0,217.0,32.0,,120.0,6.74,4.49,21.0
John Greco,2008,OT,Toledo,8,5.29,36.47,,,3,1,1,11,0,5,29.0,77.0,305.0,26.0,30.0,108.0,8.03,4.82,23.0
Kendall Langford,2008,DE,Hampton,10,4.95,23.08,,,3,1,1,10,0,8,43.0,77.0,287.0,27.0,24.0,114.0,7.72,4.69,22.0
Charles Godfrey,2008,DB,Iowa,3,4.43,60.0,,,3,1,1,8,0,5,27.0,72.0,207.0,32.5,14.0,121.0,7.28,4.4,22.0
Chevis Jackson,2008,DB,LSU,1,4.52,40.0,,,3,1,0,3,0,0,4.0,72.0,192.0,36.0,13.0,125.0,6.96,4.15,22.0
Jacob Hester,2008,FB,LSU,1,4.61,60.0,,,3,1,0,5,0,1,6.0,71.0,226.0,27.5,23.0,111.0,6.85,4.24,23.0
Earl Bennett,2008,WR,Vanderbilt,4,4.48,44.0,,,3,1,0,6,0,1,19.0,71.0,209.0,26.0,15.0,110.0,7.15,4.22,21.0
Tavares Gooden,2008,LB,Miami (FL),2,4.62,46.0,,,3,1,0,6,0,1,9.0,73.0,234.0,35.0,22.0,118.0,,,23.0
Chris Ellis,2008,DE,Virginia Tech,3,4.71,60.0,,,3,1,0,3,0,0,2.0,76.0,263.0,27.0,,109.0,7.64,4.65,23.0
Jamaal Charles,2008,RB,Texas,2,4.38,70.0,,,3,1,1,11,4,4,66.0,71.0,200.0,30.5,,122.0,6.8,4.22,21.0
Dan Connor,2008,LB,Penn State,2,4.67,36.0,,,3,1,0,6,0,2,13.0,74.0,231.0,,,,,,22.0
Reggie Smith,2008,DB,Oklahoma,2,4.61,20.0,,,3,1,0,4,0,1,5.0,72.0,199.0,,13.0,,,,21.0
Brad Cottam,2008,TE,Tennessee,2,4.63,61.67,,,3,1,0,2,0,1,2.0,79.0,270.0,33.0,24.0,,,,23.0
Pat Sims,2008,DT,Auburn,2,5.06,36.25,,,3,1,1,10,0,3,27.0,74.0,310.0,27.0,20.0,,,,22.0
Shawn Crable,2008,LB,Michigan,1,4.61,48.0,,,3,1,0,3,0,0,0.0,77.0,245.0,28.0,29.0,111.0,7.29,4.55,23.0
Antwaun Molden,2008,DB,Eastern Kentucky,10,4.39,68.89,,,3,1,0,5,0,0,4.0,73.0,198.0,37.5,23.0,129.0,6.85,4.14,23.0
Bryan Smith,2008,LB,McNeese State,10,4.74,22.0,,,3,1,0,2,0,0,1.0,74.0,231.0,32.5,17.0,120.0,7.22,4.4,24.0
Early Doucet,2008,WR,LSU,1,4.59,22.0,,,3,1,0,5,0,0,10.0,72.0,209.0,,,,,,22.0
DaJuan Morgan,2008,DB,NC State,4,4.5,44.44,,,3,1,0,3,0,0,3.0,72.0,205.0,33.0,21.0,119.0,7.12,4.41,22.0
Jeremy Zuttah,2008,OG,Rutgers,4,4.99,74.67,,,3,1,1,9,1,8,46.0,75.0,303.0,26.5,35.0,107.0,7.59,4.54,22.0
Harry Douglas,2008,WR,Louisville,4,4.51,38.0,,,3,1,1,10,0,2,31.0,71.0,176.0,31.0,,120.0,6.57,4.12,23.0
Craig Stevens,2008,TE,California,4,4.59,68.33,,,3,1,1,8,0,5,5.0,75.0,254.0,27.5,27.0,114.0,7.07,4.31,24.0
Tom Zbikowski,2008,DB,Notre Dame,2,4.44,57.78,,,3,1,0,5,0,1,11.0,71.0,211.0,,24.0,,,,23.0
Andre Fluellen,2008,DT,Florida State,2,5.0,43.75,,,3,1,0,8,0,0,8.0,74.0,296.0,,28.0,,,,23.0
Bruce Davis,2008,LB,UCLA,5,4.78,14.0,,,3,1,0,4,0,0,0.0,75.0,252.0,29.0,19.0,109.0,7.34,4.47,23.0
Steve Slaton,2008,RB,West Virginia,4,4.45,58.33,,,3,1,0,4,0,2,21.0,69.0,197.0,33.5,19.0,118.0,,,22.0
Marcus Harrison,2008,DT,Arkansas,3,5.06,36.25,,,3,1,0,3,0,1,6.0,75.0,317.0,,26.0,,,,24.0
Jermichael Finley,2008,TE,Texas,2,4.82,30.0,,,3,1,1,6,0,3,27.0,76.0,243.0,27.5,20.0,117.0,7.15,4.38,21.0
Cliff Avril,2008,LB,Purdue,4,4.51,68.0,,,3,1,1,10,1,7,51.0,75.0,253.0,32.5,27.0,117.0,6.9,4.51,22.0
Philip Wheeler,2008,LB,Georgia Tech,3,4.76,18.0,,,3,1,1,9,0,3,29.0,74.0,248.0,31.0,24.0,118.0,7.11,4.29,23.0
Kevin O'Connell,2008,QB,San Diego State,7,4.61,61.25,,,3,1,0,1,0,0,0.0,77.0,225.0,31.0,,113.0,7.01,4.38,23.0
Mario Manningham,2008,WR,Michigan,1,4.59,22.0,,,3,1,1,6,0,4,22.0,72.0,181.0,32.0,16.0,117.0,7.34,4.27,22.0
Chad Rinehart,2008,OT,Northern Iowa,10,5.42,21.18,,,3,1,0,7,0,1,23.0,77.0,320.0,28.5,26.0,106.0,7.84,4.56,23.0
Andre Caldwell,2008,WR,Florida,2,4.35,70.0,,,3,1,0,8,0,0,12.0,72.0,204.0,33.0,,124.0,6.75,4.11,23.0
Thomas DeCoud,2008,DB,California,4,4.5,44.44,,,3,1,1,7,1,6,37.0,73.0,207.0,35.5,,122.0,6.85,4.27,23.0
Oniel Cousins,2008,OG,UTEP,6,5.11,58.67,,,3,1,0,7,0,0,10.0,76.0,308.0,24.5,23.0,107.0,7.9,4.8,24.0
Tyvon Branch,2008,DB,Connecticut,6,4.31,86.67,,,4,1,1,10,0,5,28.0,71.0,204.0,34.0,19.0,120.0,,4.4,21.0
Justin King,2008,DB,Penn State,2,4.31,86.67,,,4,1,0,5,0,1,9.0,71.0,192.0,34.0,14.0,127.0,7.14,4.31,21.0
Jeremy Thompson,2008,DE,Wake Forest,4,4.75,53.85,,,4,1,0,2,0,0,1.0,76.0,264.0,32.0,25.0,117.0,6.97,4.23,22.0
William Hayes,2008,DE,Winston-Salem State,10,,,,,4,1,1,11,0,4,32.0,,,,,,,,23.0
Beau Bell,2008,LB,UNLV,10,4.9,0.0,,,4,1,0,1,0,0,0.0,73.0,244.0,,25.0,,,,22.0
Will Franklin,2008,WR,Missouri,4,4.37,66.0,,,4,1,0,1,0,0,1.0,72.0,214.0,34.5,,,,,22.0
Marcus Smith,2008,WR,New Mexico,7,4.51,38.0,,,4,1,0,3,0,0,0.0,73.0,221.0,26.5,20.0,111.0,7.1,4.42,23.0
Cody Wallace,2008,C,Texas A&M,2,5.3,40.0,,,4,1,0,8,0,1,13.0,76.0,296.0,30.5,26.0,113.0,7.45,4.55,23.0
Kory Lichtensteiger,2008,C,Bowling Green,10,5.25,46.67,,,4,1,1,9,0,4,34.0,74.0,298.0,23.0,,104.0,7.6,4.56,23.0
Mike McGlynn,2008,OT,Pittsburgh,3,5.38,25.88,,,4,1,1,8,0,4,29.0,76.0,311.0,23.0,30.0,101.0,7.58,4.72,23.0
Shawn Murphy,2008,OT,Utah State,7,5.38,25.88,,,4,1,0,2,0,0,0.0,76.0,320.0,21.5,29.0,100.0,7.74,4.89,25.0
Martin Rucker,2008,TE,Missouri,4,4.75,41.67,,,4,1,0,4,0,0,0.0,77.0,251.0,,20.0,,,,23.0
Anthony Collins,2008,OT,Kansas,10,5.54,7.06,,,4,1,0,7,0,1,16.0,77.0,317.0,22.5,26.0,97.0,7.71,4.87,22.0
Dwight Lowery,2008,DB,San Jose State,7,4.54,35.56,,,4,1,1,9,0,6,35.0,71.0,201.0,33.5,16.0,116.0,7.31,4.38,22.0
Reggie Corner,2008,DB,Akron,10,,,,,4,1,0,4,0,0,8.0,,,,,,,,24.0
Dre Moore,2008,DT,Maryland,4,4.84,63.75,,,4,1,0,2,0,0,1.0,76.0,305.0,28.0,31.0,105.0,7.73,4.55,23.0
Kenny Iwebema,2008,DE,Iowa,3,4.91,29.23,,,4,1,0,3,0,0,2.0,76.0,274.0,29.0,26.0,109.0,7.62,4.75,23.0
Quintin Demps,2008,DB,UTEP,6,4.39,68.89,,,4,1,1,10,0,3,22.0,72.0,206.0,31.5,16.0,110.0,,,23.0
Xavier Adibi,2008,LB,Virginia Tech,3,4.69,32.0,,,4,1,0,5,0,0,4.0,74.0,232.0,30.0,,110.0,,4.47,23.0
Jack Williams,2008,DB,Kent State,8,4.43,60.0,,,4,1,0,2,0,0,2.0,69.0,186.0,35.5,19.0,121.0,6.91,,23.0
Craig Steltz,2008,DB,LSU,1,4.63,15.56,,,4,1,0,6,0,0,6.0,73.0,213.0,,,,,,22.0
Red Bryant,2008,DT,Texas A&M,2,5.0,43.75,,,4,1,1,8,0,4,31.0,76.0,318.0,28.0,20.0,111.0,7.75,4.64,24.0
Tashard Choice,2008,RB,Georgia Tech,3,4.48,53.33,,,4,1,0,6,0,0,13.0,70.0,215.0,34.0,20.0,119.0,6.88,,23.0
Bryan Kehl,2008,LB,BYU,5,4.67,36.0,,,4,1,0,6,0,0,7.0,74.0,242.0,34.0,26.0,119.0,6.88,4.23,24.0
Justin Tryon,2008,DB,Arizona State,3,4.42,62.22,,,4,1,0,5,0,0,6.0,69.0,190.0,32.5,21.0,119.0,7.41,4.28,24.0
Arman Shields,2008,WR,Richmond,9,4.37,66.0,,,4,1,0,0,0,0,0.0,73.0,194.0,37.5,19.0,128.0,6.67,3.96,23.0
Lavelle Hawkins,2008,WR,California,4,4.57,26.0,,,4,1,0,6,0,0,7.0,71.0,187.0,,14.0,117.0,,,22.0
Jacob Tamme,2008,TE,Kentucky,4,4.58,70.0,,,4,1,0,9,0,2,21.0,75.0,236.0,30.0,18.0,109.0,6.99,4.27,23.0
Keenan Burton,2008,WR,Kentucky,4,4.44,52.0,,,4,1,0,2,0,1,3.0,72.0,201.0,38.5,10.0,125.0,6.77,4.2,23.0
Jonathan Wilhite,2008,DB,Auburn,2,4.38,71.11,,,4,1,0,4,0,0,10.0,69.0,185.0,33.5,20.0,119.0,,,24.0
Tony Hills,2008,OT,Texas,2,5.16,51.76,,,4,1,0,9,0,0,3.0,77.0,309.0,,,,,,23.0
Jack Ikegwuonu,2008,DB,Wisconsin,3,4.44,57.78,,,4,1,0,2,0,0,0.0,70.0,194.0,,,,,,22.0
Derek Fine,2008,TE,Kansas,10,4.83,28.33,,,4,1,0,2,0,1,2.0,75.0,251.0,29.0,24.0,115.0,6.8,4.19,25.0
David Hale,2008,OT,Weber State,10,5.27,38.82,,,4,1,0,2,0,0,1.0,78.0,314.0,26.0,25.0,100.0,7.69,4.75,25.0
Stanford Keglar,2008,LB,Purdue,4,4.58,54.0,,,4,1,0,3,0,0,3.0,74.0,239.0,34.0,29.0,126.0,6.7,3.98,23.0
Josh Sitton,2008,OT,UCF,4,,,,,4,1,1,11,4,9,81.0,,,,,,,,22.0
Kenny Moore,2008,WR,Wake Forest,4,4.47,46.0,,,5,2,0,3,0,0,1.0,71.0,195.0,28.0,,120.0,7.09,4.3,23.0
John David Booty,2008,QB,USC,2,4.82,35.0,,,5,2,0,0,0,0,0.0,74.0,218.0,22.5,,99.0,,4.58,
Robert James,2008,LB,Arizona State,3,4.7,30.0,,,5,2,0,6,0,0,1.0,70.0,219.0,,22.0,,,,24.0
Ryan Torain,2008,RB,Arizona State,3,4.61,31.67,,,5,2,0,5,0,1,5.0,72.0,222.0,34.0,21.0,120.0,,,22.0
Brandon Carr,2008,DB,Grand Valley State,10,,,,,5,2,1,13,0,12,53.0,,,,,,,,22.0
Gary Barnidge,2008,TE,Louisville,4,4.61,65.0,,,5,2,1,9,1,4,14.0,78.0,243.0,31.0,22.0,117.0,6.92,4.23,22.0
Zackary Bowman,2008,DB,Nebraska,3,4.39,68.89,,,5,2,0,8,0,1,15.0,72.0,197.0,30.5,18.0,122.0,7.1,4.21,23.0
Orlando Scandrick,2008,DB,Boise State,7,4.32,84.44,,,5,2,1,12,0,4,26.0,70.0,192.0,33.5,,125.0,6.83,,21.0
DeMario Pressley,2008,DT,NC State,4,5.09,32.5,,,5,2,0,4,0,0,1.0,75.0,301.0,25.5,28.0,100.0,,,22.0
Jason Shirley,2008,DT,Fresno State,7,,,,,5,2,0,4,0,0,0.0,,,,,,,,22.0
Jerome Felton,2008,FB,Furman,9,4.68,49.23,,,5,2,1,9,1,3,3.0,72.0,241.0,32.5,30.0,110.0,7.2,4.46,22.0
Alvin Bowen,2008,LB,Iowa State,4,4.79,12.0,,,5,2,0,3,0,0,0.0,73.0,223.0,34.0,15.0,119.0,7.21,4.3,24.0
Carlton Powell,2008,DT,Virginia Tech,3,5.1,31.25,,,5,2,0,4,0,0,0.0,74.0,292.0,22.5,23.0,108.0,7.78,4.87,23.0
Tim Hightower,2008,RB,Richmond,9,,,,,5,2,0,9,0,2,26.0,,,,,,,,22.0
Breno Giacomini,2008,OT,Louisville,4,5.2,47.06,,,5,2,1,10,0,5,36.0,79.0,303.0,22.5,23.0,108.0,7.56,4.63,22.0
Frank Okam,2008,DT,Texas,2,5.32,3.75,,,5,2,0,4,0,0,3.0,76.0,347.0,23.0,32.0,104.0,8.07,4.95,22.0
Letroy Guion,2008,DT,Florida State,2,5.31,5.0,,,5,2,1,9,0,4,28.0,75.0,303.0,,26.0,,,,21.0
Matthew Slater,2008,WR,UCLA,5,,,,,5,2,1,16,10,0,0.0,,,,,,,,22.0
Kroy Biermann,2008,LB,Montana,9,4.85,0.0,,,5,2,1,8,0,3,24.0,75.0,246.0,31.5,29.0,112.0,7.08,4.56,22.0
Thomas Williams,2008,LB,USC,2,4.86,0.0,,,5,2,0,4,0,0,1.0,73.0,238.0,29.5,26.0,113.0,,,23.0
Dennis Dixon,2008,QB,Oregon,2,4.58,65.0,,,5,2,0,3,0,0,2.0,75.0,195.0,,,,,,23.0
Roy Schuening,2008,OG,Oregon State,4,5.29,34.67,,,5,2,0,1,0,0,0.0,76.0,306.0,25.0,26.0,,,,24.0
Kellen Davis,2008,TE,Michigan State,3,4.59,68.33,,,5,2,1,9,0,4,5.0,78.0,262.0,28.0,22.0,118.0,7.25,4.38,22.0
Trae Williams,2008,DB,South Florida,6,4.51,42.22,,,5,2,0,0,0,0,0.0,69.0,193.0,29.5,,110.0,,,23.0
Josh Johnson,2008,QB,San Diego,10,4.53,71.25,,,5,2,0,18,0,0,9.0,75.0,213.0,33.5,,110.0,7.56,4.42,22.0
Marcus Howard,2008,LB,Georgia,1,4.45,80.0,,,5,2,0,1,0,0,1.0,72.0,237.0,34.5,27.0,,,,22.0
Erik Ainge,2008,QB,Tennessee,2,4.98,15.0,,,5,2,0,0,0,0,0.0,77.0,225.0,21.5,,108.0,7.51,4.6,22.0
Owen Schmitt,2008,FB,West Virginia,4,4.73,41.54,,,5,2,0,5,0,0,1.0,74.0,247.0,,26.0,,,,23.0
Carl Nicks,2008,OT,Nebraska,3,5.22,44.71,,,5,2,1,6,2,4,53.0,77.0,341.0,25.5,31.0,109.0,7.91,4.68,23.0
Jonathan Goff,2008,LB,Vanderbilt,4,4.63,44.0,,,5,2,0,3,0,1,9.0,74.0,245.0,31.5,28.0,118.0,6.86,4.26,22.0
Marcus Thomas,2008,RB,UTEP,6,4.59,35.0,,,5,2,0,1,0,0,0.0,72.0,213.0,30.0,21.0,116.0,,,24.0
Erik Walden,2008,DE,Middle Tenn. State,10,,,,,6,2,1,10,0,6,37.0,,,,,,,,23.0
Durant Brooks,2008,P,Georgia Tech,3,5.2,0.0,,,6,2,0,1,0,0,0.0,72.0,204.0,,,,,,23.0
Trevor Scott,2008,DE,Buffalo,8,,,,,6,2,0,7,0,2,11.0,,,,,,,,24.0
Barry Richardson,2008,OT,Clemson,1,5.45,17.65,,,6,2,1,6,0,3,19.0,79.0,320.0,25.5,24.0,100.0,8.0,5.16,22.0
Marcus Henry,2008,WR,Kansas,10,4.55,30.0,,,6,2,0,0,0,0,0.0,76.0,207.0,31.5,,126.0,7.08,4.3,22.0
Thomas Brown,2008,RB,Georgia,1,4.51,48.33,,,6,2,0,0,0,0,0.0,68.0,204.0,36.0,25.0,128.0,7.17,,22.0
Dominique Barber,2008,DB,Minnesota,4,4.68,4.44,,,6,2,0,4,0,0,5.0,72.0,210.0,34.0,23.0,117.0,7.08,4.34,22.0
Josh Morgan,2008,WR,Virginia Tech,3,4.46,48.0,,,6,2,1,7,0,5,21.0,72.0,219.0,,,,,,23.0
Geno Hayes,2008,LB,Florida State,2,4.64,42.0,,,6,2,1,7,0,5,30.0,73.0,226.0,26.5,22.0,116.0,7.22,4.48,21.0
Jalen Parmele,2008,RB,Toledo,8,4.47,55.0,,,6,2,0,7,0,0,1.0,71.0,224.0,34.0,19.0,125.0,6.96,4.29,22.0
Corey Lynch,2008,DB,Appalachian State,8,,,,,6,2,0,6,0,0,8.0,,,,,,,,23.0
Taylor Mehlhaff,2008,K,Wisconsin,3,4.92,12.31,,,6,2,0,1,0,0,0.0,70.0,183.0,,13.0,,,,23.0
Xavier Omon,2008,RB,NW Missouri State,10,4.52,46.67,,,6,2,0,2,0,0,0.0,71.0,228.0,31.0,17.0,112.0,,,23.0
Kareem Moore,2008,DB,Nicholls State,10,,,,,6,2,0,3,0,1,7.0,,,,,,,,24.0
Nick Hayden,2008,DT,Wisconsin,3,5.14,26.25,,,6,2,1,8,0,4,25.0,76.0,291.0,27.0,34.0,108.0,7.55,4.54,22.0
Kevin Robinson,2008,WR,Utah State,7,4.69,2.0,,,6,2,0,1,0,0,0.0,71.0,202.0,27.5,,115.0,7.31,4.77,23.0
Spencer Larsen,2008,LB,Arizona,4,4.85,0.0,,,6,2,0,6,0,1,5.0,74.0,238.0,28.5,27.0,113.0,7.68,4.55,24.0
Mike Gibson,2008,OT,California,4,5.27,38.82,,,6,2,0,6,0,0,5.0,75.0,305.0,27.0,31.0,110.0,7.21,4.64,22.0
Chris Harrington,2008,DE,Texas A&M,2,4.84,40.0,,,6,2,0,2,0,0,0.0,76.0,264.0,,21.0,117.0,,,23.0
Colt Brennan,2008,QB,Hawaii,7,4.79,38.75,,,6,2,0,0,0,0,0.0,74.0,207.0,,,,,,25.0
John Sullivan,2008,C,Notre Dame,2,5.35,33.33,,,6,2,1,11,0,8,54.0,75.0,301.0,30.0,21.0,103.0,7.62,4.55,23.0
Mike Humpal,2008,LB,Iowa,3,4.82,6.0,,,6,2,0,0,0,0,0.0,74.0,244.0,31.0,20.0,119.0,7.07,4.25,23.0
Tyler Schmitt,2008,LB,San Diego State,7,4.93,0.0,,,6,2,0,0,0,0,0.0,74.0,231.0,29.0,21.0,118.0,7.03,4.33,22.0
Ahtyba Rubin,2008,DT,Iowa State,4,5.2,18.75,,,6,2,1,10,0,7,47.0,75.0,315.0,28.0,35.0,106.0,8.05,5.0,22.0
Paul Hubbard,2008,WR,Wisconsin,3,4.49,42.0,,,6,2,0,3,0,0,0.0,75.0,221.0,29.5,15.0,126.0,,,23.0
DeJuan Tribble,2008,DB,Boston College,4,4.59,24.44,,,6,2,0,0,0,0,0.0,69.0,189.0,32.0,13.0,114.0,,,23.0
Jaymar Johnson,2008,WR,Jackson State,10,4.5,40.0,,,6,2,0,4,0,0,0.0,71.0,177.0,32.0,14.0,118.0,6.75,4.18,24.0
Ryan Mundy,2008,DB,West Virginia,4,,,,,6,2,0,7,0,1,17.0,,,,,,,,23.0
Donald Thomas,2008,OG,Connecticut,6,5.0,73.33,,,6,2,0,6,0,1,16.0,75.0,303.0,24.5,28.0,100.0,7.45,4.78,22.0
Tom Santi,2008,TE,Virginia,4,4.8,33.33,,,6,2,0,2,0,0,2.0,75.0,250.0,36.0,14.0,121.0,7.08,4.27,22.0
Bo Ruud,2008,LB,Nebraska,3,,,,,6,2,0,0,0,0,0.0,,,,,,,,24.0
Andre Woodson,2008,QB,Kentucky,4,4.85,31.25,,,6,2,0,0,0,0,0.0,76.0,229.0,,,,,,24.0
Robert Henderson,2008,DE,Southern Miss,10,,,,,6,2,0,0,0,0,0.0,,,,,,,,24.0
Joe Mays,2008,LB,North Dakota State,9,,,,,6,2,0,8,0,2,18.0,,,,,,,,23.0
Steve Justice,2008,C,Wake Forest,4,5.24,48.0,,,6,2,0,1,0,0,1.0,75.0,293.0,21.0,23.0,98.0,7.4,4.58,24.0
Mike Hart,2008,RB,Michigan,1,4.69,18.33,,,6,2,0,3,0,0,3.0,69.0,206.0,28.0,23.0,110.0,,,22.0
Andy Studebaker,2008,LB,Wheaton,10,,,,,6,2,0,8,0,0,11.0,,,,,,,,22.0
Lex Hilliard,2008,RB,Montana,9,4.68,20.0,,,6,2,0,5,0,1,3.0,71.0,231.0,32.0,,122.0,7.01,4.2,24.0
Pierre Garcon,2008,WR,Mount Union,10,4.42,56.0,,,6,2,1,11,0,10,54.0,72.0,210.0,36.5,20.0,125.0,6.9,4.19,22.0
Haruki Nakamura,2008,DB,Cincinnati,4,,,,,6,2,0,5,0,1,10.0,,,,,,,,22.0
Matt Sherry,2008,TE,Villanova,9,,,,,6,2,0,0,0,0,0.0,,,,,,,,23.0
Ervin Baldwin,2008,DE,Michigan State,3,,,,,7,2,0,2,0,0,0.0,,,,,,,,22.0
Matt Flynn,2008,QB,LSU,1,4.79,38.75,,,7,2,0,7,0,0,8.0,74.0,231.0,28.0,,109.0,7.21,4.34,23.0
Brian Johnston,2008,DE,Gardner-Webb,10,,,,,7,2,0,1,0,0,0.0,,,,,,,,22.0
Nate Garner,2008,OT,Arkansas,3,,,,,7,2,0,7,0,0,13.0,,,,,,,,23.0
Wilrey Fontenot,2008,DB,Arizona,4,4.4,66.67,,,7,2,0,0,0,0,0.0,69.0,171.0,34.0,18.0,128.0,7.29,4.26,23.0
Chauncey Washington,2008,RB,USC,2,4.45,58.33,,,7,2,0,4,0,0,0.0,71.0,211.0,,,,,,23.0
Larry Grant,2008,LB,Ohio State,1,4.76,18.0,,,7,2,0,6,0,1,10.0,73.0,235.0,31.5,20.0,113.0,6.77,4.22,23.0
Justin Harper,2008,WR,Virginia Tech,3,4.56,28.0,,,7,2,0,2,0,0,0.0,75.0,213.0,28.5,,120.0,7.03,4.43,23.0
Landon Cohen,2008,DT,Ohio,8,,,,,7,2,0,7,0,0,4.0,,,,,,,,22.0
Brett Swain,2008,WR,San Diego State,7,,,,,7,2,0,4,0,0,1.0,,,,,,,,23.0
Caleb Campbell,2008,DB,Army,5,4.57,28.89,,,7,2,0,3,0,0,0.0,74.0,229.0,,24.0,,,,23.0
Demetress Bell,2008,OT,Northwestern State (LA),5,5.18,49.41,,,7,2,0,5,0,2,13.0,77.0,303.0,26.5,9.0,109.0,7.65,4.65,24.0
Josh Barrett,2008,DB,Arizona State,3,4.34,80.0,,,7,2,0,4,0,0,3.0,74.0,223.0,31.5,17.0,121.0,7.07,4.27,23.0
Hilee Taylor,2008,LB,North Carolina,3,,,,,7,2,0,2,0,0,1.0,,,,,,,,22.0
Chester Adams,2008,OG,Georgia,1,,,,,7,2,0,0,0,0,0.0,,,,,,,,23.0
Alex Brink,2008,QB,Washington State,4,4.96,17.5,,,7,2,0,0,0,0,0.0,74.0,211.0,28.0,,112.0,7.22,4.19,23.0
Stevie Johnson,2008,WR,Kentucky,4,4.46,48.0,,,7,2,1,8,0,5,33.0,74.0,210.0,32.5,,121.0,7.07,4.26,21.0
Brandon Keith,2008,OT,Northern Iowa,10,5.27,38.82,,,7,2,0,4,0,2,8.0,77.0,343.0,26.0,31.0,,,,23.0
Chaz Schilens,2008,WR,San Diego State,7,,,,,7,2,0,5,0,1,7.0,,,,,,,,22.0
Peyton Hillis,2008,FB,Arkansas,3,4.64,55.38,,,7,2,1,7,0,3,21.0,73.0,240.0,30.5,26.0,117.0,7.15,,22.0
Chris Chamberlain,2008,DB,Tulsa,6,,,,,7,2,0,4,0,1,11.0,,,,,,,,22.0
Cary Williams,2008,DB,Washburn,10,,,,,7,2,1,8,0,5,30.0,,,,,,,,23.0
King Dunlap,2008,OT,Auburn,2,5.28,37.65,,,7,2,1,9,0,4,32.0,80.0,310.0,,21.0,,,,22.0
Alex Hall,2008,LB,State Augustine's,10,,,,,7,2,0,3,0,0,3.0,,,,,,,,23.0
Keith Zinger,2008,TE,LSU,1,,,,,7,2,0,2,0,0,0.0,,,,,,,,23.0
Justin Forsett,2008,RB,California,4,4.62,30.0,,,7,2,1,9,1,2,32.0,68.0,194.0,26.5,26.0,112.0,6.96,,22.0
Corey Clark,2008,OT,Texas A&M,2,5.28,37.65,,,7,2,0,2,0,0,0.0,77.0,315.0,23.0,23.0,106.0,7.47,4.68,24.0
Brandon Coutu,2008,K,Georgia,1,,,,,7,2,0,4,0,0,0.0,,,,,,,,23.0
Jamey Richard,2008,OT,Buffalo,8,5.22,44.71,,,7,2,0,4,0,0,11.0,77.0,295.0,26.5,22.0,107.0,7.58,4.69,23.0
Adrian Arrington,2008,WR,Michigan,1,4.55,30.0,,,7,2,0,4,0,0,1.0,75.0,203.0,,,,,,22.0
Cory Boyd,2008,RB,South Carolina,3,4.52,46.67,,,7,2,0,1,0,0,0.0,72.0,213.0,33.5,25.0,118.0,6.97,4.24,23.0
Mike Merritt,2008,TE,UCF,4,,,,,7,2,0,0,0,0,0.0,,,,,,,,24.0
Allen Patrick,2008,RB,Oklahoma,2,4.55,41.67,,,7,2,0,0,0,0,0.0,73.0,198.0,,,,,,24.0
Geoff Schwartz,2008,OT,Oregon,2,5.36,28.24,,,7,2,0,8,0,2,18.0,78.0,332.0,20.5,,98.0,7.9,4.79,22.0
Rob Jackson,2008,DE,Kansas State,4,,,,,7,2,0,6,0,1,9.0,,,,,,,,22.0
Joey LaRocque,2008,LB,Oregon State,4,,,,,7,2,0,1,0,0,1.0,,,,,,,,22.0
Angelo Craig,2008,LB,Cincinnati,4,5.07,0.0,,,7,2,0,0,0,0,0.0,76.0,252.0,30.5,21.0,118.0,,,
Lionel Dotson,2008,DT,Arizona,4,5.38,0.0,,,7,2,0,4,0,0,0.0,76.0,296.0,25.0,,99.0,7.62,4.75,23.0
Mario Urrutia,2008,WR,Louisville,4,4.59,22.0,,,7,2,0,0,0,0,0.0,77.0,232.0,30.0,16.0,115.0,7.07,4.44,22.0
Kirk Barton,2008,OT,Ohio State,1,5.01,69.41,,,7,2,0,1,0,0,0.0,76.0,310.0,,34.0,,,,23.0
Marcus Monk,2008,WR,Arkansas,3,4.56,28.0,,,7,2,0,0,0,0,0.0,76.0,222.0,34.5,9.0,119.0,7.08,4.3,22.0
Chris Horton,2008,DB,UCLA,5,4.54,35.56,,,7,2,0,3,0,1,8.0,72.0,212.0,28.5,14.0,109.0,7.34,4.35,23.0
Mackenzy Bernadeau,2008,OG,Bentley College,10,,,,,7,2,0,8,0,2,25.0,,,,,,,,22.0
Kennard Cox,2008,DB,Pittsburgh,3,,,,,7,2,0,4,0,0,2.0,,,,,,,,23.0
David Vobora,2008,LB,Idaho,10,,,,,7,2,0,4,0,1,8.0,,,,,,,,22.0
Matthew Stafford,2009,QB,Georgia,1,4.81,36.25,,,1,0,1,17,3,16,133.0,74.0,225.0,30.5,,107.0,7.06,4.47,21.0
Jason Smith,2009,OT,Baylor,3,5.09,60.0,,,1,0,0,4,0,2,10.0,77.0,309.0,24.0,33.0,96.0,7.53,4.69,23.0
Tyson Jackson,2009,DE,LSU,1,4.94,24.62,,,1,0,1,8,0,7,34.0,76.0,296.0,28.5,,102.0,7.64,4.8,23.0
Aaron Curry,2009,LB,Wake Forest,4,4.52,66.0,,,1,0,1,4,0,3,16.0,74.0,254.0,37.0,25.0,124.0,7.15,4.51,23.0
Mark Sanchez,2009,QB,USC,2,4.93,21.25,,,1,0,1,10,0,4,32.0,74.0,227.0,32.5,,116.0,7.06,4.21,22.0
Andre Smith,2009,OT,Alabama,1,5.28,37.65,,,1,0,1,13,0,8,41.0,76.0,332.0,,,,,,22.0
Darrius Heyward-Bey,2009,WR,Maryland,4,4.3,80.0,,,1,0,1,10,0,5,23.0,74.0,210.0,38.5,16.0,126.0,6.8,4.18,22.0
Eugene Monroe,2009,OT,Virginia,4,5.18,49.41,,,1,0,1,7,0,6,32.0,77.0,309.0,28.5,23.0,110.0,7.86,4.78,22.0
B.J. Raji,2009,DT,Boston College,4,5.12,28.75,,,1,0,1,7,1,5,33.0,73.0,337.0,32.0,33.0,103.0,7.9,4.69,23.0
Michael Crabtree,2009,WR,Texas Tech,4,4.54,32.0,,,1,0,1,11,0,10,53.0,73.0,215.0,,,,,,21.0
Aaron Maybin,2009,DE,Penn State,2,4.64,70.77,,,1,0,0,4,0,0,5.0,76.0,249.0,38.0,22.0,124.0,7.52,4.38,21.0
Knowshon Moreno,2009,RB,Georgia,1,4.5,50.0,,,1,0,1,6,0,3,33.0,71.0,217.0,35.5,25.0,115.0,6.84,4.27,22.0
Brian Orakpo,2009,LB,Texas,2,4.63,44.0,,,1,0,1,10,4,8,58.0,75.0,263.0,39.5,31.0,,,,23.0
Malcolm Jenkins,2009,DB,Ohio State,1,4.51,42.22,,,1,0,1,13,3,12,68.0,72.0,204.0,33.0,15.0,124.0,6.59,4.08,21.0
Brian Cushing,2009,LB,USC,2,4.64,42.0,,,1,0,1,9,1,7,52.0,75.0,243.0,35.0,30.0,120.0,6.84,4.22,22.0
Larry English,2009,LB,Northern Illinois,8,4.74,22.0,,,1,0,0,6,0,1,7.0,74.0,255.0,36.0,24.0,107.0,7.26,4.38,23.0
Josh Freeman,2009,QB,Kansas State,4,4.9,25.0,,,1,0,1,7,0,4,37.0,78.0,248.0,33.5,,119.0,7.11,4.43,21.0
Robert Ayers,2009,DE,Tennessee,2,4.77,50.77,,,1,0,1,9,0,5,27.0,75.0,272.0,29.5,18.0,102.0,7.56,4.51,24.0
Jeremy Maclin,2009,WR,Missouri,4,4.43,54.0,,,1,0,1,9,0,8,50.0,72.0,198.0,,,,,,21.0
Brandon Pettigrew,2009,TE,Oklahoma State,3,4.8,33.33,,,1,0,1,7,0,7,22.0,77.0,263.0,33.0,22.0,118.0,7.12,4.37,24.0
Alex Mack,2009,C,California,4,5.17,57.33,,,1,0,1,13,7,12,86.0,76.0,311.0,,,,,,23.0
Percy Harvin,2009,WR,Florida,2,4.39,62.0,,,1,0,1,8,1,4,43.0,71.0,192.0,,19.0,,,,21.0
Michael Oher,2009,OT,Ole Miss,3,5.16,51.76,,,1,0,1,8,0,7,42.0,76.0,309.0,30.5,21.0,103.0,7.81,4.6,23.0
Peria Jerry,2009,DT,Ole Miss,3,4.98,46.25,,,1,0,0,5,0,2,13.0,74.0,299.0,,,,,,25.0
Vontae Davis,2009,DB,Illinois,4,4.4,66.67,,,1,0,1,10,2,8,45.0,71.0,203.0,36.0,25.0,125.0,6.75,4.07,21.0
Clay Matthews,2009,LB,USC,2,4.58,54.0,,,1,0,1,11,6,10,77.0,75.0,240.0,35.5,23.0,121.0,6.9,4.18,23.0
Donald Brown,2009,RB,Connecticut,6,4.46,56.67,,,1,0,0,7,0,1,25.0,70.0,210.0,41.5,,125.0,6.93,4.1,22.0
Eric Wood,2009,C,Louisville,4,5.19,54.67,,,1,0,1,9,1,9,47.0,76.0,310.0,30.5,30.0,99.0,7.56,4.51,23.0
Hakeem Nicks,2009,WR,North Carolina,3,4.51,38.0,,,1,0,1,7,0,4,40.0,73.0,212.0,36.0,,,,,21.0
Kenny Britt,2009,WR,Rutgers,4,4.47,46.0,,,1,0,1,9,0,5,35.0,75.0,218.0,37.0,23.0,124.0,,4.47,20.0
Beanie Wells,2009,RB,Ohio State,1,4.38,70.0,,,1,0,0,4,0,2,14.0,73.0,235.0,33.5,25.0,128.0,,,21.0
Evander Hood,2009,DE,Missouri,4,4.83,41.54,,,1,0,1,10,0,5,38.0,75.0,300.0,33.0,34.0,108.0,7.5,4.55,22.0
Louis Delmas,2009,DB,Western Michigan,8,4.52,40.0,,,2,0,1,6,0,6,25.0,71.0,202.0,37.0,12.0,126.0,6.67,4.17,22.0
Patrick Chung,2009,DB,Oregon,2,4.49,46.67,,,2,0,1,11,0,10,38.0,71.0,212.0,34.0,25.0,119.0,,,22.0
James Laurinaitis,2009,LB,Ohio State,1,4.72,26.0,,,2,0,1,8,0,7,51.0,74.0,244.0,33.0,22.0,115.0,6.93,4.24,22.0
Brian Robiskie,2009,WR,Ohio State,1,4.46,48.0,,,2,0,0,5,0,1,3.0,75.0,209.0,37.5,,,6.72,4.19,21.0
Alphonso Smith,2009,DB,Wake Forest,4,4.47,51.11,,,2,0,0,4,0,1,8.0,69.0,193.0,34.0,13.0,125.0,7.09,4.38,23.0
Rey Maualuga,2009,LB,USC,2,4.91,0.0,,,2,0,1,9,0,9,49.0,74.0,249.0,,23.0,83.0,,,22.0
Eben Britton,2009,OT,Arizona,4,5.14,54.12,,,2,0,0,6,0,1,17.0,78.0,309.0,28.5,24.0,100.0,7.87,4.91,21.0
Ron Brace,2009,DT,Boston College,4,5.48,0.0,,,2,0,0,4,0,1,6.0,75.0,330.0,28.0,32.0,99.0,8.15,4.73,22.0
Darius Butler,2009,DB,Connecticut,6,4.41,64.44,,,2,0,0,9,0,0,22.0,70.0,183.0,43.0,,134.0,6.92,4.18,23.0
Jairus Byrd,2009,DB,Oregon,2,4.68,4.44,,,2,0,1,9,3,7,38.0,70.0,207.0,,,,,,22.0
Everette Brown,2009,DE,Florida State,2,4.65,69.23,,,2,0,0,6,0,0,6.0,73.0,256.0,31.5,26.0,114.0,7.55,4.53,22.0
Pat White,2009,QB,West Virginia,4,4.55,68.75,,,2,0,0,1,0,0,1.0,72.0,197.0,35.0,,117.0,7.06,4.42,23.0
Clint Sintim,2009,LB,Virginia,4,4.75,20.0,,,2,0,0,2,0,0,2.0,75.0,256.0,34.5,,119.0,7.37,4.4,23.0
Connor Barwin,2009,DE,Cincinnati,4,4.47,96.92,,,2,0,1,10,1,7,51.0,76.0,256.0,40.5,21.0,128.0,6.87,4.18,22.0
Mike Mitchell,2009,DB,Ohio,8,,,,,2,0,1,10,0,5,33.0,,,,,,,,22.0
Darcel McBath,2009,DB,Texas Tech,4,4.53,37.78,,,2,0,0,4,0,0,3.0,72.0,198.0,38.0,14.0,119.0,6.8,4.16,23.0
Max Unger,2009,C,Oregon,2,5.26,45.33,,,2,0,1,10,3,9,69.0,77.0,309.0,24.5,22.0,93.0,7.39,4.5,23.0
Mohamed Massaquoi,2009,WR,Georgia,1,4.51,38.0,,,2,0,1,4,0,3,11.0,73.0,210.0,36.5,,127.0,,,22.0
Andy Levitre,2009,OG,Oregon State,4,5.33,29.33,,,2,0,1,10,0,9,55.0,75.0,305.0,30.5,23.0,103.0,,4.52,23.0
David Veikune,2009,LB,Hawaii,7,4.75,20.0,,,2,0,0,2,0,0,1.0,74.0,257.0,33.0,35.0,110.0,7.2,4.46,23.0
LeSean McCoy,2009,RB,Pittsburgh,3,4.5,50.0,,,2,0,1,12,6,10,83.0,70.0,198.0,,,,,,21.0
Phil Loadholt,2009,OT,Oklahoma,2,5.45,17.65,,,2,0,1,6,0,6,36.0,80.0,332.0,29.0,24.0,95.0,8.18,5.06,23.0
William Moore,2009,DB,Missouri,4,4.49,46.67,,,2,0,1,7,1,5,30.0,72.0,221.0,37.0,16.0,123.0,6.81,4.26,24.0
Fili Moala,2009,DT,USC,2,5.07,35.0,,,2,0,1,5,0,3,19.0,76.0,305.0,30.5,25.0,100.0,,,24.0
Paul Kruger,2009,DE,Utah,3,4.79,47.69,,,2,0,1,8,0,4,29.0,76.0,263.0,32.5,24.0,108.0,7.52,4.47,23.0
Sebastian Vollmer,2009,OT,Houston,6,,,,,2,0,1,7,0,5,52.0,,,,,,,,25.0
Sherrod Martin,2009,DB,Troy,8,4.43,60.0,,,2,0,0,7,0,2,16.0,73.0,198.0,36.0,12.0,123.0,6.6,3.98,24.0
Will Beatty,2009,OT,Connecticut,6,5.06,63.53,,,2,0,1,9,0,4,30.0,78.0,307.0,33.5,27.0,107.0,7.62,4.77,24.0
Sean Smith,2009,DB,Utah,3,4.47,51.11,,,2,0,1,9,0,8,38.0,75.0,214.0,34.0,10.0,119.0,6.92,4.15,22.0
Sen'Derrick Marks,2009,DT,Auburn,2,5.0,43.75,,,2,0,1,8,0,4,27.0,74.0,306.0,33.0,,,,,22.0
Cody Brown,2009,LB,Connecticut,6,4.76,18.0,,,2,0,0,0,0,0,0.0,74.0,244.0,36.5,26.0,120.0,7.1,4.4,22.0
Richard Quinn,2009,TE,North Carolina,3,4.88,20.0,,,2,0,0,3,0,0,0.0,76.0,264.0,32.5,24.0,119.0,7.5,4.62,23.0
Shonn Greene,2009,RB,Iowa,3,4.55,41.67,,,3,1,0,6,0,2,23.0,70.0,227.0,37.0,19.0,121.0,7.1,4.4,24.0
Bradley Fletcher,2009,DB,Iowa,3,4.44,57.78,,,3,1,1,7,0,3,24.0,72.0,196.0,38.5,20.0,122.0,7.04,4.29,23.0
Alex Magee,2009,DE,Purdue,4,4.82,43.08,,,3,1,0,2,0,0,2.0,75.0,298.0,29.5,30.0,103.0,7.52,4.55,22.0
Jarron Gilbert,2009,DT,San Jose State,7,4.81,67.5,,,3,1,0,2,0,0,0.0,77.0,288.0,35.5,28.0,119.0,7.7,4.56,22.0
Jason Williams,2009,LB,Western Illinois,10,,,,,3,1,0,6,0,0,4.0,,,,,,,,23.0
Michael Johnson,2009,DE,Georgia Tech,3,4.61,75.38,,,3,1,1,10,0,8,54.0,79.0,266.0,38.5,28.0,128.0,7.42,4.37,22.0
Matt Shaughnessy,2009,DE,Wisconsin,3,4.86,36.92,,,3,1,1,6,0,3,22.0,77.0,266.0,30.5,24.0,112.0,7.68,4.88,22.0
Terrance Knighton,2009,DT,Temple,6,4.93,52.5,,,3,1,1,7,0,6,37.0,75.0,321.0,28.0,,103.0,7.9,4.78,23.0
Derek Cox,2009,DB,William & Mary,10,,,,,3,1,1,5,0,4,20.0,,,,,,,,22.0
Glen Coffee,2009,RB,Alabama,1,4.5,50.0,,,3,1,0,1,0,0,2.0,72.0,209.0,36.0,24.0,121.0,7.35,4.51,22.0
Robert Brewster,2009,OT,Ball State,8,5.29,36.47,,,3,1,0,2,0,0,0.0,76.0,325.0,30.5,23.0,98.0,7.68,4.75,23.0
DeAndre Levy,2009,LB,Wisconsin,3,4.56,58.0,,,3,1,1,8,0,6,45.0,74.0,236.0,,19.0,119.0,,,22.0
Antoine Caldwell,2009,OG,Alabama,1,5.24,41.33,,,3,1,0,4,0,0,11.0,75.0,309.0,28.0,23.0,111.0,7.96,5.04,23.0
Louis Vasquez,2009,OG,Texas Tech,4,5.22,44.0,,,3,1,1,7,1,7,59.0,77.0,333.0,,39.0,,,,22.0
Kraig Urbik,2009,OT,Wisconsin,3,5.25,41.18,,,3,1,1,8,0,4,27.0,77.0,328.0,24.0,29.0,94.0,7.87,4.89,23.0
Kevin Barnes,2009,DB,Maryland,4,4.45,55.56,,,3,1,0,4,0,0,3.0,72.0,187.0,38.5,,128.0,6.72,3.96,22.0
Roy Miller,2009,DT,Texas,2,4.93,52.5,,,3,1,1,9,0,5,33.0,73.0,310.0,32.0,36.0,103.0,8.01,4.74,22.0
Derrick Williams,2009,WR,Penn State,2,4.47,46.0,,,3,1,0,2,0,0,0.0,71.0,194.0,33.0,15.0,,,,23.0
Brandon Tate,2009,WR,North Carolina,3,4.52,36.0,,,3,1,0,10,0,1,16.0,72.0,183.0,,,,,,21.0
Mike Wallace,2009,WR,Ole Miss,3,4.33,74.0,,,3,1,1,10,1,8,57.0,72.0,199.0,40.0,14.0,129.0,6.9,4.27,23.0
Ramses Barden,2009,WR,Cal Poly,9,4.51,38.0,,,3,1,0,4,0,0,5.0,78.0,229.0,33.5,17.0,118.0,,4.26,23.0
Asher Allen,2009,DB,Georgia,1,4.48,48.89,,,3,1,0,3,0,2,8.0,69.0,194.0,35.0,22.0,115.0,6.93,4.3,21.0
Patrick Turner,2009,WR,USC,2,4.59,22.0,,,3,1,0,4,0,0,1.0,77.0,223.0,,,,,,22.0
Lardarius Webb,2009,DB,Nicholls State,10,4.35,77.78,,,3,1,1,9,0,5,36.0,70.0,179.0,36.5,15.0,121.0,6.77,4.1,23.0
Jared Cook,2009,TE,South Carolina,3,4.49,85.0,,,3,1,1,13,2,5,48.0,77.0,246.0,41.0,23.0,123.0,,,22.0
Chris Owens,2009,DB,San Jose State,7,4.44,57.78,,,3,1,0,7,0,1,11.0,70.0,181.0,34.5,14.0,110.0,6.93,4.16,22.0
Deon Butler,2009,WR,Penn State,2,4.31,78.0,,,3,1,0,4,0,1,4.0,70.0,182.0,34.5,12.0,118.0,7.01,4.48,23.0
Jerraud Powers,2009,DB,Auburn,2,4.43,60.0,,,3,1,1,8,0,7,30.0,69.0,188.0,36.5,15.0,122.0,7.09,4.08,22.0
Corvey Irvin,2009,DT,Georgia,1,4.96,48.75,,,3,1,0,5,0,0,1.0,75.0,301.0,24.5,24.0,97.0,7.44,4.73,24.0
Ryan Mouton,2009,DB,Hawaii,7,4.47,51.11,,,3,1,0,4,0,0,4.0,69.0,187.0,39.5,18.0,129.0,,,22.0
Rashad Johnson,2009,DB,Alabama,1,4.49,46.67,,,3,1,1,8,0,4,25.0,71.0,203.0,37.0,15.0,120.0,7.09,4.23,23.0
Keenan Lewis,2009,DB,Oregon State,4,4.47,51.11,,,3,1,1,7,0,3,22.0,73.0,208.0,33.5,19.0,123.0,,,23.0
Tyrone McKenzie,2009,LB,South Florida,6,4.76,18.0,,,3,1,0,4,0,0,1.0,74.0,243.0,,27.0,112.0,,,23.0
Chase Coffman,2009,TE,Missouri,4,4.83,28.33,,,3,1,0,8,0,0,0.0,78.0,244.0,,,,,,22.0
Juaquin Iglesias,2009,WR,Oklahoma,2,4.44,52.0,,,3,1,0,1,0,0,0.0,73.0,210.0,34.5,,116.0,,4.4,22.0
Travis Beckum,2009,TE,Wisconsin,3,4.61,65.0,,,3,1,0,4,0,0,2.0,75.0,243.0,,28.0,,,,22.0
Stephen McGee,2009,QB,Texas A&M,2,4.61,61.25,,,4,1,0,3,0,0,2.0,75.0,225.0,33.0,,112.0,7.34,4.49,23.0
Donald Washington,2009,DB,Ohio State,1,4.5,44.44,,,4,1,0,3,0,0,4.0,72.0,197.0,45.0,9.0,135.0,6.84,4.2,23.0
Darell Scott,2009,DT,Clemson,1,4.92,53.75,,,4,1,0,3,0,0,5.0,75.0,312.0,30.5,29.0,107.0,8.28,4.84,23.0
Kaluka Maiava,2009,LB,USC,2,4.65,40.0,,,4,1,0,6,0,1,13.0,71.0,229.0,,30.0,110.0,6.98,4.2,22.0
Henry Melton,2009,DE,Texas,2,,,,,4,1,1,7,1,2,25.0,,,,,,,,22.0
Jonathan Luigs,2009,C,Arkansas,3,5.14,61.33,,,4,1,0,1,0,0,1.0,76.0,301.0,31.0,26.0,99.0,7.69,4.79,23.0
Mike Thomas,2009,WR,Arizona,4,4.3,80.0,,,4,1,0,4,0,2,21.0,68.0,195.0,40.5,,126.0,6.65,4.28,22.0
Brian Hartline,2009,WR,Ohio State,1,4.49,42.0,,,4,1,1,7,0,5,32.0,74.0,195.0,34.5,,120.0,6.65,4.12,22.0
T.J. Lang,2009,OT,Eastern Michigan,8,,,,,4,1,1,10,2,7,61.0,,,,,,,,21.0
Victor Butler,2009,LB,Oregon State,4,4.72,26.0,,,4,1,0,6,0,0,6.0,74.0,248.0,33.0,24.0,113.0,7.21,4.4,22.0
Mike Goodson,2009,RB,Texas A&M,2,4.43,61.67,,,4,1,0,5,0,0,7.0,72.0,208.0,39.5,14.0,118.0,6.89,4.22,22.0
Glover Quin,2009,DB,New Mexico,7,4.5,44.44,,,4,1,1,10,1,10,51.0,71.0,204.0,38.0,22.0,119.0,7.39,4.43,23.0
Vaughn Martin,2009,DT,Western Ontario,10,,,,,4,1,0,5,0,2,12.0,,,,,,,,23.0
David Bruton,2009,DB,Notre Dame,2,4.4,66.67,,,4,1,0,8,0,0,10.0,74.0,219.0,41.5,19.0,132.0,6.6,4.28,22.0
Sammie Lee Hill,2009,DT,Stillman,10,,,,,4,1,1,7,0,3,21.0,,,,,,,,22.0
Chip Vaughn,2009,DB,Wake Forest,4,4.42,62.22,,,4,1,0,2,0,0,0.0,73.0,221.0,37.0,21.0,125.0,7.03,4.12,23.0
Kyle Moore,2009,DE,USC,2,4.76,52.31,,,4,1,0,4,0,1,8.0,77.0,272.0,30.5,22.0,105.0,7.4,4.47,22.0
Stanley Arnoux,2009,LB,Wake Forest,4,4.56,58.0,,,4,1,0,2,0,0,1.0,72.0,232.0,31.5,19.0,121.0,7.22,4.39,22.0
D.J. Moore,2009,DB,Vanderbilt,4,4.56,31.11,,,4,1,0,5,0,0,6.0,69.0,192.0,39.5,17.0,118.0,7.01,4.28,22.0
Brandon Williams,2009,DE,Texas Tech,4,4.78,49.23,,,4,1,0,2,0,0,0.0,74.0,261.0,33.0,,112.0,7.23,4.49,21.0
Shawn Nelson,2009,TE,Southern Miss,10,4.52,80.0,,,4,1,0,2,0,1,1.0,77.0,240.0,33.0,19.0,115.0,6.96,4.46,23.0
Anthony Hill,2009,TE,NC State,4,4.84,26.67,,,4,1,0,3,0,0,0.0,77.0,262.0,30.5,21.0,107.0,7.31,4.56,24.0
Rich Ohrnberger,2009,OG,Penn State,2,,,,,4,1,0,6,0,1,8.0,,,,,,,,23.0
Louis Murphy,2009,WR,Florida,2,4.32,76.0,,,4,1,0,9,0,1,19.0,74.0,203.0,,12.0,,,,22.0
Lawrence Sidbury,2009,DE,Richmond,9,4.53,87.69,,,4,1,0,7,0,0,5.0,74.0,266.0,35.0,28.0,120.0,7.46,4.43,23.0
Slade Norris,2009,DE,Oregon State,4,,,,,4,1,0,2,0,0,0.0,,,,,,,,23.0
Austin Collie,2009,WR,BYU,5,4.53,34.0,,,4,1,0,5,0,0,18.0,73.0,200.0,34.0,17.0,120.0,6.78,4.24,23.0
Tony Fiammetta,2009,RB,Syracuse,4,4.58,36.67,,,4,1,0,6,0,2,1.0,72.0,245.0,34.0,30.0,112.0,7.31,4.49,23.0
Andre Brown,2009,RB,NC State,4,4.37,71.67,,,4,1,0,5,0,1,7.0,72.0,224.0,37.0,24.0,115.0,7.35,4.33,22.0
Gerald McRath,2009,LB,Southern Miss,10,4.49,72.0,,,4,1,0,3,0,1,7.0,74.0,231.0,34.0,19.0,123.0,7.24,4.35,23.0
Greg Toler,2009,DB,State Paul's,10,,,,,4,1,1,8,0,4,21.0,,,,,,,,24.0
Seth Olsen,2009,OG,Iowa,3,5.23,42.67,,,4,1,0,4,0,0,3.0,77.0,306.0,24.5,23.0,90.0,7.59,4.7,23.0
Tyronne Green,2009,OG,Auburn,2,5.4,20.0,,,4,1,0,4,0,2,15.0,74.0,309.0,,22.0,,,,23.0
Gartrell Johnson,2009,RB,Colorado State,7,4.67,21.67,,,4,1,0,2,0,0,0.0,70.0,219.0,34.0,20.0,114.0,,,23.0
Troy Kropog,2009,OT,Tulane,6,5.3,35.29,,,4,1,0,4,0,0,0.0,77.0,309.0,30.0,21.0,100.0,7.65,4.84,23.0
Terrance Taylor,2009,DT,Michigan,1,5.08,33.75,,,4,1,0,0,0,0,0.0,72.0,306.0,30.0,37.0,104.0,7.78,5.06,
Jason Phillips,2009,LB,TCU,3,4.6,50.0,,,5,2,0,4,0,0,3.0,73.0,239.0,34.0,20.0,120.0,,4.32,23.0
William Middleton,2009,DB,Furman,9,,,,,5,2,0,4,0,1,8.0,,,,,,,,23.0
Colin Brown,2009,OT,Missouri,4,,,,,5,2,0,5,0,0,3.0,,,,,,,,24.0
Johnny Knox,2009,WR,Abilene Christian,10,4.34,72.0,,,5,2,1,3,1,2,20.0,71.0,185.0,35.0,,122.0,6.81,4.15,22.0
Kenny McKinley,2009,WR,South Carolina,3,4.37,66.0,,,5,2,0,1,0,0,0.0,72.0,189.0,37.0,,113.0,6.96,4.1,22.0
Kevin Huber,2009,P,Cincinnati,4,4.87,20.0,,,5,2,1,14,1,1,23.0,73.0,220.0,,,,,,24.0
DeAngelo Smith,2009,DB,Cincinnati,4,4.5,44.44,,,5,2,0,1,0,0,1.0,71.0,194.0,31.5,17.0,109.0,7.27,4.35,23.0
Jarett Dillard,2009,WR,Rice,6,4.5,40.0,,,5,2,0,3,0,0,4.0,70.0,191.0,42.5,13.0,129.0,7.1,4.41,23.0
Quinn Johnson,2009,RB,LSU,1,4.72,13.33,,,5,2,0,5,0,1,0.0,73.0,246.0,32.0,16.0,115.0,,,22.0
Scott McKillop,2009,LB,Pittsburgh,3,4.7,30.0,,,5,2,0,1,0,0,2.0,73.0,244.0,35.5,27.0,119.0,7.0,4.39,23.0
Nic Harris,2009,LB,Oklahoma,2,4.83,4.0,,,5,2,0,2,0,0,5.0,74.0,234.0,31.5,15.0,109.0,7.05,4.37,22.0
Brandon Hughes,2009,DB,Oregon State,4,4.4,66.67,,,5,2,0,5,0,0,2.0,70.0,182.0,36.5,8.0,128.0,6.9,4.23,23.0
Davon Drew,2009,TE,East Carolina,6,4.78,36.67,,,5,2,0,0,0,0,0.0,76.0,256.0,29.5,17.0,113.0,7.28,4.56,23.0
Jasper Brinkley,2009,LB,South Carolina,3,4.67,36.0,,,5,2,1,7,0,3,21.0,74.0,252.0,35.5,26.0,114.0,7.03,4.32,24.0
Rhett Bomar,2009,QB,Sam Houston State,10,4.7,50.0,,,5,2,0,0,0,0,0.0,74.0,225.0,,25.0,106.0,6.91,4.06,24.0
James Casey,2009,TE,Rice,6,4.69,51.67,,,5,2,0,7,0,1,7.0,75.0,246.0,36.0,28.0,111.0,7.0,4.48,24.0
Cornelius Ingram,2009,TE,Florida,2,4.68,53.33,,,5,2,0,0,0,0,0.0,76.0,245.0,33.0,21.0,,7.12,4.53,24.0
Marcus Freeman,2009,LB,Ohio State,1,4.51,68.0,,,5,2,0,0,0,0,0.0,73.0,239.0,37.0,30.0,113.0,6.98,4.12,
Xavier Fulton,2009,OT,Illinois,4,5.01,69.41,,,5,2,0,0,0,0,0.0,76.0,302.0,31.0,27.0,111.0,7.35,4.56,23.0
Garrett Reynolds,2009,OT,North Carolina,3,5.32,32.94,,,5,2,0,8,0,2,18.0,80.0,309.0,22.0,19.0,94.0,7.87,4.88,22.0
Victor Harris,2009,DB,Virginia Tech,3,4.46,53.33,,,5,2,0,2,0,0,3.0,71.0,198.0,33.5,,118.0,6.68,3.98,23.0
Cody Glenn,2009,LB,Nebraska,3,4.67,36.0,,,5,2,0,2,0,0,2.0,72.0,244.0,,25.0,,,,22.0
Fenuki Tupou,2009,OT,Oregon,2,5.2,47.06,,,5,2,0,0,0,0,0.0,77.0,314.0,25.5,24.0,94.0,8.33,5.02,24.0
Brooks Foster,2009,WR,North Carolina,3,4.44,52.0,,,5,2,0,0,0,0,0.0,72.0,211.0,,27.0,,,,23.0
John Nalbone,2009,TE,Monmouth,10,,,,,5,2,0,2,0,0,0.0,,,,,,,,23.0
Jamon Meredith,2009,OT,South Carolina,3,4.99,71.76,,,5,2,0,7,0,2,14.0,77.0,304.0,28.0,31.0,105.0,8.01,4.82,23.0
Duke Robinson,2009,OG,Oklahoma,2,5.32,30.67,,,5,2,0,0,0,0,0.0,77.0,329.0,,,,,,22.0
Thomas Morstead,2009,P,SMU,6,4.83,26.15,,,5,2,1,17,1,3,29.0,76.0,225.0,,19.0,,,,23.0
Chris Clemons,2009,DB,Clemson,1,4.33,82.22,,,5,2,1,7,0,3,20.0,72.0,208.0,37.5,19.0,127.0,7.27,4.38,23.0
Michael Hamlin,2009,DB,Clemson,1,4.57,28.89,,,5,2,0,2,0,0,0.0,74.0,214.0,37.5,17.0,117.0,7.14,4.42,23.0
Herman Johnson,2009,OT,LSU,1,5.5,11.76,,,5,2,0,0,0,0,0.0,79.0,364.0,,21.0,,,,24.0
Joe Burnett,2009,DB,UCF,4,4.58,26.67,,,5,2,0,1,0,0,1.0,69.0,192.0,35.5,22.0,118.0,6.68,4.25,22.0
Frank Summers,2009,RB,UNLV,10,,,,,5,2,0,6,0,1,1.0,,,,,,,,24.0
George Bussey,2009,OT,Louisville,4,,,,,5,2,0,0,0,0,0.0,,,,,,,,24.0
Nate Davis,2009,QB,Ball State,8,4.95,18.75,,,5,2,0,0,0,0,0.0,73.0,226.0,26.5,,99.0,,,22.0
David Buehler,2009,K,USC,2,4.57,66.15,,,5,2,0,3,0,0,2.0,74.0,227.0,,25.0,,,,22.0
Javon Ringer,2009,RB,Michigan State,3,4.5,50.0,,,5,2,0,4,0,0,5.0,69.0,205.0,34.0,23.0,115.0,6.87,4.11,22.0
Tom Brandstater,2009,QB,Fresno State,7,4.87,28.75,,,6,2,0,3,0,0,0.0,77.0,220.0,28.5,,106.0,6.93,4.37,24.0
Quinten Lawrence,2009,WR,McNeese State,10,4.4,60.0,,,6,2,0,1,0,0,0.0,72.0,184.0,,20.0,,,,24.0
Spencer Adkins,2009,LB,Miami (FL),2,,,,,6,2,0,3,0,0,2.0,,,,,,,,22.0
Don Carey,2009,DB,Norfolk State,10,4.49,46.67,,,6,2,0,10,0,1,12.0,71.0,192.0,,18.0,,,,22.0
Mike Teel,2009,QB,Rutgers,4,,,,,6,2,0,0,0,0,0.0,,,,,,,,23.0
Morgan Trent,2009,DB,Michigan,1,4.5,44.44,,,6,2,0,3,0,0,4.0,73.0,193.0,38.0,23.0,127.0,7.05,4.01,23.0
Zach Miller,2009,TE,Nebraska-Omaha,10,,,,,6,2,0,9,0,2,12.0,,,,,,,,24.0
Andrew Gardner,2009,OT,Georgia Tech,3,4.96,75.29,,,6,2,0,8,0,0,7.0,79.0,304.0,,,,,,23.0
Jarius Wynn,2009,DE,Georgia,1,4.94,24.62,,,6,2,0,6,0,0,8.0,75.0,275.0,31.5,19.0,107.0,7.4,4.58,23.0
Cary Harris,2009,DB,USC,2,4.66,8.89,,,6,2,0,2,0,0,1.0,71.0,187.0,,18.0,,,,22.0
Bear Pascoe,2009,TE,Fresno State,7,4.89,18.33,,,6,2,0,7,0,2,3.0,77.0,251.0,26.5,,107.0,7.65,4.55,23.0
Cedric Peerman,2009,RB,Virginia,4,4.34,76.67,,,6,2,1,8,1,0,4.0,69.0,216.0,40.0,27.0,117.0,6.99,4.29,22.0
Robert Henson,2009,LB,TCU,3,,,,,6,2,0,1,0,0,0.0,,,,,,,,23.0
Brandon Underwood,2009,DB,Cincinnati,4,4.48,48.89,,,6,2,0,2,0,0,2.0,73.0,198.0,36.5,16.0,125.0,7.0,4.2,23.0
Brice McCain,2009,DB,Utah,3,,,,,6,2,0,9,0,2,18.0,,,,,,,,22.0
Kevin Ellison,2009,LB,USC,2,4.75,20.0,,,6,2,0,1,0,1,4.0,73.0,227.0,,32.0,,,,22.0
Al Afalava,2009,DB,Oregon State,4,,,,,6,2,0,4,0,1,5.0,,,,,,,,22.0
Coye Francies,2009,DB,San Jose State,7,4.63,15.56,,,6,2,0,4,0,0,1.0,72.0,185.0,36.0,24.0,123.0,6.81,4.24,22.0
Aaron Brown,2009,RB,TCU,3,,,,,6,2,0,3,0,0,2.0,,,,,,,,23.0
Matt Slauson,2009,OG,Nebraska,3,5.26,38.67,,,6,2,1,10,0,6,43.0,77.0,316.0,34.0,,110.0,7.86,4.86,23.0
Brandon Gibson,2009,WR,Washington State,4,4.59,22.0,,,6,2,1,6,0,3,17.0,72.0,210.0,,,,,,22.0
James Davis,2009,RB,Clemson,1,4.45,58.33,,,6,2,0,2,0,0,1.0,71.0,218.0,32.0,17.0,109.0,7.15,4.37,23.0
Keith Null,2009,QB,West Texas A&M,10,,,,,6,2,0,1,0,0,1.0,,,,,,,,23.0
Stephen Hodge,2009,DB,TCU,3,4.59,24.44,,,6,2,0,0,0,0,0.0,72.0,234.0,35.0,22.0,115.0,7.21,4.34,22.0
Jake Ingram,2009,C,Hawaii,7,4.9,93.33,,,6,2,0,2,0,0,1.0,75.0,232.0,,15.0,,,,23.0
Stryker Sulak,2009,DE,Missouri,4,4.63,72.31,,,6,2,0,0,0,0,0.0,76.0,251.0,31.0,22.0,113.0,7.31,4.58,
DeAndre Wright,2009,DB,New Mexico,7,4.52,40.0,,,6,2,0,0,0,0,0.0,71.0,198.0,34.5,17.0,122.0,7.0,4.44,23.0
Curtis Painter,2009,QB,Purdue,4,4.87,28.75,,,6,2,0,5,0,1,2.0,75.0,225.0,29.0,,102.0,7.0,4.48,24.0
Brandon Myers,2009,TE,Iowa,3,,,,,6,2,1,8,0,5,12.0,,,,,,,,24.0
Jason McCourty,2009,DB,Rutgers,4,,,,,6,2,1,13,0,9,45.0,,,,,,,,22.0
Will Davis,2009,DE,Illinois,4,4.84,40.0,,,6,2,0,2,0,0,3.0,74.0,261.0,33.0,27.0,115.0,7.38,4.45,23.0
Ra'Shon Harris,2009,DT,Oregon,2,,,,,6,2,0,1,0,0,0.0,,,,,,,,23.0
Dominique Edison,2009,WR,S.F. Austin,10,4.42,56.0,,,6,2,0,1,0,0,0.0,74.0,204.0,37.0,,120.0,,4.18,23.0
Myron Pryor,2009,DT,Kentucky,4,5.03,40.0,,,6,2,0,3,0,0,3.0,72.0,319.0,30.0,,107.0,8.16,4.75,23.0
John Phillips,2009,TE,Virginia,4,4.78,36.67,,,6,2,0,10,0,1,2.0,77.0,251.0,33.5,20.0,112.0,6.84,4.27,22.0
Bernard Scott,2009,RB,Abilene Christian,10,4.44,60.0,,,6,2,0,5,0,0,9.0,70.0,200.0,36.0,21.0,125.0,6.82,4.08,25.0
Vance Walker,2009,DT,Georgia Tech,3,5.32,3.75,,,7,2,0,7,0,1,21.0,74.0,304.0,33.0,29.0,,,,22.0
Chris Ogbonnaya,2009,RB,Texas,2,4.57,38.33,,,7,2,0,6,0,1,7.0,72.0,220.0,35.0,19.0,111.0,6.85,4.29,23.0
Javarris Williams,2009,RB,Tennessee State,2,4.51,48.33,,,7,2,0,1,0,0,0.0,69.0,223.0,33.5,25.0,116.0,,,23.0
Paul Fanaika,2009,OG,Arizona State,3,5.48,9.33,,,7,2,0,6,0,2,13.0,77.0,327.0,,15.0,,,,23.0
J.D. Folsom,2009,LB,Weber State,10,,,,,7,2,0,1,0,0,0.0,,,,,,,,25.0
Fui Vakapuna,2009,RB,BYU,5,,,,,7,2,0,0,0,0,0.0,,,,,,,,25.0
Captain Munnerlyn,2009,DB,South Carolina,3,4.41,64.44,,,7,2,1,10,0,4,35.0,68.0,182.0,37.5,19.0,121.0,7.15,4.2,21.0
E.J. Biggers,2009,DB,Western Michigan,8,,,,,7,2,0,7,0,1,13.0,,,,,,,,22.0
Brad Jones,2009,LB,Colorado,3,,,,,7,2,0,7,0,2,18.0,,,,,,,,23.0
Curtis Taylor,2009,DB,LSU,1,4.49,46.67,,,7,2,0,5,0,0,0.0,74.0,209.0,37.5,13.0,129.0,7.25,4.23,24.0
Ellis Lankster,2009,DB,West Virginia,4,,,,,7,2,0,6,0,0,5.0,,,,,,,,22.0
Eddie Williams,2009,RB,Idaho,10,4.79,1.67,,,7,2,0,3,0,0,0.0,73.0,239.0,,23.0,,,,22.0
Pat McAfee,2009,K,West Virginia,4,,,,,7,2,1,8,2,0,18.0,,,,,,,,22.0
Troy Nolan,2009,DB,Arizona State,3,4.58,26.67,,,7,2,0,4,0,0,5.0,72.0,206.0,31.5,12.0,117.0,7.06,4.3,23.0
Demetrius Byrd,2009,WR,LSU,1,4.35,70.0,,,7,2,0,0,0,0,0.0,72.0,199.0,31.5,,117.0,,,
Blake Schlueter,2009,C,TCU,3,,,,,7,2,0,0,0,0,0.0,,,,,,,,23.0
A.Q. Shipley,2009,C,Penn State,2,5.19,54.67,,,7,2,1,12,0,4,33.0,73.0,304.0,31.0,33.0,100.0,7.46,4.4,23.0
Mike Mickens,2009,DB,Cincinnati,4,4.53,37.78,,,7,2,0,0,0,0,0.0,71.0,184.0,,,,,,22.0
Lydon Murtha,2009,OT,Nebraska,3,4.82,91.76,,,7,2,0,2,0,0,2.0,79.0,306.0,35.0,25.0,110.0,7.06,4.34,23.0
Manuel Johnson,2009,WR,Oklahoma,2,4.5,40.0,,,7,2,0,2,0,0,0.0,71.0,189.0,,,,,,22.0
Moise Fokou,2009,LB,Maryland,4,4.65,40.0,,,7,2,0,6,0,2,18.0,73.0,233.0,31.0,12.0,121.0,7.09,4.28,24.0
Jamarca Sanford,2009,DB,Ole Miss,3,4.43,60.0,,,7,2,1,7,0,3,15.0,70.0,214.0,33.5,29.0,116.0,7.02,4.2,24.0
Julian Edelman,2009,WR,Kent State,8,,,,,7,2,1,12,0,7,61.0,,,,,,,,23.0
Sammie Stroughter,2009,WR,Oregon State,4,4.45,50.0,,,7,2,0,4,0,0,5.0,69.0,189.0,30.0,13.0,110.0,7.03,4.28,23.0
Darryl Richard,2009,DT,Georgia Tech,3,5.08,33.75,,,7,2,0,0,0,0,0.0,74.0,303.0,25.5,17.0,,,,23.0
Zack Follett,2009,LB,California,4,4.69,32.0,,,7,2,0,2,0,0,2.0,74.0,236.0,37.0,,117.0,7.31,,22.0
Jaimie Thomas,2009,OT,Maryland,4,5.29,36.47,,,7,2,0,2,0,0,1.0,76.0,323.0,,20.0,,,,23.0
Jake O'Connell,2009,TE,Miami (OH),8,,,,,7,2,0,4,0,0,0.0,,,,,,,,23.0
Stoney Woodson,2009,DB,South Carolina,3,,,,,7,2,0,0,0,0,0.0,,,,,,,,
Ryan Durand,2009,OG,Syracuse,4,,,,,7,2,0,2,0,0,0.0,,,,,,,,23.0
LaRod Stephens-Howling,2009,RB,Pittsburgh,3,,,,,7,2,0,5,0,0,9.0,,,,,,,,22.0
David Johnson,2009,TE,Arkansas State,3,4.73,45.0,,,7,2,0,8,0,1,3.0,73.0,260.0,32.5,21.0,113.0,7.28,4.43,22.0
Nick Schommer,2009,DB,North Dakota State,9,,,,,7,2,0,2,0,0,1.0,,,,,,,,23.0
Marko Mitchell,2009,WR,Nevada,7,4.43,54.0,,,7,2,0,1,0,0,0.0,76.0,218.0,32.0,9.0,116.0,7.04,4.33,24.0
Ricky Jean-Francois,2009,DT,LSU,1,5.19,20.0,,,7,2,1,10,0,4,23.0,75.0,295.0,26.0,25.0,93.0,,,22.0
Courtney Greene,2009,DB,Rutgers,4,4.55,33.33,,,7,2,0,3,0,1,5.0,72.0,212.0,34.5,21.0,116.0,7.35,4.16,22.0
Lance Louis,2009,OG,San Diego State,7,,,,,7,2,0,7,0,2,18.0,,,,,,,,24.0
Nick Reed,2009,DE,Oregon,2,,,,,7,2,0,3,0,0,3.0,,,,,,,,22.0
Cameron Morrah,2009,TE,California,4,4.61,65.0,,,7,2,0,3,0,0,2.0,75.0,244.0,32.5,24.0,115.0,6.99,4.36,22.0
Clinton McDonald,2009,DT,Memphis,6,,,,,7,2,0,11,0,2,26.0,,,,,,,,22.0
Rashad Jennings,2009,RB,Liberty,5,4.52,46.67,,,7,2,1,8,0,5,31.0,73.0,231.0,34.0,29.0,120.0,6.86,4.2,24.0
Derek Kinder,2009,WR,Pittsburgh,3,,,,,7,2,0,0,0,0,0.0,,,,,,,,
Freddie Brown,2009,WR,Utah,3,,,,,7,2,0,0,0,0,0.0,,,,,,,,
Tiquan Underwood,2009,WR,Rutgers,4,4.31,78.0,,,7,2,0,5,0,1,9.0,73.0,184.0,41.5,7.0,129.0,6.62,4.11,22.0
Trevor Canfield,2009,OG,Cincinnati,4,5.28,36.0,,,7,2,0,0,0,0,0.0,76.0,307.0,,29.0,,,,23.0
Dan Gronkowski,2009,TE,Maryland,4,4.79,35.0,,,7,2,0,3,0,0,1.0,77.0,255.0,33.0,26.0,122.0,6.92,4.26,24.0
Ryan Succop,2009,K,South Carolina,3,,,,,7,2,0,14,0,1,29.0,,,,,,,,22.0
Sam Bradford,2010,QB,Oklahoma,2,4.79,38.75,,,1,0,1,9,0,5,44.0,76.0,236.0,,,,,,22.0
Ndamukong Suh,2010,DT,Nebraska,3,5.03,40.0,,,1,0,1,13,5,12,100.0,76.0,307.0,35.5,32.0,105.0,7.21,4.44,23.0
Gerald McCoy,2010,DT,Oklahoma,2,5.04,38.75,,,1,0,1,12,6,10,69.0,76.0,295.0,30.5,23.0,114.0,7.32,4.48,22.0
Trent Williams,2010,OT,Oklahoma,2,4.81,92.94,,,1,0,1,16,12,15,109.0,77.0,315.0,34.5,23.0,113.0,7.64,4.63,22.0
Eric Berry,2010,DB,Tennessee,2,4.4,66.67,,,1,0,1,9,5,5,50.0,72.0,211.0,43.0,19.0,130.0,6.8,4.23,21.0
Russell Okung,2010,OT,Oklahoma State,3,5.18,49.41,,,1,0,1,11,2,9,56.0,77.0,307.0,,38.0,,,,21.0
Joe Haden,2010,DB,Florida,2,4.52,40.0,,,1,0,1,12,3,10,62.0,71.0,193.0,35.0,18.0,125.0,6.94,4.34,21.0
Rolando McClain,2010,LB,Alabama,1,4.68,34.0,,,1,0,1,6,0,5,25.0,75.0,254.0,,24.0,,,,21.0
C.J. Spiller,2010,RB,Clemson,1,4.37,71.67,,,1,0,1,8,1,3,34.0,71.0,196.0,,18.0,,,,23.0
Tyson Alualu,2010,DT,California,4,4.87,60.0,,,1,0,1,14,0,7,45.0,74.0,295.0,35.5,21.0,116.0,7.15,4.43,23.0
Anthony Davis,2010,OT,Rutgers,4,5.36,28.24,,,1,0,1,7,0,4,31.0,77.0,323.0,33.0,21.0,99.0,8.17,4.97,20.0
Ryan Mathews,2010,RB,Fresno State,7,4.37,71.67,,,1,0,1,7,1,5,44.0,72.0,218.0,36.0,19.0,121.0,7.0,4.33,22.0
Brandon Graham,2010,DE,Michigan,1,4.71,60.0,,,1,0,1,16,1,6,59.0,73.0,268.0,,31.0,,,,22.0
Earl Thomas,2010,DB,Texas,2,4.43,60.0,,,1,0,1,10,7,9,82.0,70.0,208.0,,21.0,113.0,,,21.0
Jason Pierre-Paul,2010,DE,South Florida,6,4.71,60.0,,,1,0,1,16,3,11,74.0,77.0,270.0,30.5,19.0,115.0,7.18,4.67,21.0
Derrick Morgan,2010,DE,Georgia Tech,3,4.77,50.77,,,1,0,1,9,0,8,40.0,75.0,266.0,34.0,,112.0,7.12,4.43,21.0
Mike Iupati,2010,OG,Idaho,10,5.24,41.33,,,1,0,1,11,4,10,67.0,77.0,331.0,27.5,27.0,92.0,7.85,4.93,23.0
Maurkice Pouncey,2010,C,Florida,2,5.25,46.67,,,1,0,1,11,9,9,78.0,76.0,304.0,,,95.0,7.74,4.92,21.0
Sean Weatherspoon,2010,LB,Missouri,4,4.62,46.0,,,1,0,0,8,0,2,22.0,73.0,239.0,40.0,34.0,123.0,6.99,4.38,22.0
Kareem Jackson,2010,DB,Alabama,1,4.4,66.67,,,1,0,1,15,0,12,52.0,70.0,196.0,37.5,13.0,118.0,6.92,4.14,22.0
Jermaine Gresham,2010,TE,Oklahoma,2,4.66,56.67,,,1,0,1,9,2,9,28.0,77.0,261.0,35.0,20.0,113.0,7.07,4.53,22.0
Demaryius Thomas,2010,WR,Georgia Tech,3,4.52,36.0,,,1,0,1,10,5,8,69.0,75.0,224.0,,,,,,22.0
Bryan Bulaga,2010,OT,Iowa,3,5.2,47.06,,,1,0,1,12,0,9,56.0,77.0,314.0,27.5,26.0,98.0,7.7,4.75,21.0
Dez Bryant,2010,WR,Oklahoma State,3,4.52,36.0,,,1,0,1,11,3,7,61.0,74.0,225.0,,,,,,21.0
Tim Tebow,2010,QB,Florida,2,4.71,48.75,,,1,0,0,3,0,1,12.0,75.0,236.0,38.5,,115.0,6.66,4.17,23.0
Dan Williams,2010,DT,Tennessee,2,5.19,20.0,,,1,0,1,7,0,6,29.0,74.0,327.0,32.0,27.0,96.0,7.88,4.87,23.0
Devin McCourty,2010,DB,Rutgers,4,4.38,71.11,,,1,0,1,13,2,13,71.0,71.0,193.0,36.0,16.0,126.0,6.7,4.07,23.0
Jared Odrick,2010,DE,Penn State,2,5.03,10.77,,,1,0,1,7,0,3,29.0,77.0,304.0,29.0,26.0,106.0,7.22,4.59,22.0
Kyle Wilson,2010,DB,Boise State,7,4.43,60.0,,,1,0,0,6,0,2,16.0,70.0,194.0,,25.0,,,,23.0
Jahvid Best,2010,RB,California,4,4.34,76.67,,,1,0,0,2,0,2,13.0,70.0,199.0,32.5,18.0,113.0,6.75,4.17,21.0
Jerry Hughes,2010,DE,TCU,3,4.65,69.23,,,1,0,1,15,0,9,68.0,74.0,255.0,34.5,26.0,118.0,6.99,4.15,22.0
Patrick Robinson,2010,DB,Florida State,2,4.46,53.33,,,1,0,0,11,0,1,25.0,71.0,190.0,39.0,15.0,122.0,6.78,,23.0
Rodger Saffold,2010,OT,Indiana,4,5.21,45.88,,,2,0,1,13,2,11,71.0,77.0,316.0,29.5,27.0,113.0,7.42,4.67,22.0
Chris Cook,2010,DB,Virginia,4,4.45,55.56,,,2,0,0,5,0,2,10.0,74.0,212.0,38.0,7.0,132.0,6.88,4.23,23.0
Brian Price,2010,DT,UCLA,5,5.12,28.75,,,2,0,0,2,0,1,4.0,73.0,303.0,28.5,34.0,96.0,,,21.0
Dexter McCluster,2010,WR,Ole Miss,3,4.53,34.0,,,2,0,1,7,1,1,21.0,69.0,172.0,37.5,20.0,118.0,,4.06,21.0
Nate Allen,2010,DB,South Florida,6,4.5,44.44,,,2,0,1,8,0,5,29.0,72.0,207.0,,16.0,,,,22.0
T.J. Ward,2010,DB,Oregon,2,4.56,31.11,,,2,0,1,8,3,7,41.0,70.0,211.0,34.0,19.0,121.0,,,23.0
Arrelious Benn,2010,WR,Illinois,4,4.57,26.0,,,2,0,0,8,0,2,8.0,73.0,219.0,37.0,20.0,118.0,,,21.0
Koa Misi,2010,LB,Utah,3,4.75,20.0,,,2,0,1,7,0,6,30.0,75.0,251.0,38.0,,127.0,7.07,4.27,23.0
Torell Troup,2010,DT,UCF,4,5.12,28.75,,,2,0,0,2,0,0,2.0,75.0,314.0,29.0,34.0,98.0,7.61,4.73,21.0
Rob Gronkowski,2010,TE,Arizona,4,4.68,53.33,,,2,0,1,12,5,11,78.0,78.0,264.0,,23.0,,,,21.0
Sergio Kindle,2010,LB,Texas,2,4.65,40.0,,,2,0,0,3,0,0,0.0,75.0,250.0,36.5,25.0,118.0,7.26,4.53,22.0
Lamarr Houston,2010,DE,Texas,2,4.84,40.0,,,2,0,1,8,0,5,31.0,75.0,305.0,33.5,30.0,114.0,7.61,4.71,23.0
Zane Beadles,2010,OG,Utah,3,5.28,36.0,,,2,0,1,9,1,7,53.0,76.0,310.0,,27.0,,,,23.0
Linval Joseph,2010,DT,East Carolina,6,5.09,32.5,,,2,0,1,15,2,11,70.0,76.0,328.0,30.0,39.0,100.0,8.12,4.71,21.0
Daryl Washington,2010,LB,TCU,3,4.58,54.0,,,2,0,1,4,1,4,34.0,74.0,230.0,31.0,17.0,114.0,,,23.0
Jimmy Clausen,2010,QB,Notre Dame,2,4.76,42.5,,,2,0,0,6,0,1,3.0,75.0,222.0,,,,,,22.0
Taylor Mays,2010,DB,USC,2,4.31,86.67,,,2,0,0,6,0,0,9.0,75.0,230.0,41.0,24.0,125.0,,,22.0
Javier Arenas,2010,DB,Alabama,1,4.6,22.22,,,2,0,0,5,0,1,9.0,69.0,197.0,,,112.0,,,22.0
Toby Gerhart,2010,RB,Stanford,3,4.5,50.0,,,2,0,0,6,0,0,16.0,72.0,231.0,38.0,22.0,118.0,6.94,4.25,23.0
Jason Worilds,2010,DE,Virginia Tech,3,4.65,69.23,,,2,0,0,5,0,2,22.0,73.0,254.0,38.0,24.0,114.0,6.95,4.29,22.0
Jermaine Cunningham,2010,LB,Florida,2,4.89,0.0,,,2,0,0,4,0,1,8.0,75.0,266.0,,,,,,22.0
Carlos Dunlap,2010,DE,Florida,2,4.68,64.62,,,2,0,1,13,2,7,67.0,78.0,277.0,31.5,21.0,111.0,7.21,4.61,21.0
Sean Lee,2010,LB,Penn State,2,4.71,28.0,,,2,0,1,11,2,7,53.0,74.0,236.0,37.5,24.0,120.0,,,24.0
Mike Neal,2010,DE,Purdue,4,4.87,35.38,,,2,0,0,6,0,2,17.0,75.0,294.0,33.0,31.0,113.0,7.53,4.53,23.0
Terrence Cody,2010,DT,Alabama,1,5.71,0.0,,,2,0,0,5,0,1,14.0,76.0,354.0,20.5,,90.0,8.19,5.03,22.0
Ben Tate,2010,RB,Auburn,2,4.34,76.67,,,2,0,0,5,0,0,14.0,71.0,220.0,40.5,26.0,124.0,6.91,4.12,22.0
Montario Hardesty,2010,RB,Tennessee,2,4.49,51.67,,,2,0,0,3,0,0,4.0,72.0,225.0,41.0,21.0,124.0,6.87,4.14,23.0
Golden Tate,2010,WR,Notre Dame,2,4.42,56.0,,,2,0,1,11,1,7,58.0,70.0,199.0,35.0,17.0,120.0,7.12,4.34,22.0
Vlad Ducasse,2010,OT,Massachusetts,10,5.21,45.88,,,2,0,1,9,0,4,21.0,76.0,332.0,26.0,29.0,91.0,8.25,4.97,22.0
Brandon Spikes,2010,LB,Florida,2,5.05,0.0,,,2,0,1,7,0,5,25.0,75.0,249.0,29.0,,111.0,6.97,,23.0
Pat Angerer,2010,LB,Iowa,3,4.71,28.0,,,2,0,1,4,0,3,18.0,72.0,235.0,35.0,26.0,110.0,7.04,4.29,23.0
Charles Brown,2010,OT,USC,2,5.21,45.88,,,2,0,0,6,0,1,15.0,77.0,303.0,31.5,21.0,,,,23.0
Jerome Murphy,2010,DB,South Florida,6,4.5,44.44,,,3,1,0,4,0,0,3.0,72.0,196.0,38.0,16.0,127.0,6.87,4.05,23.0
Amari Spievey,2010,DB,Iowa,3,4.52,40.0,,,3,1,0,3,0,2,11.0,71.0,195.0,35.0,,116.0,,,22.0
Myron Lewis,2010,DB,Vanderbilt,4,4.42,62.22,,,3,1,0,3,0,0,1.0,74.0,203.0,37.0,10.0,126.0,,,22.0
Jon Asamoah,2010,OG,Illinois,4,5.07,64.0,,,3,1,1,5,0,4,21.0,76.0,305.0,,,,,,22.0
Jared Veldheer,2010,OT,Hillsdale,10,5.06,63.53,,,3,1,1,11,0,8,45.0,80.0,312.0,33.5,32.0,109.0,7.4,4.51,23.0
Ed Dickson,2010,TE,Oregon,2,4.59,68.33,,,3,1,1,9,0,7,16.0,76.0,249.0,34.0,23.0,115.0,7.32,4.59,23.0
Morgan Burnett,2010,DB,Georgia Tech,3,4.51,42.22,,,3,1,1,10,0,8,32.0,73.0,209.0,,16.0,,,,21.0
Alex Carrington,2010,DE,Arkansas State,3,4.92,27.69,,,3,1,0,6,0,1,7.0,77.0,285.0,,26.0,,,,23.0
John Jerry,2010,OT,Ole Miss,3,5.15,52.94,,,3,1,1,10,0,6,40.0,77.0,328.0,27.5,,101.0,7.93,4.69,24.0
D'Anthony Smith,2010,DT,Louisiana Tech,5,5.01,42.5,,,3,1,0,6,0,0,1.0,74.0,304.0,,,,,,22.0
Major Wright,2010,DB,Florida,2,4.44,57.78,,,3,1,1,7,0,3,20.0,71.0,206.0,37.5,14.0,119.0,6.95,4.36,22.0
Chad Jones,2010,DB,LSU,1,4.59,24.44,,,3,1,0,0,0,0,0.0,74.0,221.0,36.0,9.0,115.0,6.83,4.14,
Damian Williams,2010,WR,USC,2,4.52,36.0,,,3,1,0,5,0,1,10.0,73.0,197.0,38.0,19.0,118.0,6.79,4.24,22.0
Brandon LaFell,2010,WR,LSU,1,4.58,24.0,,,3,1,1,9,0,5,43.0,74.0,211.0,36.0,,115.0,6.81,4.23,23.0
Donald Butler,2010,LB,Washington,2,4.61,48.0,,,3,1,1,7,0,5,29.0,73.0,245.0,,35.0,,,,21.0
J.D. Walton,2010,C,Baylor,3,5.19,54.67,,,3,1,1,6,0,3,22.0,75.0,300.0,27.0,24.0,101.0,7.6,4.69,23.0
Earl Mitchell,2010,DT,Arizona,4,4.75,75.0,,,3,1,1,10,0,4,29.0,74.0,296.0,28.5,25.0,107.0,7.68,4.55,22.0
Emmanuel Sanders,2010,WR,SMU,6,4.4,60.0,,,3,1,1,12,2,9,63.0,71.0,186.0,39.5,12.0,126.0,6.64,4.1,23.0
Corey Peters,2010,DT,Kentucky,4,4.98,46.25,,,3,1,1,13,0,9,49.0,75.0,300.0,33.0,,98.0,7.56,4.76,22.0
Jordan Shipley,2010,WR,Texas,2,4.6,20.0,,,3,1,0,3,0,0,7.0,71.0,193.0,36.5,16.0,116.0,,,24.0
Colt McCoy,2010,QB,Texas,2,4.79,38.75,,,3,1,0,13,0,2,17.0,73.0,216.0,,,114.0,,,24.0
Daniel Te'o-Nesheim,2010,DE,Washington,2,4.73,56.92,,,3,1,0,4,0,2,12.0,75.0,263.0,37.0,29.0,121.0,6.91,4.18,23.0
Eric Decker,2010,WR,Minnesota,4,4.54,32.0,,,3,1,1,8,0,5,45.0,75.0,217.0,,15.0,,,,23.0
Andre Roberts,2010,WR,The Citadel,10,4.4,60.0,,,3,1,1,13,3,2,24.0,71.0,195.0,36.0,15.0,120.0,6.77,4.15,22.0
Armanti Edwards,2010,WR,Appalachian State,8,4.41,58.0,,,3,1,0,4,0,0,1.0,71.0,187.0,,,,,,22.0
Taylor Price,2010,WR,Ohio,8,4.4,60.0,,,3,1,0,2,0,0,1.0,72.0,204.0,37.0,16.0,114.0,6.82,4.34,22.0
NaVorro Bowman,2010,LB,Penn State,2,4.7,30.0,,,3,1,1,8,3,5,71.0,72.0,242.0,29.5,26.0,115.0,6.91,4.59,22.0
Shawn Lauvao,2010,OG,Arizona State,3,5.22,44.0,,,3,1,1,9,0,7,36.0,75.0,315.0,26.5,33.0,101.0,7.56,4.51,22.0
Tony Moeaki,2010,TE,Iowa,3,4.69,51.67,,,3,1,0,6,0,2,10.0,75.0,245.0,34.0,18.0,113.0,7.1,4.42,23.0
Kevin Thomas,2010,DB,USC,2,4.41,64.44,,,3,1,0,2,0,0,2.0,72.0,192.0,34.5,19.0,126.0,6.82,4.18,23.0
Jimmy Graham,2010,TE,Miami (FL),2,4.53,78.33,,,3,1,1,14,5,10,61.0,78.0,260.0,38.5,,120.0,6.9,4.45,23.0
Brandon Ghee,2010,DB,Wake Forest,4,4.37,73.33,,,3,1,0,5,0,0,2.0,72.0,192.0,37.0,15.0,127.0,6.75,4.07,23.0
Rennie Curran,2010,LB,Georgia,1,4.75,20.0,,,3,1,0,1,0,0,1.0,71.0,235.0,34.5,25.0,,,,21.0
Mike Johnson,2010,OG,Alabama,1,5.37,24.0,,,3,1,0,3,0,0,2.0,77.0,312.0,25.0,,91.0,8.15,5.01,23.0
Mardy Gilyard,2010,WR,Cincinnati,4,4.61,18.0,,,4,1,0,3,0,0,1.0,72.0,187.0,39.0,,116.0,6.92,4.4,23.0
Everson Griffen,2010,DE,USC,2,4.65,69.23,,,4,1,1,12,4,6,67.0,75.0,273.0,,32.0,,,,22.0
Mike Williams,2010,WR,Syracuse,4,4.53,34.0,,,4,1,1,5,0,3,25.0,73.0,221.0,33.5,8.0,116.0,6.9,4.31,23.0
Darryl Sharpton,2010,LB,Miami (FL),2,4.81,8.0,,,4,1,0,5,0,1,10.0,71.0,236.0,,24.0,,7.19,4.42,22.0
Perry Riley,2010,LB,LSU,1,4.69,32.0,,,4,1,1,7,0,6,30.0,73.0,239.0,35.5,,119.0,6.97,4.25,22.0
Alterraun Verner,2010,DB,UCLA,5,4.52,40.0,,,4,1,1,8,1,4,33.0,70.0,189.0,32.0,11.0,116.0,6.7,4.12,21.0
Trevard Lindley,2010,DB,Kentucky,4,4.51,42.22,,,4,1,0,1,0,0,1.0,71.0,183.0,38.5,9.0,116.0,6.81,4.27,24.0
Bruce Campbell,2010,OT,Maryland,4,4.75,100.0,,,4,1,0,3,0,0,1.0,78.0,314.0,32.0,34.0,101.0,7.58,4.69,22.0
Marcus Easley,2010,WR,Connecticut,6,4.39,62.0,,,4,1,0,6,0,0,1.0,75.0,210.0,34.0,16.0,123.0,6.94,4.6,22.0
Jacoby Ford,2010,WR,Clemson,1,4.28,84.0,,,4,1,0,4,0,1,12.0,69.0,186.0,33.5,15.0,115.0,7.0,4.44,23.0
Corey Wootton,2010,DE,Northwestern,5,4.92,27.69,,,4,1,0,5,0,1,14.0,78.0,270.0,,20.0,,,,23.0
Darrell Stuckey,2010,DB,Kansas,10,4.46,53.33,,,4,1,1,7,1,0,8.0,71.0,205.0,39.5,17.0,120.0,,,23.0
Walter Thurmond,2010,DB,Oregon,2,4.53,37.78,,,4,1,0,6,0,1,12.0,71.0,189.0,,,,,,23.0
Joe McKnight,2010,RB,USC,2,4.4,66.67,,,4,1,0,5,0,0,7.0,71.0,198.0,36.5,18.0,120.0,,,22.0
Aaron Hernandez,2010,TE,Florida,2,4.64,60.0,,,4,1,0,3,0,2,21.0,74.0,245.0,,,,,,20.0
Dennis Pitta,2010,TE,BYU,5,4.68,53.33,,,4,1,0,7,0,1,16.0,76.0,245.0,34.0,27.0,113.0,6.72,4.17,25.0
Phillip Dillard,2010,LB,Nebraska,3,4.65,40.0,,,4,1,0,1,0,0,0.0,72.0,245.0,31.5,,106.0,7.16,4.43,23.0
Thaddeus Gibson,2010,DE,Ohio State,1,4.78,49.23,,,4,1,0,2,0,0,0.0,74.0,243.0,32.0,32.0,115.0,6.84,4.27,22.0
Joe Hawley,2010,C,UNLV,10,5.21,52.0,,,4,1,1,8,0,3,27.0,75.0,297.0,26.0,35.0,105.0,7.5,4.73,21.0
Garrett Graham,2010,TE,Wisconsin,3,4.71,48.33,,,4,1,0,6,0,2,7.0,75.0,243.0,34.5,20.0,112.0,7.09,4.35,24.0
A.J. Edds,2010,LB,Iowa,3,4.62,46.0,,,4,1,0,5,0,0,1.0,76.0,246.0,33.0,16.0,117.0,7.19,4.28,22.0
Geno Atkins,2010,DT,Georgia,1,4.75,75.0,,,4,1,1,11,8,9,89.0,73.0,293.0,33.0,34.0,117.0,7.33,4.43,22.0
Keenan Clayton,2010,LB,Oklahoma,2,4.59,52.0,,,4,1,0,3,0,0,3.0,73.0,229.0,41.5,27.0,124.0,,,23.0
Mike Kafka,2010,QB,Northwestern,5,4.93,21.25,,,4,1,0,2,0,0,0.0,75.0,225.0,32.0,,110.0,6.96,4.37,23.0
Al Woods,2010,DT,LSU,1,5.15,25.0,,,4,1,1,14,0,6,34.0,76.0,309.0,37.0,,109.0,7.45,4.67,23.0
Eric Norwood,2010,LB,South Carolina,3,4.71,28.0,,,4,1,0,2,0,0,2.0,73.0,245.0,36.5,,115.0,7.08,4.23,22.0
Clay Harbor,2010,TE,Missouri State,4,4.62,63.33,,,4,1,0,7,0,2,7.0,75.0,252.0,40.0,30.0,120.0,,4.37,23.0
Akwasi Owusu-Ansah,2010,DB,Indiana (PA),4,4.32,84.44,,,4,1,0,4,0,0,1.0,72.0,207.0,35.5,,120.0,6.84,4.32,22.0
E.J. Wilson,2010,DE,North Carolina,3,4.97,20.0,,,4,1,0,1,0,0,0.0,74.0,286.0,29.5,23.0,,,,22.0
Jason Fox,2010,OT,Miami (FL),2,5.45,17.65,,,4,1,0,6,0,1,9.0,79.0,303.0,,23.0,,,,22.0
Jacques McClendon,2010,OG,Tennessee,2,,,,,4,1,0,6,0,0,3.0,,,,,,,,22.0
O'Brien Schofield,2010,DE,Wisconsin,3,4.63,72.31,,,4,1,0,7,0,2,15.0,74.0,221.0,,,,,,23.0
Roddrick Muckelroy,2010,LB,Texas,2,4.68,34.0,,,4,1,0,3,0,0,1.0,74.0,246.0,31.0,19.0,110.0,7.25,4.39,23.0
Michael Hoomanawanui,2010,TE,Illinois,4,4.77,38.33,,,5,2,1,8,0,3,5.0,76.0,264.0,,25.0,,,,22.0
Kam Chancellor,2010,DB,Virginia Tech,3,4.62,17.78,,,5,2,1,8,4,7,49.0,75.0,231.0,32.0,22.0,116.0,7.36,4.41,22.0
Ricky Sapp,2010,DE,Clemson,1,4.65,69.23,,,5,2,0,5,0,0,1.0,76.0,252.0,34.0,23.0,114.0,7.29,4.41,23.0
Dominique Franks,2010,DB,Oklahoma,2,4.46,53.33,,,5,2,0,5,0,0,6.0,71.0,194.0,33.5,10.0,117.0,7.32,4.33,22.0
Kendrick Lewis,2010,DB,Ole Miss,3,4.73,0.0,,,5,2,1,9,0,6,30.0,72.0,198.0,31.5,16.0,116.0,6.88,4.33,22.0
Perrish Cox,2010,DB,Oklahoma State,3,4.58,26.67,,,5,2,1,7,0,4,19.0,71.0,195.0,32.5,12.0,113.0,,,23.0
Walter McFadden,2010,DB,Auburn,2,,,,,5,2,0,1,0,0,0.0,,,,,,,,23.0
John Conner,2010,RB,Kentucky,4,4.64,26.67,,,5,2,0,5,0,1,0.0,71.0,246.0,35.0,24.0,111.0,7.15,4.32,23.0
Ed Wang,2010,OT,Virginia Tech,3,5.18,49.41,,,5,2,0,1,0,0,0.0,77.0,314.0,27.0,29.0,96.0,,4.7,23.0
Joshua Moore,2010,DB,Kansas State,4,4.5,44.44,,,5,2,0,1,0,0,0.0,71.0,188.0,36.5,2.0,122.0,6.74,4.07,22.0
Cameron Sheffield,2010,DE,Troy,8,4.92,27.69,,,5,2,0,3,0,0,1.0,74.0,257.0,33.0,,115.0,7.23,4.53,22.0
Larry Hart,2010,DE,Central Arkansas,9,,,,,5,2,0,1,0,0,1.0,,,,,,,,23.0
Sherrick McManis,2010,DB,Northwestern,5,4.48,48.89,,,5,2,0,11,0,0,9.0,71.0,195.0,,,,,,22.0
Nolan Carroll,2010,DB,Maryland,4,4.42,62.22,,,5,2,1,8,0,4,20.0,71.0,204.0,,,,,,23.0
Cam Thomas,2010,DT,North Carolina,3,5.16,23.75,,,5,2,0,8,0,2,16.0,76.0,330.0,29.0,31.0,102.0,7.68,4.78,23.0
Mitch Petrus,2010,OG,Arkansas,3,5.34,28.0,,,5,2,0,3,0,0,4.0,75.0,310.0,,45.0,,,,23.0
Robert Johnson,2010,DB,Utah,3,,,,,5,2,0,3,0,0,2.0,,,,,,,,23.0
Hall Davis,2010,DE,Louisiana,8,4.84,40.0,,,5,2,0,3,0,0,0.0,76.0,271.0,,28.0,,,,23.0
Zoltan Mesko,2010,P,Michigan,1,4.79,32.31,,,5,2,0,4,0,0,6.0,76.0,240.0,,16.0,,,,24.0
Chris Scott,2010,OG,Tennessee,2,5.52,4.0,,,5,2,0,7,0,0,9.0,77.0,319.0,22.5,19.0,90.0,8.24,5.03,23.0
Otis Hudson,2010,OT,Eastern Illinois,10,,,,,5,2,0,0,0,0,0.0,,,,,,,,24.0
Austen Lane,2010,DE,Murray State,10,,,,,5,2,0,4,0,2,7.0,,,,,,,,22.0
Andrew Quarless,2010,TE,Penn State,2,4.68,53.33,,,5,2,0,6,0,2,9.0,76.0,254.0,32.0,23.0,112.0,,,21.0
John Skelton,2010,QB,Fordham,10,4.85,31.25,,,5,2,0,3,0,1,4.0,77.0,243.0,33.5,,108.0,7.17,4.33,22.0
David Reed,2010,WR,Utah,3,4.56,28.0,,,5,2,0,4,0,0,2.0,72.0,191.0,37.0,15.0,114.0,6.95,4.38,23.0
Arthur Jones,2010,DE,Syracuse,4,5.04,9.23,,,5,2,0,8,0,2,18.0,75.0,301.0,,,,,,24.0
Matt Tennant,2010,C,Boston College,4,5.15,60.0,,,5,2,0,3,0,0,3.0,77.0,300.0,25.0,27.0,98.0,7.6,4.62,23.0
Riley Cooper,2010,WR,Florida,2,4.53,34.0,,,5,2,1,6,0,3,17.0,75.0,222.0,33.0,,114.0,,,22.0
Larry Asante,2010,DB,Nebraska,3,4.62,17.78,,,5,2,0,6,0,0,2.0,72.0,212.0,37.5,14.0,118.0,7.0,4.17,22.0
Chris DeGeare,2010,OG,Wake Forest,4,5.12,57.33,,,5,2,0,1,0,0,2.0,76.0,325.0,32.5,27.0,103.0,7.84,4.9,23.0
Brody Eldridge,2010,TE,Oklahoma,2,4.72,46.67,,,5,2,0,2,0,2,0.0,77.0,261.0,31.5,,,,,23.0
Reshad Jones,2010,DB,Georgia,1,4.51,42.22,,,5,2,1,10,2,8,44.0,73.0,214.0,39.5,24.0,118.0,7.43,4.54,22.0
Crezdon Butler,2010,DB,Clemson,1,4.43,60.0,,,5,2,0,7,0,0,2.0,72.0,191.0,39.5,17.0,121.0,7.08,4.23,23.0
Kerry Meier,2010,WR,Kansas,10,4.62,16.0,,,5,2,0,2,0,0,0.0,74.0,224.0,35.0,13.0,115.0,,4.23,23.0
Stevenson Sylvester,2010,LB,Utah,3,4.71,28.0,,,5,2,0,4,0,0,6.0,74.0,231.0,,23.0,,,,22.0
Nate Triplett,2010,LB,Minnesota,4,4.7,30.0,,,5,2,0,2,0,0,0.0,75.0,250.0,33.0,20.0,115.0,7.02,4.37,23.0
Jonathan Crompton,2010,QB,Tennessee,2,,,,,5,2,0,0,0,0,0.0,,,,,,,,23.0
Marshall Newhouse,2010,OG,TCU,3,4.99,74.67,,,5,2,1,11,0,4,40.0,76.0,319.0,25.0,25.0,97.0,7.4,4.6,21.0
Fendi Onobun,2010,TE,Arizona,4,,,,,6,2,0,2,0,0,0.0,,,,,,,,23.0
Shann Schillinger,2010,DB,Montana,9,,,,,6,2,0,4,0,0,2.0,,,,,,,,24.0
Brent Bowden,2010,P,Virginia Tech,3,4.8,30.77,,,6,2,0,0,0,0,0.0,74.0,202.0,,,,,,
Anthony Dixon,2010,RB,Mississippi State,3,4.67,21.67,,,6,2,0,6,0,0,7.0,73.0,233.0,33.0,15.0,121.0,7.09,4.49,22.0
Dennis Morris,2010,RB,Louisiana Tech,5,,,,,6,2,0,0,0,0,0.0,,,,,,,,
Greg Hardy,2010,DE,Ole Miss,3,4.82,43.08,,,6,2,1,6,1,4,33.0,76.0,281.0,35.0,21.0,117.0,7.25,4.65,22.0
Rusty Smith,2010,QB,Florida Atlantic,2,,,,,6,2,0,3,0,0,1.0,,,,,,,,23.0
Carlton Mitchell,2010,WR,South Florida,6,4.46,48.0,,,6,2,0,2,0,0,0.0,75.0,215.0,36.0,16.0,122.0,6.96,4.55,22.0
Arthur Moats,2010,LB,James Madison,8,4.64,42.0,,,6,2,1,8,0,3,22.0,72.0,246.0,36.5,24.0,122.0,7.22,4.37,22.0
Sam Young,2010,OT,Notre Dame,2,5.2,47.06,,,6,2,0,11,0,1,16.0,80.0,316.0,29.5,29.0,104.0,7.73,4.87,23.0
Deji Karim,2010,RB,Southern Illinois,10,,,,,6,2,0,4,0,0,4.0,,,,,,,,23.0
Dan LeFevour,2010,QB,Central Michigan,8,4.6,62.5,,,6,2,0,0,0,0,0.0,75.0,230.0,29.5,,110.0,6.93,4.22,23.0
Nate Byham,2010,TE,Pittsburgh,3,4.97,5.0,,,6,2,0,4,0,0,0.0,76.0,268.0,29.0,,109.0,,,22.0
Eric Olsen,2010,C,Notre Dame,2,5.25,46.67,,,6,2,0,5,0,0,3.0,76.0,306.0,29.5,35.0,93.0,7.5,4.82,22.0
Adrian Tracy,2010,DE,William & Mary,10,4.76,52.31,,,6,2,0,3,0,0,1.0,75.0,248.0,35.5,20.0,110.0,7.08,4.34,23.0
Anthony McCoy,2010,TE,USC,2,4.71,48.33,,,6,2,0,6,0,1,4.0,76.0,259.0,35.5,19.0,113.0,6.99,4.57,22.0
Clifton Geathers,2010,DE,South Carolina,3,4.98,18.46,,,6,2,0,5,0,0,3.0,79.0,299.0,36.0,26.0,112.0,7.69,,22.0
Shelley Smith,2010,OG,Colorado State,7,5.03,69.33,,,6,2,0,5,0,0,7.0,75.0,300.0,34.0,26.0,112.0,7.67,4.71,23.0
Jonathan Dwyer,2010,RB,Georgia Tech,3,4.64,26.67,,,6,2,0,5,0,1,8.0,71.0,229.0,33.0,15.0,107.0,7.56,4.67,21.0
Eugene Sims,2010,DE,West Texas A&M,10,,,,,6,2,0,7,0,1,17.0,,,,,,,,24.0
Travis Goethel,2010,LB,Arizona State,3,4.81,8.0,,,6,2,0,3,0,0,1.0,74.0,240.0,35.0,21.0,111.0,6.93,4.54,23.0
Dezmon Briscoe,2010,WR,Kansas,10,4.66,8.0,,,6,2,0,3,0,0,4.0,74.0,207.0,33.0,9.0,115.0,7.1,4.57,21.0
Danny Batten,2010,DE,South Dakota State,9,,,,,6,2,0,2,0,0,2.0,,,,,,,,22.0
James Starks,2010,RB,Buffalo,8,4.5,50.0,,,6,2,0,7,0,0,26.0,74.0,218.0,36.0,15.0,119.0,6.89,4.23,24.0
Ramon Harewood,2010,OT,Morehouse,10,,,,,6,2,0,3,0,0,2.0,,,,,,,,23.0
Antonio Brown,2010,WR,Central Michigan,8,4.56,28.0,,,6,2,1,12,7,7,92.0,70.0,186.0,33.5,13.0,105.0,6.98,4.18,22.0
Jamar Wall,2010,DB,Texas Tech,4,4.52,40.0,,,6,2,0,1,0,0,0.0,70.0,204.0,,15.0,,,,22.0
Trindon Holliday,2010,WR,LSU,1,4.34,72.0,,,6,2,0,5,0,0,4.0,65.0,166.0,42.0,10.0,116.0,6.54,4.48,24.0
David Gettis,2010,WR,Baylor,3,4.43,54.0,,,6,2,0,3,0,1,3.0,75.0,217.0,34.5,15.0,124.0,6.94,4.41,23.0
Joe Webb,2010,WR,UAB,6,,,,,6,2,0,11,0,0,4.0,,,,,,,,23.0
Charles Scott,2010,RB,LSU,1,4.68,20.0,,,6,2,0,0,0,0,0.0,71.0,238.0,30.5,,111.0,6.98,4.47,
Jorrick Calvin,2010,DB,Troy,8,,,,,6,2,0,1,0,0,1.0,,,,,,,,23.0
Jordan Pugh,2010,DB,Texas A&M,2,,,,,6,2,0,4,0,0,4.0,,,,,,,,22.0
Scotty McGee,2010,DB,James Madison,8,,,,,6,2,0,0,0,0,0.0,,,,,,,,
Tony Pike,2010,QB,Cincinnati,4,4.9,25.0,,,6,2,0,1,0,0,0.0,78.0,223.0,28.5,,108.0,7.06,4.53,24.0
Ted Larsen,2010,C,NC State,4,5.19,54.67,,,6,2,1,11,0,5,36.0,75.0,304.0,24.0,26.0,96.0,7.81,4.66,23.0
Kyle Williams,2010,WR,Arizona State,3,4.4,60.0,,,6,2,0,4,0,0,6.0,70.0,188.0,33.0,11.0,118.0,7.0,4.19,22.0
Myron Rolle,2010,DB,Florida State,2,4.59,24.44,,,6,2,0,0,0,0,0.0,74.0,215.0,36.0,21.0,124.0,6.94,4.15,
Thomas Welch,2010,OT,Vanderbilt,4,5.42,21.18,,,7,2,0,4,0,0,2.0,78.0,307.0,29.0,29.0,105.0,7.67,4.8,23.0
Levi Brown,2010,QB,Troy,8,4.93,21.25,,,7,2,0,1,0,0,0.0,75.0,229.0,31.5,20.0,106.0,7.07,4.43,23.0
Cody Grimm,2010,DB,Virginia Tech,3,4.55,33.33,,,7,2,0,3,0,1,5.0,71.0,203.0,35.5,11.0,117.0,6.58,,23.0
Marquis Johnson,2010,DB,Alabama,1,,,,,7,2,0,2,0,0,0.0,,,,,,,,22.0
Chris McCoy,2010,DE,Middle Tenn. State,10,,,,,7,2,0,0,0,0,0.0,,,,,,,,
Willie Young,2010,DE,NC State,4,4.88,33.85,,,7,2,0,8,0,2,22.0,77.0,251.0,38.0,25.0,118.0,7.24,4.56,24.0
Mickey Shuler,2010,TE,Penn State,2,,,,,7,2,0,6,0,0,0.0,,,,,,,,23.0
Jeremy Ware,2010,DB,Michigan State,3,,,,,7,2,0,1,0,0,1.0,,,,,,,,23.0
Kyle Calloway,2010,OT,Iowa,3,5.46,16.47,,,7,2,0,0,0,0,0.0,78.0,323.0,23.5,22.0,92.0,7.96,4.86,
Dekoda Watson,2010,LB,Florida State,2,4.55,60.0,,,7,2,0,10,0,0,11.0,73.0,240.0,40.0,24.0,134.0,7.06,4.11,22.0
J'Marcus Webb,2010,OT,West Texas A&M,10,,,,,7,2,1,11,0,4,29.0,,,,,,,,22.0
Terrence Austin,2010,WR,UCLA,5,,,,,7,2,0,2,0,0,1.0,,,,,,,,22.0
Jamar Chaney,2010,LB,Mississippi State,3,4.54,62.0,,,7,2,0,5,0,1,13.0,73.0,242.0,39.0,26.0,124.0,6.9,4.29,23.0
Matt Dodge,2010,P,East Carolina,6,,,,,7,2,0,1,0,0,2.0,73.0,224.0,,,,,,23.0
Marc Mariani,2010,WR,Montana,9,,,,,7,2,1,7,1,0,5.0,,,,,,,,23.0
R.J. Stanford,2010,DB,Utah,3,,,,,7,2,0,5,0,0,4.0,,,,,,,,22.0
Phillip Adams,2010,DB,South Carolina State,3,,,,,7,2,0,6,0,0,9.0,,,,,,,,22.0
Syd'Quan Thompson,2010,DB,California,4,4.75,0.0,,,7,2,0,1,0,0,1.0,69.0,186.0,33.0,,117.0,6.73,4.26,23.0
George Selvie,2010,DE,South Florida,6,4.93,26.15,,,7,2,0,6,0,2,17.0,76.0,252.0,30.5,24.0,109.0,7.48,4.63,23.0
Dorin Dickerson,2010,WR,Pittsburgh,3,4.4,60.0,,,7,2,0,4,0,0,1.0,73.0,226.0,43.5,24.0,125.0,6.96,4.3,22.0
Reggie Stephens,2010,C,Iowa State,4,,,,,7,2,0,0,0,0,0.0,,,,,,,,23.0
Erik Cook,2010,C,New Mexico,7,5.55,6.67,,,7,2,0,2,0,0,1.0,78.0,318.0,25.0,19.0,94.0,8.24,4.99,23.0
C.J. Wilson,2010,DE,East Carolina,6,4.83,41.54,,,7,2,0,7,0,2,13.0,75.0,290.0,33.0,32.0,116.0,,4.77,23.0
Selvish Capers,2010,OT,West Virginia,4,5.11,57.65,,,7,2,0,3,0,0,0.0,77.0,308.0,30.5,19.0,106.0,7.68,4.68,24.0
Jammie Kirlew,2010,DE,Indiana,4,5.05,7.69,,,7,2,0,2,0,0,0.0,73.0,260.0,33.0,26.0,111.0,7.5,4.74,23.0
Jim Dray,2010,TE,Stanford,3,4.82,30.0,,,7,2,0,8,0,2,3.0,77.0,246.0,,17.0,,,,23.0
Sean Lissemore,2010,DT,William & Mary,10,,,,,7,2,0,6,0,2,13.0,,,,,,,,22.0
Dedrick Epps,2010,TE,Miami (FL),2,4.7,50.0,,,7,2,0,3,0,0,0.0,75.0,250.0,,19.0,,,,22.0
Dexter Davis,2010,LB,Arizona State,3,4.62,46.0,,,7,2,0,2,0,0,1.0,73.0,244.0,35.0,25.0,109.0,7.08,4.3,23.0
Ryan D'Imperio,2010,RB,Rutgers,4,,,,,7,2,0,2,0,0,0.0,,,,,,,,23.0
Ricardo Mathews,2010,DT,Cincinnati,4,,,,,7,2,0,7,0,0,14.0,,,,,,,,23.0
Sean Canfield,2010,QB,Oregon State,4,4.93,21.25,,,7,2,0,0,0,0,0.0,76.0,223.0,29.5,,100.0,7.26,4.39,24.0
Kavell Conner,2010,LB,Clemson,1,4.59,52.0,,,7,2,1,6,0,3,20.0,72.0,242.0,33.5,24.0,110.0,7.36,4.6,23.0
David Howard,2010,DT,Brown,10,,,,,7,2,0,0,0,0,0.0,,,,,,,,
Doug Worthington,2010,DT,Ohio State,1,5.02,41.25,,,7,2,0,6,0,0,0.0,77.0,292.0,,19.0,,,,23.0
Jeff Owens,2010,DT,Georgia,1,4.97,47.5,,,7,2,0,1,0,0,0.0,73.0,304.0,30.0,44.0,101.0,,4.68,23.0
Kurt Coleman,2010,DB,Ohio State,1,4.55,33.33,,,7,2,1,10,1,6,33.0,70.0,192.0,,19.0,,,,22.0
Jameson Konz,2010,TE,Kent State,8,,,,,7,2,0,2,0,0,0.0,,,,,,,,24.0
Ray Fisher,2010,DB,Indiana,4,,,,,7,2,0,0,0,0,0.0,,,,,,,,
Brandon Deaderick,2010,DE,Alabama,1,5.08,3.08,,,7,2,0,5,0,0,9.0,76.0,314.0,,,,,,23.0
Kade Weston,2010,DT,Georgia,1,,,,,7,2,0,0,0,0,0.0,,,,,,,,
Robert McClain,2010,DB,Connecticut,6,,,,,7,2,0,8,0,1,14.0,,,,,,,,22.0
Zac Robinson,2010,QB,Oklahoma State,3,4.68,52.5,,,7,2,0,0,0,0,0.0,74.0,214.0,35.0,,110.0,7.24,4.4,23.0
Stevie Brown,2010,DB,Michigan,1,,,,,7,2,0,5,0,1,10.0,,,,,,,,23.0
Austin Spitler,2010,LB,Ohio State,1,,,,,7,2,0,4,0,0,5.0,,,,,,,,23.0
Erik Lorig,2010,DE,Stanford,3,4.86,36.92,,,7,2,0,5,0,1,2.0,75.0,281.0,,,,,,23.0
Josh Hull,2010,LB,Penn State,2,4.93,0.0,,,7,2,0,4,0,0,3.0,75.0,237.0,32.5,25.0,115.0,6.86,4.07,23.0
Tim Toone,2010,WR,Weber State,10,,,,,7,2,0,0,0,0,0.0,,,,,,,,25.0
Cam Newton,2011,QB,Auburn,2,4.56,67.5,,,1,0,1,11,3,9,115.0,77.0,248.0,35.0,,126.0,6.92,4.18,22.0
Von Miller,2011,LB,Texas A&M,2,4.42,86.0,,,1,0,1,15,8,10,105.0,75.0,246.0,37.0,21.0,126.0,6.7,4.06,22.0
Marcell Dareus,2011,DT,Alabama,1,4.93,52.5,,,1,0,1,9,2,7,56.0,75.0,319.0,27.0,24.0,,7.83,4.62,21.0
A.J. Green,2011,WR,Georgia,1,4.48,44.0,,,1,0,1,12,7,10,77.0,76.0,211.0,34.5,18.0,126.0,6.91,4.21,23.0
Patrick Peterson,2011,DB,LSU,1,4.31,86.67,,,1,0,1,13,8,13,103.0,72.0,219.0,38.0,15.0,126.0,6.58,4.07,21.0
Julio Jones,2011,WR,Alabama,1,4.34,72.0,,,1,0,1,13,7,9,101.0,75.0,220.0,38.5,17.0,135.0,6.66,4.25,22.0
Aldon Smith,2011,DE,Missouri,4,4.74,55.38,,,1,0,1,10,1,4,34.0,76.0,263.0,34.0,20.0,118.0,7.19,4.5,21.0
Jake Locker,2011,QB,Washington,2,4.51,73.75,,,1,0,0,4,0,1,15.0,74.0,231.0,35.0,,120.0,6.77,4.12,23.0
Tyron Smith,2011,OT,USC,2,4.93,78.82,,,1,0,1,14,8,12,91.0,77.0,307.0,,29.0,,,,20.0
Blaine Gabbert,2011,QB,Missouri,4,4.61,61.25,,,1,0,0,13,0,2,17.0,76.0,234.0,33.5,,120.0,6.84,4.26,21.0
J.J. Watt,2011,DE,Wisconsin,3,4.81,44.62,,,1,0,1,12,5,10,110.0,77.0,290.0,37.0,34.0,120.0,6.88,4.21,22.0
Christian Ponder,2011,QB,Florida State,2,4.63,58.75,,,1,0,1,4,0,3,22.0,74.0,229.0,34.0,,116.0,6.85,4.09,23.0
Nick Fairley,2011,DT,Auburn,2,4.84,63.75,,,1,0,1,6,0,4,23.0,76.0,291.0,31.0,,113.0,7.14,4.56,23.0
Robert Quinn,2011,DE,North Carolina,3,4.62,73.85,,,1,0,1,12,3,9,69.0,76.0,265.0,34.0,22.0,116.0,7.13,4.4,21.0
Mike Pouncey,2011,OG,Florida,2,5.12,57.33,,,1,0,1,9,4,7,52.0,77.0,303.0,25.0,,96.0,7.66,4.64,22.0
Ryan Kerrigan,2011,DE,Purdue,4,4.67,66.15,,,1,0,1,11,4,9,63.0,76.0,267.0,33.5,31.0,122.0,7.18,4.39,23.0
Nate Solder,2011,OT,Colorado,3,4.96,75.29,,,1,0,1,11,0,9,64.0,80.0,319.0,32.0,21.0,110.0,7.44,4.34,23.0
Corey Liuget,2011,DT,Illinois,4,4.97,47.5,,,1,0,1,10,0,7,42.0,74.0,298.0,27.5,27.0,102.0,7.48,4.68,21.0
Prince Amukamara,2011,DB,Nebraska,3,4.38,71.11,,,1,0,1,9,0,8,36.0,72.0,206.0,38.0,15.0,128.0,6.97,4.08,22.0
Adrian Clayborn,2011,DE,Iowa,3,4.78,49.23,,,1,0,0,10,0,2,26.0,75.0,281.0,33.0,,113.0,7.3,4.13,23.0
Phil Taylor,2011,DT,Baylor,3,5.09,32.5,,,1,0,0,4,0,2,19.0,75.0,334.0,29.5,31.0,100.0,7.75,4.77,23.0
Anthony Castonzo,2011,OT,Boston College,4,5.21,45.88,,,1,0,1,10,0,10,58.0,79.0,311.0,29.5,28.0,105.0,7.25,4.4,23.0
Danny Watkins,2011,OG,Baylor,3,5.36,25.33,,,1,0,0,3,0,1,9.0,75.0,310.0,26.0,29.0,92.0,7.61,4.62,26.0
Cameron Jordan,2011,DE,California,4,4.74,55.38,,,1,0,1,15,8,15,109.0,76.0,287.0,31.0,25.0,117.0,7.07,4.37,22.0
James Carpenter,2011,OT,Alabama,1,5.22,44.71,,,1,0,1,11,0,10,49.0,76.0,321.0,,23.0,,,,22.0
Jonathan Baldwin,2011,WR,Pittsburgh,3,4.49,42.0,,,1,0,0,3,0,1,4.0,76.0,228.0,42.0,20.0,129.0,7.07,4.34,22.0
Jimmy Smith,2011,DB,Colorado,3,4.42,62.22,,,1,0,1,11,0,5,33.0,74.0,211.0,36.0,24.0,123.0,6.93,4.06,23.0
Mark Ingram,2011,RB,Alabama,1,4.62,30.0,,,1,0,1,12,3,5,66.0,69.0,215.0,31.5,21.0,118.0,7.13,4.62,21.0
Gabe Carimi,2011,OT,Wisconsin,3,5.18,49.41,,,1,0,0,4,0,1,12.0,79.0,314.0,31.5,29.0,109.0,,,23.0
Muhammad Wilkerson,2011,DT,Temple,6,4.96,48.75,,,1,0,1,8,1,7,58.0,76.0,315.0,26.0,27.0,106.0,7.31,4.59,21.0
Cameron Heyward,2011,DE,Ohio State,1,4.95,23.08,,,1,0,1,15,7,13,115.0,77.0,294.0,30.0,,,,,22.0
Derek Sherrod,2011,OT,Mississippi State,3,5.18,49.41,,,1,0,0,4,0,0,3.0,77.0,321.0,28.0,23.0,97.0,7.43,4.63,22.0
Ras-I Dowling,2011,DB,Virginia,4,4.4,66.67,,,2,0,0,4,0,0,1.0,73.0,198.0,,19.0,,,,23.0
Aaron Williams,2011,DB,Texas,2,4.55,33.33,,,2,0,1,6,0,4,17.0,72.0,204.0,37.5,18.0,127.0,6.72,4.07,21.0
Andy Dalton,2011,QB,TCU,3,4.83,33.75,,,2,0,1,15,3,11,92.0,74.0,215.0,29.5,,106.0,6.93,4.27,23.0
Colin Kaepernick,2011,QB,Nevada,7,4.53,71.25,,,2,0,1,6,0,4,45.0,77.0,233.0,32.5,,115.0,6.85,4.18,23.0
Jabaal Sheard,2011,DE,Pittsburgh,3,4.68,64.62,,,2,0,1,11,0,7,47.0,75.0,264.0,31.0,,115.0,,,22.0
Ryan Williams,2011,RB,Virginia Tech,3,4.59,35.0,,,2,0,0,2,0,0,1.0,69.0,212.0,40.0,19.0,123.0,6.96,4.18,21.0
Akeem Ayers,2011,LB,UCLA,5,4.81,8.0,,,2,0,1,7,0,4,28.0,74.0,254.0,31.0,18.0,116.0,7.49,4.28,22.0
Bruce Carter,2011,LB,North Carolina,3,4.57,56.0,,,2,0,1,8,0,3,20.0,73.0,241.0,,25.0,,,,23.0
Jarvis Jenkins,2011,DT,Clemson,1,5.03,40.0,,,2,0,1,8,0,3,23.0,76.0,310.0,26.5,17.0,98.0,7.42,4.83,23.0
Brooks Reed,2011,LB,Arizona,4,4.65,40.0,,,2,0,1,10,0,6,37.0,74.0,263.0,30.5,30.0,113.0,7.11,4.28,24.0
Kyle Rudolph,2011,TE,Notre Dame,2,4.83,28.33,,,2,0,1,12,2,10,36.0,78.0,259.0,,,,,,21.0
Titus Young,2011,WR,Boise State,7,4.43,54.0,,,2,0,0,2,0,2,8.0,71.0,174.0,,,123.0,,,22.0
Rahim Moore,2011,DB,UCLA,5,4.58,26.67,,,2,0,1,5,0,3,20.0,72.0,202.0,35.0,11.0,115.0,6.98,3.96,21.0
Orlando Franklin,2011,OT,Miami (FL),2,5.11,57.65,,,2,0,1,7,0,6,42.0,77.0,316.0,28.5,26.0,,,,23.0
Lance Kendricks,2011,TE,Wisconsin,3,4.65,58.33,,,2,0,1,9,0,6,16.0,75.0,243.0,34.5,25.0,122.0,6.94,4.15,23.0
Stefen Wisniewski,2011,C,Penn State,2,5.29,41.33,,,2,0,1,10,0,6,41.0,75.0,313.0,28.5,30.0,100.0,7.51,4.63,22.0
Ben Ijalana,2011,OT,Villanova,9,5.2,47.06,,,2,0,0,7,0,1,6.0,76.0,317.0,,,,,,22.0
Marcus Gilchrist,2011,DB,Clemson,1,4.45,55.56,,,2,0,1,10,0,6,33.0,70.0,195.0,38.5,26.0,119.0,6.81,4.12,22.0
Da'Quan Bowers,2011,DE,Clemson,1,4.92,27.69,,,2,0,0,5,0,0,7.0,75.0,280.0,,22.0,,,,21.0
Marvin Austin,2011,DT,North Carolina,3,4.84,63.75,,,2,0,0,4,0,0,2.0,74.0,309.0,30.5,38.0,112.0,7.33,4.4,22.0
Stephen Paea,2011,DT,Oregon State,4,4.98,46.25,,,2,0,1,7,0,3,19.0,73.0,303.0,,49.0,,,,23.0
Jaiquawn Jarrett,2011,DB,Temple,6,4.62,17.78,,,2,0,0,5,0,0,5.0,72.0,198.0,30.0,14.0,113.0,6.95,4.14,21.0
Rodney Hudson,2011,C,Florida State,2,5.27,44.0,,,2,0,1,12,3,9,61.0,74.0,299.0,25.5,27.0,95.0,8.03,4.96,22.0
Shane Vereen,2011,RB,California,4,4.49,51.67,,,2,0,0,7,0,1,25.0,70.0,210.0,34.0,31.0,115.0,6.95,4.28,22.0
Mikel Leshoure,2011,RB,Illinois,4,4.56,40.0,,,2,0,0,3,0,1,5.0,72.0,227.0,38.0,21.0,122.0,6.82,4.4,21.0
Torrey Smith,2011,WR,Maryland,4,4.41,58.0,,,2,0,1,8,0,7,37.0,73.0,204.0,41.0,19.0,126.0,6.72,4.13,22.0
Greg Little,2011,WR,North Carolina,3,4.51,38.0,,,2,0,1,4,0,3,12.0,74.0,231.0,40.5,27.0,129.0,6.8,4.21,22.0
Brandon Harris,2011,DB,Miami (FL),2,4.46,53.33,,,2,0,0,4,0,0,3.0,69.0,191.0,35.5,13.0,113.0,6.77,4.12,21.0
Jonas Mouton,2011,LB,Michigan,1,4.84,2.0,,,2,0,0,2,0,0,0.0,73.0,239.0,31.5,,115.0,7.08,4.34,23.0
Daniel Thomas,2011,RB,Kansas State,4,4.62,30.0,,,2,0,0,4,0,0,11.0,72.0,230.0,,21.0,,,,23.0
Marcus Gilbert,2011,OT,Florida,2,5.41,22.35,,,2,0,1,8,0,5,36.0,78.0,330.0,,30.0,,,,23.0
Randall Cobb,2011,WR,Kentucky,4,4.46,48.0,,,2,0,1,13,1,5,64.0,70.0,191.0,33.5,16.0,115.0,7.08,4.34,21.0
Terrell McClain,2011,DT,South Florida,6,4.98,46.25,,,3,1,0,9,0,2,17.0,74.0,297.0,28.0,29.0,104.0,7.48,4.56,23.0
Dontay Moch,2011,LB,Nevada,7,4.4,90.0,,,3,1,0,4,0,0,0.0,73.0,248.0,42.0,21.0,128.0,7.09,4.38,23.0
Nate Irving,2011,LB,NC State,4,4.74,22.0,,,3,1,0,5,0,1,9.0,73.0,240.0,,,,,,23.0
Kelvin Sheppard,2011,LB,LSU,1,4.7,30.0,,,3,1,1,8,0,4,25.0,74.0,250.0,33.5,22.0,110.0,,4.28,23.0
Rob Housler,2011,TE,Florida Atlantic,2,4.46,90.0,,,3,1,1,5,0,3,9.0,77.0,248.0,37.0,22.0,117.0,6.9,4.21,23.0
Justin Houston,2011,LB,Georgia,1,4.62,46.0,,,3,1,1,13,4,10,74.0,75.0,270.0,36.5,30.0,125.0,6.95,4.37,22.0
DeMarco Murray,2011,RB,Oklahoma,2,4.37,71.67,,,3,1,1,7,3,7,60.0,72.0,213.0,34.5,21.0,124.0,7.28,4.18,23.0
Martez Wilson,2011,LB,Illinois,4,4.42,86.0,,,3,1,0,3,0,0,2.0,76.0,250.0,36.0,23.0,124.0,7.04,4.28,22.0
Stevan Ridley,2011,RB,LSU,1,4.65,25.0,,,3,1,0,8,0,1,25.0,71.0,225.0,36.0,18.0,118.0,6.78,4.21,22.0
Ryan Mallett,2011,QB,Arkansas,3,5.37,0.0,,,3,1,0,7,0,0,4.0,79.0,253.0,24.0,,103.0,,,23.0
John Moffitt,2011,OG,Wisconsin,3,5.51,5.33,,,3,1,0,3,0,1,6.0,76.0,319.0,30.5,23.0,102.0,7.79,4.53,24.0
Will Rackley,2011,OG,Lehigh,10,5.39,21.33,,,3,1,0,3,0,2,8.0,75.0,309.0,23.5,29.0,99.0,7.91,4.94,21.0
Jurrell Casey,2011,DT,USC,2,5.04,38.75,,,3,1,1,10,5,9,72.0,73.0,300.0,27.5,26.0,101.0,7.51,4.78,21.0
Austin Pettis,2011,WR,Boise State,7,4.56,28.0,,,3,1,0,4,0,0,8.0,75.0,209.0,33.5,14.0,120.0,6.68,3.88,23.0
Leonard Hankerson,2011,WR,Miami (FL),2,4.4,60.0,,,3,1,0,5,0,1,12.0,73.0,209.0,36.0,14.0,117.0,6.94,4.21,22.0
Chris Culliver,2011,DB,South Carolina,3,4.36,75.56,,,3,1,0,5,0,1,12.0,72.0,199.0,38.5,,123.0,6.88,4.08,23.0
DeMarcus Van Dyke,2011,DB,Miami (FL),2,4.28,93.33,,,3,1,0,3,0,0,3.0,73.0,176.0,33.5,5.0,121.0,6.97,4.09,22.0
Vincent Brown,2011,WR,San Diego State,7,4.68,4.0,,,3,1,0,5,0,1,9.0,71.0,187.0,33.5,12.0,121.0,6.64,4.25,22.0
Jerrel Jernigan,2011,WR,Troy,8,4.46,48.0,,,3,1,0,4,0,0,2.0,69.0,185.0,37.5,11.0,124.0,7.07,4.25,22.0
Mason Foster,2011,LB,Washington,2,4.75,20.0,,,3,1,1,8,0,6,40.0,73.0,245.0,31.0,22.0,110.0,7.14,4.45,22.0
Jah Reid,2011,OT,UCF,4,5.32,32.94,,,3,1,0,6,0,2,10.0,79.0,327.0,29.5,28.0,111.0,7.73,4.65,23.0
Allen Bailey,2011,DE,Miami (FL),2,4.71,60.0,,,3,1,1,10,0,3,34.0,75.0,285.0,36.5,27.0,117.0,7.43,4.56,22.0
Drake Nevis,2011,DT,LSU,1,5.06,36.25,,,3,1,0,3,0,0,4.0,73.0,294.0,30.5,31.0,112.0,7.71,4.65,22.0
Johnny Patrick,2011,DB,Louisville,4,4.59,24.44,,,3,1,0,3,0,0,4.0,71.0,191.0,32.0,13.0,110.0,,4.16,23.0
Shareece Wright,2011,DB,USC,2,4.41,64.44,,,3,1,0,8,0,2,21.0,71.0,185.0,34.5,16.0,113.0,,,24.0
Curtis Marsh,2011,DB,Utah State,7,4.42,62.22,,,3,1,0,3,0,0,1.0,72.0,197.0,37.5,12.0,123.0,6.87,4.07,23.0
Akeem Dent,2011,LB,Georgia,1,4.73,24.0,,,3,1,0,6,0,2,17.0,73.0,242.0,37.5,24.0,123.0,,,23.0
Joe Barksdale,2011,OT,LSU,1,5.31,34.12,,,3,1,1,8,0,5,35.0,77.0,325.0,29.0,29.0,103.0,8.27,4.75,23.0
Chris Conte,2011,DB,California,4,4.52,40.0,,,3,1,1,8,0,7,28.0,74.0,197.0,35.5,18.0,127.0,7.01,4.19,22.0
Kenrick Ellis,2011,DT,Hampton,10,5.19,20.0,,,3,1,0,5,0,0,10.0,77.0,346.0,,26.0,,,,23.0
Curtis Brown,2011,DB,Texas,2,4.51,42.22,,,3,1,0,3,0,0,2.0,72.0,185.0,39.5,10.0,128.0,6.59,4.0,22.0
Alex Green,2011,RB,Hawaii,7,4.45,58.33,,,3,1,0,3,0,0,5.0,72.0,225.0,34.0,20.0,114.0,6.91,4.15,23.0
Sione Fua,2011,DT,Stanford,3,5.28,8.75,,,3,1,0,4,0,1,5.0,73.0,308.0,24.0,30.0,101.0,7.54,4.54,23.0
Brandon Hogan,2011,DB,West Virginia,4,4.43,60.0,,,4,1,0,1,0,0,0.0,70.0,192.0,,19.0,,,,23.0
K.J. Wright,2011,LB,Mississippi State,3,4.71,28.0,,,4,1,1,11,1,10,64.0,75.0,246.0,32.0,20.0,120.0,7.26,4.46,22.0
Da'Norris Searcy,2011,DB,North Carolina,3,4.55,33.33,,,4,1,1,8,0,3,24.0,71.0,223.0,33.0,27.0,120.0,6.87,4.09,22.0
Clint Boling,2011,OG,Georgia,1,5.28,36.0,,,4,1,1,8,0,7,46.0,77.0,308.0,31.0,28.0,102.0,7.66,4.64,22.0
Jordan Cameron,2011,TE,USC,2,4.53,78.33,,,4,1,1,6,1,4,13.0,77.0,254.0,37.5,23.0,119.0,6.82,4.03,23.0
Sam Acho,2011,DE,Texas,2,4.67,66.15,,,4,1,1,9,0,4,30.0,74.0,262.0,33.5,23.0,112.0,6.69,4.32,23.0
Luke Stocker,2011,TE,Tennessee,2,4.68,53.33,,,4,1,1,11,0,7,5.0,77.0,258.0,33.0,27.0,115.0,7.03,4.4,23.0
Roy Helu,2011,RB,Nebraska,3,4.4,66.67,,,4,1,0,5,0,1,13.0,71.0,219.0,36.5,11.0,119.0,6.67,4.01,22.0
Christian Ballard,2011,DT,Iowa,3,4.75,75.0,,,4,1,0,2,0,0,3.0,76.0,283.0,31.5,,111.0,7.54,4.51,22.0
Kris Durham,2011,WR,Georgia,1,,,,,4,1,0,4,0,1,5.0,,,,,,,,23.0
Quinton Carter,2011,DB,Oklahoma,2,4.57,28.89,,,4,1,0,4,0,1,5.0,73.0,208.0,34.5,23.0,121.0,7.05,4.06,23.0
Colin McCarthy,2011,LB,Miami (FL),2,4.59,52.0,,,4,1,0,3,0,1,11.0,73.0,238.0,36.5,23.0,119.0,6.93,4.2,22.0
David Arkin,2011,OG,Missouri State,4,5.31,32.0,,,4,1,0,6,0,0,0.0,77.0,300.0,29.0,25.0,103.0,7.6,4.63,23.0
Clyde Gates,2011,WR,Abilene Christian,10,4.31,78.0,,,4,1,0,3,0,0,3.0,72.0,192.0,40.0,16.0,131.0,,,25.0
Greg Salas,2011,WR,Hawaii,7,4.53,34.0,,,4,1,0,6,0,0,4.0,73.0,210.0,37.0,15.0,120.0,6.65,4.1,23.0
Chimdi Chekwa,2011,DB,Ohio State,1,4.38,71.11,,,4,1,0,6,0,0,2.0,72.0,191.0,34.5,,126.0,,,22.0
Cecil Shorts,2011,WR,Mount Union,10,4.5,40.0,,,4,1,1,6,0,4,19.0,72.0,205.0,34.5,21.0,114.0,6.5,4.07,23.0
Kendall Hunter,2011,RB,Oklahoma State,3,4.46,56.67,,,4,1,0,5,0,0,12.0,67.0,199.0,35.0,24.0,122.0,6.74,4.21,22.0
Casey Matthews,2011,LB,Oregon,2,4.78,14.0,,,4,1,0,4,0,1,10.0,73.0,231.0,,13.0,,,,22.0
James Brewer,2011,OT,Indiana,4,5.21,45.88,,,4,1,0,4,0,0,4.0,78.0,323.0,26.0,25.0,100.0,7.84,4.81,23.0
Jalil Brown,2011,DB,Colorado,3,4.52,40.0,,,4,1,0,5,0,0,4.0,73.0,204.0,35.5,24.0,116.0,6.85,4.25,23.0
Delone Carter,2011,RB,Syracuse,4,4.54,43.33,,,4,1,0,3,0,0,3.0,69.0,222.0,37.0,27.0,120.0,6.92,4.07,24.0
Alex Henery,2011,K,Nebraska,3,4.87,20.0,,,4,1,0,4,0,0,8.0,73.0,177.0,,,,,,24.0
Chris Prosinski,2011,DB,Wyoming,7,,,,,4,1,0,7,0,0,10.0,,,,,,,,24.0
Chris Hairston,2011,OT,Clemson,1,5.38,25.88,,,4,1,0,7,0,2,17.0,78.0,326.0,29.0,33.0,96.0,7.9,4.7,22.0
Tandon Doss,2011,WR,Indiana,4,4.62,16.0,,,4,1,0,3,0,0,4.0,74.0,201.0,,14.0,,,,21.0
Owen Marecic,2011,RB,Stanford,3,4.87,0.0,,,4,1,0,2,0,0,0.0,72.0,248.0,28.5,22.0,102.0,7.1,4.56,22.0
Taiwan Jones,2011,RB,Eastern Washington,10,4.33,78.33,,,4,1,0,13,0,0,3.0,72.0,194.0,,13.0,,,,23.0
Bilal Powell,2011,RB,Louisville,4,4.51,48.33,,,4,1,1,9,0,3,26.0,70.0,207.0,,18.0,,,,22.0
Roc Carmichael,2011,DB,Virginia Tech,3,4.41,64.44,,,4,1,0,3,0,0,2.0,70.0,192.0,31.0,13.0,116.0,6.69,4.06,22.0
Cortez Allen,2011,DB,The Citadel,10,4.5,44.44,,,4,1,0,5,0,0,10.0,73.0,197.0,35.5,18.0,129.0,6.76,4.01,22.0
Julius Thomas,2011,TE,Portland State,10,4.64,60.0,,,4,1,1,7,2,5,21.0,77.0,246.0,35.5,16.0,111.0,6.96,4.31,23.0
Jamie Harper,2011,RB,Clemson,1,4.53,45.0,,,4,1,0,2,0,0,1.0,71.0,233.0,36.5,24.0,120.0,7.16,4.39,21.0
Davon House,2011,DB,New Mexico State,7,4.44,57.78,,,4,1,0,8,0,2,17.0,72.0,200.0,33.5,14.0,109.0,6.65,4.12,22.0
Kealoha Pilares,2011,WR,Hawaii,7,4.42,56.0,,,5,2,0,2,0,0,1.0,70.0,199.0,,19.0,,,,23.0
Johnny White,2011,RB,North Carolina,3,4.5,50.0,,,5,2,0,2,0,0,0.0,70.0,209.0,32.5,,117.0,7.07,4.31,23.0
Robert Sands,2011,DB,West Virginia,4,4.53,37.78,,,5,2,0,1,0,0,0.0,76.0,217.0,35.0,12.0,124.0,7.03,4.06,21.0
Ricky Stanzi,2011,QB,Iowa,3,4.87,28.75,,,5,2,0,0,0,0,0.0,76.0,223.0,32.5,,110.0,6.95,4.43,24.0
Anthony Sherman,2011,RB,Connecticut,6,4.74,10.0,,,5,2,1,10,1,3,5.0,70.0,242.0,32.5,32.0,111.0,7.23,4.41,22.0
Buster Skrine,2011,DB,Chattanooga,10,4.37,73.33,,,5,2,1,11,0,4,35.0,69.0,186.0,37.0,20.0,122.0,6.44,3.9,22.0
Marcus Cannon,2011,OT,TCU,3,5.26,40.0,,,5,2,1,12,0,5,43.0,77.0,358.0,30.5,33.0,105.0,8.07,4.97,23.0
Brandon Burton,2011,DB,Southern Utah,10,4.5,44.44,,,5,2,0,3,0,0,1.0,72.0,190.0,32.0,18.0,118.0,6.93,4.07,22.0
Gabe Miller,2011,LB,Oregon State,4,,,,,5,2,0,4,0,0,0.0,,,,,,,,23.0
D.J. Williams,2011,TE,Arkansas,3,4.59,68.33,,,5,2,0,3,0,0,4.0,74.0,245.0,33.5,20.0,111.0,7.29,4.51,22.0
Karl Klug,2011,DT,Iowa,3,4.85,62.5,,,5,2,0,7,0,0,13.0,75.0,275.0,,22.0,,,,23.0
Josh Thomas,2011,DB,Buffalo,8,4.46,53.33,,,5,2,0,5,0,0,7.0,70.0,191.0,38.5,13.0,126.0,6.99,4.15,22.0
Shiloh Keo,2011,DB,Idaho,10,4.74,0.0,,,5,2,0,6,0,1,8.0,71.0,219.0,32.5,24.0,110.0,6.55,3.9,23.0
Jacquizz Rodgers,2011,RB,Oregon State,4,4.59,35.0,,,5,2,0,8,0,0,24.0,66.0,196.0,33.0,,113.0,7.31,4.26,21.0
DeJon Gomes,2011,DB,Nebraska,3,4.5,44.44,,,5,2,0,3,0,0,5.0,71.0,208.0,31.0,13.0,110.0,,,21.0
Rod Issac,2011,DB,Middle Tenn. State,10,,,,,5,2,0,1,0,0,0.0,,,,,,,,22.0
Denarius Moore,2011,WR,Tennessee,2,4.43,54.0,,,5,2,1,5,0,3,15.0,72.0,194.0,36.0,13.0,118.0,6.78,4.15,22.0
Dion Lewis,2011,RB,Pittsburgh,3,4.56,40.0,,,5,2,1,10,0,2,31.0,67.0,193.0,34.5,17.0,112.0,6.9,4.18,20.0
Jason Pinkston,2011,OT,Pittsburgh,3,5.39,24.71,,,5,2,0,3,0,1,10.0,75.0,317.0,26.5,,98.0,7.88,4.91,24.0
Ahmad Black,2011,DB,Florida,2,4.7,0.0,,,5,2,0,3,0,0,3.0,69.0,184.0,35.5,18.0,119.0,6.85,4.2,21.0
T.J. Yates,2011,QB,North Carolina,3,5.06,5.0,,,5,2,0,7,0,0,6.0,75.0,219.0,29.5,,104.0,6.96,4.12,24.0
Jeremy Kerley,2011,WR,TCU,3,4.56,28.0,,,5,2,1,8,0,4,23.0,69.0,189.0,34.5,16.0,120.0,,,22.0
Richard Sherman,2011,DB,Stanford,3,4.54,35.56,,,5,2,1,11,5,9,97.0,75.0,195.0,38.0,16.0,125.0,6.82,4.33,23.0
Niles Paul,2011,WR,Nebraska,3,4.45,50.0,,,5,2,0,8,0,1,7.0,73.0,224.0,34.5,24.0,117.0,6.9,4.14,22.0
Mark LeGree,2011,DB,Appalachian State,8,4.49,46.67,,,5,2,0,0,0,0,0.0,71.0,210.0,31.0,21.0,116.0,6.9,4.09,22.0
Doug Hogue,2011,LB,Syracuse,4,4.62,46.0,,,5,2,0,2,0,0,2.0,74.0,235.0,36.0,18.0,121.0,7.09,4.57,22.0
Jermale Hines,2011,DB,Ohio State,1,4.59,24.44,,,5,2,0,1,0,0,0.0,73.0,219.0,31.0,19.0,,6.9,4.21,23.0
Lee Smith,2011,TE,Marshall,8,4.94,10.0,,,5,2,1,11,0,4,5.0,78.0,266.0,29.0,25.0,108.0,7.13,4.28,23.0
Nathan Enderle,2011,QB,Idaho,10,5.12,0.0,,,5,2,0,0,0,0,0.0,76.0,240.0,25.5,,102.0,7.13,4.46,23.0
Julian Vandervelde,2011,OG,Iowa,3,5.12,57.33,,,5,2,0,5,0,0,1.0,74.0,301.0,31.0,23.0,104.0,7.46,4.59,23.0
Chris Carter,2011,LB,Fresno State,7,4.58,54.0,,,5,2,0,7,0,0,6.0,73.0,248.0,36.0,27.0,114.0,6.88,4.34,22.0
Daniel Kilgore,2011,OG,Appalachian State,8,5.28,36.0,,,5,2,1,10,0,3,26.0,75.0,308.0,32.5,23.0,105.0,7.59,4.68,23.0
Chykie Brown,2011,DB,Texas,2,4.49,46.67,,,5,2,0,6,0,0,5.0,71.0,190.0,36.5,,120.0,6.5,4.0,24.0
Pernell McPhee,2011,DE,Mississippi State,3,4.91,29.23,,,5,2,1,11,0,3,29.0,75.0,278.0,28.5,20.0,107.0,7.13,4.59,22.0
Lawrence Wilson,2011,LB,Central Connecticut State,10,4.71,28.0,,,6,2,0,0,0,0,0.0,73.0,229.0,32.5,24.0,113.0,7.31,4.5,23.0
Ryan Whalen,2011,WR,Stanford,3,4.53,34.0,,,6,2,0,3,0,0,0.0,73.0,202.0,38.5,18.0,123.0,6.67,4.09,22.0
Demarcus Love,2011,OL,Arkansas,3,5.18,43.53,,,6,2,0,0,0,0,0.0,76.0,315.0,26.5,27.0,97.0,7.84,4.84,23.0
Chris White,2011,LB,Mississippi State,3,4.65,40.0,,,6,2,0,4,0,0,3.0,75.0,240.0,34.0,17.0,115.0,6.95,4.25,22.0
Mistral Raymond,2011,DB,South Florida,6,,,,,6,2,0,3,0,0,4.0,,,,,,,,24.0
Quan Sturdivant,2011,LB,North Carolina,3,4.75,20.0,,,6,2,0,0,0,0,0.0,73.0,241.0,34.0,21.0,115.0,,4.5,22.0
Brandon Fusco,2011,C,Slippery Rock,10,5.18,56.0,,,6,2,1,8,0,6,35.0,76.0,306.0,28.5,26.0,108.0,7.29,4.43,23.0
Byron Maxwell,2011,DB,Clemson,1,4.43,60.0,,,6,2,1,7,0,3,22.0,72.0,202.0,33.0,24.0,124.0,,,23.0
Charles Clay,2011,TE,Tulsa,6,4.69,51.67,,,6,2,1,9,0,9,29.0,75.0,245.0,33.5,18.0,118.0,7.07,4.15,22.0
Byron Stingily,2011,OT,Louisville,4,,,,,6,2,0,4,0,0,4.0,,,,,,,,22.0
Dwayne Harris,2011,WR,East Carolina,6,4.53,34.0,,,6,2,1,10,1,0,12.0,70.0,203.0,34.0,10.0,111.0,6.77,4.21,23.0
Evan Royster,2011,RB,Penn State,2,4.65,25.0,,,6,2,0,3,0,0,4.0,72.0,212.0,34.0,20.0,113.0,7.07,4.18,23.0
Aldrick Robinson,2011,WR,SMU,6,4.35,70.0,,,6,2,0,8,0,0,12.0,70.0,184.0,40.0,17.0,126.0,6.65,4.09,22.0
Caleb Schlauderaff,2011,OG,Southern Utah,10,5.18,49.33,,,6,2,0,3,0,0,1.0,76.0,305.0,,,,,,23.0
Tyrod Taylor,2011,QB,Virginia Tech,3,4.47,78.75,,,6,2,1,15,1,3,50.0,73.0,217.0,37.5,,126.0,6.78,4.09,22.0
Richard Gordon,2011,TE,Miami (FL),2,,,,,6,2,0,5,0,0,0.0,,,,,,,,24.0
Ronald Johnson,2011,WR,USC,2,4.46,48.0,,,6,2,0,0,0,0,0.0,71.0,199.0,,16.0,,,,23.0
Jordan Todman,2011,RB,Connecticut,6,4.4,66.67,,,6,2,0,7,0,0,5.0,69.0,203.0,38.0,25.0,126.0,7.24,4.18,21.0
David Carter,2011,DT,UCLA,5,,,,,6,2,0,3,0,0,4.0,,,,,,,,23.0
Greg Jones,2011,LB,Michigan State,3,4.75,20.0,,,6,2,0,2,0,0,3.0,72.0,242.0,31.5,21.0,117.0,7.27,4.27,22.0
D.J. Smith,2011,LB,Appalachian State,8,4.71,28.0,,,6,2,0,4,0,0,5.0,71.0,239.0,31.0,20.0,104.0,7.35,4.45,22.0
Allen Bradford,2011,RB,USC,2,4.53,45.0,,,6,2,0,5,0,0,1.0,71.0,242.0,29.0,28.0,113.0,6.97,4.39,23.0
Chris Rucker,2011,DB,Michigan State,3,4.54,35.56,,,6,2,0,1,0,0,2.0,72.0,195.0,,10.0,,,,22.0
Mike Mohamed,2011,LB,California,4,4.65,40.0,,,6,2,0,5,0,0,4.0,75.0,239.0,32.0,21.0,115.0,6.7,4.0,23.0
Colin Jones,2011,DB,TCU,3,,,,,6,2,0,9,0,0,12.0,,,,,,,,23.0
Jason Kelce,2011,C,Cincinnati,4,4.89,94.67,,,6,2,1,13,7,12,102.0,75.0,280.0,30.5,,110.0,7.22,4.14,23.0
Matthew Bosher,2011,K,Miami (FL),2,4.78,33.85,,,6,2,0,9,0,0,14.0,73.0,208.0,,8.0,,,,23.0
Brian Rolle,2011,LB,Ohio State,1,4.53,64.0,,,6,2,0,2,0,1,6.0,70.0,229.0,33.0,28.0,115.0,6.89,4.26,22.0
Markell Carter,2011,LB,Central Arkansas,9,,,,,6,2,0,0,0,0,0.0,,,,,,,,21.0
J.T. Thomas,2011,LB,West Virginia,4,4.65,40.0,,,6,2,0,7,0,2,12.0,73.0,241.0,30.5,23.0,114.0,7.23,4.28,23.0
Keith Williams,2011,OG,Nebraska,3,5.28,36.0,,,6,2,0,2,0,0,0.0,76.0,318.0,24.5,23.0,93.0,8.42,5.03,23.0
Ricky Elmore,2011,DL,Arizona,4,4.88,52.5,,,6,2,0,0,0,0,0.0,76.0,255.0,31.5,26.0,106.0,7.25,4.32,23.0
Tyler Sash,2011,DB,Iowa,3,4.62,17.78,,,6,2,0,2,0,0,1.0,72.0,211.0,33.0,11.0,108.0,6.9,4.27,23.0
Jerrell Powe,2011,DT,Ole Miss,3,5.25,12.5,,,6,2,0,4,0,0,5.0,74.0,335.0,25.0,27.0,93.0,8.17,5.06,24.0
Ross Homan,2011,LB,Ohio State,1,4.66,38.0,,,6,2,0,0,0,0,0.0,73.0,240.0,35.5,32.0,111.0,7.21,4.34,24.0
Stephen Schilling,2011,OG,Michigan,1,5.18,49.33,,,6,2,0,4,0,0,5.0,76.0,308.0,25.5,30.0,98.0,7.73,4.62,23.0
Jacquian Williams,2011,LB,South Florida,6,,,,,6,2,0,4,0,1,13.0,,,,,,,,23.0
Zachary Williams,2011,OL,Washington State,4,,,,,6,2,0,0,0,0,0.0,,,,,,,,22.0
Virgil Green,2011,TE,Nevada,7,4.54,76.67,,,7,2,1,10,0,5,8.0,75.0,249.0,42.5,23.0,130.0,6.9,4.4,23.0
Pep Levingston,2011,DL,LSU,1,4.86,55.0,,,7,2,0,2,0,0,0.0,75.0,292.0,29.5,,104.0,7.29,4.62,23.0
Justin Rogers,2011,DB,Richmond,9,4.45,55.56,,,7,2,0,5,0,0,4.0,70.0,180.0,33.0,14.0,114.0,7.21,4.2,23.0
Korey Lindsey,2011,DB,Southern Illinois,10,,,,,7,2,0,0,0,0,0.0,,,,,,,,22.0
Greg McElroy,2011,QB,Alabama,1,4.84,32.5,,,7,2,0,2,0,0,1.0,74.0,220.0,33.0,,107.0,7.11,4.45,23.0
Johnny Culbreath,2011,OL,South Carolina State,3,,,,,7,2,0,0,0,0,0.0,,,,,,,,23.0
Andrew Jackson,2011,OL,Fresno State,7,5.27,32.94,,,7,2,0,0,0,0,0.0,77.0,299.0,28.0,25.0,98.0,7.55,4.65,22.0
Bruce Miller,2011,DE,UCF,4,4.81,44.62,,,7,2,1,10,0,5,7.0,73.0,254.0,31.0,35.0,113.0,7.05,4.34,24.0
Zach Clayton,2011,DT,Auburn,2,,,,,7,2,0,1,0,0,0.0,,,,,,,,23.0
Brandyn Thompson,2011,DB,Boise State,7,4.5,44.44,,,7,2,0,1,0,0,1.0,69.0,189.0,33.5,13.0,114.0,6.66,4.12,21.0
Derek Newton,2011,OT,Arkansas State,3,5.0,70.59,,,7,2,1,8,0,4,28.0,77.0,311.0,25.5,24.0,100.0,7.76,5.0,23.0
D'Aundre Reed,2011,DE,Arizona,4,4.84,40.0,,,7,2,0,2,0,0,0.0,76.0,261.0,35.5,30.0,119.0,7.24,4.32,23.0
Mikail Baker,2011,DB,Baylor,3,,,,,7,2,0,0,0,0,0.0,,,,,,,,24.0
Maurice Hurt,2011,OG,Florida,2,5.39,21.33,,,7,2,0,2,0,1,6.0,75.0,318.0,,18.0,,,,23.0
Ryan Taylor,2011,TE,North Carolina,3,,,,,7,2,0,4,0,0,0.0,,,,,,,,23.0
Malcolm Williams,2011,DB,TCU,3,,,,,7,2,0,2,0,0,0.0,,,,,,,,23.0
Shaun Chapas,2011,RB,Georgia,1,4.87,0.0,,,7,2,0,2,0,0,0.0,74.0,247.0,35.5,23.0,116.0,7.13,4.4,23.0
Da'Rel Scott,2011,RB,Maryland,4,4.4,66.67,,,7,2,0,3,0,0,1.0,71.0,211.0,34.0,19.0,117.0,7.15,4.2,23.0
Anthony Gaitor,2011,DB,Florida International,2,,,,,7,2,0,2,0,0,1.0,,,,,,,,22.0
Shane Bannon,2011,RB,Yale,10,,,,,7,2,0,0,0,0,0.0,,,,,,,,22.0
Markus White,2011,DE,Florida State,2,4.86,36.92,,,7,2,0,2,0,0,0.0,75.0,266.0,32.5,14.0,117.0,7.25,4.51,23.0
Anthony Allen,2011,RB,Georgia Tech,3,4.56,40.0,,,7,2,0,2,0,0,1.0,73.0,228.0,41.5,24.0,120.0,6.79,4.06,23.0
Greg Romeus,2011,DL,Pittsburgh,3,4.79,63.75,,,7,2,0,0,0,0,0.0,77.0,264.0,,,,,,23.0
Scotty McKnight,2011,WR,Colorado,3,,,,,7,2,0,0,0,0,0.0,,,,,,,,23.0
Jabara Williams,2011,LB,S.F. Austin,10,,,,,7,2,0,1,0,0,0.0,,,,,,,,22.0
Jonathan Nelson,2011,DB,Oklahoma,2,,,,,7,2,0,1,0,0,1.0,,,,,,,,23.0
Cliff Matthews,2011,DE,South Carolina,3,4.81,44.62,,,7,2,0,6,0,0,3.0,75.0,257.0,32.0,17.0,112.0,7.21,4.37,22.0
Frank Kearse,2011,DT,Alabama A&M,1,,,,,7,2,0,5,0,0,5.0,,,,,,,,22.0
Baron Batch,2011,RB,Texas Tech,4,,,,,7,2,0,2,0,0,1.0,,,,,,,,23.0
Lawrence Guy,2011,DT,Arizona State,3,4.96,48.75,,,7,2,1,14,0,7,63.0,76.0,305.0,29.0,28.0,,7.6,4.43,21.0
Andrew Gachkar,2011,LB,Missouri,4,,,,,7,2,0,7,0,0,9.0,,,,,,,,22.0
Jimmy Wilson,2011,DB,Montana,9,,,,,7,2,0,5,0,1,12.0,,,,,,,,25.0
Stephen Burton,2011,WR,Long Beach CC,10,4.5,40.0,,,7,2,0,3,0,0,0.0,73.0,221.0,34.5,19.0,117.0,7.04,4.31,21.0
Greg Lloyd,2011,LB,Connecticut,6,4.8,10.0,,,7,2,0,2,0,0,0.0,73.0,246.0,32.0,22.0,109.0,7.17,4.46,22.0
Daniel Hardy,2011,TE,Idaho,10,4.78,36.67,,,7,2,0,0,0,0,0.0,76.0,249.0,,18.0,,,,24.0
Michael Person,2011,OG,Montana State,9,5.07,64.0,,,7,2,1,9,0,3,23.0,76.0,299.0,28.0,21.0,108.0,7.44,4.5,23.0
Stanley Havili,2011,RB,USC,2,4.64,26.67,,,7,2,0,3,0,1,1.0,72.0,227.0,,,,,,23.0
David Ausberry,2011,WR,USC,2,,,,,7,2,0,4,0,0,1.0,,,,,,,,23.0
Malcolm Smith,2011,LB,USC,2,,,,,7,2,1,11,0,2,32.0,,,,,,,,22.0
Nate Bussey,2011,LB,Illinois,4,,,,,7,2,0,1,0,0,0.0,,,,,,,,22.0
Lee Ziemba,2011,OT,Auburn,2,5.5,11.76,,,7,2,0,1,0,0,1.0,78.0,317.0,29.0,20.0,95.0,7.74,4.65,22.0
Michael Jasper,2011,DT,Bethel (TN),10,,,,,7,2,0,0,0,0,0.0,,,,,,,,24.0
Jay Finley,2011,RB,Baylor,3,,,,,7,2,0,0,0,0,0.0,,,,,,,,23.0
Jeremy Beal,2011,DL,Oklahoma,2,5.14,20.0,,,7,2,0,0,0,0,0.0,74.0,262.0,28.5,22.0,106.0,7.19,4.46,23.0
Eric Hagg,2011,DB,Nebraska,3,4.62,17.78,,,7,2,0,2,0,0,3.0,73.0,209.0,34.5,18.0,121.0,6.73,4.19,21.0
DeMarco Sampson,2011,WR,San Diego State,7,4.41,58.0,,,7,2,0,1,0,0,0.0,74.0,204.0,,14.0,,,,25.0
Curtis Holcomb,2011,DB,Florida A&M,2,,,,,7,2,0,0,0,0,0.0,,,,,,,,23.0
Tommie Campbell,2011,DB,Pittsburgh,3,,,,,7,2,0,4,0,0,4.0,,,,,,,,23.0
Bill Nagy,2011,OG,Wisconsin,3,,,,,7,2,0,1,0,0,2.0,,,,,,,,23.0
Chris Neild,2011,DT,West Virginia,4,5.06,36.25,,,7,2,0,3,0,0,2.0,74.0,319.0,29.0,30.0,106.0,7.56,4.46,23.0
Cheta Ozougwu,2011,DE,Rice,6,4.84,40.0,,,7,2,0,3,0,0,0.0,74.0,247.0,34.5,26.0,119.0,7.06,4.31,22.0
Andrew Luck,2012,QB,Stanford,3,4.59,63.75,,,1,0,1,7,4,5,72.0,76.0,234.0,36.0,,124.0,6.8,4.28,22.0
Robert Griffin III,2012,QB,Baylor,3,4.33,96.25,,,1,0,1,9,1,3,36.0,74.0,223.0,39.0,,120.0,,,22.0
Trent Richardson,2012,RB,Alabama,1,4.48,53.33,,,1,0,1,3,0,3,17.0,69.0,228.0,,,,,,22.0
Matt Kalil,2012,OT,USC,2,4.96,75.29,,,1,0,1,6,1,5,34.0,79.0,306.0,27.0,30.0,,7.33,4.65,23.0
Justin Blackmon,2012,WR,Oklahoma State,3,4.46,48.0,,,1,0,0,2,0,1,9.0,73.0,207.0,,14.0,,,,22.0
Morris Claiborne,2012,DB,LSU,1,4.5,44.44,,,1,0,1,8,0,5,25.0,71.0,188.0,34.5,,118.0,7.01,4.12,22.0
Mark Barron,2012,DB,Alabama,1,4.54,35.56,,,1,0,1,8,0,7,58.0,73.0,213.0,,,,,,22.0
Ryan Tannehill,2012,QB,Texas A&M,2,4.65,56.25,,,1,0,1,12,1,10,91.0,76.0,221.0,,,,,,24.0
Luke Kuechly,2012,LB,Boston College,4,4.58,54.0,,,1,0,1,8,7,8,91.0,75.0,242.0,38.0,27.0,123.0,6.92,4.12,21.0
Stephon Gilmore,2012,DB,South Carolina,3,4.38,71.11,,,1,0,1,13,5,12,75.0,72.0,190.0,36.0,15.0,123.0,6.61,3.94,21.0
Dontari Poe,2012,DT,Memphis,6,4.89,57.5,,,1,0,1,9,2,8,55.0,75.0,346.0,29.5,44.0,105.0,7.9,4.56,22.0
Fletcher Cox,2012,DT,Mississippi State,3,4.77,72.5,,,1,0,1,12,6,12,95.0,76.0,298.0,26.0,30.0,103.0,7.07,4.53,21.0
Michael Floyd,2012,WR,Notre Dame,2,4.4,60.0,,,1,0,1,7,0,3,28.0,75.0,220.0,36.5,16.0,122.0,,,22.0
Michael Brockers,2012,DT,LSU,1,5.31,5.0,,,1,0,1,11,0,10,58.0,77.0,322.0,26.5,,105.0,7.46,4.81,21.0
Bruce Irvin,2012,DE,West Virginia,4,4.41,100.0,,,1,0,1,12,0,6,42.0,75.0,245.0,33.5,23.0,123.0,6.7,4.03,24.0
Quinton Coples,2012,DE,North Carolina,3,4.69,63.08,,,1,0,0,4,0,2,17.0,78.0,284.0,31.5,25.0,109.0,7.57,4.78,22.0
Dre Kirkpatrick,2012,DB,Alabama,1,4.5,44.44,,,1,0,1,10,0,5,31.0,74.0,186.0,35.0,,120.0,,,22.0
Melvin Ingram,2012,DE,South Carolina,3,4.69,63.08,,,1,0,1,12,3,6,57.0,73.0,264.0,34.5,28.0,109.0,6.83,4.18,23.0
Shea McClellin,2012,DE,Boise State,7,4.62,73.85,,,1,0,1,5,0,3,17.0,75.0,260.0,31.5,19.0,118.0,7.07,4.33,23.0
Kendall Wright,2012,WR,Baylor,3,4.49,42.0,,,1,0,1,6,0,3,28.0,70.0,196.0,38.5,,121.0,6.93,4.18,22.0
Chandler Jones,2012,DE,Syracuse,4,4.77,50.77,,,1,0,1,11,4,10,77.0,77.0,266.0,35.0,22.0,120.0,7.07,4.38,22.0
Brandon Weeden,2012,QB,Oklahoma State,3,4.89,26.25,,,1,0,0,7,0,1,13.0,75.0,221.0,,,,,,28.0
Riley Reiff,2012,OT,Iowa,3,5.16,51.76,,,1,0,1,12,0,10,60.0,78.0,313.0,26.5,23.0,98.0,7.87,4.75,23.0
David DeCastro,2012,OG,Stanford,3,5.32,30.67,,,1,0,1,9,6,8,69.0,77.0,316.0,29.5,34.0,98.0,7.3,4.56,22.0
Dont'a Hightower,2012,LB,Alabama,1,4.62,46.0,,,1,0,1,10,2,8,65.0,74.0,265.0,32.0,,,,,22.0
Whitney Mercilus,2012,DE,Illinois,4,4.68,64.62,,,1,0,1,10,0,8,49.0,76.0,261.0,32.0,27.0,118.0,7.17,4.53,22.0
Kevin Zeitler,2012,OG,Wisconsin,3,5.32,30.67,,,1,0,1,14,1,14,67.0,76.0,314.0,29.0,32.0,101.0,7.77,4.61,22.0
Nick Perry,2012,DE,USC,2,4.55,84.62,,,1,0,1,7,0,3,22.0,75.0,271.0,38.5,35.0,124.0,7.25,4.66,22.0
Harrison Smith,2012,DB,Notre Dame,2,4.54,35.56,,,1,0,1,14,6,13,72.0,74.0,213.0,34.0,19.0,122.0,6.63,4.12,23.0
A.J. Jenkins,2012,WR,Illinois,4,4.37,66.0,,,1,0,0,3,0,0,2.0,72.0,190.0,38.5,12.0,124.0,,,22.0
Doug Martin,2012,RB,Boise State,7,4.46,56.67,,,1,0,1,7,2,7,39.0,69.0,223.0,36.0,28.0,120.0,6.79,4.16,23.0
David Wilson,2012,RB,Virginia Tech,3,4.38,70.0,,,1,0,0,2,0,0,5.0,70.0,206.0,41.0,,132.0,7.09,4.12,21.0
Brian Quick,2012,WR,Appalachian State,8,4.5,40.0,,,2,0,0,7,0,0,11.0,75.0,220.0,34.0,15.0,119.0,7.1,4.23,23.0
Coby Fleener,2012,TE,Stanford,3,4.51,81.67,,,2,0,1,6,0,4,25.0,78.0,247.0,,27.0,,,,23.0
Courtney Upshaw,2012,LB,Alabama,1,4.74,22.0,,,2,0,1,6,0,3,27.0,74.0,272.0,,22.0,,,,22.0
Derek Wolfe,2012,DT,Cincinnati,4,4.93,52.5,,,2,0,1,9,0,9,48.0,77.0,295.0,33.5,33.0,108.0,7.26,4.44,22.0
Mitchell Schwartz,2012,OT,California,4,5.38,25.88,,,2,0,1,9,0,8,75.0,77.0,318.0,26.5,23.0,89.0,7.86,4.87,23.0
Andre Branch,2012,LB,Clemson,1,4.67,36.0,,,2,0,1,7,0,3,22.0,76.0,259.0,32.5,19.0,120.0,7.19,4.25,23.0
Jackrabbit Jenkins,2012,DB,North Alabama,10,4.41,64.44,,,2,0,1,11,1,10,52.0,70.0,193.0,33.5,,121.0,6.95,4.13,23.0
Amini Silatolu,2012,OG,Midwestern State,10,5.33,29.33,,,2,0,0,7,0,1,18.0,76.0,311.0,31.5,28.0,107.0,7.95,4.87,23.0
Cordy Glenn,2012,OG,Georgia,1,5.08,62.67,,,2,0,1,8,0,6,38.0,78.0,345.0,23.5,31.0,93.0,8.13,5.0,22.0
Jonathan Martin,2012,OT,Stanford,3,5.27,38.82,,,2,0,0,3,0,2,14.0,77.0,312.0,,,,,,22.0
Stephen Hill,2012,WR,Georgia Tech,3,4.36,68.0,,,2,0,0,2,0,2,4.0,76.0,215.0,39.5,14.0,133.0,6.88,4.48,21.0
Jeff Allen,2012,OT,Illinois,4,5.17,50.59,,,2,0,1,8,0,4,27.0,76.0,307.0,27.5,26.0,102.0,8.01,4.9,22.0
Alshon Jeffery,2012,WR,South Carolina,3,4.48,44.0,,,2,0,1,9,1,8,48.0,75.0,216.0,,,,,,22.0
Mychal Kendricks,2012,LB,California,4,4.44,82.0,,,2,0,1,9,0,7,38.0,71.0,239.0,39.5,24.0,127.0,,4.19,21.0
Bobby Wagner,2012,LB,Utah State,7,,,,,2,0,1,14,10,14,129.0,,,,,,,,22.0
Tavon Wilson,2012,DB,Illinois,4,,,,,2,0,0,10,0,2,19.0,,,,,,,,22.0
Kendall Reyes,2012,DT,Connecticut,6,4.82,66.25,,,2,0,1,5,0,3,22.0,76.0,299.0,34.5,36.0,113.0,7.43,4.53,22.0
Isaiah Pead,2012,RB,Cincinnati,4,4.39,68.33,,,2,0,0,5,0,0,1.0,70.0,197.0,33.0,,116.0,6.95,4.32,22.0
Jerel Worthy,2012,DT,Michigan State,3,5.0,43.75,,,2,0,0,7,0,0,4.0,74.0,308.0,28.5,,107.0,7.6,4.56,22.0
Zach Brown,2012,LB,North Carolina,3,4.44,82.0,,,2,0,1,8,1,5,41.0,73.0,244.0,33.5,,116.0,,,22.0
Devon Still,2012,DT,Penn State,2,5.01,42.5,,,2,0,0,5,0,0,3.0,77.0,303.0,29.5,26.0,,,,23.0
Ryan Broyles,2012,WR,Oklahoma,2,4.57,26.0,,,2,0,0,3,0,0,3.0,70.0,192.0,,21.0,,,,24.0
Peter Konz,2012,C,Wisconsin,3,5.16,58.67,,,2,0,0,3,0,2,16.0,77.0,314.0,,18.0,,,,23.0
Mike Adams,2012,OT,Ohio State,1,5.28,37.65,,,2,0,0,5,0,1,11.0,79.0,323.0,28.5,19.0,100.0,7.94,4.95,22.0
Brock Osweiler,2012,QB,Arizona State,3,4.83,33.75,,,2,0,0,7,0,1,14.0,79.0,242.0,,,,,,21.0
Lavonte David,2012,LB,Nebraska,3,4.57,56.0,,,2,0,1,14,1,14,93.0,73.0,233.0,36.5,19.0,119.0,7.28,4.22,22.0
Vinny Curry,2012,DE,Marshall,8,4.87,35.38,,,2,0,0,11,0,1,22.0,75.0,266.0,32.0,,110.0,6.9,4.4,24.0
Kelechi Osemele,2012,OT,Iowa State,4,5.22,44.71,,,2,0,1,9,2,6,47.0,77.0,333.0,26.5,32.0,104.0,7.91,4.87,23.0
LaMichael James,2012,RB,Oregon,2,4.35,75.0,,,2,0,0,4,0,0,2.0,68.0,194.0,35.0,15.0,123.0,6.88,4.12,22.0
Casey Hayward,2012,DB,Vanderbilt,4,4.47,51.11,,,2,0,1,11,2,7,50.0,71.0,192.0,34.0,19.0,119.0,6.76,3.9,22.0
Rueben Randle,2012,WR,LSU,1,4.55,30.0,,,2,0,0,4,0,2,21.0,75.0,210.0,31.0,15.0,121.0,6.99,4.36,21.0
Dwayne Allen,2012,TE,Clemson,1,4.85,25.0,,,3,1,1,7,0,4,12.0,75.0,255.0,32.0,27.0,110.0,7.12,4.37,22.0
Trumaine Johnson,2012,DB,Montana,9,4.5,44.44,,,3,1,1,8,0,5,30.0,74.0,204.0,35.5,19.0,122.0,7.2,4.15,22.0
Josh Robinson,2012,DB,UCF,4,4.29,91.11,,,3,1,0,8,0,1,10.0,70.0,199.0,38.5,17.0,133.0,6.55,3.97,21.0
Ronnie Hillman,2012,RB,San Diego State,7,4.42,63.33,,,3,1,0,5,0,1,17.0,69.0,200.0,37.0,17.0,,,,20.0
DeVier Posey,2012,WR,Ohio State,1,4.39,62.0,,,3,1,0,3,0,0,2.0,74.0,211.0,36.5,14.0,123.0,7.03,4.15,22.0
T.J. Graham,2012,WR,NC State,4,4.34,72.0,,,3,1,0,4,0,1,7.0,71.0,188.0,33.5,8.0,120.0,6.77,4.18,23.0
Bryan Anger,2012,P,California,4,4.86,21.54,,,3,1,1,14,2,3,25.0,76.0,208.0,,,,,,23.0
Josh LeRibeus,2012,OG,SMU,6,5.31,32.0,,,3,1,0,7,0,1,11.0,75.0,312.0,26.0,29.0,96.0,7.64,4.65,23.0
Olivier Vernon,2012,LB,Miami (FL),2,4.73,24.0,,,3,1,1,9,1,8,50.0,74.0,261.0,34.5,31.0,122.0,7.39,4.5,21.0
Brandon Taylor,2012,DB,LSU,1,4.52,40.0,,,3,1,0,1,0,0,1.0,71.0,209.0,33.5,,118.0,7.32,4.37,22.0
Donald Stephenson,2012,OT,Oklahoma,2,4.94,77.65,,,3,1,0,6,0,1,18.0,77.0,312.0,35.5,19.0,114.0,7.52,4.78,23.0
Russell Wilson,2012,QB,Wisconsin,3,4.53,71.25,,,3,1,1,14,10,12,140.0,71.0,204.0,34.0,,118.0,6.97,4.09,23.0
Brandon Brooks,2012,OG,Miami (OH),8,,,,,3,1,1,10,3,7,50.0,,,,,,,,23.0
Demario Davis,2012,LB,Arkansas State,3,4.49,72.0,,,3,1,1,14,2,13,104.0,74.0,235.0,38.5,32.0,124.0,7.19,4.28,23.0
Michael Egnew,2012,TE,Missouri,4,4.52,80.0,,,3,1,0,2,0,0,0.0,77.0,252.0,36.0,21.0,131.0,7.03,4.32,22.0
Brandon Hardin,2012,DB,Oregon State,4,,,,,3,1,0,0,0,0,0.0,,,,,,,,22.0
Jamell Fleming,2012,DB,Oklahoma,2,4.43,60.0,,,3,1,0,4,0,0,5.0,71.0,206.0,34.0,23.0,125.0,6.71,3.97,23.0
Tyrone Crawford,2012,DE,Boise State,7,4.82,43.08,,,3,1,1,9,0,5,34.0,76.0,275.0,33.0,28.0,113.0,7.09,4.44,22.0
Mike Martin,2012,DT,Michigan,1,4.8,68.75,,,3,1,0,4,0,0,6.0,73.0,306.0,33.5,36.0,113.0,7.19,4.25,22.0
Mohamed Sanu,2012,WR,Rutgers,4,4.62,16.0,,,3,1,1,10,0,5,41.0,73.0,211.0,36.0,19.0,126.0,6.88,4.22,23.0
Bernard Pierce,2012,RB,Temple,6,4.45,58.33,,,3,1,0,4,0,0,10.0,72.0,218.0,36.5,17.0,123.0,7.07,4.28,21.0
Bill Bentley,2012,DB,Louisiana,8,4.42,62.22,,,3,1,0,4,0,0,3.0,70.0,182.0,31.5,13.0,114.0,6.99,4.5,23.0
Sean Spence,2012,LB,Miami (FL),2,4.66,38.0,,,3,1,0,6,0,1,13.0,71.0,231.0,33.5,12.0,119.0,7.46,4.28,22.0
John Hughes,2012,DT,Cincinnati,4,5.32,3.75,,,3,1,0,6,0,0,10.0,74.0,309.0,,28.0,,,,24.0
Nick Foles,2012,QB,Arizona,4,5.14,0.0,,,3,1,1,11,1,3,32.0,77.0,243.0,30.5,,112.0,,,23.0
Akiem Hicks,2012,DE,Regina,10,,,,,3,1,1,11,1,7,54.0,,,,,,,,22.0
Jake Bequette,2012,DE,Arkansas,3,4.75,53.85,,,3,1,0,2,0,0,0.0,77.0,274.0,34.0,,113.0,6.9,4.07,23.0
Lamar Holmes,2012,OT,Southern Miss,10,5.29,36.47,,,3,1,0,3,0,1,10.0,77.0,323.0,27.0,22.0,104.0,7.74,4.8,23.0
T.Y. Hilton,2012,WR,Florida International,2,4.34,72.0,,,3,1,1,11,4,8,72.0,69.0,183.0,,,,,,22.0
Brandon Thompson,2012,DT,Clemson,1,5.2,18.75,,,3,1,0,4,0,0,7.0,74.0,314.0,31.0,35.0,100.0,7.97,4.71,22.0
Jayron Hosley,2012,DB,Virginia Tech,3,4.38,71.11,,,3,1,0,4,0,0,8.0,70.0,178.0,,11.0,,,,21.0
Tony Bergstrom,2012,OT,Utah,3,5.19,48.24,,,3,1,0,9,0,0,12.0,77.0,313.0,29.5,32.0,101.0,7.95,4.84,26.0
Chris Givens,2012,WR,Wake Forest,4,4.35,70.0,,,4,1,0,4,0,2,12.0,71.0,198.0,33.5,19.0,118.0,6.97,4.23,22.0
Lamar Miller,2012,RB,Miami (FL),2,4.34,76.67,,,4,1,1,9,1,6,42.0,71.0,212.0,33.0,,,,,21.0
Gino Gradkowski,2012,OG,Delaware,9,,,,,4,1,0,7,0,1,11.0,,,,,,,,23.0
Ben Jones,2012,C,Georgia,1,5.35,33.33,,,4,1,1,11,1,10,58.0,75.0,303.0,30.5,29.0,105.0,7.95,4.74,23.0
Travis Benjamin,2012,WR,Miami (FL),2,4.31,78.0,,,4,1,0,10,0,2,25.0,70.0,172.0,38.0,14.0,119.0,,,22.0
Omar Bolden,2012,DB,Arizona State,3,4.51,42.22,,,4,1,0,4,0,0,5.0,70.0,202.0,,24.0,,,,23.0
Kirk Cousins,2012,QB,Michigan State,3,4.84,32.5,,,4,1,1,14,4,9,102.0,75.0,214.0,28.5,,109.0,7.05,4.5,24.0
Frank Alexander,2012,DE,Oklahoma,2,4.8,46.15,,,4,1,0,3,0,0,6.0,76.0,270.0,,,,,,22.0
Joe Adams,2012,WR,Arkansas,3,4.51,38.0,,,4,1,0,1,0,0,0.0,71.0,179.0,36.0,,123.0,7.09,,22.0
Nigel Bradham,2012,LB,Florida State,2,4.56,58.0,,,4,1,1,9,0,7,44.0,74.0,241.0,37.0,24.0,121.0,7.18,4.37,23.0
Robert Turbin,2012,RB,Utah State,7,4.42,63.33,,,4,1,0,8,0,0,16.0,70.0,222.0,36.0,28.0,122.0,7.16,4.31,22.0
Devon Wylie,2012,WR,Fresno State,7,4.36,68.0,,,4,1,0,2,0,0,0.0,69.0,187.0,39.0,17.0,123.0,,,24.0
Philip Blake,2012,OL,Baylor,3,5.17,44.71,,,4,1,0,0,0,0,0.0,75.0,311.0,29.5,22.0,105.0,7.86,4.65,26.0
Alameda Ta'amu,2012,DT,Washington,2,5.3,6.25,,,4,1,0,3,0,0,3.0,74.0,348.0,26.0,35.0,103.0,,,22.0
Ladarius Green,2012,TE,Louisiana,8,4.45,91.67,,,4,1,0,5,0,2,11.0,78.0,238.0,34.5,16.0,124.0,7.12,4.47,22.0
Evan Rodriguez,2012,TE,Temple,6,4.53,78.33,,,4,1,0,3,0,0,0.0,73.0,239.0,36.0,18.0,119.0,6.94,4.28,23.0
Bobby Massie,2012,OT,Ole Miss,3,5.18,49.41,,,4,1,1,10,0,9,45.0,78.0,316.0,27.5,22.0,103.0,7.7,4.95,23.0
Kyle Wilber,2012,LB,Wake Forest,4,4.73,24.0,,,4,1,0,10,0,1,13.0,76.0,249.0,33.5,25.0,117.0,7.11,4.31,23.0
Jaye Howard,2012,DT,Florida,2,4.78,71.25,,,4,1,0,5,0,2,17.0,75.0,301.0,27.5,24.0,106.0,7.32,4.47,23.0
Coty Sensabaugh,2012,DB,Clemson,1,4.33,82.22,,,4,1,0,8,0,2,19.0,71.0,189.0,37.0,15.0,122.0,6.6,4.06,23.0
Orson Charles,2012,TE,Georgia,1,4.73,45.0,,,4,1,0,7,0,0,2.0,74.0,251.0,,35.0,,,,21.0
Joe Looney,2012,OG,Wake Forest,4,5.02,70.67,,,4,1,0,9,0,2,21.0,75.0,309.0,,26.0,,,,22.0
Jarius Wright,2012,WR,Arkansas,3,4.39,62.0,,,4,1,0,8,0,1,24.0,70.0,182.0,38.0,11.0,120.0,6.93,4.03,22.0
Keenan Robinson,2012,LB,Texas,2,4.72,26.0,,,4,1,0,6,0,2,17.0,75.0,242.0,35.5,27.0,120.0,,,23.0
James-Michael Johnson,2012,LB,Nevada,7,4.6,50.0,,,4,1,0,4,0,2,11.0,73.0,241.0,37.0,23.0,124.0,7.34,4.37,23.0
Keshawn Martin,2012,WR,Michigan State,3,4.42,56.0,,,4,1,0,5,0,1,7.0,71.0,188.0,39.5,13.0,122.0,6.85,4.13,22.0
Nick Toon,2012,WR,Wisconsin,3,4.49,42.0,,,4,1,0,4,0,0,3.0,74.0,215.0,37.5,18.0,,,,23.0
Brandon Boykin,2012,DB,Georgia,1,4.44,57.78,,,4,1,0,4,0,0,9.0,69.0,182.0,,,,,,22.0
Ron Brooks,2012,DB,LSU,1,4.37,73.33,,,4,1,0,5,0,0,6.0,70.0,190.0,38.0,12.0,120.0,,,23.0
Ronnell Lewis,2012,LB,Oklahoma,2,4.65,40.0,,,4,1,0,1,0,0,1.0,74.0,253.0,31.0,36.0,112.0,7.09,4.4,21.0
Jared Crick,2012,DE,Nebraska,3,4.91,29.23,,,4,1,1,5,0,3,28.0,76.0,279.0,31.0,,104.0,7.47,4.4,23.0
Adrien Robinson,2012,TE,Cincinnati,4,,,,,4,1,0,3,0,0,0.0,,,,,,,,23.0
Rhett Ellison,2012,RB,USC,2,4.78,3.33,,,4,1,1,8,0,4,9.0,77.0,251.0,31.5,,109.0,,,23.0
Miles Burris,2012,LB,San Diego State,7,4.67,36.0,,,4,1,0,3,0,2,14.0,74.0,246.0,37.5,31.0,121.0,,,24.0
Christian Thompson,2012,DB,South Carolina State,3,4.42,62.22,,,4,1,0,1,0,0,0.0,72.0,211.0,31.5,18.0,122.0,7.33,4.13,22.0
Brandon Mosley,2012,OT,Auburn,2,5.14,54.12,,,4,1,0,3,0,0,2.0,78.0,314.0,27.0,30.0,103.0,7.43,4.78,23.0
Mike Daniels,2012,DT,Iowa,3,4.84,63.75,,,4,1,1,10,1,6,41.0,72.0,291.0,,,,,,23.0
Jerron McMillian,2012,DB,Maine,10,4.47,51.11,,,4,1,0,2,0,0,2.0,71.0,203.0,36.5,17.0,120.0,6.69,4.22,23.0
Greg Childs,2012,WR,Arkansas,3,4.52,36.0,,,4,1,0,0,0,0,0.0,75.0,219.0,36.5,19.0,125.0,,,22.0
Matt Johnson,2012,DB,Eastern Washington,10,,,,,4,1,0,0,0,0,0.0,,,,,,,,23.0
Josh Chapman,2012,NT,Alabama,1,5.02,0.0,,,5,2,0,3,0,1,7.0,73.0,316.0,,,,,,23.0
Malik Jackson,2012,DT,Tennessee,2,4.85,62.5,,,5,2,1,10,1,5,45.0,77.0,284.0,28.0,25.0,105.0,7.38,4.41,22.0
Tahir Whitehead,2012,LB,Temple,6,4.62,46.0,,,5,2,1,10,0,7,41.0,73.0,233.0,37.0,21.0,124.0,7.14,4.37,22.0
Robert Blanton,2012,DB,Notre Dame,2,4.66,8.89,,,5,2,0,6,0,1,9.0,73.0,208.0,34.0,12.0,116.0,6.71,3.97,23.0
Najee Goode,2012,LB,West Virginia,4,4.55,60.0,,,5,2,0,8,0,0,10.0,72.0,244.0,35.5,,117.0,,,23.0
Adam Gettis,2012,OG,Iowa,3,4.9,86.67,,,5,2,0,5,0,0,1.0,74.0,293.0,31.5,,112.0,7.99,4.65,23.0
Brandon Marshall,2012,LB,Nevada,7,4.72,26.0,,,5,2,1,7,0,4,30.0,73.0,242.0,30.5,28.0,108.0,7.05,4.09,22.0
Josh Norman,2012,DB,Coastal Carolina,8,4.61,20.0,,,5,2,1,12,1,8,43.0,72.0,197.0,33.0,14.0,124.0,7.09,4.23,24.0
Zebrie Sanders,2012,OL,Florida State,2,5.33,25.88,,,5,2,0,0,0,0,0.0,78.0,320.0,27.0,28.0,100.0,8.15,4.99,22.0
Taylor Thompson,2012,TE,SMU,6,,,,,5,2,0,3,0,0,0.0,,,,,,,,22.0
DeQuan Menzie,2012,DB,Alabama,1,4.65,11.11,,,5,2,0,0,0,0,0.0,71.0,202.0,33.0,,116.0,,,22.0
Tank Carder,2012,LB,TCU,3,4.58,54.0,,,5,2,0,5,0,0,5.0,74.0,236.0,34.5,19.0,121.0,6.89,4.18,23.0
Chris Greenwood,2012,DB,Albion,10,,,,,5,2,0,2,0,0,0.0,,,,,,,,23.0
Johnnie Troutman,2012,OG,Penn State,2,5.52,4.0,,,5,2,0,3,0,2,14.0,76.0,325.0,27.5,31.0,,7.96,5.0,24.0
Rokevious Watkins,2012,OG,South Carolina,3,5.29,34.67,,,5,2,0,2,0,0,1.0,76.0,338.0,27.0,,102.0,7.87,4.9,23.0
Senio Kelemete,2012,OG,Washington,2,5.39,21.33,,,5,2,0,10,0,1,25.0,76.0,307.0,25.0,21.0,101.0,7.77,4.58,22.0
Danny Coale,2012,WR,Virginia Tech,3,4.42,56.0,,,5,2,0,0,0,0,0.0,72.0,201.0,35.0,12.0,115.0,6.69,4.15,24.0
Dennis Kelly,2012,OT,Purdue,4,,,,,5,2,0,12,0,1,29.0,,,,,,,,22.0
Korey Toomer,2012,LB,Idaho,10,,,,,5,2,0,7,0,0,11.0,,,,,,,,23.0
Josh Kaddu,2012,LB,Oregon,2,4.67,36.0,,,5,2,0,3,0,0,0.0,75.0,239.0,34.0,20.0,119.0,,,22.0
Shaun Prater,2012,DB,Iowa,3,4.5,44.44,,,5,2,0,4,0,0,2.0,70.0,190.0,,14.0,,,,22.0
Bradie Ewing,2012,RB,Wisconsin,3,4.73,11.67,,,5,2,0,2,0,0,0.0,72.0,239.0,36.5,14.0,120.0,7.14,4.16,22.0
Jack Crawford,2012,DE,Penn State,2,4.74,55.38,,,5,2,1,9,0,3,18.0,77.0,274.0,33.0,,116.0,7.15,4.25,24.0
Chris Rainey,2012,RB,Florida,2,4.36,73.33,,,5,2,0,2,0,0,1.0,68.0,180.0,36.5,16.0,120.0,6.5,3.93,24.0
Ryan Miller,2012,OG,Colorado,3,5.16,52.0,,,5,2,0,1,0,0,1.0,79.0,321.0,28.0,32.0,100.0,7.72,4.78,23.0
Randy Bullock,2012,K,Texas A&M,2,,,,,5,2,0,12,0,1,20.0,69.0,205.0,,,,,,22.0
Corey White,2012,DB,Samford,10,4.53,37.78,,,5,2,0,5,0,1,12.0,71.0,206.0,37.5,15.0,126.0,6.72,4.22,22.0
Terrell Manning,2012,LB,NC State,4,4.71,28.0,,,5,2,0,3,0,0,0.0,74.0,237.0,32.5,22.0,114.0,7.18,4.43,22.0
Jonathan Massaquoi,2012,DE,Troy,8,4.81,44.62,,,5,2,0,3,0,0,6.0,74.0,264.0,33.5,20.0,120.0,7.38,4.53,24.0
Darius Fleming,2012,LB,Notre Dame,2,4.71,28.0,,,5,2,0,4,0,0,1.0,74.0,245.0,33.5,27.0,114.0,7.03,4.28,23.0
Marvin Jones,2012,WR,California,4,4.46,48.0,,,5,2,1,12,0,8,53.0,74.0,199.0,33.0,22.0,112.0,6.81,4.11,22.0
George Iloka,2012,DB,Boise State,7,4.6,22.22,,,5,2,1,9,0,4,29.0,76.0,225.0,34.5,20.0,124.0,7.03,4.03,22.0
Juron Criner,2012,WR,Arizona,4,4.66,8.0,,,5,2,0,2,0,0,1.0,74.0,224.0,38.0,17.0,117.0,7.15,4.3,22.0
Asa Jackson,2012,DB,Cal Poly,9,4.48,48.89,,,5,2,0,6,0,0,3.0,70.0,191.0,34.5,19.0,118.0,6.97,4.03,22.0
Vick Ballard,2012,RB,Mississippi State,3,4.59,35.0,,,5,2,0,2,0,1,5.0,70.0,219.0,33.0,23.0,115.0,7.03,4.19,22.0
Greg Zuerlein,2012,K,Missouri Western State,4,,,,,6,2,1,13,1,2,29.0,,,,,,,,24.0
Jeremy Lane,2012,DB,Northwestern State (LA),5,,,,,6,2,0,6,0,1,10.0,,,,,,,,22.0
Alfred Morris,2012,RB,Florida Atlantic,2,4.63,28.33,,,6,2,1,9,2,4,36.0,70.0,219.0,35.5,16.0,117.0,7.01,4.19,23.0
Keith Tandy,2012,DB,West Virginia,4,,,,,6,2,0,7,0,0,8.0,,,,,,,,23.0
Blair Walsh,2012,K,Georgia,1,4.96,6.15,,,6,2,1,6,1,0,14.0,69.0,187.0,,,,,,22.0
Mike Harris,2012,DB,Florida State,2,4.52,40.0,,,6,2,0,3,0,0,6.0,70.0,188.0,36.0,,117.0,6.81,4.07,23.0
Justin Bethel,2012,DB,Presbyterian,10,4.52,40.0,,,6,2,1,12,3,0,20.0,72.0,200.0,39.5,19.0,131.0,6.79,4.3,22.0
Mark Asper,2012,OG,Oregon,2,5.32,30.67,,,6,2,0,2,0,0,0.0,78.0,319.0,,23.0,,,,26.0
Andrew Tiller,2012,OG,Syracuse,4,5.44,14.67,,,6,2,0,5,0,0,6.0,76.0,324.0,23.0,16.0,85.0,7.92,4.8,23.0
Trent Robinson,2012,DB,Michigan State,3,,,,,6,2,0,4,0,1,6.0,,,,,,,,22.0
Winston Guy,2012,DB,Kentucky,4,4.62,17.78,,,6,2,0,5,0,0,3.0,73.0,218.0,,,,,,22.0
Cyrus Gray,2012,RB,Texas A&M,2,4.4,66.67,,,6,2,0,3,0,0,1.0,70.0,206.0,32.5,21.0,114.0,7.17,,22.0
B.J. Cunningham,2012,WR,Michigan State,3,4.52,36.0,,,6,2,0,2,0,0,0.0,73.0,211.0,31.5,12.0,116.0,7.1,,23.0
Isaiah Frey,2012,DB,Nevada,7,,,,,6,2,0,3,0,0,3.0,,,,,,,,22.0
Ryan Lindley,2012,QB,San Diego State,7,4.86,30.0,,,6,2,0,4,0,0,-4.0,76.0,229.0,29.5,,108.0,7.52,4.45,23.0
James Hanna,2012,TE,Oklahoma,2,4.43,95.0,,,6,2,1,6,0,4,3.0,76.0,252.0,36.0,24.0,122.0,6.76,4.11,23.0
Josh Bush,2012,DB,Wake Forest,4,,,,,6,2,0,4,0,0,3.0,,,,,,,,23.0
Danny Trevathan,2012,LB,Kentucky,4,4.84,2.0,,,6,2,1,10,0,7,47.0,72.0,237.0,31.5,18.0,111.0,,,22.0
Christo Bilukidi,2012,DE,Georgia State,1,,,,,6,2,0,3,0,0,1.0,,,,,,,,22.0
Markelle Martin,2012,DB,Oklahoma State,3,4.47,51.11,,,6,2,0,0,0,0,0.0,73.0,207.0,,19.0,,,,22.0
Dan Herron,2012,RB,Ohio State,1,4.57,38.33,,,6,2,0,4,0,0,5.0,70.0,213.0,35.0,22.0,117.0,6.97,4.04,23.0
Charles Mitchell,2012,DB,Mississippi State,3,4.56,31.11,,,6,2,0,1,0,0,1.0,71.0,202.0,37.0,19.0,127.0,6.93,4.22,22.0
Tom Compton,2012,OT,South Dakota,10,5.01,69.41,,,6,2,0,11,0,2,22.0,77.0,314.0,30.0,20.0,108.0,7.59,4.6,23.0
Marvin McNutt,2012,WR,Iowa,3,4.48,44.0,,,6,2,0,2,0,0,0.0,75.0,216.0,37.0,,122.0,7.15,4.07,23.0
Nick Mondek,2012,OL,Purdue,4,,,,,6,2,0,0,0,0,0.0,,,,,,,,23.0
Jonte Green,2012,DB,New Mexico State,7,,,,,6,2,0,2,0,0,4.0,,,,,,,,23.0
Nate Ebner,2012,DB,Ohio State,1,,,,,6,2,0,10,0,0,11.0,,,,,,,,23.0
Tommy Streeter,2012,WR,Miami (FL),2,4.37,66.0,,,6,2,0,3,0,0,0.0,77.0,219.0,33.0,17.0,125.0,7.08,,22.0
Jason Slowey,2012,OL,Western Oregon,10,,,,,6,2,0,0,0,0,0.0,,,,,,,,23.0
Brandon Washington,2012,OG,Miami (FL),2,5.14,54.67,,,6,2,0,2,0,0,0.0,75.0,320.0,25.0,28.0,101.0,8.22,4.87,24.0
Matt McCants,2012,OT,UAB,6,5.4,23.53,,,6,2,0,5,0,0,3.0,78.0,308.0,25.5,17.0,97.0,,,23.0
Terrance Ganaway,2012,RB,Baylor,3,4.61,31.67,,,6,2,0,1,0,0,0.0,71.0,239.0,37.5,,119.0,7.15,4.25,23.0
Robert Griffin,2012,OL,Baylor,3,4.33,100.0,,,6,2,0,0,0,0,0.0,74.0,223.0,39.0,,120.0,,,22.0
Emmanuel Acho,2012,LB,Texas,2,4.64,42.0,,,6,2,0,3,0,0,2.0,74.0,238.0,35.5,24.0,118.0,,,21.0
Billy Winn,2012,DT,Boise State,7,4.86,61.25,,,6,2,0,9,0,2,15.0,76.0,294.0,27.0,24.0,107.0,7.37,4.44,23.0
LaVon Brazill,2012,WR,Ohio,8,4.43,54.0,,,6,2,0,2,0,0,3.0,71.0,192.0,32.5,11.0,,,,23.0
Brad Nortman,2012,P,Wisconsin,3,4.78,33.85,,,6,2,0,6,0,0,11.0,74.0,213.0,,,,,,22.0
Justin Anderson,2012,OL,Georgia,1,5.24,36.47,,,7,2,0,0,0,0,0.0,76.0,335.0,27.0,32.0,101.0,8.04,4.99,24.0
Aaron Brown,2012,LB,Hawaii,7,,,,,7,2,0,0,0,0,0.0,,,,,,,,
Audie Cole,2012,LB,NC State,4,4.76,18.0,,,7,2,0,5,0,0,7.0,76.0,246.0,35.0,15.0,114.0,6.96,4.29,23.0
Scott Solomon,2012,DE,Rice,6,4.88,33.85,,,7,2,0,4,0,0,2.0,75.0,262.0,35.0,34.0,124.0,7.17,4.25,23.0
Michael Smith,2012,RB,Utah State,7,,,,,7,2,0,1,0,0,0.0,,,,,,,,24.0
Richard Crawford,2012,DB,SMU,6,,,,,7,2,0,1,0,0,1.0,,,,,,,,22.0
Tim Fugger,2012,DE,Vanderbilt,4,,,,,7,2,0,0,0,0,0.0,,,,,,,,23.0
Kheeston Randall,2012,DT,Texas,2,5.0,43.75,,,7,2,0,1,0,0,1.0,77.0,293.0,34.0,28.0,111.0,7.49,4.84,23.0
D.J. Campbell,2012,DB,California,4,,,,,7,2,0,2,0,0,2.0,,,,,,,,23.0
Jordan Bernstine,2012,DB,Iowa,3,,,,,7,2,0,1,0,0,0.0,,,,,,,,23.0
Jerome Long,2012,DT,San Diego State,7,,,,,7,2,0,2,0,0,0.0,,,,,,,,22.0
Trevor Guyton,2012,DE,California,4,5.01,13.85,,,7,2,0,0,0,0,0.0,75.0,285.0,31.0,,105.0,7.45,4.53,
Greg McCoy,2012,DB,TCU,3,,,,,7,2,0,0,0,0,0.0,,,,,,,,23.0
Nate Potter,2012,OT,Boise State,7,5.26,40.0,,,7,2,0,2,0,0,3.0,78.0,303.0,28.5,22.0,100.0,7.49,4.67,24.0
Caleb McSurdy,2012,LB,Montana,9,4.82,6.0,,,7,2,0,0,0,0,0.0,73.0,245.0,30.0,26.0,110.0,7.26,4.28,22.0
Travis Lewis,2012,LB,Oklahoma,2,4.83,4.0,,,7,2,0,4,0,0,4.0,73.0,246.0,36.0,22.0,122.0,,,24.0
Alfonzo Dennard,2012,DB,Nebraska,3,4.48,48.89,,,7,2,0,3,0,1,9.0,70.0,204.0,37.0,,121.0,,,22.0
J.R. Sweezy,2012,DT,NC State,4,4.97,47.5,,,7,2,1,9,0,7,47.0,77.0,298.0,36.0,21.0,113.0,7.4,4.41,23.0
David Molk,2012,C,Michigan,1,5.18,56.0,,,7,2,0,4,0,0,3.0,73.0,298.0,,41.0,,,,23.0
Rishard Matthews,2012,WR,Nevada,7,4.54,32.0,,,7,2,1,7,0,4,22.0,72.0,217.0,36.0,20.0,,6.88,4.19,22.0
Jeris Pendleton,2012,DT,Ashland,10,,,,,7,2,0,2,0,0,0.0,,,,,,,,28.0
Bryce Brown,2012,RB,Kansas State,4,,,,,7,2,0,4,0,0,9.0,,,,,,,,21.0
Nathan Stupar,2012,LB,Penn State,2,4.65,40.0,,,7,2,0,8,0,1,9.0,74.0,241.0,31.0,21.0,116.0,6.84,4.28,24.0
Toney Clemons,2012,WR,Colorado,3,,,,,7,2,0,1,0,0,0.0,,,,,,,,23.0
Greg Scruggs,2012,DE,Louisville,4,,,,,7,2,0,5,0,0,1.0,,,,,,,,22.0
Drake Dunsmore,2012,TE,Northwestern,5,4.63,61.67,,,7,2,0,0,0,0,0.0,74.0,241.0,35.5,21.0,117.0,6.73,4.03,23.0
Marcel Jones,2012,OL,Nebraska,3,5.57,0.0,,,7,2,0,0,0,0,0.0,78.0,320.0,27.5,13.0,95.0,8.03,5.12,24.0
Jeremy Ebert,2012,WR,Northwestern,5,,,,,7,2,0,2,0,0,0.0,,,,,,,,23.0
DeAngelo Tyson,2012,DT,Georgia,1,5.0,43.75,,,7,2,0,3,0,0,6.0,74.0,315.0,,,,,,23.0
Cam Johnson,2012,DE,Virginia,4,4.75,53.85,,,7,2,0,5,0,1,5.0,75.0,268.0,35.0,,105.0,7.2,4.38,22.0
Junior Hemingway,2012,WR,Michigan,1,4.48,44.0,,,7,2,0,3,0,0,2.0,73.0,225.0,35.5,21.0,124.0,6.59,3.98,23.0
Markus Kuhn,2012,DT,NC State,4,4.87,60.0,,,7,2,0,4,0,0,6.0,77.0,299.0,34.5,28.0,112.0,7.43,4.41,26.0
David Paulson,2012,TE,Oregon,2,4.79,35.0,,,7,2,0,2,0,0,1.0,75.0,246.0,32.0,21.0,110.0,7.18,4.4,23.0
Andrew Datko,2012,OL,Florida State,2,5.19,42.35,,,7,2,0,0,0,0,0.0,78.0,315.0,29.5,,100.0,7.71,4.54,22.0
Antonio Allen,2012,DB,South Carolina,3,4.58,26.67,,,7,2,0,5,0,2,9.0,73.0,210.0,34.0,17.0,118.0,7.02,4.25,23.0
B.J. Coleman,2012,QB,Chattanooga,10,4.94,20.0,,,7,2,0,0,0,0,0.0,75.0,233.0,,,109.0,7.07,4.38,23.0
Jordan White,2012,WR,Western Michigan,8,4.63,14.0,,,7,2,0,1,0,0,0.0,72.0,208.0,35.0,14.0,119.0,6.84,4.13,24.0
Trevin Wade,2012,DB,Arizona,4,4.52,40.0,,,7,2,0,5,0,0,5.0,70.0,192.0,34.5,18.0,116.0,6.87,4.0,23.0
Terrence Frederick,2012,DB,Texas A&M,2,4.44,57.78,,,7,2,0,3,0,0,1.0,70.0,187.0,35.0,16.0,121.0,6.59,4.03,22.0
Brad Smelley,2012,TE,Alabama,1,,,,,7,2,0,2,0,0,0.0,,,,,,,,23.0
Kelvin Beachum,2012,OT,SMU,6,5.38,25.88,,,7,2,1,14,0,11,59.0,75.0,303.0,28.5,19.0,101.0,7.79,4.8,23.0
Travian Robertson,2012,DT,South Carolina,3,5.12,28.75,,,7,2,0,3,0,0,1.0,76.0,302.0,26.0,30.0,102.0,,,23.0
Edwin Baker,2012,RB,Michigan State,3,4.44,60.0,,,7,2,0,3,0,0,1.0,68.0,204.0,35.0,20.0,111.0,7.27,4.31,21.0
John Potter,2012,K,Western Michigan,8,,,,,7,2,0,2,0,0,0.0,,,,,,,,22.0
Daryl Richardson,2012,RB,Abilene Christian,10,,,,,7,2,0,5,0,0,7.0,,,,,,,,22.0
Chandler Harnish,2012,QB,Northern Illinois,8,4.68,52.5,,,7,2,0,0,0,0,0.0,74.0,219.0,32.5,,112.0,6.78,4.15,24.0
Eric Fisher,2013,OT,Central Michigan,8,5.05,64.71,,,1,0,1,9,2,8,62.0,79.0,306.0,28.5,27.0,116.0,7.59,4.44,22.0
Luke Joeckel,2013,OT,Texas A&M,2,5.3,35.29,,,1,0,1,5,0,3,21.0,78.0,306.0,28.5,27.0,106.0,7.4,4.68,21.0
Dion Jordan,2013,DE,Oregon,2,4.54,86.15,,,1,0,0,8,0,0,9.0,78.0,248.0,32.5,,122.0,7.02,4.35,23.0
Lane Johnson,2013,OT,Oklahoma,2,4.72,100.0,,,1,0,1,13,6,12,89.0,78.0,303.0,34.0,28.0,118.0,7.31,4.52,23.0
Ezekiel Ansah,2013,DE,BYU,5,4.56,83.08,,,1,0,1,8,1,5,39.0,77.0,271.0,34.5,21.0,118.0,7.11,4.26,24.0
Barkevious Mingo,2013,LB,LSU,1,4.58,54.0,,,1,0,0,8,0,2,24.0,76.0,241.0,37.0,,128.0,6.84,4.39,22.0
Jonathan Cooper,2013,OG,North Carolina,3,5.07,64.0,,,1,0,0,6,0,2,16.0,74.0,311.0,27.0,35.0,108.0,7.78,4.84,23.0
Tavon Austin,2013,WR,West Virginia,4,4.34,72.0,,,1,0,1,9,0,4,26.0,68.0,174.0,32.0,14.0,120.0,,4.01,23.0
Dee Milliner,2013,DB,Alabama,1,4.37,73.33,,,1,0,0,3,0,1,6.0,72.0,201.0,36.0,,122.0,6.95,4.32,21.0
Chance Warmack,2013,OG,Alabama,1,5.49,8.0,,,1,0,1,6,0,3,22.0,74.0,317.0,,,110.0,,,21.0
D.J. Fluker,2013,OT,Alabama,1,5.31,34.12,,,1,0,1,8,0,7,43.0,77.0,339.0,,21.0,,,,22.0
D.J. Hayden,2013,DB,Houston,6,4.4,66.67,,,1,0,0,9,0,2,16.0,71.0,191.0,,,,,,23.0
Sheldon Richardson,2013,DT,Missouri,4,5.02,41.25,,,1,0,1,9,1,8,61.0,74.0,294.0,32.0,30.0,116.0,,,22.0
Star Lotulelei,2013,DT,Utah,3,5.14,26.25,,,1,0,1,9,0,7,48.0,74.0,311.0,,,,,,23.0
Kenny Vaccaro,2013,DB,Texas,2,4.63,15.56,,,1,0,1,8,0,7,34.0,72.0,214.0,38.0,15.0,121.0,6.78,4.06,22.0
EJ Manuel,2013,QB,Florida State,2,4.65,56.25,,,1,0,0,5,0,1,10.0,77.0,237.0,34.0,,118.0,7.08,4.21,23.0
Jarvis Jones,2013,LB,Georgia,1,4.74,22.0,,,1,0,0,4,0,1,17.0,74.0,245.0,,,,,,23.0
Eric Reid,2013,DB,LSU,1,4.53,37.78,,,1,0,1,7,1,7,33.0,73.0,213.0,40.5,17.0,134.0,6.99,4.22,21.0
Justin Pugh,2013,OT,Syracuse,4,5.12,56.47,,,1,0,1,11,0,10,46.0,76.0,307.0,28.5,,103.0,7.45,4.63,23.0
Kyle Long,2013,OG,Oregon,2,4.91,85.33,,,1,0,1,7,3,6,40.0,78.0,313.0,28.0,,107.0,7.83,4.63,24.0
Tyler Eifert,2013,TE,Notre Dame,2,4.68,53.33,,,1,0,1,8,1,2,19.0,77.0,250.0,35.5,22.0,119.0,6.92,4.32,22.0
Desmond Trufant,2013,DB,Washington,2,4.38,71.11,,,1,0,1,9,1,8,37.0,72.0,190.0,37.5,16.0,125.0,,3.85,22.0
Sharrif Floyd,2013,DT,Florida,2,4.92,53.75,,,1,0,0,4,0,2,13.0,75.0,297.0,30.0,,106.0,7.4,4.75,21.0
Bjoern Werner,2013,DE,Florida State,2,4.83,41.54,,,1,0,0,3,0,1,10.0,75.0,266.0,31.0,25.0,111.0,7.3,4.4,23.0
Xavier Rhodes,2013,DB,Florida State,2,4.43,60.0,,,1,0,1,10,3,8,49.0,73.0,210.0,40.5,14.0,132.0,,,23.0
Datone Jones,2013,DE,UCLA,5,4.8,46.15,,,1,0,0,8,0,0,10.0,76.0,283.0,31.5,29.0,112.0,7.32,4.32,23.0
DeAndre Hopkins,2013,WR,Clemson,1,4.57,26.0,,,1,0,1,13,5,10,84.0,73.0,214.0,36.0,15.0,115.0,,4.5,21.0
Sylvester Williams,2013,DT,North Carolina,3,5.03,40.0,,,1,0,1,8,0,4,29.0,75.0,313.0,26.5,27.0,102.0,7.93,4.8,24.0
Cordarrelle Patterson,2013,WR,Tennessee,2,4.42,56.0,,,1,0,1,12,4,4,42.0,74.0,216.0,37.0,,128.0,,,22.0
Alec Ogletree,2013,LB,Georgia,1,4.7,30.0,,,1,0,1,9,0,7,52.0,74.0,242.0,33.5,20.0,122.0,7.16,4.39,21.0
Travis Frederick,2013,C,Wisconsin,3,5.58,2.67,,,1,0,1,7,5,6,60.0,76.0,312.0,28.5,21.0,97.0,7.81,4.76,22.0
Matt Elam,2013,DB,Florida,2,4.43,60.0,,,1,0,0,4,0,2,12.0,70.0,208.0,35.5,17.0,118.0,,,22.0
Johnathan Cyprien,2013,DB,Florida International,2,4.64,13.33,,,2,0,1,8,0,5,25.0,72.0,217.0,38.5,,,,,23.0
Justin Hunter,2013,WR,Tennessee,2,4.44,52.0,,,2,0,0,6,0,1,9.0,76.0,196.0,39.5,,136.0,,4.33,22.0
Zach Ertz,2013,TE,Stanford,3,4.76,40.0,,,2,0,1,13,3,9,57.0,77.0,249.0,30.5,24.0,111.0,7.08,4.47,22.0
Darius Slay,2013,DB,Mississippi State,3,4.36,75.56,,,2,0,1,13,6,12,66.0,72.0,192.0,35.5,14.0,124.0,6.9,4.21,22.0
Giovani Bernard,2013,RB,North Carolina,3,4.53,45.0,,,2,0,1,10,0,2,42.0,68.0,202.0,33.5,19.0,122.0,6.91,4.12,21.0
Manti Te'o,2013,LB,Notre Dame,2,4.82,6.0,,,2,0,1,8,0,4,20.0,73.0,241.0,33.0,,113.0,7.13,4.27,22.0
Geno Smith,2013,QB,West Virginia,4,4.58,65.0,,,2,0,1,13,2,6,57.0,74.0,218.0,33.5,,124.0,,,22.0
Tank Carradine,2013,DE,Florida State,2,4.9,30.77,,,2,0,0,7,0,0,7.0,76.0,276.0,,28.0,,,,23.0
Robert Woods,2013,WR,USC,2,4.51,38.0,,,2,0,1,12,0,10,59.0,72.0,201.0,33.5,14.0,117.0,7.15,4.47,21.0
Menelik Watson,2013,OT,Florida State,2,5.29,36.47,,,2,0,0,5,0,2,9.0,77.0,310.0,24.5,,103.0,8.31,5.01,24.0
Johnthan Banks,2013,DB,Mississippi State,3,4.61,20.0,,,2,0,0,5,0,2,11.0,74.0,185.0,34.0,10.0,125.0,6.97,4.27,23.0
Kawann Short,2013,DT,Purdue,4,5.08,33.75,,,2,0,1,8,2,5,41.0,75.0,299.0,,,,,,24.0
Kevin Minter,2013,LB,LSU,1,4.81,8.0,,,2,0,1,9,0,3,27.0,72.0,246.0,33.0,25.0,119.0,,,22.0
Kiko Alonso,2013,LB,Oregon,2,4.74,22.0,,,2,0,1,7,0,4,33.0,75.0,238.0,,,,,,23.0
Gavin Escobar,2013,TE,San Diego State,7,4.84,26.67,,,2,0,0,5,0,0,2.0,78.0,254.0,32.0,,114.0,7.07,4.31,22.0
Le'Veon Bell,2013,RB,Michigan State,3,4.6,33.33,,,2,0,1,9,3,5,61.0,73.0,230.0,31.5,24.0,118.0,6.75,4.24,21.0
Johnathan Hankins,2013,DT,Ohio State,1,5.31,5.0,,,2,0,1,12,0,10,50.0,75.0,320.0,26.0,,104.0,7.59,4.61,21.0
Jonathan Bostic,2013,LB,Florida,2,4.59,52.0,,,2,0,1,10,0,5,36.0,73.0,245.0,32.5,22.0,118.0,6.99,4.24,22.0
David Amerson,2013,DB,NC State,4,4.44,57.78,,,2,0,1,6,0,4,20.0,73.0,205.0,35.5,15.0,127.0,,,21.0
Jamie Collins,2013,LB,Southern Miss,10,4.64,42.0,,,2,0,1,10,1,7,58.0,75.0,250.0,41.5,19.0,139.0,7.1,4.32,23.0
Margus Hunt,2013,DE,SMU,6,4.62,73.85,,,2,0,0,9,0,1,18.0,80.0,277.0,34.5,38.0,121.0,7.07,4.51,26.0
Jamar Taylor,2013,DB,Boise State,7,4.39,68.89,,,2,0,0,8,0,2,18.0,71.0,192.0,35.0,22.0,127.0,6.82,4.06,22.0
Vance McDonald,2013,TE,Rice,6,4.69,51.67,,,2,0,1,8,0,6,14.0,76.0,267.0,33.5,31.0,119.0,7.08,4.53,23.0
Arthur Brown,2013,LB,Kansas State,4,4.62,46.0,,,2,0,0,4,0,0,3.0,72.0,241.0,,,116.0,,,20.0
D.J. Swearinger,2013,DB,South Carolina,3,4.67,6.67,,,2,0,1,8,0,5,28.0,70.0,208.0,37.0,17.0,124.0,6.7,4.11,22.0
Montee Ball,2013,RB,Wisconsin,3,4.66,23.33,,,2,0,0,2,0,0,7.0,70.0,214.0,32.0,15.0,118.0,6.88,4.4,22.0
Aaron Dobson,2013,WR,Marshall,8,4.37,66.0,,,2,0,0,3,0,1,6.0,75.0,210.0,,,,,,22.0
Robert Alford,2013,DB,Southeastern Louisiana,10,4.39,68.89,,,2,0,1,9,0,5,26.0,70.0,188.0,40.0,17.0,132.0,6.89,4.23,24.0
Eddie Lacy,2013,RB,Alabama,1,4.55,41.67,,,2,0,1,5,1,3,36.0,71.0,231.0,,,,,,23.0
Christine Michael,2013,RB,Texas A&M,2,4.54,43.33,,,2,0,0,6,0,1,9.0,70.0,220.0,43.0,27.0,125.0,6.69,4.02,22.0
Travis Kelce,2013,TE,Cincinnati,4,4.63,61.67,,,3,1,1,13,11,12,94.0,77.0,255.0,,,,,,23.0
Dwayne Gratz,2013,DB,Connecticut,6,4.47,51.11,,,3,1,0,4,0,1,10.0,71.0,201.0,38.0,22.0,125.0,6.7,4.15,23.0
Larry Warford,2013,OG,Kentucky,4,5.58,0.0,,,3,1,1,7,3,7,52.0,75.0,332.0,22.5,28.0,96.0,7.78,5.1,22.0
Sio Moore,2013,LB,Connecticut,6,4.65,40.0,,,3,1,0,4,0,2,14.0,73.0,245.0,38.0,29.0,127.0,7.49,4.31,23.0
Bennie Logan,2013,DT,LSU,1,5.08,33.75,,,3,1,1,6,0,5,28.0,74.0,309.0,25.0,30.0,104.0,7.53,4.67,23.0
Leon McFadden,2013,DB,San Diego State,7,4.54,35.56,,,3,1,0,4,0,0,2.0,70.0,193.0,34.5,10.0,119.0,6.81,4.27,22.0
Tyrann Mathieu,2013,DB,LSU,1,4.5,44.44,,,3,1,1,12,3,11,67.0,69.0,186.0,34.0,4.0,117.0,6.87,4.14,21.0
Blidi Wreh-Wilson,2013,DB,Connecticut,6,4.53,37.78,,,3,1,0,9,0,1,9.0,73.0,195.0,36.0,14.0,128.0,6.97,4.12,23.0
T.J. McDonald,2013,DB,USC,2,4.59,24.44,,,3,1,1,6,0,6,24.0,74.0,219.0,40.0,19.0,131.0,6.89,4.2,22.0
Brian Winters,2013,OG,Kent State,8,5.22,44.0,,,3,1,1,9,0,7,31.0,76.0,320.0,,9.0,,,,22.0
Mike Glennon,2013,QB,NC State,4,4.94,20.0,,,3,1,0,9,0,1,9.0,79.0,225.0,26.5,,102.0,7.49,4.52,23.0
Terrance Williams,2013,WR,Baylor,3,4.52,36.0,,,3,1,1,6,0,4,27.0,74.0,208.0,32.5,11.0,119.0,7.01,4.32,23.0
Terron Armstead,2013,OT,Ark-Pine Bluff,10,4.71,100.0,,,3,1,1,12,5,10,67.0,77.0,306.0,34.5,31.0,112.0,7.62,4.72,22.0
Keenan Allen,2013,WR,California,4,4.58,24.0,,,3,1,1,13,6,11,80.0,74.0,206.0,,,,,,21.0
Dallas Thomas,2013,OT,Tennessee,2,5.08,61.18,,,3,1,0,4,0,1,13.0,77.0,306.0,,,,,,23.0
Marquise Goodwin,2013,WR,Texas,2,4.27,86.0,,,3,1,1,11,0,3,24.0,69.0,183.0,,13.0,132.0,,,22.0
Markus Wheaton,2013,WR,Oregon State,4,4.45,50.0,,,3,1,0,6,0,2,13.0,71.0,189.0,37.0,20.0,120.0,6.8,4.02,22.0
J.J. Wilcox,2013,DB,Georgia Southern,1,4.57,28.89,,,3,1,0,6,0,2,16.0,72.0,213.0,35.0,17.0,124.0,7.02,4.09,22.0
Damontre Moore,2013,DE,Texas A&M,2,4.95,23.08,,,3,1,0,8,0,0,5.0,76.0,250.0,35.5,12.0,122.0,,,20.0
John Jenkins,2013,DT,Georgia,1,5.21,17.5,,,3,1,1,13,0,4,32.0,76.0,346.0,,30.0,,,,24.0
Logan Ryan,2013,DB,Rutgers,4,4.56,31.11,,,3,1,1,11,0,7,41.0,71.0,191.0,32.5,14.0,116.0,6.69,4.06,22.0
Shawn Williams,2013,DB,Georgia,1,4.46,53.33,,,3,1,1,9,0,4,25.0,72.0,213.0,36.0,25.0,120.0,7.01,4.25,22.0
Jordan Reed,2013,TE,Florida,2,4.72,46.67,,,3,1,1,8,1,3,25.0,74.0,236.0,,16.0,,,,23.0
Hugh Thornton,2013,OG,Illinois,4,5.11,58.67,,,3,1,1,3,0,3,16.0,75.0,320.0,,27.0,,7.45,4.63,22.0
Jordan Hill,2013,DT,Penn State,2,5.23,15.0,,,3,1,0,4,0,0,6.0,73.0,303.0,22.5,28.0,103.0,7.49,4.51,22.0
Corey Lemonier,2013,DE,Auburn,2,4.6,76.92,,,3,1,0,4,0,0,4.0,75.0,255.0,33.0,27.0,119.0,7.14,4.4,21.0
Brennan Williams,2013,OL,North Carolina,3,5.27,32.94,,,3,1,0,0,0,0,0.0,78.0,318.0,,,,,,22.0
Kayvon Webster,2013,DB,South Florida,6,4.41,64.44,,,3,1,0,7,0,1,9.0,70.0,195.0,35.0,14.0,125.0,,,22.0
Duron Harmon,2013,DB,Rutgers,4,,,,,3,1,1,11,0,3,30.0,,,,,,,,22.0
Stedman Bailey,2013,WR,West Virginia,4,4.52,36.0,,,3,1,0,3,0,0,7.0,70.0,193.0,34.5,11.0,117.0,6.81,4.09,22.0
Will Davis,2013,DB,Utah State,7,4.51,42.22,,,3,1,0,4,0,0,0.0,71.0,186.0,35.5,16.0,127.0,6.52,4.02,23.0
Brandon Williams,2013,DT,Missouri Southern,4,5.37,0.0,,,3,1,1,10,1,8,52.0,73.0,335.0,29.5,38.0,102.0,8.09,4.91,24.0
Sam Montgomery,2013,DE,LSU,1,4.81,44.62,,,3,1,0,0,0,0,0.0,75.0,262.0,34.5,,114.0,7.18,4.51,23.0
Knile Davis,2013,RB,Arkansas,3,4.37,71.67,,,3,1,0,4,0,0,10.0,71.0,227.0,33.5,31.0,121.0,6.96,4.38,21.0
Zaviar Gooden,2013,LB,Missouri,4,4.47,76.0,,,3,1,0,4,0,0,4.0,73.0,234.0,34.0,27.0,131.0,6.71,4.18,23.0
Matt Barkley,2013,QB,USC,2,4.91,23.75,,,4,1,0,11,0,1,5.0,74.0,227.0,,,,,,22.0
Nico Johnson,2013,LB,Alabama,1,4.73,24.0,,,4,1,0,3,0,0,3.0,74.0,248.0,,,,,,23.0
Akeem Spence,2013,DT,Illinois,4,5.15,25.0,,,4,1,1,10,0,4,27.0,73.0,307.0,30.0,37.0,107.0,7.82,4.72,21.0
Ace Sanders,2013,WR,South Carolina,3,4.58,24.0,,,4,1,0,2,0,0,3.0,67.0,173.0,32.0,7.0,117.0,6.81,4.37,21.0
Josh Boyce,2013,WR,TCU,3,4.38,64.0,,,4,1,0,2,0,0,1.0,71.0,206.0,34.0,22.0,131.0,6.68,4.1,22.0
Alex Okafor,2013,DE,Texas,2,4.78,49.23,,,4,1,1,9,0,5,29.0,76.0,264.0,,21.0,,,,22.0
Jelani Jenkins,2013,LB,Florida,2,4.65,40.0,,,4,1,1,5,0,3,15.0,72.0,243.0,,27.0,,,,21.0
Duke Williams,2013,DB,Nevada,7,4.48,48.89,,,4,1,0,4,0,0,8.0,71.0,203.0,37.5,13.0,126.0,,4.0,22.0
Dion Sims,2013,TE,Michigan State,3,4.75,41.67,,,4,1,0,6,0,2,8.0,77.0,262.0,35.0,22.0,112.0,7.36,4.52,22.0
Brian Schwenke,2013,C,California,4,4.99,81.33,,,4,1,0,6,0,2,14.0,75.0,314.0,26.5,31.0,108.0,7.31,4.74,22.0
Edmund Kugbila,2013,OL,Valdosta State,10,5.13,49.41,,,4,1,0,0,0,0,0.0,76.0,317.0,22.5,23.0,105.0,7.72,4.65,22.0
David Bakhtiari,2013,OT,Colorado,3,5.18,49.41,,,4,1,1,11,3,9,84.0,76.0,299.0,25.5,28.0,101.0,7.7,4.74,21.0
Ryan Nassib,2013,QB,Syracuse,4,5.06,5.0,,,4,1,0,3,0,0,0.0,74.0,227.0,28.5,,105.0,7.34,4.53,23.0
Shamarko Thomas,2013,DB,Syracuse,4,4.42,62.22,,,4,1,0,6,0,0,5.0,69.0,213.0,40.5,28.0,133.0,,4.26,22.0
Tyler Wilson,2013,QB,Arkansas,3,4.95,18.75,,,4,1,0,0,0,0,0.0,74.0,215.0,28.5,,112.0,7.22,4.39,24.0
Barrett Jones,2013,OG,Alabama,1,5.43,16.0,,,4,1,0,2,0,0,0.0,76.0,306.0,,,,,,23.0
B.W. Webb,2013,DB,William & Mary,10,4.51,42.22,,,4,1,0,7,0,2,14.0,70.0,184.0,40.5,14.0,132.0,6.82,3.84,23.0
Landry Jones,2013,QB,Oklahoma,2,5.11,0.0,,,4,1,0,5,0,0,4.0,76.0,225.0,31.0,,115.0,7.12,4.3,24.0
Earl Watford,2013,OG,James Madison,8,5.06,65.33,,,4,1,0,7,0,1,15.0,75.0,300.0,30.0,24.0,107.0,7.77,5.0,23.0
Khaseem Greene,2013,LB,Rutgers,4,4.71,28.0,,,4,1,0,2,0,0,3.0,73.0,241.0,30.0,17.0,116.0,7.58,4.2,24.0
Sean Porter,2013,LB,Texas A&M,2,4.75,20.0,,,4,1,0,4,0,0,0.0,73.0,229.0,35.0,22.0,119.0,,,22.0
Phillip Thomas,2013,DB,Fresno State,7,4.65,11.11,,,4,1,0,2,0,0,2.0,72.0,208.0,35.0,14.0,122.0,,,24.0
Gerald Hodges,2013,LB,Penn State,2,4.78,14.0,,,4,1,0,6,0,1,18.0,73.0,243.0,,22.0,119.0,,,22.0
Khaled Holmes,2013,C,USC,2,5.29,41.33,,,4,1,0,3,0,0,4.0,75.0,302.0,,13.0,,,,23.0
J.C. Tretter,2013,OT,Cornell,10,5.09,60.0,,,4,1,1,9,0,5,37.0,76.0,307.0,29.5,29.0,109.0,7.48,4.69,22.0
Chris Harper,2013,WR,Kansas State,4,4.55,30.0,,,4,1,0,1,0,0,0.0,73.0,229.0,35.5,20.0,116.0,6.89,4.39,23.0
Trevardo Williams,2013,DE,Connecticut,6,4.57,81.54,,,4,1,0,2,0,0,0.0,73.0,241.0,38.0,30.0,124.0,,,22.0
Johnathan Franklin,2013,RB,UCLA,5,4.49,51.67,,,4,1,0,1,0,0,1.0,70.0,205.0,31.5,18.0,115.0,6.89,4.31,23.0
William Gholston,2013,DE,Michigan State,3,4.96,21.54,,,4,1,1,12,0,7,39.0,78.0,281.0,28.5,23.0,110.0,7.2,4.59,22.0
Malliciah Goodman,2013,DE,Clemson,1,4.87,35.38,,,4,1,0,4,0,1,5.0,76.0,276.0,31.5,26.0,114.0,,,23.0
Quinton Patton,2013,WR,Louisiana Tech,5,4.53,34.0,,,4,1,0,4,0,1,6.0,72.0,204.0,33.0,8.0,118.0,6.91,4.01,23.0
John Simon,2013,DE,Ohio State,1,4.62,73.85,,,4,1,1,9,0,4,34.0,73.0,257.0,,,,,,22.0
Kyle Juszczyk,2013,RB,Harvard,10,,,,,4,1,1,13,10,12,21.0,,,,,,,,22.0
Marcus Lattimore,2013,RB,South Carolina,3,4.65,25.0,,,4,1,0,0,0,0,0.0,71.0,221.0,,,,,,21.0
Devin Taylor,2013,DE,South Carolina,3,4.72,58.46,,,4,1,0,5,0,1,12.0,79.0,266.0,35.0,14.0,128.0,6.89,4.3,23.0
Levine Toilolo,2013,TE,Stanford,3,4.86,23.33,,,4,1,1,8,0,5,8.0,80.0,260.0,31.0,17.0,113.0,7.09,4.57,22.0
Sanders Commings,2013,DB,Georgia,1,4.41,64.44,,,5,2,0,1,0,0,0.0,72.0,216.0,34.5,,117.0,7.1,4.3,23.0
Denard Robinson,2013,WR,Michigan,1,4.43,54.0,,,5,2,0,4,0,1,8.0,70.0,199.0,36.5,,123.0,7.09,4.22,22.0
Earl Wolff,2013,DB,NC State,4,4.44,57.78,,,5,2,0,2,0,0,4.0,71.0,209.0,39.0,,134.0,,4.07,23.0
Jesse Williams,2013,DT,Alabama,1,4.94,51.25,,,5,2,0,0,0,0,0.0,75.0,323.0,,30.0,,,,22.0
Tharold Simon,2013,DB,LSU,1,4.51,42.22,,,5,2,0,4,0,0,4.0,74.0,202.0,34.0,9.0,128.0,,,22.0
Montori Hughes,2013,DT,UT Martin,10,5.23,15.0,,,5,2,0,4,0,0,2.0,76.0,329.0,26.5,22.0,104.0,7.85,4.7,23.0
Stepfan Taylor,2013,RB,Stanford,3,4.76,6.67,,,5,2,0,4,0,0,3.0,69.0,214.0,30.0,17.0,110.0,7.13,4.5,22.0
Oday Aboushi,2013,OT,Virginia,4,5.41,22.35,,,5,2,1,10,0,3,21.0,77.0,308.0,23.5,17.0,100.0,7.92,4.84,22.0
Lavar Edwards,2013,DE,LSU,1,4.8,46.15,,,5,2,0,5,0,0,1.0,76.0,277.0,33.0,,119.0,7.03,4.51,23.0
Jonathan Meeks,2013,DB,Clemson,1,,,,,5,2,0,4,0,0,2.0,,,,,,,,23.0
Kenny Stills,2013,WR,Oklahoma,2,4.38,64.0,,,5,2,1,9,0,5,35.0,72.0,194.0,33.5,16.0,124.0,,4.35,21.0
Steve Williams,2013,DB,California,4,4.42,62.22,,,5,2,0,4,0,0,4.0,69.0,181.0,40.5,12.0,128.0,6.89,4.1,22.0
Quanterus Smith,2013,DE,Western Kentucky,5,4.74,55.38,,,5,2,0,2,0,0,1.0,77.0,250.0,,,,,,23.0
Steven Means,2013,DE,Buffalo,8,,,,,5,2,0,10,0,2,14.0,,,,,,,,22.0
A.J. Klein,2013,LB,Iowa State,4,4.66,38.0,,,5,2,1,11,0,5,37.0,73.0,250.0,,20.0,113.0,,,22.0
Brandon McGee,2013,DB,Miami (FL),2,4.4,66.67,,,5,2,0,3,0,0,1.0,71.0,193.0,33.5,14.0,119.0,6.71,4.18,22.0
Terry Hawthorne,2013,DB,Illinois,4,4.44,57.78,,,5,2,0,0,0,0,0.0,72.0,195.0,35.5,13.0,116.0,,,23.0
Joseph Randle,2013,RB,Oklahoma State,3,4.63,28.33,,,5,2,0,3,0,0,7.0,72.0,204.0,35.0,,123.0,,,21.0
Cooper Taylor,2013,DB,Richmond,9,,,,,5,2,0,3,0,0,1.0,,,,,,,,23.0
Stansly Maponga,2013,DE,TCU,3,4.78,49.23,,,5,2,0,3,0,0,2.0,74.0,256.0,,30.0,,,,22.0
Chris Thompson,2013,RB,Florida State,2,4.42,63.33,,,5,2,0,8,0,0,20.0,67.0,192.0,,21.0,,,,22.0
Jeff Locke,2013,P,UCLA,5,4.82,27.69,,,5,2,0,5,0,0,6.0,73.0,209.0,,,,,,23.0
Tanner Hawkinson,2013,OT,Kansas,10,5.07,62.35,,,5,2,0,2,0,0,0.0,77.0,298.0,28.5,,112.0,7.52,4.51,23.0
Quinton Dial,2013,DE,Alabama,1,5.29,0.0,,,5,2,0,5,0,2,15.0,77.0,318.0,,,,,,23.0
Luke Willson,2013,TE,Rice,6,,,,,5,2,0,8,0,2,12.0,,,,,,,,23.0
Micah Hyde,2013,DB,Iowa,3,4.56,31.11,,,5,2,1,11,1,8,55.0,72.0,197.0,33.0,12.0,121.0,6.78,4.2,22.0
Zac Stacy,2013,RB,Vanderbilt,4,4.55,41.67,,,5,2,0,3,0,1,11.0,68.0,216.0,33.0,27.0,122.0,6.7,4.17,22.0
Tavarres King,2013,WR,Georgia,1,4.47,46.0,,,5,2,0,5,0,0,2.0,72.0,189.0,36.5,11.0,123.0,6.91,4.33,23.0
Brandon Jenkins,2013,DE,Florida State,2,5.07,4.62,,,5,2,0,1,0,0,0.0,74.0,251.0,,18.0,,,,23.0
Jordan Mills,2013,OT,Louisiana Tech,5,5.37,27.06,,,5,2,1,9,0,5,37.0,77.0,316.0,28.5,20.0,101.0,8.1,4.88,22.0
Mike Gillislee,2013,RB,Florida,2,4.55,41.67,,,5,2,0,6,0,0,11.0,71.0,208.0,30.5,15.0,119.0,7.12,4.4,22.0
Sam Martin,2013,P,Appalachian State,8,,,,,5,2,1,13,0,3,22.0,,,,,,,,23.0
Caleb Sturgis,2013,K,Florida,2,4.77,35.38,,,5,2,0,6,0,0,8.0,70.0,188.0,,,,,,24.0
Josh Boyd,2013,DE,Mississippi State,3,5.14,0.0,,,5,2,0,3,0,0,4.0,75.0,310.0,26.5,32.0,104.0,7.16,4.64,24.0
Ricky Wagner,2013,OT,Wisconsin,3,5.17,50.59,,,5,2,1,8,0,6,41.0,78.0,308.0,31.5,20.0,101.0,7.94,4.91,23.0
Josh Evans,2013,DB,Florida,2,4.58,26.67,,,6,2,1,4,0,3,13.0,73.0,207.0,34.5,,123.0,6.64,4.1,22.0
Eric Kush,2013,C,California (PA),4,,,,,6,2,0,8,0,0,10.0,,,,,,,,23.0
Corey Fuller,2013,WR,Virginia Tech,3,4.43,54.0,,,6,2,0,3,0,0,3.0,74.0,204.0,31.5,12.0,120.0,,,23.0
Nick Kasa,2013,TE,Colorado,3,4.71,48.33,,,6,2,0,1,0,0,0.0,78.0,269.0,31.5,22.0,113.0,,,22.0
Vinston Painter,2013,OG,Virginia Tech,3,4.95,80.0,,,6,2,0,5,0,0,0.0,76.0,306.0,30.5,32.0,97.0,7.71,4.56,23.0
Ryan Swope,2013,WR,Texas A&M,2,4.34,72.0,,,6,2,0,0,0,0,0.0,72.0,205.0,37.0,16.0,125.0,6.76,4.25,22.0
Jamoris Slaughter,2013,DB,Notre Dame,2,4.57,28.89,,,6,2,0,0,0,0,0.0,72.0,195.0,,,,,,23.0
David Quessenberry,2013,OL,San Jose State,7,5.08,55.29,,,6,2,0,13,0,2,20.0,77.0,302.0,29.5,25.0,112.0,7.49,4.45,23.0
Dustin Hopkins,2013,K,Florida State,2,4.74,40.0,,,6,2,0,12,0,1,22.0,74.0,193.0,33.5,,116.0,,,22.0
William Campbell,2013,OL,Michigan,1,,,,,6,2,0,0,0,0,0.0,,,,,,,,22.0
Tourek Williams,2013,DE,Florida International,2,4.92,27.69,,,6,2,0,4,0,0,5.0,75.0,260.0,33.0,25.0,112.0,,,22.0
Nick Moody,2013,LB,Florida State,2,4.71,28.0,,,6,2,0,4,0,0,2.0,73.0,236.0,,17.0,118.0,,,23.0
Latavius Murray,2013,RB,UCF,4,,,,,6,2,1,11,1,3,44.0,,,,,,,,23.0
Kenjon Barner,2013,RB,Oregon,2,4.52,46.67,,,6,2,0,9,0,0,4.0,69.0,196.0,35.5,20.0,122.0,6.87,4.2,24.0
Rufus Johnson,2013,DE,Tarleton State,10,,,,,6,2,0,3,0,0,0.0,,,,,,,,23.0
Mychal Rivera,2013,TE,Tennessee,2,4.81,31.67,,,6,2,0,4,0,1,10.0,75.0,242.0,31.0,17.0,112.0,7.17,4.43,22.0
DeVonte Holloman,2013,LB,South Carolina,3,4.76,18.0,,,6,2,0,1,0,0,1.0,73.0,243.0,33.0,15.0,113.0,7.3,4.26,22.0
Justin Brown,2013,WR,Oklahoma,2,,,,,6,2,0,2,0,0,1.0,,,,,,,,22.0
Andre Ellington,2013,RB,Clemson,1,4.61,31.67,,,6,2,0,5,0,1,18.0,69.0,199.0,34.0,,122.0,,,24.0
Cornelius Washington,2013,LB,Georgia,1,4.55,60.0,,,6,2,0,5,0,0,5.0,76.0,265.0,39.0,36.0,128.0,,,23.0
Mike James,2013,RB,Miami (FL),2,4.53,45.0,,,6,2,0,4,0,0,2.0,70.0,223.0,35.0,28.0,115.0,,4.62,22.0
Rex Burkhead,2013,RB,Nebraska,3,4.73,11.67,,,6,2,0,10,0,0,21.0,70.0,214.0,39.0,21.0,125.0,6.85,4.09,23.0
Bacarri Rambo,2013,DB,Georgia,1,4.56,31.11,,,6,2,0,4,0,1,8.0,72.0,211.0,,17.0,,,,23.0
John Boyett,2013,DB,Oregon,2,4.64,13.33,,,6,2,0,0,0,0,0.0,70.0,204.0,,27.0,,,,23.0
Nate Palmer,2013,LB,Illinois State,4,,,,,6,2,0,5,0,1,9.0,,,,,,,,23.0
Spencer Ware,2013,RB,LSU,1,4.62,30.0,,,6,2,0,7,0,1,17.0,70.0,228.0,,,,,,21.0
Alan Bonner,2013,WR,Jacksonville State,10,4.59,22.0,,,6,2,0,0,0,0,0.0,70.0,193.0,33.0,14.0,117.0,,4.15,22.0
Jeff Baca,2013,OG,UCLA,5,5.03,69.33,,,6,2,0,1,0,0,0.0,75.0,302.0,26.5,,100.0,7.26,4.44,23.0
Cobi Hamilton,2013,WR,Arkansas,3,4.56,28.0,,,6,2,0,5,0,1,2.0,74.0,212.0,29.5,11.0,107.0,,4.31,22.0
Chris Jones,2013,DT,Bowling Green,10,5.33,2.5,,,6,2,0,4,0,0,14.0,74.0,302.0,,30.0,,7.34,4.44,23.0
Theo Riddick,2013,RB,Notre Dame,2,4.68,20.0,,,6,2,0,8,0,1,24.0,70.0,201.0,32.0,,118.0,,,22.0
Kapron Lewis-Moore,2013,DE,Notre Dame,2,4.95,23.08,,,6,2,0,3,0,0,0.0,76.0,298.0,,,,,,23.0
Ryan Griffin,2013,TE,Connecticut,6,,,,,6,2,1,10,0,5,14.0,,,,,,,,23.0
Khalid Wooten,2013,DB,Nevada,7,4.53,37.78,,,6,2,0,2,0,0,0.0,71.0,210.0,33.5,17.0,117.0,6.95,4.18,23.0
Ryan Jensen,2013,OT,Colorado State-Pueblo,3,,,,,6,2,1,10,1,5,43.0,,,,,,,,22.0
Braden Wilson,2013,FB,Kansas State,4,4.81,29.23,,,6,2,0,0,0,0,0.0,75.0,251.0,,22.0,,,,23.0
Stacy McGee,2013,DT,Oklahoma,2,4.98,46.25,,,6,2,0,8,0,2,16.0,75.0,308.0,,,,,,23.0
Vince Williams,2013,LB,Florida State,2,,,,,6,2,1,8,0,5,35.0,,,,,,,,23.0
Mike Catapano,2013,DE,Princeton,10,,,,,7,2,0,4,0,0,3.0,,,,,,,,23.0
Jeremy Harris,2013,DB,New Mexico State,7,,,,,7,2,0,3,0,0,0.0,,,,,,,,22.0
Brice Butler,2013,WR,San Diego State,7,,,,,7,2,0,6,0,0,9.0,,,,,,,,23.0
Demetrius McCray,2013,DB,Appalachian State,8,4.54,35.56,,,7,2,0,5,0,1,8.0,73.0,187.0,36.0,4.0,126.0,7.17,4.32,22.0
Michael Williams,2013,TE,Alabama,1,,,,,7,2,0,3,0,1,0.0,,,,,,,,22.0
Joe Kruger,2013,DE,Utah,3,4.83,41.54,,,7,2,0,0,0,0,0.0,78.0,269.0,34.0,24.0,117.0,7.17,4.46,21.0
Michael Mauti,2013,LB,Penn State,2,4.83,4.0,,,7,2,0,5,0,0,6.0,74.0,243.0,,28.0,,,,23.0
Travis Bond,2013,OG,North Carolina,3,5.27,37.33,,,7,2,0,1,0,0,0.0,78.0,329.0,22.5,22.0,98.0,7.85,4.96,22.0
Tommy Bohanon,2013,RB,Wake Forest,4,4.88,0.0,,,7,2,0,6,0,1,1.0,73.0,246.0,35.0,36.0,119.0,7.27,4.42,22.0
Charles Johnson,2013,WR,Grand Valley State,10,,,,,7,2,0,4,0,0,7.0,,,,,,,,24.0
Armonty Bryant,2013,DE,East Central (OK),10,4.86,36.92,,,7,2,0,4,0,0,5.0,76.0,263.0,31.5,,118.0,7.32,5.0,23.0
Jordan Poyer,2013,DB,Oregon State,4,4.54,35.56,,,7,2,1,13,1,9,57.0,72.0,191.0,30.5,8.0,118.0,6.87,4.18,22.0
D.C. Jefferson,2013,TE,Rutgers,4,4.97,5.0,,,7,2,0,1,0,0,0.0,78.0,255.0,,3.0,,,,24.0
Ryan Seymour,2013,OG,Vanderbilt,4,,,,,7,2,0,4,0,0,2.0,,,,,,,,23.0
Brad Sorensen,2013,QB,Southern Utah,10,4.97,16.25,,,7,2,0,0,0,0,0.0,76.0,229.0,29.0,,112.0,7.17,4.55,25.0
Chris Gragg,2013,TE,Arkansas,3,4.5,83.33,,,7,2,0,3,0,0,1.0,75.0,244.0,37.5,18.0,125.0,7.08,4.51,23.0
Nick Williams,2013,DT,Samford,10,4.94,51.25,,,7,2,0,11,0,1,22.0,76.0,309.0,33.0,28.0,111.0,7.55,4.65,23.0
Kevin Dorsey,2013,WR,Maryland,4,,,,,7,2,0,2,0,0,0.0,,,,,,,,23.0
Eric Herman,2013,OL,Ohio,8,5.25,35.29,,,7,2,0,0,0,0,0.0,76.0,320.0,28.0,36.0,95.0,7.99,5.09,23.0
Michael Buchanan,2013,DE,Illinois,4,4.78,49.23,,,7,2,0,2,0,0,2.0,77.0,255.0,33.0,22.0,113.0,6.91,4.44,22.0
Garrett Gilkey,2013,OT,Chadron State,10,5.29,36.47,,,7,2,0,2,0,0,2.0,78.0,318.0,30.0,28.0,108.0,7.65,4.75,23.0
Jawan Jamison,2013,RB,Rutgers,4,4.68,20.0,,,7,2,0,0,0,0,0.0,67.0,203.0,29.0,20.0,110.0,,,21.0
Everett Dawkins,2013,DT,Florida State,2,5.06,36.25,,,7,2,0,1,0,0,0.0,74.0,292.0,30.0,23.0,103.0,7.61,4.88,23.0
Kerwynn Williams,2013,RB,Utah State,7,4.48,53.33,,,7,2,0,5,0,0,6.0,68.0,195.0,35.0,17.0,118.0,7.15,4.15,22.0
Ty Powell,2013,DE,Harding,10,4.64,70.77,,,7,2,0,2,0,0,1.0,74.0,249.0,37.0,28.0,122.0,6.98,4.4,25.0
Sam Barrington,2013,LB,South Florida,6,4.91,0.0,,,7,2,0,4,0,1,4.0,73.0,246.0,32.5,22.0,117.0,,,22.0
David Bass,2013,DE,Missouri Western State,4,4.84,40.0,,,7,2,0,5,0,0,9.0,76.0,262.0,30.5,20.0,111.0,7.07,4.33,22.0
Zac Dysert,2013,QB,Miami (OH),8,4.81,36.25,,,7,2,0,0,0,0,0.0,75.0,231.0,,,,,,23.0
Steve Beauharnais,2013,LB,Rutgers,4,4.84,2.0,,,7,2,0,2,0,0,0.0,73.0,240.0,33.0,19.0,118.0,6.99,4.2,23.0
Marquess Wilson,2013,WR,Washington State,4,4.51,38.0,,,7,2,0,4,0,0,6.0,75.0,194.0,34.5,7.0,122.0,6.65,4.33,20.0
B.J. Daniels,2013,QB,South Florida,6,,,,,7,2,0,3,0,0,0.0,,,,,,,,24.0
Aaron Mellette,2013,WR,Elon,10,4.54,32.0,,,7,2,0,0,0,0,0.0,74.0,217.0,33.5,9.0,123.0,7.11,4.41,23.0
David King,2013,DE,Oklahoma,2,,,,,7,2,0,5,0,0,1.0,,,,,,,,23.0
Reid Fragel,2013,OL,Ohio State,1,5.14,48.24,,,7,2,0,3,0,0,0.0,80.0,308.0,30.0,33.0,113.0,7.62,4.68,22.0
Jared Smith,2013,DT,New Hampshire,10,5.08,33.75,,,7,2,0,0,0,0,0.0,75.0,302.0,32.5,28.0,115.0,7.2,4.39,23.0
Michael Bowie,2013,OT,NE State (OK),10,,,,,7,2,0,1,0,0,4.0,,,,,,,,21.0
Kemal Ishmael,2013,DB,UCF,4,,,,,7,2,0,7,0,1,13.0,,,,,,,,22.0
Zeke Motta,2013,DB,Notre Dame,2,4.75,0.0,,,7,2,0,1,0,0,1.0,74.0,213.0,35.5,11.0,126.0,6.75,4.16,23.0
Brandon Hepburn,2013,LB,Florida A&M,2,4.68,34.0,,,7,2,0,0,0,0,0.0,74.0,240.0,32.0,21.0,124.0,7.4,4.55,23.0
Carter Bykowski,2013,OL,Iowa State,4,,,,,7,2,0,0,0,0,0.0,,,,,,,,23.0
Marc Anthony,2013,DB,California,4,4.63,15.56,,,7,2,0,0,0,0,0.0,71.0,196.0,35.0,12.0,118.0,6.74,4.07,23.0
Daimion Stafford,2013,DB,Nebraska,3,4.69,2.22,,,7,2,0,4,0,0,7.0,72.0,221.0,30.5,21.0,111.0,7.06,,22.0
Sean Renfree,2013,QB,Duke,4,4.76,42.5,,,7,2,0,3,0,0,0.0,75.0,219.0,,,,,,23.0
Don Jones,2013,DB,Arkansas State,3,,,,,7,2,0,4,0,0,2.0,,,,,,,,23.0
T.J. Johnson,2013,C,South Carolina,3,5.33,36.0,,,7,2,0,5,0,0,5.0,76.0,310.0,25.5,32.0,96.0,7.83,4.74,23.0
Marcus Cooper,2013,DB,Rutgers,4,,,,,7,2,0,6,0,1,14.0,,,,,,,,23.0
Michael Cox,2013,RB,Massachusetts,10,,,,,7,2,0,2,0,0,0.0,,,,,,,,24.0
Justice Cunningham,2013,TE,South Carolina,3,4.94,10.0,,,7,2,0,3,0,0,0.0,75.0,258.0,31.5,,116.0,7.12,4.45,22.0
Jadeveon Clowney,2014,DE,South Carolina,3,4.53,87.69,,,1,0,1,12,3,10,63.0,77.0,266.0,37.5,21.0,124.0,7.27,4.43,21.0
Greg Robinson,2014,OT,Auburn,2,4.92,80.0,,,1,0,1,6,0,5,24.0,77.0,332.0,28.5,32.0,113.0,7.8,4.86,21.0
Blake Bortles,2014,QB,UCF,4,4.93,21.25,,,1,0,1,6,0,5,44.0,77.0,232.0,32.5,,115.0,7.08,4.21,22.0
Sammy Watkins,2014,WR,Clemson,1,4.43,54.0,,,1,0,1,9,0,6,43.0,73.0,211.0,34.0,16.0,126.0,6.95,4.34,21.0
Khalil Mack,2014,LB,Buffalo,8,4.65,40.0,,,1,0,1,12,9,11,105.0,75.0,251.0,40.0,23.0,128.0,7.08,4.18,23.0
Jake Matthews,2014,OT,Texas A&M,2,5.07,62.35,,,1,0,1,12,1,12,75.0,77.0,308.0,30.5,24.0,105.0,7.34,4.47,22.0
Mike Evans,2014,WR,Texas A&M,2,4.53,34.0,,,1,0,1,12,6,11,80.0,77.0,231.0,37.0,12.0,,7.08,4.26,21.0
Justin Gilbert,2014,DB,Oklahoma State,3,4.37,73.33,,,1,0,0,3,0,0,4.0,72.0,202.0,35.5,20.0,126.0,6.92,,22.0
Anthony Barr,2014,LB,UCLA,5,4.66,38.0,,,1,0,1,10,4,7,56.0,77.0,255.0,34.5,15.0,119.0,6.82,4.19,22.0
Eric Ebron,2014,TE,North Carolina,3,4.6,66.67,,,1,0,1,8,1,4,29.0,76.0,250.0,32.0,24.0,120.0,,,21.0
Taylor Lewan,2014,OT,Michigan,1,4.87,85.88,,,1,0,1,9,3,7,48.0,79.0,309.0,30.5,29.0,117.0,7.39,4.49,23.0
Odell Beckham Jr.,2014,WR,LSU,1,4.38,64.0,,,1,0,1,11,3,6,59.0,71.0,198.0,38.5,7.0,122.0,6.69,3.94,21.0
Aaron Donald,2014,DT,Pittsburgh,3,4.68,83.75,,,1,0,1,10,10,10,123.0,73.0,285.0,32.0,35.0,116.0,7.11,4.39,23.0
Kyle Fuller,2014,DB,Virginia Tech,3,4.49,46.67,,,1,0,1,9,2,5,48.0,72.0,190.0,38.5,12.0,128.0,6.9,4.19,22.0
Ryan Shazier,2014,LB,Ohio State,1,4.58,54.0,,,1,0,1,4,2,3,27.0,73.0,237.0,42.0,25.0,130.0,6.91,4.21,22.0
Zack Martin,2014,OG,Notre Dame,2,5.22,44.0,,,1,0,1,11,9,11,103.0,76.0,308.0,28.0,29.0,106.0,7.65,4.59,23.0
C.J. Mosley,2014,LB,Alabama,1,4.65,40.0,,,1,0,1,11,5,8,81.0,74.0,234.0,35.0,,118.0,7.3,4.4,22.0
Calvin Pryor,2014,DB,Louisville,4,4.58,26.67,,,1,0,1,4,0,3,13.0,71.0,207.0,34.5,18.0,116.0,,,22.0
Ja'Wuan James,2014,OT,Tennessee,2,5.26,40.0,,,1,0,1,9,0,4,27.0,78.0,311.0,29.0,22.0,103.0,7.42,4.56,22.0
Brandin Cooks,2014,WR,Oregon State,4,4.33,74.0,,,1,0,1,12,0,10,73.0,70.0,189.0,36.0,16.0,120.0,6.76,3.81,20.0
Ha Ha Clinton-Dix,2014,DB,Alabama,1,4.58,26.67,,,1,0,1,8,1,6,34.0,73.0,208.0,33.0,11.0,119.0,7.16,4.16,21.0
Johnny Manziel,2014,QB,Texas A&M,2,4.68,52.5,,,1,0,0,2,0,0,4.0,72.0,207.0,31.5,,113.0,6.75,4.03,21.0
Dee Ford,2014,LB,Auburn,2,,,,,1,0,1,8,1,2,23.0,74.0,252.0,,,,,,23.0
Darqueze Dennard,2014,DB,Michigan State,3,4.52,40.0,,,1,0,0,8,0,0,13.0,71.0,199.0,,15.0,,,,22.0
Jason Verrett,2014,DB,TCU,3,4.38,71.11,,,1,0,1,10,1,2,17.0,69.0,189.0,39.0,,128.0,6.69,4.0,23.0
Marcus Smith,2014,LB,Louisville,4,4.66,38.0,,,1,0,0,5,0,0,4.0,75.0,251.0,35.0,23.0,121.0,7.48,4.47,22.0
Deone Bucannon,2014,DB,Washington State,4,4.49,46.67,,,1,0,1,7,0,4,32.0,73.0,211.0,36.5,19.0,125.0,6.96,4.26,22.0
Kelvin Benjamin,2014,WR,Florida State,2,4.61,18.0,,,1,0,1,5,0,4,22.0,77.0,240.0,32.5,13.0,119.0,7.33,4.39,23.0
Dominique Easley,2014,DT,Florida,2,4.93,52.5,,,1,0,0,5,0,0,7.0,74.0,288.0,,26.0,,,,22.0
Jimmie Ward,2014,DB,Northern Illinois,8,4.59,24.44,,,1,0,1,11,0,6,31.0,71.0,193.0,,9.0,,,,23.0
Bradley Roby,2014,DB,Ohio State,1,4.39,68.89,,,1,0,1,10,0,4,26.0,71.0,194.0,38.5,17.0,124.0,,4.04,22.0
Teddy Bridgewater,2014,QB,Louisville,4,,,,,1,0,1,12,1,4,49.0,74.0,214.0,30.0,,113.0,7.17,4.2,21.0
Xavier Su'a-Filo,2014,OG,UCLA,5,5.04,68.0,,,2,0,1,8,0,3,24.0,76.0,307.0,25.0,25.0,102.0,7.6,4.44,23.0
DeMarcus Lawrence,2014,DE,Boise State,7,4.8,46.15,,,2,0,1,12,5,8,78.0,75.0,251.0,34.5,20.0,113.0,7.46,4.31,22.0
Joel Bitonio,2014,OG,Nevada,7,4.92,84.0,,,2,0,1,12,7,11,75.0,76.0,302.0,32.0,22.0,114.0,7.37,4.44,22.0
Derek Carr,2014,QB,Fresno State,7,4.69,51.25,,,2,0,1,11,4,11,93.0,74.0,214.0,34.5,,110.0,,4.2,23.0
Ra'Shede Hageman,2014,DT,Minnesota,4,4.92,53.75,,,2,0,0,3,0,1,8.0,78.0,310.0,35.5,32.0,114.0,7.87,4.5,24.0
Austin Seferian-Jenkins,2014,TE,Washington,2,4.75,41.67,,,2,0,0,5,0,2,9.0,77.0,262.0,,20.0,,,,21.0
Marqise Lee,2014,WR,USC,2,4.52,36.0,,,2,0,0,6,0,2,17.0,72.0,192.0,38.0,,127.0,,4.01,22.0
Kyle Van Noy,2014,LB,BYU,5,4.71,28.0,,,2,0,1,12,1,8,62.0,75.0,243.0,32.5,21.0,112.0,7.22,4.2,23.0
Lamarcus Joyner,2014,DB,Florida State,2,4.55,33.33,,,2,0,1,9,0,4,26.0,68.0,184.0,37.5,14.0,124.0,7.26,4.4,23.0
Jordan Matthews,2014,WR,Vanderbilt,4,4.46,48.0,,,2,0,1,11,0,3,23.0,75.0,212.0,35.5,21.0,120.0,6.95,4.18,22.0
Weston Richburg,2014,OL,Colorado State,7,5.1,52.94,,,2,0,1,6,0,5,33.0,75.0,298.0,25.5,25.0,106.0,7.93,4.63,23.0
Cyrus Kouandjio,2014,OT,Alabama,1,5.59,1.18,,,2,0,0,5,0,0,6.0,79.0,322.0,27.5,21.0,96.0,7.71,4.84,21.0
Paul Richardson,2014,WR,Colorado,3,4.4,60.0,,,2,0,1,6,0,3,14.0,72.0,175.0,38.0,,124.0,7.09,,22.0
Stephon Tuitt,2014,DE,Notre Dame,2,4.92,27.69,,,2,0,1,7,0,6,38.0,77.0,304.0,,31.0,,,,21.0
Trent Murphy,2014,LB,Stanford,3,4.86,0.0,,,2,0,1,7,0,4,33.0,77.0,250.0,35.5,19.0,118.0,6.78,4.2,23.0
Timmy Jernigan,2014,DT,Florida State,2,5.06,36.25,,,2,0,1,7,0,4,25.0,74.0,299.0,29.5,27.0,102.0,,4.83,21.0
Jace Amaro,2014,TE,Texas Tech,4,4.74,43.33,,,2,0,0,3,0,0,4.0,77.0,265.0,33.0,28.0,118.0,7.42,4.3,22.0
Jeremiah Attaochu,2014,LB,Georgia Tech,3,,,,,2,0,0,9,0,1,15.0,75.0,252.0,,,,,,21.0
Ego Ferguson,2014,DT,LSU,1,4.98,46.25,,,2,0,0,2,0,0,2.0,75.0,315.0,,24.0,,,,22.0
Troy Niklas,2014,TE,Notre Dame,2,4.84,26.67,,,2,0,0,4,0,1,1.0,78.0,270.0,32.0,27.0,114.0,7.57,4.55,21.0
Davante Adams,2014,WR,Fresno State,7,4.56,28.0,,,2,0,1,12,6,11,92.0,73.0,212.0,39.5,14.0,123.0,6.82,4.3,21.0
Bishop Sankey,2014,RB,Washington,2,4.49,51.67,,,2,0,0,2,0,1,6.0,69.0,209.0,35.5,26.0,126.0,6.75,4.0,21.0
Jeremy Hill,2014,RB,LSU,1,4.56,40.0,,,2,0,1,5,0,3,21.0,73.0,233.0,29.0,20.0,113.0,,,21.0
Cody Latimer,2014,WR,Indiana,4,4.52,36.0,,,2,0,0,6,0,1,6.0,74.0,215.0,,23.0,,,,21.0
Carlos Hyde,2014,RB,Ohio State,1,4.62,30.0,,,2,0,1,8,0,4,32.0,72.0,230.0,34.5,19.0,114.0,,,23.0
Stanley Jean-Baptiste,2014,DB,Nebraska,3,4.61,20.0,,,2,0,0,4,0,0,0.0,75.0,218.0,41.5,13.0,128.0,,4.33,24.0
Jack Mewhort,2014,OT,Ohio State,1,5.37,27.06,,,2,0,1,4,0,4,22.0,78.0,309.0,26.0,28.0,101.0,7.79,4.64,23.0
Kony Ealy,2014,DE,Missouri,4,4.92,27.69,,,2,0,0,5,0,0,12.0,76.0,273.0,31.0,22.0,114.0,6.83,4.45,22.0
Allen Robinson,2014,WR,Penn State,2,4.6,20.0,,,2,0,1,11,1,8,48.0,75.0,220.0,39.0,,127.0,7.0,4.0,21.0
Jimmy Garoppolo,2014,QB,Eastern Illinois,10,4.97,16.25,,,2,0,1,12,0,3,47.0,74.0,226.0,30.5,,110.0,7.04,4.26,22.0
Jarvis Landry,2014,WR,LSU,1,4.65,10.0,,,2,0,1,9,5,8,56.0,71.0,205.0,28.5,12.0,110.0,,,21.0
Justin Britt,2014,OT,Missouri,4,5.19,48.24,,,2,0,1,9,0,7,41.0,78.0,325.0,27.5,23.0,100.0,8.14,4.69,23.0
C.J. Fiedorowicz,2014,TE,Iowa,3,4.76,40.0,,,3,1,0,4,0,2,6.0,77.0,265.0,31.5,25.0,116.0,7.1,4.26,22.0
Morgan Moses,2014,OL,Virginia,4,5.35,23.53,,,3,1,1,12,0,11,65.0,78.0,314.0,21.5,,106.0,7.93,4.95,23.0
Billy Turner,2014,OT,North Dakota State,9,5.16,51.76,,,3,1,1,10,0,5,35.0,77.0,315.0,28.0,25.0,108.0,7.92,4.71,22.0
Dezmen Southward,2014,DB,Wisconsin,3,4.38,71.11,,,3,1,0,4,0,0,1.0,72.0,211.0,,,,,,23.0
Charles Sims,2014,RB,West Virginia,4,4.48,53.33,,,3,1,0,4,0,0,13.0,72.0,214.0,37.5,17.0,126.0,7.16,4.3,23.0
Marcus Martin,2014,C,USC,2,5.38,29.33,,,3,1,0,7,0,2,11.0,75.0,320.0,,23.0,,,,20.0
Christian Kirksey,2014,LB,Iowa,3,4.72,26.0,,,3,1,1,9,0,5,40.0,74.0,233.0,32.0,16.0,122.0,,,22.0
Scott Crichton,2014,DE,Oregon State,4,4.84,40.0,,,3,1,0,2,0,0,2.0,75.0,273.0,31.5,24.0,108.0,7.19,4.29,22.0
Preston Brown,2014,LB,Louisville,4,4.86,0.0,,,3,1,1,6,0,6,34.0,73.0,251.0,33.0,23.0,116.0,6.98,4.26,21.0
Jay Bromley,2014,DT,Syracuse,4,5.06,36.25,,,3,1,0,5,0,0,5.0,75.0,306.0,33.5,26.0,106.0,7.92,4.78,22.0
Tre Mason,2014,RB,Auburn,2,4.5,50.0,,,3,1,0,2,0,1,8.0,68.0,207.0,38.5,,126.0,,4.15,21.0
Travis Swanson,2014,C,Arkansas,3,5.28,42.67,,,3,1,1,5,0,4,23.0,77.0,312.0,26.0,20.0,95.0,7.73,4.65,23.0
Chris Borland,2014,LB,Wisconsin,3,4.83,4.0,,,3,1,0,1,0,1,6.0,71.0,248.0,31.0,27.0,114.0,7.18,4.27,23.0
Spencer Long,2014,OG,Nebraska,3,5.16,52.0,,,3,1,1,6,0,3,22.0,77.0,320.0,,,,,,23.0
Terrence Brooks,2014,DB,Florida State,2,4.42,62.22,,,3,1,0,8,0,0,8.0,71.0,198.0,38.0,10.0,119.0,7.35,,22.0
Dexter McDougle,2014,DB,Maryland,4,4.47,51.11,,,3,1,0,5,0,0,2.0,70.0,196.0,,,,,,23.0
Gabe Jackson,2014,OG,Mississippi State,3,5.34,28.0,,,3,1,1,10,0,9,47.0,75.0,336.0,29.0,30.0,108.0,8.25,4.78,23.0
Will Sutton,2014,DT,Arizona State,3,5.36,0.0,,,3,1,0,3,0,2,8.0,72.0,303.0,28.5,24.0,99.0,7.93,4.82,22.0
Louis Nix,2014,DT,Notre Dame,2,5.32,3.75,,,3,1,0,2,0,0,0.0,74.0,331.0,25.5,,97.0,8.29,4.94,23.0
Kareem Martin,2014,DE,North Carolina,3,4.72,58.46,,,3,1,0,7,0,2,12.0,78.0,272.0,35.5,22.0,129.0,7.2,4.33,22.0
Khyri Thornton,2014,DT,Southern Miss,10,5.03,40.0,,,3,1,0,4,0,0,3.0,75.0,304.0,29.0,28.0,112.0,7.83,4.76,24.0
Josh Huff,2014,WR,Oregon,2,4.51,38.0,,,3,1,0,3,0,0,6.0,71.0,206.0,35.5,14.0,116.0,,,22.0
Phillip Gaines,2014,DB,Rice,6,4.38,71.11,,,3,1,0,7,0,1,10.0,72.0,193.0,36.5,11.0,122.0,6.62,4.04,23.0
Will Clarke,2014,DE,West Virginia,4,4.77,50.77,,,3,1,0,5,0,0,6.0,78.0,271.0,32.0,22.0,112.0,7.26,4.57,23.0
Chris Watt,2014,OG,Notre Dame,2,5.5,6.67,,,3,1,0,2,0,0,5.0,75.0,310.0,,29.0,,,,24.0
Donte Moncrief,2014,WR,Ole Miss,3,4.4,60.0,,,3,1,1,7,0,3,18.0,74.0,221.0,39.5,13.0,132.0,7.02,4.3,21.0
John Brown,2014,WR,Pittsburg State,10,4.34,72.0,,,3,1,1,9,0,5,36.0,70.0,179.0,36.5,,119.0,6.91,4.12,24.0
Trai Turner,2014,OL,LSU,1,4.93,72.94,,,3,1,1,9,5,9,51.0,75.0,310.0,27.5,25.0,,,,21.0
Brandon Linder,2014,OL,Miami (FL),2,5.35,23.53,,,3,1,1,8,0,6,31.0,78.0,311.0,26.5,30.0,100.0,,,22.0
Terrance West,2014,RB,Towson,10,4.56,40.0,,,3,1,0,4,0,2,11.0,69.0,225.0,33.5,16.0,120.0,,,23.0
Michael Schofield,2014,OL,Michigan,1,5.01,63.53,,,3,1,1,10,0,5,38.0,78.0,301.0,24.0,,93.0,7.62,4.57,23.0
Jerick McKinnon,2014,RB,Georgia Southern,1,4.41,65.0,,,3,1,1,10,0,1,32.0,69.0,209.0,40.5,32.0,132.0,6.83,4.12,22.0
Dri Archer,2014,WR,Kent State,8,4.26,88.0,,,3,1,0,2,0,0,0.0,68.0,173.0,38.0,20.0,122.0,6.86,4.06,23.0
Richard Rodgers,2014,TE,California,4,4.87,21.67,,,3,1,0,9,0,2,14.0,76.0,257.0,31.5,16.0,116.0,7.23,4.47,22.0
Crockett Gillmore,2014,TE,Colorado State,7,4.89,18.33,,,3,1,0,3,0,1,4.0,78.0,260.0,33.5,,120.0,7.42,4.44,22.0
Brandon Thomas,2014,OL,Clemson,1,5.09,54.12,,,3,1,0,0,0,0,0.0,75.0,317.0,29.0,35.0,98.0,8.13,4.83,23.0
Jaylen Watkins,2014,DB,Florida,2,4.41,64.44,,,4,1,0,7,0,0,5.0,71.0,194.0,,22.0,,,,22.0
Bashaud Breeland,2014,DB,Clemson,1,4.62,17.78,,,4,1,1,8,0,7,34.0,71.0,197.0,34.5,11.0,123.0,7.04,4.33,22.0
Devonta Freeman,2014,RB,Florida State,2,4.58,36.67,,,4,1,1,8,2,4,49.0,68.0,206.0,31.5,,118.0,7.11,4.26,22.0
Jalen Saunders,2014,WR,Oklahoma,2,4.44,52.0,,,4,1,0,1,0,0,0.0,69.0,165.0,34.0,,122.0,,,21.0
Bryan Stork,2014,C,Florida State,2,5.44,21.33,,,4,1,0,2,0,1,11.0,76.0,315.0,,,,,,23.0
Bruce Ellington,2014,WR,South Carolina,3,4.45,50.0,,,4,1,0,5,0,0,7.0,69.0,197.0,39.5,15.0,120.0,6.69,3.95,23.0
Justin Ellis,2014,DT,Louisiana Tech,5,5.27,10.0,,,4,1,1,9,0,3,25.0,73.0,334.0,28.0,25.0,92.0,7.81,4.75,23.0
Cassius Marsh,2014,DE,UCLA,5,4.89,32.31,,,4,1,0,8,0,0,13.0,76.0,252.0,32.0,14.0,108.0,7.08,4.25,22.0
Ross Cockrell,2014,DB,Duke,4,4.56,31.11,,,4,1,1,8,0,3,20.0,72.0,191.0,36.5,10.0,122.0,7.28,4.32,23.0
Maurice Alexander,2014,DB,Utah State,7,4.5,44.44,,,4,1,0,6,0,1,11.0,73.0,220.0,38.0,,123.0,7.05,4.51,23.0
Russell Bodine,2014,C,North Carolina,3,5.18,56.0,,,4,1,1,5,0,5,30.0,75.0,310.0,29.0,42.0,109.0,8.26,4.66,22.0
DaQuan Jones,2014,DT,Penn State,2,5.35,0.0,,,4,1,1,12,0,10,60.0,76.0,322.0,27.5,25.0,101.0,7.73,4.78,22.0
Andre Williams,2014,RB,Boston College,4,4.56,40.0,,,4,1,0,4,0,0,7.0,71.0,230.0,38.0,,129.0,7.27,4.06,22.0
Aaron Colvin,2014,DB,Oklahoma,2,4.51,42.22,,,4,1,0,6,0,1,16.0,71.0,177.0,,,,,,22.0
Shaquelle Evans,2014,WR,UCLA,5,4.51,38.0,,,4,1,0,0,0,0,0.0,73.0,213.0,34.5,13.0,122.0,7.07,4.21,23.0
Keith McGill,2014,DB,Utah,3,4.51,42.22,,,4,1,0,4,0,0,4.0,75.0,211.0,39.0,,129.0,7.29,4.18,25.0
Ka'Deem Carey,2014,RB,Arizona,4,4.69,18.33,,,4,1,0,3,0,0,3.0,69.0,207.0,32.5,19.0,115.0,7.08,4.38,21.0
Martavis Bryant,2014,WR,Clemson,1,4.42,56.0,,,4,1,0,5,0,1,19.0,76.0,211.0,39.0,16.0,124.0,7.18,4.15,22.0
Anthony Hitchens,2014,LB,Iowa,3,4.74,22.0,,,4,1,1,8,0,7,41.0,72.0,240.0,31.5,23.0,116.0,7.15,4.45,22.0
Logan Thomas,2014,QB,Virginia Tech,3,4.61,61.25,,,4,1,1,10,0,3,15.0,78.0,248.0,35.5,,118.0,7.05,4.18,23.0
Carl Bradford,2014,LB,Arizona State,3,4.76,18.0,,,4,1,0,3,0,0,0.0,73.0,250.0,37.5,23.0,122.0,7.25,4.3,22.0
Marqueston Huff,2014,DB,Wyoming,7,4.49,46.67,,,4,1,0,3,0,0,4.0,71.0,196.0,35.5,15.0,118.0,7.26,4.19,22.0
Kevin Norwood,2014,WR,Alabama,1,4.48,44.0,,,4,1,0,2,0,0,1.0,74.0,198.0,33.0,8.0,121.0,6.68,4.32,24.0
De'Anthony Thomas,2014,RB,Oregon,2,4.39,68.33,,,4,1,0,6,0,0,7.0,69.0,174.0,32.0,8.0,124.0,,,21.0
Walt Aikens,2014,DB,Liberty,5,,,,,4,1,0,6,0,0,6.0,,,,,,,,23.0
Khairi Fortt,2014,LB,California,4,4.7,30.0,,,4,1,0,1,0,0,0.0,74.0,248.0,36.0,30.0,120.0,,,22.0
Pierre Desir,2014,DB,Lindenwood,10,4.59,24.44,,,4,1,1,8,0,3,18.0,73.0,198.0,35.0,11.0,133.0,6.86,4.3,23.0
Tre Boston,2014,DB,North Carolina,3,4.58,26.67,,,4,1,1,7,0,4,28.0,72.0,204.0,35.0,18.0,116.0,7.04,4.31,22.0
Dontae Johnson,2014,DB,NC State,4,4.41,64.44,,,4,1,0,9,0,1,15.0,74.0,200.0,38.5,12.0,124.0,6.82,4.24,22.0
James White,2014,RB,Wisconsin,3,4.57,38.33,,,4,1,1,8,0,0,37.0,69.0,204.0,32.0,23.0,114.0,7.05,4.2,22.0
Brock Vereen,2014,DB,Minnesota,4,4.47,51.11,,,4,1,0,2,0,0,2.0,72.0,199.0,34.0,25.0,117.0,6.9,4.07,22.0
Kevin Pierre-Louis,2014,LB,Boston College,4,4.51,68.0,,,4,1,0,9,0,1,15.0,72.0,232.0,39.0,28.0,128.0,6.92,4.02,22.0
Nevin Lawson,2014,DB,Utah State,7,4.48,48.89,,,4,1,1,8,0,5,22.0,69.0,190.0,33.0,16.0,120.0,7.12,4.4,23.0
Brent Urban,2014,DT,Virginia,4,4.98,46.25,,,4,1,0,12,0,2,24.0,79.0,295.0,,,,,,23.0
Tom Savage,2014,QB,Pittsburgh,3,4.97,16.25,,,4,1,0,4,0,1,3.0,76.0,228.0,27.0,,105.0,7.33,4.36,24.0
Larry Webster,2014,DE,Bloomsburg,10,4.58,80.0,,,4,1,0,3,0,0,0.0,78.0,252.0,36.5,17.0,123.0,7.29,4.44,24.0
Dakota Dozier,2014,OL,Furman,9,5.42,15.29,,,4,1,0,8,0,1,13.0,76.0,313.0,24.0,23.0,101.0,8.14,4.89,23.0
Lorenzo Taliaferro,2014,RB,Coastal Carolina,8,4.58,36.67,,,4,1,0,3,0,0,3.0,72.0,229.0,33.0,18.0,118.0,6.88,4.22,22.0
Prince Shembo,2014,LB,Notre Dame,2,4.71,28.0,,,4,1,0,1,0,0,2.0,73.0,253.0,38.5,26.0,122.0,7.29,4.31,22.0
Cameron Fleming,2014,OT,Stanford,3,5.28,37.65,,,4,1,1,11,0,2,30.0,77.0,323.0,23.5,26.0,97.0,8.24,5.0,22.0
Taylor Hart,2014,DE,Oregon,2,4.92,27.69,,,5,2,0,3,0,0,1.0,78.0,281.0,,21.0,,,,23.0
Ryan Grant,2014,WR,Tulane,6,4.64,12.0,,,5,2,0,6,0,1,10.0,72.0,199.0,35.5,8.0,119.0,6.68,4.11,23.0
Kadeem Edwards,2014,OL,Tennessee State,2,5.25,35.29,,,5,2,0,0,0,0,0.0,76.0,313.0,27.0,26.0,99.0,7.95,4.82,23.0
Telvin Smith,2014,LB,Florida State,2,4.52,66.0,,,5,2,1,5,1,5,42.0,75.0,218.0,31.5,,119.0,,,23.0
David Yankey,2014,OL,Stanford,3,5.48,8.24,,,5,2,0,3,0,0,0.0,78.0,315.0,28.5,22.0,103.0,7.81,4.86,22.0
Devin Street,2014,WR,Pittsburgh,3,4.55,30.0,,,5,2,0,3,0,0,1.0,75.0,198.0,37.0,,124.0,6.89,4.01,23.0
Ricardo Allen,2014,DB,Purdue,4,4.61,20.0,,,5,2,1,8,0,5,25.0,69.0,187.0,35.5,13.0,117.0,,4.15,22.0
Bene Benwikere,2014,DB,San Jose State,7,4.59,24.44,,,5,2,0,5,0,1,10.0,71.0,195.0,40.5,10.0,122.0,6.94,4.38,23.0
Kevin Pamphile,2014,OT,Purdue,4,,,,,5,2,0,5,0,2,16.0,,,,,,,,23.0
Aaron Lynch,2014,DE,South Florida,6,4.76,52.31,,,5,2,0,7,0,1,14.0,77.0,249.0,,18.0,,,,21.0
Avery Williamson,2014,LB,Kentucky,4,4.66,38.0,,,5,2,1,8,0,5,38.0,73.0,246.0,30.5,25.0,120.0,7.11,4.07,22.0
Nat Berhe,2014,DB,San Diego State,7,4.71,0.0,,,5,2,0,5,0,0,3.0,70.0,193.0,35.5,15.0,117.0,7.08,4.22,23.0
Cyril Richardson,2014,OG,Baylor,3,5.36,25.33,,,5,2,0,1,0,0,2.0,77.0,329.0,25.5,25.0,91.0,7.7,4.83,23.0
Jeremiah George,2014,LB,Iowa State,4,4.91,0.0,,,5,2,0,4,0,0,3.0,71.0,234.0,33.0,28.0,116.0,,,22.0
Arthur Lynch,2014,TE,Georgia,1,4.82,30.0,,,5,2,0,0,0,0,0.0,77.0,258.0,29.5,28.0,116.0,7.38,4.35,24.0
Lamin Barrow,2014,LB,LSU,1,4.64,42.0,,,5,2,0,2,0,0,2.0,73.0,237.0,35.0,22.0,123.0,7.24,4.35,23.0
Shaquille Richardson,2014,DB,Arizona,4,,,,,5,2,0,0,0,0,0.0,,,,,,,,22.0
Caraun Reid,2014,DT,Princeton,10,4.91,55.0,,,5,2,0,8,0,1,9.0,74.0,302.0,26.5,20.0,106.0,7.59,4.58,22.0
Chris Smith,2014,DE,Arkansas,3,4.66,67.69,,,5,2,0,8,0,0,8.0,73.0,266.0,37.0,28.0,121.0,7.55,4.46,22.0
Ed Stinson,2014,DE,Alabama,1,4.98,18.46,,,5,2,0,4,0,0,5.0,75.0,287.0,,,,,,24.0
Corey Linsley,2014,C,Ohio State,1,5.24,48.0,,,5,2,1,10,1,9,64.0,75.0,296.0,27.0,36.0,,,,23.0
Ed Reynolds,2014,DB,Stanford,3,4.57,28.89,,,5,2,0,3,0,1,4.0,73.0,207.0,32.5,15.0,117.0,,,22.0
Aaron Murray,2014,QB,Georgia,1,4.84,32.5,,,5,2,0,0,0,0,0.0,72.0,207.0,,,,,,23.0
A.J. McCarron,2014,QB,Alabama,1,4.94,20.0,,,5,2,0,10,0,0,4.0,75.0,220.0,28.0,,99.0,7.18,4.34,23.0
Ryan Carrethers,2014,DT,Arkansas State,3,5.47,0.0,,,5,2,0,3,0,0,3.0,73.0,337.0,26.0,32.0,88.0,7.89,4.6,23.0
Jonathan Newsome,2014,LB,Ball State,8,4.73,24.0,,,5,2,0,2,0,0,4.0,75.0,247.0,34.0,21.0,117.0,7.31,4.63,23.0
Vinnie Sunseri,2014,DB,Alabama,1,,,,,5,2,0,3,0,0,0.0,71.0,210.0,,18.0,,,,22.0
Marquis Spruill,2014,LB,Syracuse,4,,,,,5,2,0,0,0,0,0.0,,,,,,,,23.0
Ronald Powell,2014,LB,Florida,2,4.65,40.0,,,5,2,0,1,0,0,1.0,75.0,237.0,35.5,21.0,114.0,,,23.0
Keith Reaser,2014,DB,Florida Atlantic,2,4.43,60.0,,,5,2,0,4,0,0,2.0,71.0,189.0,,22.0,,,,23.0
Jordan Tripp,2014,LB,Montana,9,4.67,36.0,,,5,2,0,4,0,0,3.0,75.0,234.0,37.5,22.0,120.0,6.89,3.96,23.0
Jimmy Staten,2014,DT,Middle Tenn. State,10,,,,,5,2,0,0,0,0,0.0,,,,,,,,23.0
Wesley Johnson,2014,OL,Vanderbilt,4,5.11,51.76,,,5,2,0,5,0,1,11.0,77.0,297.0,29.0,26.0,111.0,7.4,4.64,23.0
Devon Kennard,2014,DE,USC,2,4.7,61.54,,,5,2,1,9,0,5,33.0,75.0,249.0,30.0,23.0,113.0,7.25,4.32,23.0
John Urschel,2014,OG,Penn State,2,5.31,32.0,,,5,2,0,3,0,0,7.0,75.0,313.0,29.0,30.0,102.0,7.55,4.47,23.0
Jared Abbrederis,2014,WR,Wisconsin,3,4.5,40.0,,,5,2,0,4,0,0,1.0,73.0,195.0,30.5,4.0,117.0,6.8,4.08,23.0
Jeoffrey Pagan,2014,DE,Alabama,1,4.92,27.69,,,6,2,0,2,0,0,1.0,75.0,310.0,,,,,,21.0
Zach Mettenberger,2014,QB,LSU,1,,,,,6,2,0,2,0,1,1.0,77.0,224.0,,,,,,23.0
Jon Halapio,2014,OL,Florida,2,5.34,24.71,,,6,2,0,6,0,2,10.0,75.0,323.0,21.5,,100.0,8.26,4.83,23.0
Kenneth Acker,2014,DB,SMU,6,,,,,6,2,0,4,0,1,8.0,,,,,,,,22.0
Alfred Blue,2014,RB,LSU,1,4.63,28.33,,,6,2,0,5,0,1,18.0,74.0,223.0,32.0,13.0,121.0,7.15,4.5,23.0
Antone Exum,2014,DB,Virginia Tech,3,4.59,24.44,,,6,2,0,6,0,0,6.0,72.0,213.0,35.0,17.0,117.0,7.05,4.13,23.0
David Fales,2014,QB,San Jose State,7,4.99,13.75,,,6,2,0,6,0,0,1.0,74.0,212.0,28.0,,103.0,7.55,4.5,23.0
Kendall James,2014,DB,Maine,10,4.44,57.78,,,6,2,0,0,0,0,0.0,70.0,180.0,39.0,9.0,,6.81,4.19,23.0
Robert Herron,2014,WR,Wyoming,7,4.48,44.0,,,6,2,0,1,0,0,0.0,69.0,193.0,35.5,18.0,125.0,6.84,4.27,22.0
Lache Seastrunk,2014,RB,Baylor,3,4.51,48.33,,,6,2,0,0,0,0,0.0,69.0,201.0,41.5,15.0,134.0,,,23.0
Bennett Jackson,2014,DB,Notre Dame,2,4.51,42.22,,,6,2,0,7,0,0,0.0,72.0,195.0,38.0,13.0,128.0,6.75,4.0,22.0
E.J. Gaines,2014,DB,Missouri,4,4.44,57.78,,,6,2,1,5,0,3,13.0,70.0,190.0,,15.0,,,,22.0
T.J. Jones,2014,WR,Notre Dame,2,4.46,48.0,,,6,2,0,6,0,0,7.0,72.0,188.0,33.0,,119.0,6.82,4.27,22.0
Matt Hazel,2014,WR,Coastal Carolina,8,4.5,40.0,,,6,2,0,4,0,0,0.0,73.0,198.0,36.5,15.0,118.0,7.08,4.2,22.0
Pat O'Donnell,2014,P,Miami (FL),2,4.64,55.38,,,6,2,0,12,0,1,18.0,76.0,220.0,30.5,23.0,120.0,,,23.0
Jordan Zumwalt,2014,LB,UCLA,5,4.76,18.0,,,6,2,0,0,0,0,0.0,76.0,235.0,33.0,,116.0,6.99,4.25,22.0
Zach Fulton,2014,OG,Tennessee,2,5.16,52.0,,,6,2,1,7,0,6,39.0,77.0,316.0,24.5,25.0,98.0,7.87,5.16,22.0
Keith Wenning,2014,QB,Ball State,8,5.0,12.5,,,6,2,0,0,0,0,0.0,75.0,218.0,28.0,,100.0,7.07,4.25,23.0
Brandon Dixon,2014,DB,NW Missouri State,10,4.41,64.44,,,6,2,0,4,0,0,3.0,71.0,203.0,32.5,17.0,117.0,7.15,4.27,24.0
Walt Powell,2014,WR,Murray State,10,,,,,6,2,0,3,0,0,1.0,,,,,,,,22.0
Demetri Goodson,2014,DB,Baylor,3,4.52,40.0,,,6,2,0,3,0,0,2.0,71.0,194.0,37.0,11.0,123.0,6.8,4.34,25.0
Zach Moore,2014,DE,Concordia-St.Paul (MN),10,4.84,40.0,,,6,2,0,5,0,0,3.0,77.0,269.0,33.5,23.0,123.0,7.41,4.46,24.0
Garrett Scott,2014,OL,Marshall,8,,,,,6,2,0,0,0,0,0.0,,,,,,,,22.0
Laurent Duvernay-Tardif,2014,OL,McGill,10,,,,,6,2,1,9,0,4,29.0,,,,,,,,23.0
Marion Grice,2014,RB,Arizona State,3,4.67,21.67,,,6,2,0,1,0,0,0.0,72.0,208.0,,,,,,23.0
Tavon Rooks,2014,OL,Kansas State,4,,,,,6,2,0,0,0,0,0.0,,,,,,,,24.0
Andrew Jackson,2014,LB,Western Kentucky,5,4.9,0.0,,,6,2,0,1,0,0,1.0,73.0,254.0,,,,,,22.0
Tyler Gaffney,2014,RB,Stanford,3,4.49,51.67,,,6,2,0,0,0,0,0.0,71.0,220.0,36.5,,116.0,6.78,4.18,23.0
Luke Bowanko,2014,C,Virginia,4,,,,,6,2,0,5,0,1,9.0,,,,,,,,23.0
Jemea Thomas,2014,DB,Georgia Tech,3,4.52,40.0,,,6,2,0,1,0,0,0.0,69.0,192.0,37.0,19.0,125.0,,,24.0
Matt Paradis,2014,OL,Boise State,7,5.34,24.71,,,6,2,1,8,0,6,34.0,75.0,306.0,26.0,23.0,103.0,7.6,4.46,24.0
Eric Pinkins,2014,DB,San Diego State,7,,,,,6,2,0,3,0,0,2.0,,,,,,,,23.0
Quincy Enunwa,2014,WR,Nebraska,3,4.41,58.0,,,6,2,0,6,0,2,13.0,74.0,225.0,,19.0,,,,22.0
IK Enemkpali,2014,DT,Louisiana Tech,5,4.86,61.25,,,6,2,0,2,0,0,1.0,73.0,261.0,34.0,28.0,112.0,7.67,4.65,23.0
Jay Prosch,2014,FB,Auburn,2,,,,,6,2,0,4,0,2,0.0,,,,,,,,22.0
Marquis Flowers,2014,LB,Arizona,4,,,,,6,2,0,5,0,0,7.0,,,,,,,,22.0
Tajh Boyd,2014,QB,Clemson,1,4.84,32.5,,,6,2,0,0,0,0,0.0,73.0,222.0,30.5,,106.0,7.33,4.23,23.0
Garrett Gilbert,2014,QB,SMU,6,,,,,6,2,0,8,0,0,2.0,,,,,,,,23.0
Daniel McCullers,2014,DT,Tennessee,2,5.18,21.25,,,6,2,0,7,0,0,6.0,79.0,352.0,20.5,27.0,97.0,,,22.0
Andre Hal,2014,DB,Vanderbilt,4,4.5,44.44,,,7,2,1,5,0,3,17.0,70.0,188.0,35.5,15.0,119.0,7.14,4.27,22.0
Ted Bolser,2014,TE,Indiana,4,,,,,7,2,0,0,0,0,0.0,,,,,,,,23.0
Michael Campanaro,2014,WR,Wake Forest,4,4.46,48.0,,,7,2,0,4,0,0,4.0,69.0,192.0,39.0,20.0,122.0,6.77,4.01,23.0
T.J. Carrie,2014,DB,Ohio,8,4.49,46.67,,,7,2,1,9,0,3,22.0,72.0,206.0,,17.0,,,,24.0
Shamar Stephen,2014,DT,Connecticut,6,5.25,12.5,,,7,2,1,8,0,4,32.0,77.0,309.0,30.5,25.0,103.0,,,23.0
Randell Johnson,2014,LB,Florida Atlantic,2,,,,,7,2,0,3,0,0,2.0,,,,,,,,23.0
Storm Johnson,2014,RB,UCF,4,4.6,33.33,,,7,2,0,1,0,0,0.0,72.0,209.0,35.5,16.0,118.0,,,22.0
Brandon Watts,2014,LB,Georgia Tech,3,,,,,7,2,0,2,0,0,1.0,,,,,,,,23.0
Beau Allen,2014,DT,Wisconsin,3,,,,,7,2,0,6,0,1,13.0,,,,,,,,22.0
Jabari Price,2014,DB,North Carolina,3,4.45,55.56,,,7,2,0,1,0,0,1.0,71.0,200.0,,16.0,,7.04,4.3,21.0
Mitchell Van Dyk,2014,OL,Portland State,10,,,,,7,2,0,0,0,0,0.0,,,,,,,,23.0
Kiero Small,2014,RB,Arkansas,3,,,,,7,2,0,1,0,0,0.0,,,,,,,,25.0
Zach Hocker,2014,K,Arkansas,3,4.9,15.38,,,7,2,0,2,0,0,0.0,72.0,189.0,,,,,,23.0
Nate Freese,2014,K,Boston College,4,,,,,7,2,0,1,0,0,-1.0,,,,,,,,24.0
Rob Blanchflower,2014,TE,Massachusetts,10,4.82,30.0,,,7,2,0,0,0,0,0.0,76.0,256.0,,,,,,24.0
Ben Gardner,2014,DE,Stanford,3,,,,,7,2,0,0,0,0,0.0,,,,,,,,24.0
Ulrick John,2014,OL,Georgia State,1,,,,,7,2,0,4,0,0,2.0,,,,,,,,22.0
Trevor Reilly,2014,LB,Utah,3,4.67,36.0,,,7,2,0,4,0,0,4.0,77.0,245.0,,26.0,,,,26.0
Terrence Fede,2014,DE,Marist,10,,,,,7,2,0,4,0,0,5.0,,,,,,,,22.0
Shelby Harris,2014,DE,Illinois State,4,,,,,7,2,1,12,0,5,41.0,,,,,,,,23.0
Jeff Janis,2014,WR,Saginaw Valley State,10,4.42,56.0,,,7,2,0,4,0,0,2.0,75.0,219.0,37.5,20.0,123.0,6.64,3.98,23.0
Seantrel Henderson,2014,OL,Miami (FL),2,5.04,60.0,,,7,2,0,6,0,2,14.0,79.0,331.0,24.0,,95.0,8.15,4.77,22.0
Will Smith,2014,LB,Texas Tech,4,,,,,7,2,0,0,0,0,0.0,,,,,,,,22.0
James Wright,2014,WR,LSU,1,,,,,7,2,0,3,0,0,2.0,,,,,,,,22.0
Tevin Reese,2014,WR,Baylor,3,4.46,48.0,,,7,2,0,0,0,0,0.0,70.0,163.0,41.0,,132.0,6.63,4.18,23.0
C.B. Bryant,2014,DB,Ohio State,1,,,,,7,2,0,3,0,0,1.0,,,,,,,,22.0
Corey Nelson,2014,LB,Oklahoma,2,,,,,7,2,0,6,0,0,8.0,,,,,,,,22.0
Kaleb Ramsey,2014,DE,Boston College,4,,,,,7,2,0,0,0,0,0.0,75.0,293.0,,36.0,,,,25.0
Jeremy Gallon,2014,WR,Michigan,1,4.49,42.0,,,7,2,0,0,0,0,0.0,67.0,185.0,,15.0,,,,24.0
Trey Millard,2014,FB,Oklahoma,2,4.64,55.38,,,7,2,0,0,0,0,0.0,74.0,247.0,,,,,,23.0
Charles Leno Jr.,2014,OT,Boise State,7,5.25,41.18,,,7,2,1,10,1,9,53.0,76.0,303.0,29.0,21.0,108.0,7.57,4.4,22.0
Jonathan Dowling,2014,DB,Western Kentucky,5,4.52,40.0,,,7,2,0,1,0,0,0.0,75.0,190.0,33.5,8.0,118.0,7.04,4.24,22.0
Ahmad Dixon,2014,DB,Baylor,3,4.64,13.33,,,7,2,0,1,0,0,0.0,72.0,212.0,32.0,14.0,111.0,7.55,4.5,23.0
Michael Sam,2014,DE,Missouri,4,4.91,29.23,,,7,2,0,0,0,0,0.0,74.0,261.0,25.5,17.0,114.0,7.8,4.7,24.0
Demetrius Rhaney,2014,OL,Tennessee State,2,,,,,7,2,0,4,0,0,2.0,,,,,,,,22.0
Ken Bishop,2014,DT,Northern Illinois,8,,,,,7,2,0,2,0,0,0.0,,,,,,,,23.0
Lavelle Westbrooks,2014,DB,Georgia Southern,1,4.63,15.56,,,7,2,0,0,0,0,0.0,71.0,186.0,36.0,15.0,121.0,6.98,4.27,22.0
Yawin Smallwood,2014,LB,Connecticut,6,,,,,7,2,0,0,0,0,0.0,74.0,246.0,36.5,18.0,108.0,,,22.0
Terrance Mitchell,2014,DB,Oregon,2,4.63,15.56,,,7,2,1,9,0,3,20.0,71.0,192.0,34.0,,117.0,6.57,4.0,22.0
Tyler Starr,2014,LB,South Dakota,10,4.95,0.0,,,7,2,0,2,0,0,0.0,76.0,250.0,32.0,24.0,116.0,6.64,4.15,23.0
Lonnie Ballentine,2014,DB,Memphis,6,,,,,7,2,0,3,0,0,0.0,,,,,,,,21.0
Jameis Winston,2015,QB,Florida State,2,4.97,16.25,,69.28,1,0,1,11,1,5,63.0,76.0,231.0,28.5,,103.0,7.16,4.36,21.0
Marcus Mariota,2015,QB,Oregon,2,4.52,72.5,,79.73,1,0,1,11,0,5,60.0,76.0,222.0,36.0,,121.0,6.87,4.11,21.0
Dante Fowler,2015,OLB,Florida,2,4.6,61.54,,,1,0,1,11,0,3,31.0,75.0,261.0,32.5,19.0,112.0,7.4,4.32,21.0
Amari Cooper,2015,WR,Alabama,1,4.42,56.0,,100.0,1,0,1,10,5,9,66.0,73.0,211.0,33.0,,120.0,6.71,3.98,21.0
Brandon Scherff,2015,OT,Iowa,3,5.05,64.71,,,1,0,1,10,5,10,62.0,77.0,319.0,,23.0,,,,23.0
Leonard Williams,2015,DE,USC,2,4.97,20.0,,,1,0,1,11,3,10,78.0,77.0,302.0,29.5,,106.0,7.59,4.53,21.0
Kevin White,2015,WR,West Virginia,4,4.35,70.0,,100.0,1,0,0,8,0,0,3.0,75.0,215.0,36.5,23.0,123.0,6.92,4.14,23.0
Vic Beasley,2015,OLB,Clemson,1,4.53,72.31,,,1,0,1,6,1,5,32.0,75.0,246.0,41.0,35.0,130.0,6.91,4.15,23.0
Ereck Flowers,2015,OT,Miami (FL),2,5.31,34.12,,,1,0,1,7,0,7,35.0,78.0,329.0,,37.0,,,,21.0
Todd Gurley,2015,RB,Georgia,1,4.52,46.67,,,1,0,1,6,3,6,54.0,73.0,222.0,,17.0,,,,21.0
Trae Waynes,2015,CB,Michigan State,3,4.31,75.56,,,1,0,1,7,0,3,18.0,72.0,186.0,38.0,19.0,122.0,7.06,4.39,23.0
Danny Shelton,2015,NT,Washington,2,5.64,0.0,,,1,0,1,8,0,5,33.0,74.0,339.0,30.5,34.0,95.0,7.99,4.65,22.0
Andrus Peat,2015,OT,Stanford,3,5.18,49.41,,,1,0,1,11,3,7,53.0,79.0,313.0,31.0,,105.0,8.01,4.62,21.0
DeVante Parker,2015,WR,Louisville,4,4.45,50.0,,100.0,1,0,1,9,0,6,36.0,75.0,209.0,36.5,17.0,125.0,,,22.0
Melvin Gordon,2015,RB,Wisconsin,3,4.52,46.67,,100.0,1,0,1,9,2,7,51.0,73.0,215.0,35.0,19.0,126.0,7.04,4.07,22.0
Kevin Johnson,2015,CB,Wake Forest,4,4.52,28.89,,,1,0,0,6,0,0,11.0,72.0,188.0,41.5,,130.0,6.79,3.89,23.0
Arik Armstead,2015,DT,Oregon,2,5.06,36.25,,,1,0,1,11,0,7,45.0,79.0,292.0,34.0,24.0,117.0,7.57,4.53,21.0
Marcus Peters,2015,CB,Washington,2,4.53,26.67,,,1,0,1,9,3,7,63.0,72.0,197.0,37.5,17.0,121.0,7.08,4.08,22.0
Cameron Erving,2015,C,Florida State,2,5.15,60.0,,,1,0,1,9,0,3,28.0,77.0,313.0,30.5,30.0,112.0,7.48,4.63,23.0
Nelson Agholor,2015,WR,USC,2,4.42,56.0,,100.0,1,0,1,10,0,7,36.0,72.0,198.0,,12.0,,,,22.0
Cedric Ogbuehi,2015,OT,Texas A&M,2,4.98,72.94,,,1,0,0,8,0,2,17.0,77.0,306.0,,23.0,,,,23.0
Bud Dupree,2015,OLB,Kentucky,4,4.56,67.69,,,1,0,1,11,0,6,46.0,76.0,269.0,42.0,,138.0,,,22.0
Shane Ray,2015,DE,Missouri,4,4.68,64.62,,,1,0,0,4,0,1,12.0,75.0,245.0,,21.0,,,,22.0
D.J. Humphries,2015,OT,Florida,2,5.12,56.47,,,1,0,1,11,1,7,45.0,77.0,307.0,31.0,26.0,104.0,7.87,4.64,21.0
Shaq Thompson,2015,OLB,Washington,2,4.64,55.38,,,1,0,1,11,0,8,43.0,72.0,228.0,33.5,,117.0,6.99,4.08,21.0
Breshad Perriman,2015,WR,UCF,4,,,,74.06,1,0,0,8,0,1,15.0,74.0,212.0,,,,,,21.0
Byron Jones,2015,CB,Connecticut,6,4.43,48.89,,,1,0,1,7,1,7,38.0,73.0,199.0,44.5,,147.0,6.78,3.94,22.0
Laken Tomlinson,2015,OG,Duke,4,5.33,29.33,,,1,0,1,11,1,10,55.0,75.0,323.0,31.5,25.0,103.0,8.17,4.87,23.0
Phillip Dorsett,2015,WR,Miami (FL),2,4.33,74.0,,75.95,1,0,0,9,0,0,16.0,70.0,185.0,37.0,13.0,122.0,6.7,4.11,22.0
Damarious Randall,2015,S,Arizona State,3,4.46,64.44,,,1,0,1,6,0,5,21.0,71.0,196.0,38.0,14.0,120.0,6.83,4.07,23.0
Stephone Anthony,2015,ILB,Clemson,1,4.56,67.69,,,1,0,0,5,0,1,10.0,75.0,243.0,37.0,23.0,122.0,7.07,4.03,23.0
Malcom Brown,2015,DT,Texas,2,5.05,37.5,,,1,0,1,7,0,6,43.0,74.0,319.0,29.5,26.0,98.0,7.84,4.59,21.0
Landon Collins,2015,S,Alabama,1,4.53,48.89,,,2,0,1,8,3,6,42.0,72.0,228.0,35.0,,120.0,7.38,4.33,21.0
Donovan Smith,2015,OT,Penn State,2,5.27,38.82,,,2,0,1,9,0,9,57.0,78.0,338.0,32.0,26.0,109.0,7.95,4.79,22.0
Mario Edwards,2015,DT,Florida State,2,4.76,73.75,,,2,0,0,11,0,2,25.0,75.0,279.0,32.5,32.0,120.0,7.44,4.55,21.0
T.J. Yeldon,2015,RB,Alabama,1,4.61,31.67,,83.03,2,0,0,6,0,2,20.0,73.0,226.0,36.0,22.0,117.0,7.19,4.22,21.0
Devin Smith,2015,WR,Ohio State,1,4.42,56.0,,57.83,2,0,0,7,0,0,2.0,72.0,196.0,39.0,10.0,122.0,,4.15,23.0
Preston Smith,2015,DE,Mississippi State,3,4.74,55.38,,,2,0,1,11,0,8,55.0,77.0,271.0,34.0,24.0,121.0,7.07,4.28,22.0
Eddie Goldman,2015,DT,Florida State,2,5.28,8.75,,,2,0,1,11,0,4,36.0,76.0,336.0,,,,,,21.0
Dorial Green-Beckham,2015,WR,Oklahoma,2,4.49,42.0,,,2,0,0,2,0,0,7.0,77.0,237.0,33.5,13.0,119.0,6.89,4.45,22.0
Devin Funchess,2015,WR,Michigan,1,4.7,0.0,,59.93,2,0,0,5,0,2,20.0,76.0,232.0,38.5,17.0,122.0,,,21.0
Jalen Collins,2015,CB,LSU,1,4.48,37.78,,,2,0,0,2,0,0,4.0,73.0,203.0,36.0,,124.0,6.77,4.27,22.0
Benardrick McKinney,2015,ILB,Mississippi State,3,4.66,52.31,,,2,0,1,7,1,5,44.0,76.0,246.0,40.5,16.0,121.0,7.21,4.27,22.0
Hau'oli Kikaha,2015,OLB,Washington,2,4.93,10.77,,,2,0,0,3,0,1,5.0,74.0,253.0,,,,,,23.0
Eric Kendricks,2015,ILB,UCLA,5,4.61,60.0,,,2,0,1,11,1,10,64.0,72.0,232.0,38.0,19.0,124.0,,,23.0
Jaquiski Tartt,2015,S,Samford,10,4.53,48.89,,,2,0,1,7,0,4,21.0,73.0,221.0,,,124.0,,,23.0
Eric Rowe,2015,CB,Utah,3,4.45,44.44,,,2,0,0,9,0,2,21.0,73.0,205.0,39.0,19.0,125.0,6.7,3.97,22.0
Denzel Perryman,2015,ILB,Miami (FL),2,4.78,33.85,,,2,0,1,11,1,8,45.0,71.0,236.0,32.0,27.0,113.0,,,22.0
Mitch Morse,2015,OG,Missouri,4,5.14,54.67,,,2,0,1,10,1,9,55.0,77.0,305.0,31.0,36.0,112.0,7.6,4.5,23.0
Ronald Darby,2015,CB,Florida State,2,4.38,60.0,,,2,0,1,10,0,8,34.0,71.0,193.0,41.5,12.0,129.0,6.94,4.14,21.0
Nate Orchard,2015,DE,Utah,3,4.8,46.15,,,2,0,0,7,0,1,8.0,75.0,250.0,31.5,,115.0,7.28,4.43,22.0
Jordan Phillips,2015,NT,Oklahoma,2,5.17,0.0,,,2,0,1,11,0,5,32.0,77.0,329.0,30.0,28.0,105.0,7.88,4.68,22.0
Jake Fisher,2015,OT,Oregon,2,5.01,69.41,,,2,0,0,4,0,0,9.0,78.0,306.0,32.5,25.0,,7.25,4.33,22.0
Ameer Abdullah,2015,RB,Nebraska,3,4.6,33.33,,100.0,2,0,0,11,0,2,22.0,69.0,205.0,42.5,24.0,130.0,6.79,3.95,22.0
Maxx Williams,2015,TE,Minnesota,4,4.78,36.67,,49.2,2,0,0,8,0,2,8.0,76.0,249.0,34.5,17.0,117.0,7.3,4.37,21.0
Senquez Golson,2015,CB,Ole Miss,3,4.46,42.22,,,2,0,0,0,0,0,0.0,69.0,176.0,33.5,15.0,120.0,6.81,4.2,22.0
Rob Havenstein,2015,OT,Wisconsin,3,5.46,16.47,,,2,0,1,11,0,10,58.0,79.0,321.0,28.5,16.0,96.0,8.28,4.87,23.0
Markus Golden,2015,DE,Missouri,4,4.9,30.77,,,2,0,1,9,0,4,33.0,74.0,260.0,,,,,,24.0
Ty Sambrailo,2015,OT,Colorado State,7,5.36,28.24,,,2,0,0,7,0,0,14.0,78.0,311.0,29.0,23.0,97.0,7.54,4.58,23.0
Randy Gregory,2015,OLB,Nebraska,3,4.64,55.38,,,2,0,0,9,0,1,15.0,77.0,235.0,36.5,24.0,125.0,,,22.0
Ali Marpet,2015,C,Hobart,10,4.98,82.67,,,2,0,1,7,1,7,43.0,76.0,307.0,30.5,30.0,108.0,7.33,4.47,22.0
Quinten Rollins,2015,CB,Miami (OH),8,4.57,17.78,,,2,0,0,3,0,0,7.0,71.0,195.0,36.5,14.0,122.0,7.1,4.28,23.0
Frank Clark,2015,DE,Michigan,1,4.79,47.69,,,2,0,1,9,3,6,49.0,75.0,271.0,38.5,19.0,118.0,7.08,4.05,22.0
Jordan Richards,2015,S,Stanford,3,4.65,22.22,,,2,0,0,7,0,1,10.0,71.0,211.0,32.0,13.0,111.0,6.74,4.22,22.0
D'Joun Smith,2015,CB,Florida Atlantic,2,4.37,62.22,,,3,1,0,2,0,0,0.0,70.0,187.0,36.0,18.0,124.0,6.96,4.26,22.0
Jeremiah Poutasi,2015,OG,Utah,3,5.32,30.67,,,3,1,0,2,0,0,3.0,77.0,335.0,26.5,26.0,95.0,8.09,4.89,21.0
A.J. Cann,2015,OG,South Carolina,3,5.47,10.67,,,3,1,1,8,0,7,39.0,75.0,313.0,,26.0,,,,23.0
Clive Walford,2015,TE,Miami (FL),2,4.79,35.0,,69.14,3,1,0,5,0,1,7.0,76.0,251.0,35.0,20.0,120.0,7.32,4.57,23.0
Tyler Lockett,2015,WR,Kansas State,4,4.4,60.0,,100.0,3,1,1,11,1,10,68.0,70.0,182.0,35.5,,121.0,6.89,4.07,22.0
Jaelen Strong,2015,WR,Arizona State,3,4.44,52.0,,100.0,3,1,0,3,0,0,2.0,74.0,217.0,42.0,,123.0,,,21.0
Hroniss Grasu,2015,C,Oregon,2,5.03,76.0,,,3,1,0,9,0,1,8.0,75.0,297.0,,,,,,24.0
Jamon Brown,2015,OT,Louisville,4,5.08,61.18,,,3,1,1,6,0,3,21.0,76.0,323.0,,,,,,22.0
Tevin Coleman,2015,RB,Indiana,4,4.4,66.67,,100.0,3,1,1,8,0,2,33.0,71.0,206.0,,22.0,,,,22.0
Owamagbe Odighizuwa,2015,DE,UCLA,5,4.62,73.85,,,3,1,0,2,0,0,1.0,75.0,267.0,39.0,25.0,127.0,7.36,4.19,23.0
Garrett Grayson,2015,QB,Colorado State,7,4.75,43.75,,100.0,3,1,0,0,0,0,0.0,74.0,213.0,,,,,,24.0
Chris Conley,2015,WR,Georgia,1,4.35,70.0,,43.75,3,1,1,10,0,3,23.0,74.0,213.0,45.0,18.0,139.0,7.06,4.3,22.0
Duke Johnson,2015,RB,Miami (FL),2,4.54,43.33,,,3,1,0,8,0,0,28.0,69.0,207.0,33.5,,121.0,,,21.0
P.J. Williams,2015,CB,Florida State,2,4.57,17.78,,,3,1,0,8,0,2,19.0,72.0,194.0,40.0,12.0,132.0,7.08,4.28,22.0
Eli Harold,2015,OLB,Virginia,4,4.6,61.54,,,3,1,0,4,0,2,11.0,75.0,247.0,35.0,,123.0,7.07,4.16,21.0
Alex Carter,2015,CB,Stanford,3,4.51,31.11,,,3,1,0,4,0,0,0.0,72.0,196.0,40.0,17.0,121.0,7.05,4.07,20.0
John Miller,2015,OG,Louisville,4,5.33,29.33,,,3,1,1,8,0,5,31.0,74.0,303.0,27.0,29.0,104.0,8.2,4.75,22.0
Lorenzo Mauldin,2015,OLB,Louisville,4,4.85,23.08,,,3,1,0,2,0,0,4.0,76.0,259.0,32.0,23.0,112.0,7.47,4.58,22.0
Craig Mager,2015,CB,Texas State,2,4.44,46.67,,,3,1,0,4,0,0,4.0,71.0,201.0,38.0,17.0,130.0,6.83,4.07,23.0
Jordan Hicks,2015,OLB,Texas,2,4.68,49.23,,,3,1,1,10,0,9,53.0,73.0,236.0,38.0,20.0,124.0,6.78,4.15,23.0
Tyler Kroft,2015,TE,Rutgers,4,4.75,41.67,,20.58,3,1,0,9,0,2,9.0,77.0,246.0,,17.0,,,,22.0
David Johnson,2015,RB,Northern Iowa,10,4.5,50.0,,,3,1,1,8,1,3,42.0,73.0,224.0,41.5,25.0,127.0,6.82,4.27,23.0
Sammie Coates,2015,WR,Auburn,2,4.43,54.0,,42.59,3,1,0,4,0,0,4.0,73.0,212.0,41.0,23.0,131.0,6.98,4.06,22.0
Danielle Hunter,2015,DE,LSU,1,4.57,81.54,,,3,1,1,11,5,7,83.0,77.0,252.0,,25.0,,,,20.0
Sean Mannion,2015,QB,Oregon State,4,5.14,0.0,,67.9,3,1,0,7,0,0,2.0,78.0,229.0,31.0,,105.0,7.29,4.39,23.0
Carl Davis,2015,DT,Iowa,3,5.07,35.0,,,3,1,0,10,0,1,13.0,77.0,320.0,33.0,,103.0,7.91,4.47,23.0
Chaz Green,2015,OT,Florida,2,5.16,51.76,,,3,1,0,7,0,0,7.0,77.0,314.0,29.5,21.0,106.0,8.0,4.7,23.0
Jeff Heuerman,2015,TE,Ohio State,1,4.81,31.67,,31.91,3,1,1,5,0,3,5.0,77.0,254.0,,26.0,,,,22.0
Henry Anderson,2015,DE,Stanford,3,4.97,20.0,,,3,1,1,8,0,4,21.0,78.0,294.0,30.0,,111.0,7.2,4.19,24.0
Ty Montgomery,2015,WR,Stanford,3,4.55,30.0,,63.52,3,1,0,9,0,1,17.0,72.0,221.0,40.5,,121.0,6.97,4.21,22.0
Matt Jones,2015,RB,Florida,2,4.61,31.67,,67.55,3,1,0,3,0,0,9.0,74.0,231.0,31.5,20.0,112.0,,4.2,22.0
Xavier Cooper,2015,DT,Washington State,4,4.86,61.25,,,3,1,0,3,0,0,4.0,75.0,293.0,29.0,29.0,110.0,7.23,4.37,23.0
Geneo Grissom,2015,DE,Oklahoma,2,4.81,44.62,,,3,1,0,4,0,0,3.0,75.0,262.0,37.0,20.0,117.0,7.24,4.38,23.0
Steven Nelson,2015,CB,Oregon State,4,4.49,35.56,,,3,1,1,9,0,7,36.0,70.0,197.0,34.5,19.0,115.0,6.88,4.07,22.0
Paul Dawson,2015,ILB,TCU,3,4.93,10.77,,,3,1,0,3,0,0,1.0,72.0,235.0,28.0,21.0,109.0,,4.49,22.0
Angelo Blackson,2015,DT,Auburn,2,5.02,41.25,,,4,1,0,10,0,1,23.0,76.0,318.0,31.0,20.0,101.0,7.5,4.57,22.0
Trey Flowers,2015,DE,Arkansas,3,4.93,26.15,,,4,1,1,8,0,4,34.0,74.0,266.0,36.5,28.0,121.0,7.34,4.4,22.0
Daryl Williams,2015,OG,Oklahoma,2,5.34,28.0,,,4,1,1,7,0,5,39.0,77.0,327.0,26.0,27.0,97.0,,5.15,23.0
Bryce Petty,2015,QB,Baylor,3,4.87,28.75,,86.54,4,1,0,3,0,0,4.0,75.0,230.0,34.0,,121.0,6.91,4.13,24.0
James Sample,2015,S,Louisville,4,4.56,42.22,,,4,1,0,1,0,0,1.0,74.0,209.0,32.5,,123.0,7.04,,23.0
Jamison Crowder,2015,WR,Duke,4,4.56,28.0,,67.67,4,1,1,10,0,4,33.0,68.0,185.0,37.0,10.0,115.0,7.17,4.32,22.0
Jeremy Langford,2015,RB,Michigan State,3,4.42,63.33,,100.0,4,1,0,4,0,0,7.0,72.0,208.0,34.5,,118.0,7.22,4.32,23.0
Justin Hardy,2015,WR,East Carolina,6,4.56,28.0,,100.0,4,1,0,5,0,0,8.0,70.0,192.0,36.5,11.0,114.0,6.63,4.21,23.0
Jalston Fowler,2015,FB,Alabama,1,4.94,9.23,,,4,1,0,3,0,1,0.0,71.0,254.0,33.5,23.0,114.0,7.56,4.4,25.0
Clayton Geathers,2015,S,UCF,4,4.55,44.44,,,4,1,1,5,0,3,13.0,74.0,218.0,37.0,22.0,120.0,7.21,4.27,23.0
T.J. Clemmings,2015,OT,Pittsburgh,3,5.14,54.12,,,4,1,0,4,0,2,15.0,77.0,309.0,32.5,22.0,111.0,7.68,4.54,23.0
Tre' Jackson,2015,OG,Florida State,2,5.52,4.0,,,4,1,0,1,0,1,6.0,76.0,330.0,25.0,,96.0,,,22.0
Arie Kouandjio,2015,OG,Alabama,1,5.48,9.33,,,4,1,0,3,0,0,4.0,77.0,310.0,,,,,,23.0
Gabe Wright,2015,DT,Auburn,2,5.07,35.0,,,4,1,0,4,0,0,1.0,75.0,300.0,26.5,34.0,100.0,7.73,4.56,23.0
Jamil Douglas,2015,OG,Arizona State,3,5.25,40.0,,,4,1,0,7,0,0,7.0,76.0,304.0,29.0,28.0,99.0,7.99,4.75,23.0
Ibraheim Campbell,2015,S,Northwestern,5,4.52,51.11,,,4,1,0,7,0,1,6.0,71.0,208.0,,23.0,,,,23.0
Rodney Gunter,2015,DT,Delaware State,9,,,,,4,1,1,5,0,3,18.0,,,,,,,,23.0
Blake Bell,2015,TE,Oklahoma,2,4.8,33.33,,38.72,4,1,0,9,0,1,5.0,78.0,252.0,33.0,14.0,116.0,6.85,4.32,24.0
Ramik Wilson,2015,ILB,Georgia,1,4.77,35.38,,,4,1,0,5,0,1,14.0,74.0,237.0,35.0,23.0,111.0,,4.51,23.0
Andrew Donnal,2015,OT,Iowa,3,5.31,34.12,,,4,1,0,5,0,0,4.0,78.0,313.0,32.0,17.0,101.0,7.84,4.77,23.0
Josh Shaw,2015,CB,USC,2,4.44,46.67,,,4,1,0,4,0,0,7.0,72.0,201.0,37.5,26.0,130.0,7.01,4.12,23.0
Doran Grant,2015,CB,Ohio State,1,4.44,46.67,,,4,1,0,1,0,0,0.0,70.0,200.0,33.0,21.0,116.0,,4.33,22.0
Za'Darius Smith,2015,DE,Kentucky,4,4.83,41.54,,,4,1,1,11,3,4,57.0,76.0,274.0,29.0,23.0,113.0,7.42,4.66,22.0
Vince Mayle,2015,WR,Washington State,4,4.67,6.0,,100.0,4,1,0,3,0,0,0.0,74.0,224.0,35.5,,117.0,6.93,4.13,24.0
Kwon Alexander,2015,OLB,LSU,1,4.55,69.23,,,4,1,1,10,1,6,43.0,73.0,227.0,36.0,24.0,121.0,7.14,4.2,21.0
Javorius Allen,2015,RB,USC,2,4.53,45.0,,97.26,4,1,0,5,0,0,14.0,72.0,221.0,35.5,11.0,121.0,6.96,4.28,24.0
Mike Davis,2015,RB,South Carolina,3,4.61,31.67,,74.31,4,1,0,8,0,2,20.0,69.0,217.0,34.0,17.0,116.0,7.0,4.18,22.0
Damien Wilson,2015,ILB,Minnesota,4,4.77,35.38,,,4,1,1,8,0,5,31.0,72.0,245.0,37.0,22.0,119.0,7.21,4.2,22.0
Jon Feliciano,2015,OG,Miami (FL),2,5.33,29.33,,,4,1,0,9,0,2,26.0,76.0,323.0,26.5,,97.0,,4.74,23.0
Jake Ryan,2015,OLB,Michigan,1,4.65,53.85,,,4,1,0,5,0,2,14.0,74.0,240.0,34.5,20.0,120.0,7.11,4.2,23.0
Terry Poole,2015,OG,San Diego State,7,5.09,61.33,,,4,1,0,0,0,0,0.0,77.0,307.0,31.0,25.0,113.0,7.9,4.66,23.0
Shaq Mason,2015,C,Georgia Tech,3,,,,,4,1,1,10,0,10,54.0,,,,,,,,22.0
DeAndre Smelter,2015,WR,Georgia Tech,3,4.52,36.0,,94.02,4,1,0,2,0,0,0.0,74.0,226.0,,,,,,23.0
Max Garcia,2015,C,Florida,2,5.24,48.0,,,4,1,1,9,0,3,26.0,76.0,309.0,,,,,,23.0
Mark Glowinski,2015,OG,West Virginia,4,5.2,46.67,,,4,1,1,10,0,6,41.0,76.0,307.0,29.5,31.0,113.0,7.56,4.58,23.0
Marcus Hardison,2015,DE,Arizona State,3,4.91,29.23,,,4,1,0,0,0,0,0.0,75.0,307.0,,27.0,,,,23.0
Tray Walker,2015,CB,Texas Southern,2,,,,,4,1,0,1,0,0,0.0,,,,,,,,23.0
Grady Jarrett,2015,NT,Clemson,1,5.06,0.0,,,5,2,1,11,2,8,57.0,73.0,304.0,31.0,30.0,112.0,7.37,4.56,22.0
David Cobb,2015,RB,Minnesota,4,4.81,0.0,,100.0,5,2,0,1,0,0,1.0,71.0,229.0,38.5,17.0,121.0,,,22.0
Rashad Greene,2015,WR,Florida State,2,4.53,34.0,,,5,2,0,4,0,0,2.0,71.0,182.0,36.5,,122.0,6.88,4.12,22.0
Ben Heeney,2015,ILB,Kansas,10,4.59,63.08,,,5,2,0,3,0,0,3.0,72.0,231.0,33.5,19.0,120.0,6.68,4.0,23.0
Martrell Spaight,2015,OLB,Arkansas,3,4.81,29.23,,,5,2,0,4,0,0,6.0,72.0,236.0,35.0,25.0,120.0,7.66,,22.0
Adrian Amos,2015,S,Penn State,2,4.56,42.22,,,5,2,1,10,0,8,38.0,72.0,218.0,35.5,,122.0,7.09,4.03,22.0
MyCole Pruitt,2015,TE,Southern Illinois,10,4.58,70.0,,,5,2,0,10,0,1,7.0,74.0,251.0,38.0,17.0,118.0,7.25,4.37,23.0
Mykkele Thompson,2015,S,Texas,2,,,,,5,2,0,2,0,0,0.0,,,,,,,,22.0
Bobby McCain,2015,CB,Memphis,6,4.51,31.11,,,5,2,1,10,0,6,28.0,69.0,195.0,36.0,17.0,130.0,6.8,3.82,22.0
Stefon Diggs,2015,WR,Maryland,4,4.46,48.0,,71.81,5,2,1,11,4,11,90.0,72.0,195.0,35.0,,115.0,7.03,4.32,21.0
Brett Hundley,2015,QB,UCLA,5,4.63,58.75,,40.17,5,2,0,5,0,1,5.0,75.0,226.0,36.0,,120.0,6.93,3.98,22.0
Davis Tull,2015,OLB,Chattanooga,10,4.57,66.15,,,5,2,0,0,0,0,0.0,74.0,246.0,42.5,26.0,132.0,,,23.0
Jay Ajayi,2015,RB,Boise State,7,4.57,38.33,,100.0,5,2,1,5,1,2,19.0,72.0,221.0,39.0,19.0,121.0,7.1,4.1,22.0
Cedric Thompson,2015,S,Minnesota,4,,,,,5,2,0,0,0,0,0.0,,,,,,,,22.0
David Parry,2015,NT,Stanford,3,5.38,0.0,,,5,2,0,4,0,2,13.0,73.0,308.0,29.0,34.0,103.0,,,23.0
Jarvis Harrison,2015,OG,Texas A&M,2,5.19,48.0,,,5,2,0,0,0,0,0.0,76.0,330.0,29.5,26.0,102.0,7.51,4.62,23.0
Kyle Emanuel,2015,OLB,North Dakota State,9,4.77,35.38,,,5,2,0,6,0,2,16.0,75.0,255.0,34.0,27.0,120.0,7.1,4.25,24.0
Tyeler Davison,2015,DT,Fresno State,7,5.18,21.25,,,5,2,1,8,0,6,31.0,74.0,316.0,33.0,32.0,105.0,7.53,4.46,22.0
Karlos Williams,2015,RB,Florida State,2,4.48,53.33,,74.23,5,2,0,1,0,0,4.0,73.0,230.0,33.5,16.0,117.0,7.16,4.46,22.0
Tony Lippett,2015,WR,Michigan State,3,4.61,18.0,,100.0,5,2,0,4,0,1,6.0,74.0,192.0,36.0,10.0,114.0,6.92,4.13,23.0
C.J. Uzomah,2015,TE,Auburn,2,,,,32.42,5,2,1,10,0,4,14.0,,,,,,,,22.0
Shaquille Riddick,2015,DE,West Virginia,4,,,,,5,2,0,0,0,0,0.0,,,,,,,,22.0
JJ Nelson,2015,WR,UAB,6,4.28,84.0,,,5,2,0,5,0,0,12.0,70.0,156.0,36.0,,127.0,7.02,4.15,23.0
Jesse James,2015,TE,Penn State,2,4.83,28.33,,35.56,5,2,1,8,0,4,12.0,79.0,261.0,37.5,26.0,121.0,7.53,4.5,21.0
Neiron Ball,2015,OLB,Florida,2,4.65,53.85,,,5,2,0,1,0,0,1.0,74.0,236.0,,22.0,,,,23.0
Kenny Bell,2015,WR,Nebraska,3,4.42,56.0,,56.0,5,2,0,0,0,0,0.0,73.0,197.0,41.5,7.0,129.0,6.66,4.15,23.0
Ryan Russell,2015,DE,Purdue,4,4.75,53.85,,,5,2,0,3,0,0,4.0,76.0,269.0,32.5,25.0,119.0,7.25,4.47,23.0
Lorenzo Doss,2015,CB,Tulane,6,4.5,33.33,,,5,2,0,4,0,0,0.0,70.0,182.0,33.5,9.0,115.0,7.2,4.26,21.0
Bradley Pinion,2015,P,Clemson,1,5.18,0.0,,,5,2,1,11,0,3,15.0,77.0,229.0,,,,,,21.0
Joe Cardona,2015,LS,Navy,5,4.91,13.85,,,5,2,0,11,0,0,8.0,74.0,242.0,33.0,30.0,,,,23.0
Damian Swann,2015,CB,Georgia,1,4.5,33.33,,,5,2,0,1,0,0,1.0,72.0,189.0,33.0,,118.0,,,22.0
Michael Burton,2015,FB,Rutgers,4,4.65,53.85,,,5,2,0,10,0,1,1.0,71.0,242.0,33.0,25.0,115.0,7.2,4.34,23.0
David Mayo,2015,LB,Texas State,2,,,,,5,2,0,9,0,1,18.0,,,,,,,,22.0
Tye Smith,2015,CB,Towson,10,4.6,11.11,,,5,2,0,7,0,0,3.0,72.0,195.0,36.5,15.0,124.0,6.97,3.96,22.0
Nick Boyle,2015,TE,Delaware,9,5.04,0.0,,,5,2,1,8,0,4,9.0,76.0,268.0,30.5,20.0,112.0,7.13,4.23,22.0
D.J. Alexander,2015,OLB,Oregon State,4,,,,,5,2,1,5,1,0,7.0,,,,,,,,23.0
James O'Shaughnessy,2015,TE,Illinois State,4,,,,,5,2,1,7,0,3,7.0,,,,,,,,23.0
Cameron Artis-Payne,2015,RB,Auburn,2,4.53,45.0,,100.0,5,2,0,4,0,0,5.0,70.0,212.0,36.5,,118.0,7.13,,25.0
Keith Mumphery,2015,WR,Michigan State,3,4.54,32.0,,47.25,5,2,0,2,0,0,2.0,72.0,215.0,32.5,,121.0,7.07,4.25,23.0
Robert Myers,2015,OG,Tennessee State,2,5.44,14.67,,,5,2,0,0,0,0,0.0,77.0,326.0,27.5,,94.0,8.1,4.91,23.0
Deiontrez Mount,2015,OLB,Louisville,4,,,,,6,2,0,3,0,0,1.0,,,,,,,,22.0
Matthew Wells,2015,LB,Mississippi State,3,,,,,6,2,0,0,0,0,0.0,,,,,,,,24.0
Max Valles,2015,OLB,Virginia,4,4.83,26.15,,,6,2,0,0,0,0,0.0,77.0,251.0,36.5,,121.0,7.59,4.37,21.0
Michael Bennett,2015,DT,Ohio State,1,5.04,38.75,,,6,2,0,4,0,0,1.0,74.0,293.0,,,,,,22.0
Kyshoen Jarrett,2015,S,Virginia Tech,3,4.57,40.0,,,6,2,0,1,0,0,3.0,70.0,200.0,33.0,21.0,109.0,6.95,4.4,22.0
Tevin Mitchel,2015,CB,Arkansas,3,,,,,6,2,0,0,0,0,0.0,,,,,,,,23.0
Tayo Fabuluje,2015,OT,TCU,3,5.55,5.88,,,6,2,0,1,0,0,0.0,78.0,353.0,29.5,,,,4.77,24.0
Kaelin Clay,2015,WR,Utah,3,4.51,38.0,,44.09,6,2,0,4,0,0,3.0,70.0,195.0,33.0,10.0,113.0,6.97,4.26,23.0
Tyrus Thompson,2015,OT,Oklahoma,2,5.35,29.41,,,6,2,0,0,0,0,0.0,77.0,324.0,29.0,29.0,97.0,,4.92,23.0
Geremy Davis,2015,WR,Connecticut,6,4.49,42.0,,,6,2,0,5,0,0,0.0,74.0,216.0,36.5,23.0,124.0,6.86,4.18,23.0
Evan Spencer,2015,WR,Ohio State,1,,,,12.05,6,2,0,1,0,0,0.0,,,,,,,,22.0
Tony Steward,2015,OLB,Clemson,1,,,,,6,2,0,1,0,0,1.0,,,,,,,,22.0
Charles Gaines,2015,CB,Louisville,4,4.44,46.67,,,6,2,0,1,0,0,1.0,70.0,180.0,34.5,,123.0,7.07,4.2,22.0
Ian Silberman,2015,OG,Boston College,4,,,,,6,2,0,4,0,0,0.0,,,,,,,,22.0
JaCorey Shepherd,2015,CB,Kansas,10,4.62,6.67,,,6,2,0,2,0,0,1.0,71.0,199.0,,14.0,,,,22.0
Darius Philon,2015,DT,Arkansas,3,5.0,43.75,,,6,2,0,7,0,0,14.0,73.0,298.0,31.0,26.0,107.0,8.0,,21.0
B.J. Dubose,2015,DE,Louisville,4,5.06,6.15,,,6,2,0,0,0,0,0.0,76.0,284.0,,26.0,,,,23.0
Nick O'Leary,2015,TE,Florida State,2,4.93,11.67,,54.93,6,2,0,5,0,2,6.0,75.0,252.0,30.5,21.0,110.0,7.4,4.5,23.0
Malcolm Johnson,2015,TE,Mississippi State,3,,,,38.05,6,2,0,2,0,0,0.0,,,,,,,,23.0
Randall Evans,2015,CB,Kansas State,4,,,,,6,2,0,1,0,0,0.0,,,,,,,,23.0
Derron Smith,2015,S,Fresno State,7,4.61,31.11,,,6,2,0,3,0,0,3.0,70.0,200.0,,,,,,23.0
Randall Telfer,2015,TE,USC,2,4.83,28.33,,14.53,6,2,0,3,0,2,0.0,76.0,250.0,,20.0,,,,23.0
Leterrius Walton,2015,DT,Central Michigan,8,5.25,12.5,,,6,2,0,4,0,0,4.0,77.0,319.0,27.0,25.0,103.0,7.91,4.78,23.0
Quandre Diggs,2015,CB,Texas,2,4.56,20.0,,,6,2,1,11,3,6,43.0,69.0,196.0,35.5,17.0,113.0,7.22,4.15,22.0
Bud Sasser,2015,WR,Missouri,4,,,,91.77,6,2,0,0,0,0,0.0,,,,,,,,
A.J. Derby,2015,TE,Arkansas,3,,,,,6,2,0,4,0,0,3.0,,,,,,,,23.0
Darius Kilgo,2015,NT,Maryland,4,,,,,6,2,0,4,0,0,3.0,,,,,,,,23.0
Darren Waller,2015,WR,Georgia Tech,3,4.46,48.0,,41.33,6,2,1,11,1,4,33.0,78.0,238.0,37.0,12.0,125.0,7.07,4.25,22.0
Josh Robinson,2015,RB,Mississippi State,3,4.7,16.67,,93.76,6,2,0,1,0,0,0.0,68.0,217.0,32.0,21.0,113.0,,,23.0
Aaron Ripkowski,2015,FB,Oklahoma,2,,,,,6,2,0,3,0,0,2.0,,,,,,,,22.0
Amarlo Herrera,2015,ILB,Georgia,1,4.83,26.15,,,6,2,0,1,0,0,0.0,73.0,244.0,32.0,23.0,111.0,7.35,4.27,23.0
Andy Gallik,2015,C,Boston College,4,5.5,13.33,,,6,2,0,1,0,1,4.0,74.0,306.0,27.0,29.0,96.0,7.66,4.58,23.0
Obum Gwacham,2015,DE,Oregon State,4,4.72,58.46,,,6,2,0,3,0,0,1.0,77.0,246.0,36.0,22.0,121.0,7.28,4.28,24.0
Christian Ringo,2015,DE,Louisiana,8,,,,,6,2,0,8,0,0,5.0,,,,,,,,23.0
Reshard Cliett,2015,OLB,South Florida,6,,,,,6,2,0,0,0,0,0.0,,,,,,,,23.0
Anthony Chickillo,2015,DE,Miami (FL),2,4.79,47.69,,,6,2,0,6,0,1,10.0,75.0,267.0,34.5,27.0,114.0,7.17,4.25,22.0
Kennard Backman,2015,TE,UAB,6,,,,40.23,6,2,0,1,0,0,0.0,,,,,,,,22.0
Kristjan Sokoli,2015,DT,Buffalo,8,,,,,6,2,0,1,0,0,0.0,,,,,,,,23.0
Cody Wichmann,2015,OG,Fresno State,7,,,,,6,2,0,2,0,2,6.0,,,,,,,,23.0
Christian Covington,2015,DT,Rice,6,4.9,56.25,,,6,2,0,8,0,1,20.0,74.0,289.0,,,,,,21.0
Rakeem Nunez-Roches,2015,DT,Southern Miss,10,5.02,41.25,,,6,2,1,11,0,4,31.0,74.0,307.0,34.0,26.0,114.0,7.67,4.69,22.0
Anthony Morris,2015,OL,Tennessee State,2,,,,,7,2,0,0,0,0,0.0,,,,,,,,23.0
Hayes Pullard,2015,ILB,USC,2,4.78,33.85,,,7,2,0,4,0,1,9.0,72.0,240.0,31.0,19.0,110.0,7.07,4.39,23.0
Neal Sterling,2015,WR,Monmouth,10,,,,,7,2,0,4,0,0,2.0,,,,,,,,23.0
Andre Debose,2015,WR,Florida,2,,,,5.06,7,2,0,0,0,0,0.0,,,,,,,,
Austin Reiter,2015,C,South Florida,6,,,,,7,2,0,7,0,2,20.0,,,,,,,,23.0
Deon Simon,2015,NT,Northwestern State (LA),5,5.12,0.0,,,7,2,0,2,0,0,2.0,76.0,321.0,29.5,35.0,105.0,7.92,4.76,25.0
Bryce Hager,2015,ILB,Baylor,3,4.6,61.54,,,7,2,0,6,0,0,7.0,73.0,234.0,35.0,26.0,117.0,7.15,4.36,23.0
Jake Rodgers,2015,OT,Eastern Washington,10,,,,,7,2,0,6,0,0,1.0,,,,,,,,23.0
Bobby Hart,2015,OG,Florida State,2,5.61,0.0,,,7,2,1,11,0,4,30.0,77.0,329.0,,,,,,21.0
Martin Ifedi,2015,DE,Memphis,6,4.88,33.85,,,7,2,0,0,0,0,0.0,75.0,275.0,31.0,16.0,111.0,7.39,4.58,24.0
Austin Shepherd,2015,OT,Alabama,1,5.39,24.71,,,7,2,0,1,0,0,1.0,76.0,315.0,29.0,17.0,94.0,8.04,4.7,23.0
Ben Koyack,2015,TE,Notre Dame,2,4.79,35.0,,23.1,7,2,0,5,0,0,1.0,77.0,255.0,,,,,,22.0
Marcus Murphy,2015,RB,Missouri,4,4.61,31.67,,47.29,7,2,0,4,0,0,2.0,69.0,198.0,29.0,11.0,109.0,,4.4,23.0
Joey Iosefa,2015,FB,Hawaii,7,5.02,0.0,,,7,2,0,1,0,0,0.0,72.0,247.0,31.5,30.0,110.0,7.24,4.33,24.0
Edmond Robinson,2015,OLB,Newberry,10,4.61,60.0,,,7,2,0,7,0,0,3.0,75.0,245.0,37.0,20.0,121.0,7.49,4.38,23.0
Da'Ron Brown,2015,WR,Northern Illinois,8,4.54,32.0,,90.96,7,2,0,0,0,0,0.0,72.0,205.0,37.0,17.0,120.0,7.04,4.11,23.0
Dezmin Lewis,2015,WR,Central Arkansas,9,,,,,7,2,0,2,0,0,0.0,,,,,,,,22.0
Kenny Hilliard,2015,RB,LSU,1,4.83,0.0,,42.88,7,2,0,0,0,0,0.0,72.0,226.0,27.0,,111.0,7.17,4.4,23.0
Mark Nzeocha,2015,OLB,Wyoming,7,4.56,67.69,,,7,2,0,7,0,0,5.0,74.0,232.0,,24.0,,,,25.0
Brian Mihalik,2015,DE,Boston College,4,,,,,7,2,0,4,0,0,5.0,,,,,,,,23.0
Mario Alford,2015,WR,West Virginia,4,4.43,54.0,,92.44,7,2,0,2,0,0,0.0,68.0,180.0,34.0,13.0,121.0,6.64,4.07,23.0
Gerod Holliman,2015,S,Louisville,4,4.62,28.89,,,7,2,0,0,0,0,0.0,72.0,218.0,,17.0,,,,21.0
Corey Robinson,2015,OT,South Carolina,3,5.34,30.59,,,7,2,0,4,0,0,7.0,79.0,324.0,,28.0,,,,23.0
Ifo Ekpre-Olomu,2015,CB,Oregon,2,4.52,28.89,,,7,2,0,0,0,0,0.0,69.0,192.0,,,,,,22.0
Dexter McDonald,2015,CB,Kansas,10,,,,,7,2,0,3,0,0,2.0,,,,,,,,23.0
Laurence Gibson,2015,OT,Virginia Tech,3,5.04,65.88,,,7,2,0,0,0,0,0.0,78.0,305.0,33.5,24.0,113.0,7.72,4.56,24.0
Trent Brown,2015,OG,Florida,2,5.21,45.33,,,7,2,1,11,1,5,42.0,80.0,355.0,23.5,20.0,97.0,8.23,4.78,22.0
Tre McBride,2015,WR,William & Mary,10,4.41,58.0,,,7,2,0,3,0,0,1.0,72.0,210.0,38.0,16.0,122.0,6.96,4.08,22.0
Geoff Swaim,2015,TE,Texas,2,,,,17.08,7,2,1,10,0,3,6.0,,,,,,,,21.0
Darryl Roberts,2015,CB,Marshall,8,,,,,7,2,0,7,0,1,13.0,,,,,,,,24.0
Ryan Murphy,2015,DB,Oregon State,4,,,,,7,2,0,3,0,0,0.0,,,,,,,,22.0
Akeem King,2015,DB,San Jose State,7,,,,,7,2,0,5,0,0,3.0,,,,,,,,23.0
Trevor Siemian,2015,QB,Northwestern,5,,,,47.14,7,2,0,9,0,2,16.0,,,,,,,,23.0
Taurean Nixon,2015,DB,Tulane,6,,,,,7,2,0,2,0,0,0.0,,,,,,,,24.0
Josh Furman,2015,DB,Oklahoma State,3,,,,,7,2,0,0,0,0,0.0,,,,,,,,
Xzavier Dickson,2015,OLB,Alabama,1,4.74,40.0,,,7,2,0,0,0,0,0.0,75.0,260.0,29.5,19.0,100.0,7.56,4.53,22.0
Rory Anderson,2015,TE,South Carolina,3,4.73,45.0,,30.63,7,2,0,0,0,0,0.0,77.0,244.0,,,,,,22.0
Denzelle Good,2015,OT,Mars Hill,10,,,,,7,2,0,7,0,2,21.0,,,,,,,,24.0
Gerald Christian,2015,TE,Louisville,4,4.87,21.67,,34.25,7,2,0,2,0,0,0.0,75.0,244.0,,28.0,,7.62,4.7,24.0
Jared Goff,2016,QB,California,4,4.82,35.0,,100.0,1,0,1,10,5,9,106.0,76.0,215.0,27.0,,110.0,7.17,4.47,21.0
Carson Wentz,2016,QB,North Dakota State,9,4.77,41.25,,,1,0,1,10,1,6,63.0,77.0,237.0,30.5,,118.0,6.86,4.15,23.0
Joey Bosa,2016,DE,Ohio State,1,4.86,36.92,,,1,0,1,10,5,7,62.0,77.0,269.0,32.0,24.0,120.0,6.89,4.21,21.0
Ezekiel Elliott,2016,RB,Ohio State,1,4.47,55.0,,100.0,1,0,1,9,3,7,68.0,72.0,225.0,32.5,,118.0,,,21.0
Jalen Ramsey,2016,CB,Florida State,2,4.41,53.33,,,1,0,1,10,8,10,84.0,73.0,209.0,41.5,14.0,135.0,6.94,4.18,21.0
Ronnie Stanley,2016,OT,Notre Dame,2,5.2,47.06,,,1,0,1,10,2,8,64.0,78.0,312.0,28.5,,,8.03,4.9,22.0
DeForest Buckner,2016,DE,Oregon,2,5.05,7.69,,,1,0,1,10,3,9,76.0,79.0,291.0,32.0,,116.0,7.51,4.47,22.0
Jack Conklin,2016,OT,Michigan State,3,5.0,70.59,,,1,0,1,10,0,6,55.0,78.0,308.0,30.0,25.0,103.0,7.63,4.57,22.0
Leonard Floyd,2016,OLB,Georgia,1,4.6,61.54,,,1,0,1,10,0,10,63.0,78.0,244.0,39.5,,127.0,,,23.0
Eli Apple,2016,CB,Ohio State,1,4.4,55.56,,,1,0,1,10,0,5,28.0,73.0,199.0,,13.0,,,,21.0
Vernon Hargreaves III,2016,CB,Florida,2,4.5,33.33,,,1,0,1,6,0,4,18.0,70.0,204.0,39.0,15.0,130.0,,3.98,21.0
Sheldon Rankins,2016,DT,Louisville,4,5.03,40.0,,,1,0,1,10,0,6,41.0,73.0,299.0,34.5,28.0,118.0,7.44,4.59,22.0
Laremy Tunsil,2016,OT,Ole Miss,3,5.23,43.53,,,1,0,1,10,5,9,60.0,77.0,310.0,,,,,,22.0
Karl Joseph,2016,S,West Virginia,4,4.57,40.0,,,1,0,1,6,0,4,16.0,70.0,205.0,,,,,,22.0
Corey Coleman,2016,WR,Baylor,3,4.42,56.0,,100.0,1,0,0,3,0,2,6.0,71.0,194.0,40.5,17.0,129.0,,,22.0
Taylor Decker,2016,OT,Ohio State,1,5.23,43.53,,,1,0,1,10,1,9,59.0,79.0,310.0,29.0,20.0,101.0,7.7,4.76,23.0
Keanu Neal,2016,S,Florida,2,4.62,28.89,,,1,0,1,8,1,3,25.0,72.0,211.0,38.0,17.0,132.0,7.09,4.38,21.0
Ryan Kelly,2016,C,Alabama,1,5.03,76.0,,,1,0,1,10,4,9,56.0,76.0,311.0,30.0,26.0,103.0,7.58,4.59,23.0
Shaq Lawson,2016,DE,Clemson,1,4.7,61.54,,,1,0,0,9,0,1,24.0,75.0,269.0,33.0,,120.0,7.16,4.21,22.0
Darron Lee,2016,OLB,Ohio State,1,4.47,81.54,,,1,0,1,5,0,3,19.0,73.0,232.0,35.5,17.0,133.0,7.12,4.2,21.0
Will Fuller,2016,WR,Notre Dame,2,4.32,76.0,,,1,0,1,6,0,5,24.0,72.0,186.0,33.5,10.0,126.0,6.93,4.27,22.0
Josh Doctson,2016,WR,TCU,3,4.5,40.0,,100.0,1,0,0,4,0,2,9.0,74.0,202.0,41.0,14.0,131.0,6.84,4.08,23.0
Laquon Treadwell,2016,WR,Ole Miss,3,4.52,36.0,,95.79,1,0,0,10,0,2,8.0,74.0,221.0,33.0,12.0,117.0,,,21.0
William Jackson III,2016,CB,Houston,6,4.37,62.22,,,1,0,1,7,0,4,19.0,72.0,189.0,,10.0,116.0,,,23.0
Artie Burns,2016,CB,Miami (FL),2,4.46,42.22,,,1,0,0,9,0,1,17.0,72.0,193.0,31.5,,,,,21.0
Paxton Lynch,2016,QB,Memphis,6,4.86,30.0,,98.31,1,0,0,2,0,0,2.0,79.0,244.0,36.0,,118.0,7.14,4.26,22.0
Kenny Clark,2016,DT,UCLA,5,5.06,36.25,,,1,0,1,10,3,9,63.0,75.0,314.0,28.5,29.0,102.0,,4.62,20.0
Joshua Garnett,2016,OG,Stanford,3,5.32,30.67,,,1,0,0,5,0,1,5.0,76.0,312.0,29.0,30.0,99.0,7.62,4.64,22.0
Robert Nkemdiche,2016,DT,Ole Miss,3,4.87,60.0,,,1,0,0,6,0,0,6.0,75.0,294.0,35.0,28.0,116.0,,,21.0
Vernon Butler,2016,DT,Louisiana Tech,5,5.33,2.5,,,1,0,0,7,0,2,13.0,76.0,323.0,29.5,26.0,104.0,7.82,4.76,22.0
Germain Ifedi,2016,OG,Texas A&M,2,5.27,37.33,,,1,0,1,9,0,4,38.0,78.0,324.0,32.5,24.0,109.0,,4.75,22.0
Emmanuel Ogbah,2016,DE,Oklahoma State,3,4.63,72.31,,,2,0,1,10,0,6,43.0,76.0,273.0,35.5,20.0,121.0,7.26,4.5,22.0
Kevin Dodd,2016,DE,Clemson,1,4.86,36.92,,,2,0,0,2,0,0,2.0,77.0,277.0,,,,,,24.0
Jaylon Smith,2016,OLB,Notre Dame,2,4.67,50.77,,,2,0,1,8,1,4,37.0,74.0,223.0,,,,,,21.0
Hunter Henry,2016,TE,Arkansas,3,4.79,35.0,,48.46,2,0,1,10,0,8,37.0,77.0,250.0,,13.0,,,,21.0
Myles Jack,2016,OLB,UCLA,5,4.56,67.69,,,2,0,1,8,0,7,42.0,73.0,245.0,,19.0,,,,21.0
Chris Jones,2016,DT,Mississippi State,3,5.03,40.0,,,2,0,1,10,7,10,96.0,78.0,310.0,24.5,26.0,106.0,7.44,4.62,22.0
Xavien Howard,2016,CB,Baylor,3,4.58,15.56,,,2,0,1,10,4,7,58.0,72.0,201.0,33.0,11.0,122.0,7.18,4.15,23.0
Noah Spence,2016,DE,Eastern Kentucky,10,4.8,46.15,,,2,0,0,6,0,0,5.0,74.0,251.0,35.0,25.0,121.0,7.21,4.35,22.0
Sterling Shepard,2016,WR,Oklahoma,2,4.48,44.0,,95.54,2,0,1,10,0,5,32.0,70.0,194.0,41.0,20.0,123.0,7.0,4.35,23.0
Reggie Ragland,2016,ILB,Alabama,1,4.72,43.08,,,2,0,1,7,0,3,22.0,73.0,247.0,31.5,,116.0,,4.28,22.0
Kamalei Correa,2016,DE,Boise State,7,4.69,63.08,,,2,0,0,5,0,1,11.0,75.0,243.0,33.0,21.0,108.0,,,22.0
Austin Johnson,2016,NT,Penn State,2,5.32,0.0,,,2,0,1,10,0,3,29.0,76.0,314.0,26.0,25.0,96.0,7.84,4.75,22.0
Jihad Ward,2016,DE,Illinois,4,5.11,0.0,,,2,0,1,10,0,4,25.0,77.0,297.0,25.0,20.0,111.0,7.38,4.63,22.0
Derrick Henry,2016,RB,Alabama,1,4.54,43.33,,100.0,2,0,1,10,5,7,85.0,75.0,247.0,37.0,22.0,130.0,7.2,4.38,22.0
A'Shawn Robinson,2016,DT,Alabama,1,5.2,18.75,,,2,0,1,10,0,7,40.0,76.0,307.0,26.0,22.0,106.0,7.8,4.74,21.0
Michael Thomas,2016,WR,Ohio State,1,4.57,26.0,,91.11,2,0,1,8,3,4,60.0,75.0,212.0,35.0,18.0,126.0,6.8,4.13,23.0
Jason Spriggs,2016,OT,Indiana,4,4.94,77.65,,,2,0,0,6,0,0,9.0,78.0,301.0,31.5,31.0,115.0,7.7,4.44,22.0
Jarran Reed,2016,DT,Alabama,1,5.21,17.5,,,2,0,1,10,0,8,48.0,75.0,307.0,31.0,,104.0,7.77,4.75,23.0
Nick Martin,2016,OG,Notre Dame,2,5.22,44.0,,,2,0,1,7,0,4,29.0,76.0,299.0,28.0,28.0,97.0,7.57,4.72,23.0
Christian Hackenberg,2016,QB,Penn State,2,4.78,40.0,,58.03,2,0,0,0,0,0,0.0,76.0,223.0,31.0,,114.0,7.04,4.33,21.0
Deion Jones,2016,OLB,LSU,1,4.59,63.08,,,2,0,1,10,1,5,43.0,73.0,222.0,33.0,,120.0,,,21.0
Su'a Cravens,2016,OLB,USC,2,4.58,64.62,,,2,0,0,3,0,0,5.0,73.0,226.0,27.0,16.0,114.0,,,21.0
Mackensie Alexander,2016,CB,Clemson,1,4.43,48.89,,,2,0,0,7,0,1,12.0,70.0,190.0,,11.0,,,,22.0
Tyler Boyd,2016,WR,Pittsburgh,3,4.58,24.0,,100.0,2,0,1,9,0,5,48.0,73.0,197.0,34.0,11.0,119.0,6.9,4.35,21.0
Cody Whitehair,2016,OG,Kansas State,4,5.02,70.67,,,2,0,1,9,1,8,43.0,76.0,301.0,25.5,16.0,110.0,7.32,4.58,24.0
T.J. Green,2016,S,Clemson,1,4.34,91.11,,,2,0,0,6,0,0,6.0,74.0,209.0,35.5,13.0,129.0,,,21.0
Sean Davis,2016,CB,Maryland,4,4.46,42.22,,,2,0,1,6,0,3,18.0,73.0,201.0,37.5,21.0,126.0,6.64,3.97,22.0
Roberto Aguayo,2016,K,Florida State,2,4.96,6.15,,,2,0,0,1,0,0,0.0,72.0,207.0,,,,,,22.0
Cyrus Jones,2016,CB,Alabama,1,4.49,35.56,,,2,0,0,4,0,0,4.0,70.0,197.0,33.0,10.0,116.0,6.71,4.21,22.0
Vonn Bell,2016,S,Ohio State,1,4.52,51.11,,,2,0,1,9,0,7,37.0,71.0,199.0,,16.0,,,,21.0
James Bradberry,2016,CB,Samford,10,4.5,33.33,,,2,0,1,8,1,8,46.0,73.0,211.0,36.0,16.0,124.0,6.91,4.21,23.0
Adam Gotsis,2016,DT,Georgia Tech,3,4.88,58.75,,,2,0,1,10,0,3,28.0,76.0,287.0,,,,,,23.0
Kevin Byard,2016,S,Middle Tenn. State,10,,,,,3,1,1,10,3,9,66.0,,,,,,,,23.0
Carl Nassib,2016,DE,Penn State,2,4.84,40.0,,,3,1,0,7,0,1,20.0,79.0,277.0,28.5,21.0,114.0,7.27,4.37,23.0
Max Tuerk,2016,C,USC,2,5.12,64.0,,,3,1,0,2,0,0,0.0,77.0,298.0,,22.0,,,,22.0
Maliek Collins,2016,DT,Nebraska,3,5.03,40.0,,,3,1,1,10,0,10,51.0,74.0,311.0,29.5,25.0,109.0,7.53,4.52,21.0
Will Redmond,2016,CB,Mississippi State,3,4.45,44.44,,,3,1,0,7,0,0,3.0,71.0,182.0,,,,,,22.0
Yannick Ngakoue,2016,DE,Maryland,4,4.75,53.85,,,3,1,1,9,1,8,50.0,74.0,252.0,34.5,26.0,118.0,7.35,4.5,21.0
Bronson Kaufusi,2016,DE,BYU,5,4.87,35.38,,,3,1,0,4,0,0,2.0,78.0,285.0,30.0,25.0,111.0,7.03,4.25,25.0
Darian Thompson,2016,S,Boise State,7,4.69,13.33,,,3,1,0,6,0,1,12.0,74.0,208.0,32.5,12.0,118.0,7.26,4.33,22.0
Jonathan Bullard,2016,DT,Florida,2,4.93,52.5,,,3,1,1,10,0,3,28.0,75.0,285.0,32.0,23.0,116.0,7.31,4.56,22.0
Kenyan Drake,2016,RB,Alabama,1,4.45,58.33,,21.73,3,1,1,8,0,2,33.0,73.0,210.0,34.5,10.0,123.0,7.04,4.21,22.0
KeiVarae Russell,2016,CB,Notre Dame,2,4.49,35.56,,,3,1,0,6,0,0,2.0,71.0,192.0,,17.0,,,,22.0
Shilique Calhoun,2016,DE,Michigan State,3,4.82,43.08,,,3,1,0,5,0,0,5.0,76.0,251.0,35.0,23.0,115.0,6.97,4.25,24.0
Shon Coleman,2016,OT,Auburn,2,5.18,49.41,,,3,1,0,2,0,1,6.0,77.0,307.0,,22.0,,,,24.0
Daryl Worley,2016,CB,West Virginia,4,4.64,2.22,,,3,1,1,9,0,4,22.0,73.0,204.0,35.5,14.0,123.0,6.98,4.15,21.0
Joe Thuney,2016,OG,NC State,4,4.95,80.0,,,3,1,1,10,4,10,84.0,77.0,304.0,28.5,28.0,110.0,7.47,4.54,23.0
Isaac Seumalo,2016,OG,Oregon State,4,5.19,48.0,,,3,1,1,10,1,7,39.0,76.0,303.0,26.0,,105.0,7.4,4.52,22.0
Adolphus Washington,2016,DT,Ohio State,1,5.17,22.5,,,3,1,0,3,0,2,9.0,75.0,301.0,27.0,21.0,99.0,8.06,4.79,21.0
Austin Hooper,2016,TE,Stanford,3,4.72,46.67,,50.34,3,1,1,10,2,5,33.0,76.0,254.0,33.0,19.0,117.0,7.0,4.32,21.0
Le'Raven Clark,2016,OT,Texas Tech,4,5.16,51.76,,,3,1,0,7,0,0,12.0,77.0,316.0,,18.0,,,,23.0
Jordan Jenkins,2016,OLB,Georgia,1,4.8,30.77,,,3,1,1,6,0,5,29.0,75.0,259.0,36.5,16.0,121.0,,,22.0
Kendall Fuller,2016,CB,Virginia Tech,3,4.48,37.78,,,3,1,1,9,0,6,34.0,71.0,187.0,,15.0,,,,21.0
Braxton Miller,2016,WR,Ohio State,1,4.5,40.0,,39.77,3,1,0,2,0,1,2.0,73.0,201.0,35.0,17.0,123.0,6.65,4.07,23.0
Leonte Carroo,2016,WR,Rutgers,4,4.5,40.0,,91.16,3,1,0,3,0,0,2.0,72.0,211.0,35.5,14.0,120.0,,,22.0
Nick Vigil,2016,ILB,Utah State,7,4.72,43.08,,,3,1,1,9,0,4,27.0,74.0,239.0,31.5,,115.0,6.73,4.0,23.0
Kyler Fackrell,2016,OLB,Utah State,7,4.72,43.08,,,3,1,0,6,0,1,16.0,77.0,245.0,34.5,15.0,121.0,,,24.0
Javon Hargrave,2016,DT,South Carolina State,3,4.93,52.5,,,3,1,1,10,2,9,59.0,73.0,309.0,34.5,29.0,109.0,7.9,4.7,23.0
C.J. Prosise,2016,RB,Notre Dame,2,4.48,53.33,,100.0,3,1,0,5,0,0,5.0,72.0,220.0,35.5,,121.0,,,22.0
Jacoby Brissett,2016,QB,NC State,4,4.94,20.0,,65.87,3,1,1,10,0,4,42.0,76.0,231.0,31.0,,113.0,7.17,4.53,23.0
Brandon Williams,2016,CB,Texas A&M,2,4.37,62.22,,,3,1,0,5,0,0,4.0,71.0,197.0,30.5,18.0,118.0,6.85,4.19,23.0
Cody Kessler,2016,QB,USC,2,4.89,26.25,,80.27,3,1,0,3,0,1,5.0,73.0,220.0,29.5,,104.0,7.32,4.0,23.0
Nick Vannett,2016,TE,Ohio State,1,4.76,40.0,,12.33,3,1,1,10,0,3,7.0,78.0,257.0,30.5,17.0,111.0,7.05,4.2,23.0
Graham Glasgow,2016,C,Michigan,1,5.13,62.67,,,3,1,1,10,0,8,48.0,78.0,307.0,25.0,23.0,106.0,7.63,4.63,24.0
Vincent Valentine,2016,DT,Nebraska,3,5.19,20.0,,,3,1,0,3,0,0,2.0,76.0,329.0,29.0,17.0,110.0,8.03,4.59,22.0
Rees Odhiambo,2016,OG,Boise State,7,5.17,50.67,,,3,1,0,3,0,0,4.0,76.0,314.0,,23.0,,,,23.0
Justin Simmons,2016,S,Boston College,4,4.61,31.11,,,3,1,1,9,2,8,60.0,74.0,202.0,40.0,16.0,126.0,6.58,3.85,22.0
Joe Schobert,2016,OLB,Wisconsin,3,4.76,36.92,,,4,1,1,7,1,5,37.0,73.0,244.0,33.5,22.0,111.0,7.11,4.3,22.0
Connor Cook,2016,QB,Michigan State,3,4.79,38.75,,71.12,4,1,0,1,0,0,0.0,76.0,217.0,33.0,,113.0,7.21,4.28,23.0
Charles Tapper,2016,DE,Oklahoma,2,4.59,78.46,,,4,1,0,2,0,0,0.0,75.0,271.0,34.0,23.0,119.0,,,23.0
Joshua Perry,2016,ILB,Ohio State,1,4.68,49.23,,,4,1,0,2,0,0,1.0,76.0,254.0,33.5,20.0,124.0,,,22.0
Sheldon Day,2016,DT,Notre Dame,2,5.07,35.0,,,4,1,0,10,0,0,9.0,73.0,293.0,30.0,21.0,102.0,7.44,4.5,22.0
Tavon Young,2016,CB,Temple,6,4.46,42.22,,,4,1,0,6,0,1,14.0,69.0,183.0,34.5,9.0,118.0,6.8,3.93,22.0
Parker Ehinger,2016,OG,Cincinnati,4,5.26,38.67,,,4,1,0,6,0,0,4.0,78.0,310.0,27.5,,97.0,,,23.0
Eric Murray,2016,CB,Minnesota,4,4.49,35.56,,,4,1,1,10,0,5,25.0,71.0,199.0,39.5,15.0,124.0,7.08,4.05,22.0
Chris Moore,2016,WR,Cincinnati,4,4.53,34.0,,81.62,4,1,0,10,0,0,14.0,73.0,206.0,37.0,10.0,130.0,6.76,4.2,23.0
Ryan Smith,2016,CB,North Carolina Central,3,4.47,40.0,,,4,1,0,7,0,0,8.0,71.0,189.0,36.0,18.0,122.0,6.88,4.09,23.0
B.J. Goodson,2016,OLB,Clemson,1,4.69,47.69,,,4,1,1,6,0,4,20.0,73.0,242.0,34.5,30.0,118.0,7.05,4.51,23.0
Tyler Higbee,2016,TE,Western Kentucky,5,4.77,38.33,,91.28,4,1,1,10,0,8,31.0,78.0,249.0,,,,,,23.0
Miles Killebrew,2016,S,Southern Utah,10,4.65,22.22,,,4,1,1,10,2,0,18.0,74.0,217.0,38.0,22.0,127.0,6.93,4.18,23.0
Malcolm Mitchell,2016,WR,Georgia,1,4.45,50.0,,59.13,4,1,0,1,0,0,4.0,72.0,198.0,36.0,15.0,129.0,6.94,4.34,24.0
Nick Kwiatkoski,2016,ILB,West Virginia,4,4.73,41.54,,,4,1,0,7,0,1,20.0,74.0,243.0,32.0,19.0,120.0,7.16,4.22,23.0
Ricardo Louis,2016,WR,Auburn,2,4.43,54.0,,77.42,4,1,0,2,0,1,3.0,74.0,215.0,38.0,18.0,132.0,,,22.0
De'Vondre Campbell,2016,OLB,Minnesota,4,4.58,64.62,,,4,1,1,9,0,9,51.0,76.0,232.0,34.0,16.0,116.0,,,23.0
Hassan Ridgeway,2016,DT,Texas,2,5.02,41.25,,,4,1,0,8,0,0,13.0,75.0,303.0,32.0,24.0,113.0,8.28,4.82,21.0
Pharoh Cooper,2016,WR,South Carolina,3,4.52,36.0,,90.48,4,1,1,7,1,0,6.0,71.0,203.0,31.0,15.0,115.0,,,21.0
Juston Burris,2016,CB,NC State,4,4.53,26.67,,,4,1,0,7,0,2,14.0,72.0,212.0,36.5,19.0,122.0,7.1,4.4,23.0
Tyler Ervin,2016,RB,San Jose State,7,4.41,65.0,,100.0,4,1,0,5,0,0,2.0,70.0,192.0,39.0,17.0,130.0,,,22.0
David Onyemata,2016,DT,Manitoba,10,,,,,4,1,1,10,0,7,48.0,,,,,,,,23.0
Willie Beavers,2016,OT,Western Michigan,8,5.28,37.65,,,4,1,0,1,0,0,0.0,77.0,321.0,25.5,20.0,103.0,7.96,4.71,22.0
Andrew Billings,2016,NT,Baylor,3,5.05,0.0,,,4,1,1,10,0,6,33.0,73.0,311.0,27.5,31.0,113.0,8.05,4.82,21.0
Jerald Hawkins,2016,OT,LSU,1,5.23,43.53,,,4,1,0,5,0,0,2.0,78.0,305.0,23.5,23.0,100.0,8.19,4.89,22.0
Deon Bush,2016,S,Miami (FL),2,4.64,24.44,,,4,1,0,9,0,0,8.0,72.0,199.0,36.0,17.0,123.0,,,23.0
Antonio Morrison,2016,ILB,Florida,2,4.76,36.92,,,4,1,0,3,0,2,13.0,73.0,232.0,,,,,,21.0
Demarcus Robinson,2016,WR,Florida,2,4.59,22.0,,40.25,4,1,1,10,0,3,27.0,73.0,203.0,34.5,,123.0,6.77,4.19,21.0
Deiondre' Hall,2016,CB,Northern Iowa,10,4.68,0.0,,,4,1,0,3,0,0,2.0,74.0,199.0,37.0,,127.0,7.07,4.06,22.0
Evan Boehm,2016,C,Missouri,4,5.33,36.0,,,4,1,0,4,0,1,12.0,74.0,302.0,28.5,24.0,96.0,7.52,4.69,23.0
Derrick Kindred,2016,S,TCU,3,4.5,55.56,,,4,1,0,3,0,1,8.0,70.0,207.0,37.5,,123.0,7.05,4.29,22.0
Alex Lewis,2016,OT,Nebraska,3,5.22,44.71,,,4,1,0,5,0,2,14.0,78.0,312.0,29.5,27.0,100.0,7.94,4.72,24.0
Blake Martinez,2016,LB,Stanford,3,4.71,28.0,,,4,1,1,8,0,5,38.0,74.0,237.0,28.5,22.0,113.0,6.98,4.2,22.0
Willie Henry,2016,DT,Michigan,1,5.0,43.75,,,4,1,0,5,0,0,4.0,75.0,303.0,30.5,28.0,110.0,7.57,4.53,22.0
Rashard Robinson,2016,CB,LSU,1,4.49,35.56,,,4,1,0,6,0,0,9.0,73.0,171.0,35.5,,121.0,,,21.0
Kenneth Dixon,2016,RB,Louisiana Tech,5,4.56,40.0,,100.0,4,1,0,3,0,0,5.0,70.0,215.0,37.5,18.0,121.0,6.97,4.28,22.0
Dak Prescott,2016,QB,Mississippi State,3,4.79,38.75,,83.94,4,1,1,10,4,9,104.0,74.0,226.0,32.5,,116.0,7.11,4.32,23.0
Devontae Booker,2016,RB,Utah,3,4.56,40.0,,100.0,4,1,0,6,0,0,19.0,71.0,219.0,,22.0,,,,24.0
Dean Lowry,2016,DE,Northwestern,5,4.87,35.38,,,4,1,1,9,0,6,38.0,78.0,296.0,32.5,30.0,114.0,7.26,4.38,22.0
Seth Devalve,2016,TE,Princeton,10,,,,,4,1,0,5,0,0,6.0,,,,,,,,23.0
Cardale Jones,2016,QB,Ohio State,1,4.81,36.25,,35.87,4,1,0,1,0,0,0.0,77.0,253.0,36.0,,,,,23.0
Tajae Sharpe,2016,WR,Massachusetts,10,4.55,30.0,,97.48,5,2,1,6,0,3,12.0,74.0,194.0,33.5,11.0,114.0,,,21.0
Zack Sanchez,2016,CB,Oklahoma,2,4.5,33.33,,,5,2,0,1,0,0,1.0,71.0,185.0,35.5,19.0,116.0,,,22.0
Ronald Blair,2016,DE,Appalachian State,8,5.15,0.0,,,5,2,0,6,0,0,7.0,74.0,284.0,30.0,32.0,113.0,7.95,4.53,23.0
DeAndre Washington,2016,RB,Texas Tech,4,4.49,51.67,,100.0,5,2,0,5,0,0,12.0,68.0,204.0,34.5,24.0,116.0,7.03,4.2,23.0
Connor McGovern,2016,OG,Missouri,4,5.11,58.67,,,5,2,1,9,0,5,29.0,76.0,306.0,33.0,33.0,109.0,7.5,4.65,23.0
John Theus,2016,OT,Georgia,1,5.22,44.71,,,5,2,0,1,0,0,1.0,78.0,313.0,28.0,,103.0,7.9,4.78,22.0
Matt Judon,2016,DE,Grand Valley State,10,4.73,56.92,,,5,2,1,10,4,7,63.0,75.0,275.0,35.0,30.0,109.0,7.67,4.52,24.0
Quinton Jefferson,2016,DT,Maryland,4,4.95,50.0,,,5,2,1,10,0,4,29.0,76.0,291.0,29.0,24.0,,7.95,4.37,23.0
Caleb Benenoch,2016,OT,UCLA,5,4.98,72.94,,,5,2,0,6,0,1,12.0,77.0,311.0,28.0,,104.0,8.15,5.11,22.0
Paul Perkins,2016,RB,UCLA,5,4.54,43.33,,100.0,5,2,0,4,0,0,5.0,70.0,208.0,32.0,19.0,124.0,,,21.0
Jordan Howard,2016,RB,Indiana,4,4.57,38.33,,100.0,5,2,1,7,1,3,27.0,72.0,230.0,34.0,16.0,122.0,,,21.0
Joe Dahl,2016,OG,Washington State,4,5.18,49.33,,,5,2,0,5,0,1,11.0,76.0,304.0,31.0,28.0,109.0,7.64,4.77,23.0
Matthew Ioannidis,2016,DT,Temple,6,5.03,40.0,,,5,2,1,7,0,3,25.0,75.0,299.0,28.0,32.0,108.0,7.78,4.71,22.0
Wendell Smallwood,2016,RB,West Virginia,4,4.47,55.0,,96.45,5,2,0,6,0,1,10.0,70.0,208.0,33.5,14.0,120.0,6.83,4.28,22.0
Jordan Payton,2016,WR,UCLA,5,4.47,46.0,,82.92,5,2,0,1,0,0,0.0,73.0,207.0,34.5,,121.0,7.08,4.33,23.0
Joe Haeg,2016,OT,North Dakota State,9,5.16,51.76,,,5,2,0,7,0,2,22.0,78.0,304.0,27.5,,111.0,7.47,4.47,23.0
Jonathan Williams,2016,RB,Arkansas,3,4.56,40.0,,86.79,5,2,0,8,0,0,5.0,71.0,220.0,,16.0,,,,22.0
LeShaun Sims,2016,CB,Southern Utah,10,4.53,26.67,,,5,2,0,5,0,0,11.0,72.0,203.0,37.0,11.0,120.0,7.08,4.19,22.0
Brandon Shell,2016,OT,South Carolina,3,5.22,44.71,,,5,2,1,7,0,5,29.0,77.0,324.0,30.5,22.0,112.0,,,24.0
K.J. Dillon,2016,S,West Virginia,4,4.53,48.89,,,5,2,0,1,0,0,0.0,72.0,210.0,,11.0,121.0,,,22.0
Kentrell Brothers,2016,OLB,Missouri,4,4.89,16.92,,,5,2,0,4,0,0,4.0,72.0,245.0,28.5,19.0,110.0,6.99,4.11,23.0
Christian Westerman,2016,OG,Arizona State,3,5.12,57.33,,,5,2,0,3,0,0,2.0,75.0,298.0,,34.0,98.0,7.69,4.71,23.0
Kevin Hogan,2016,QB,Stanford,3,4.78,40.0,,62.7,5,2,0,6,0,0,2.0,75.0,218.0,32.5,,113.0,6.9,4.31,23.0
Trevor Davis,2016,WR,California,4,4.42,56.0,,48.4,5,2,0,4,0,0,2.0,73.0,188.0,38.5,11.0,124.0,6.6,4.22,23.0
Halapoulivaati Vaitai,2016,OT,TCU,3,5.26,40.0,,,5,2,1,8,0,3,25.0,78.0,320.0,29.0,23.0,113.0,8.26,5.0,23.0
Tyreek Hill,2016,WR,West Alabama,10,,,,,5,2,1,10,8,8,98.0,,,,,,,,22.0
D.J. Reader,2016,NT,Clemson,1,5.33,0.0,,,5,2,1,10,0,7,47.0,75.0,327.0,29.5,30.0,99.0,7.9,4.71,22.0
Marqui Christian,2016,S,Midwestern State,10,,,,,5,2,0,6,0,0,6.0,,,,,,,,21.0
Spencer Drango,2016,OG,Baylor,3,5.27,37.33,,,5,2,0,2,0,2,8.0,78.0,315.0,27.0,30.0,100.0,7.88,4.66,23.0
Antwione Williams,2016,LB,Georgia Southern,1,,,,,5,2,0,1,0,0,2.0,,,,,,,,23.0
Cole Toner,2016,OT,Harvard,10,5.32,32.94,,,5,2,0,6,0,0,2.0,77.0,306.0,26.0,22.0,103.0,7.88,4.59,22.0
Alex Collins,2016,RB,Arkansas,3,4.59,35.0,,100.0,5,2,0,6,0,2,17.0,70.0,217.0,28.5,18.0,113.0,,,22.0
Rashard Higgins,2016,WR,Colorado State,7,4.64,12.0,,95.98,5,2,0,7,0,0,13.0,73.0,196.0,32.0,13.0,116.0,,,21.0
Trey Caldwell,2016,DB,La-Monroe,10,,,,,5,2,0,1,0,0,0.0,,,,,,,,22.0
Fahn Cooper,2016,OT,Ole Miss,3,5.17,50.59,,,5,2,0,0,0,0,0.0,76.0,303.0,25.0,19.0,102.0,7.85,4.89,23.0
Jatavis Brown,2016,OLB,Akron,10,,,,,5,2,0,4,0,2,14.0,,,,,,,,22.0
Andy Janovich,2016,FB,Nebraska,3,4.81,29.23,,,6,2,0,6,0,1,2.0,73.0,238.0,34.0,30.0,119.0,7.28,4.32,23.0
Temarrick Hemingway,2016,TE,South Carolina State,3,4.71,48.33,,,6,2,0,6,0,0,0.0,77.0,244.0,30.5,18.0,115.0,6.88,4.31,23.0
D.J. White,2016,CB,Georgia Tech,3,4.49,35.56,,,6,2,0,4,0,0,1.0,71.0,193.0,33.0,17.0,132.0,7.18,4.33,22.0
Drew Kaser,2016,P,Texas A&M,2,4.95,7.69,,,6,2,0,3,0,0,5.0,74.0,212.0,,,,,,23.0
Moritz Boehringer,2016,WR,,10,,,,,6,2,0,0,0,0,0.0,,,,,,,,22.0
Tyrone Holmes,2016,OLB,Montana,9,,,,,6,2,0,2,0,0,1.0,,,,,,,,22.0
Keenan Reynolds,2016,RB,Navy,5,,,,100.0,6,2,0,3,0,0,0.0,,,,,,,,22.0
Devante Bond,2016,OLB,Oklahoma,2,4.7,46.15,,,6,2,0,5,0,1,4.0,73.0,235.0,37.5,21.0,121.0,7.07,4.36,23.0
Jerell Adams,2016,TE,South Carolina,3,4.64,60.0,,35.2,6,2,0,4,0,0,2.0,77.0,247.0,32.5,,117.0,7.05,4.31,23.0
DeAndre Houston-Carson,2016,S,William & Mary,10,4.54,46.67,,,6,2,0,8,0,0,11.0,73.0,201.0,32.5,13.0,115.0,7.15,4.28,23.0
Jakeem Grant,2016,WR,Texas Tech,4,,,,100.0,6,2,1,6,1,0,14.0,,,,,,,,23.0
Nate Sudfeld,2016,QB,Indiana,4,5.02,10.0,,89.69,6,2,0,7,0,0,1.0,78.0,234.0,29.0,,105.0,,,22.0
David Morgan,2016,TE,UTSA,8,,,,56.21,6,2,0,3,0,0,1.0,76.0,262.0,,,,,,23.0
Anthony Brown,2016,CB,Purdue,4,4.33,71.11,,,6,2,1,8,0,4,23.0,71.0,192.0,35.0,19.0,115.0,7.03,4.19,22.0
Josh Forrest,2016,ILB,Kentucky,4,4.91,13.85,,,6,2,0,2,0,0,2.0,75.0,249.0,30.5,11.0,118.0,,,24.0
Jake Rudock,2016,QB,Michigan,1,,,,53.44,6,2,0,2,0,0,0.0,,,,,,,,23.0
Kolby Listenbee,2016,WR,TCU,3,4.39,62.0,,70.31,6,2,0,0,0,0,0.0,72.0,197.0,35.5,15.0,129.0,,,22.0
Sebastian Tretola,2016,OG,Arkansas,3,5.45,13.33,,,6,2,0,1,0,0,0.0,76.0,314.0,23.5,22.0,90.0,7.94,5.02,24.0
Cory James,2016,OLB,Colorado State,7,,,,,6,2,0,2,0,1,7.0,,,,,,,,23.0
Wes Schweitzer,2016,OG,San Jose State,7,,,,,6,2,1,9,0,3,27.0,,,,,,,,22.0
Blake Countess,2016,CB,Auburn,2,,,,,6,2,0,6,0,0,3.0,,,,,,,,23.0
Danny Vitale,2016,FB,Northwestern,5,4.6,61.54,,,6,2,0,4,0,1,1.0,73.0,239.0,38.5,30.0,123.0,7.12,4.12,22.0
Derek Watt,2016,FB,Wisconsin,3,,,,,6,2,0,7,0,0,1.0,,,,,,,,23.0
Cody Core,2016,WR,Ole Miss,3,4.47,46.0,,51.41,6,2,0,4,0,0,3.0,75.0,205.0,31.5,14.0,119.0,,,22.0
Kyle Murphy,2016,OT,Stanford,3,5.19,48.24,,,6,2,0,6,0,0,2.0,78.0,305.0,,23.0,,,,22.0
Brandon Allen,2016,QB,Arkansas,3,4.84,32.5,,77.67,6,2,0,10,0,0,5.0,73.0,217.0,28.0,,110.0,7.06,4.33,24.0
Anthony Zettel,2016,DT,Penn State,2,4.81,67.5,,,6,2,0,5,0,1,9.0,76.0,277.0,30.5,28.0,109.0,7.63,4.39,24.0
Dadi Nicolas,2016,DE,Virginia Tech,3,4.74,55.38,,,6,2,0,1,0,0,1.0,75.0,235.0,41.0,14.0,116.0,7.04,4.38,23.0
Jordan Lucas,2016,S,Penn State,2,4.54,46.67,,,6,2,0,6,0,0,4.0,72.0,201.0,,,,,,23.0
Harlan Miller,2016,CB,Southeastern Louisiana,10,4.65,0.0,,,6,2,0,3,0,0,2.0,72.0,182.0,35.5,6.0,118.0,7.44,4.43,22.0
Mike Thomas,2016,WR,Southern Miss,10,,,,,6,2,0,7,0,0,2.0,,,,,,,,22.0
Jeff Driskel,2016,QB,Louisiana Tech,5,4.56,67.5,,73.88,6,2,0,9,0,0,7.0,76.0,234.0,32.0,,122.0,7.19,4.25,23.0
Kamu Grugier-Hill,2016,OLB,Eastern Illinois,10,,,,,6,2,1,9,0,3,24.0,,,,,,,,22.0
Maurice Canady,2016,CB,Virginia,4,4.49,35.56,,,6,2,0,6,0,0,3.0,73.0,193.0,38.0,16.0,124.0,7.03,4.09,22.0
Jimmy Landes,2016,LS,Baylor,3,4.95,7.69,,,6,2,0,0,0,0,0.0,73.0,240.0,27.5,,110.0,7.05,4.38,24.0
Kelvin Taylor,2016,RB,Florida,2,4.6,33.33,,89.55,6,2,0,0,0,0,0.0,70.0,207.0,32.0,15.0,113.0,,,22.0
Kavon Frazier,2016,S,Central Michigan,8,4.53,48.89,,,6,2,0,6,0,0,4.0,72.0,217.0,,18.0,,,,22.0
Aaron Burbridge,2016,WR,Michigan State,3,4.56,28.0,,94.56,6,2,0,1,0,0,1.0,72.0,206.0,30.5,20.0,115.0,7.22,4.31,22.0
Elandon Roberts,2016,ILB,Houston,6,,,,,6,2,1,10,0,8,52.0,,,,,,,,22.0
Joey Hunt,2016,C,TCU,3,,,,,6,2,0,5,0,0,7.0,,,,,,,,22.0
Darius Jackson,2016,RB,Eastern Michigan,8,,,,100.0,6,2,0,3,0,0,0.0,,,,,,,,22.0
Rico Gathers,2016,TE,Baylor,3,,,,,6,2,0,3,0,0,0.0,,,,,,,,22.0
Kevon Seymour,2016,CB,USC,2,4.39,57.78,,,6,2,0,9,0,0,6.0,71.0,186.0,35.0,12.0,124.0,,4.18,22.0
Will Parks,2016,S,Arizona,4,,,,,6,2,0,7,0,0,11.0,,,,,,,,22.0
Travis Feeney,2016,OLB,Washington,2,4.5,76.92,,,6,2,0,0,0,0,0.0,76.0,230.0,40.0,,130.0,7.2,4.42,23.0
Ted Karras,2016,OG,Illinois,4,,,,,6,2,1,10,0,7,48.0,,,,,,,,23.0
Aaron Wallace,2016,OLB,UCLA,5,,,,,7,2,0,3,0,0,1.0,,,,,,,,23.0
Brandon Doughty,2016,QB,Western Kentucky,5,5.22,0.0,,100.0,7,2,0,0,0,0,0.0,75.0,213.0,27.0,,103.0,7.49,4.52,24.0
Donavon Clark,2016,OG,Michigan State,3,,,,,7,2,0,0,0,0,0.0,,,,,,,,23.0
Devin Lucien,2016,WR,Arizona State,3,,,,95.23,7,2,0,0,0,0,0.0,,,,,,,,23.0
Jonathan Woodard,2016,DE,Central Arkansas,9,,,,,7,2,0,3,0,0,1.0,,,,,,,,22.0
Stephen Weatherly,2016,OLB,Vanderbilt,4,4.61,60.0,,,7,2,0,6,0,1,12.0,76.0,267.0,31.0,23.0,117.0,,,22.0
Riley Dixon,2016,P,Syracuse,4,5.04,0.0,,,7,2,1,10,0,3,18.0,76.0,221.0,,,,,,23.0
Demarcus Ayers,2016,WR,Houston,6,4.72,0.0,,92.54,7,2,0,1,0,0,0.0,69.0,182.0,33.0,,123.0,,,22.0
Daniel Braverman,2016,WR,Western Michigan,8,,,,100.0,7,2,0,1,0,0,0.0,,,,,,,,22.0
Thomas Duarte,2016,TE,UCLA,5,4.72,46.67,,82.96,7,2,0,1,0,0,0.0,74.0,231.0,33.5,12.0,118.0,6.97,4.24,21.0
Steven Daniels,2016,ILB,Boston College,4,4.86,21.54,,,7,2,0,0,0,0,0.0,71.0,243.0,32.0,16.0,112.0,7.33,4.54,23.0
Jalen Mills,2016,S,LSU,1,4.61,31.11,,,7,2,1,10,0,6,31.0,72.0,191.0,37.0,16.0,123.0,6.86,4.0,22.0
Vadal Alexander,2016,OG,LSU,1,5.57,0.0,,,7,2,0,2,0,0,6.0,77.0,326.0,24.0,25.0,95.0,8.04,4.9,22.0
Lac Edwards,2016,P,Sam Houston State,10,,,,,7,2,0,6,0,0,10.0,,,,,,,,24.0
Dwayne Washington,2016,RB,Washington,2,,,,42.94,7,2,0,8,0,0,4.0,,,,,,,,22.0
Daniel Lasco,2016,RB,California,4,4.46,56.67,,40.84,7,2,0,2,0,0,0.0,72.0,209.0,41.5,23.0,135.0,7.22,4.26,23.0
Devin Fuller,2016,WR,UCLA,5,,,,,7,2,0,0,0,0,0.0,,,,,,,,22.0
Trevor Bates,2016,LB,Maine,10,,,,,7,2,0,3,0,0,1.0,,,,,,,,23.0
Alex McCalister,2016,DE,Florida,2,4.8,46.15,,,7,2,0,0,0,0,0.0,78.0,239.0,34.5,,128.0,7.01,4.0,22.0
Charone Peake,2016,WR,Clemson,1,4.45,50.0,,38.08,7,2,0,3,0,0,1.0,74.0,209.0,35.5,12.0,122.0,6.96,4.46,23.0
Keith Marshall,2016,RB,Georgia,1,4.31,81.67,,30.3,7,2,0,0,0,0,0.0,71.0,219.0,30.5,25.0,,,,22.0
Kenny Lawler,2016,WR,California,4,4.64,12.0,,81.61,7,2,0,0,0,0,0.0,74.0,203.0,31.0,,111.0,7.13,4.2,22.0
Jayron Kearse,2016,S,Clemson,1,4.62,28.89,,,7,2,1,8,0,4,18.0,76.0,216.0,31.5,16.0,124.0,7.06,,22.0
Clayton Fejedelem,2016,S,Illinois,4,,,,,7,2,0,7,0,0,8.0,,,,,,,,23.0
Tyler Matakevich,2016,OLB,Temple,6,4.81,29.23,,,7,2,0,9,0,0,9.0,72.0,238.0,31.0,22.0,112.0,7.19,4.5,23.0
Zac Brooks,2016,RB,Clemson,1,,,,22.09,7,2,0,0,0,0,0.0,,,,,,,,23.0
Austin Blythe,2016,C,Iowa,3,5.36,32.0,,,7,2,1,7,0,4,33.0,74.0,298.0,27.5,29.0,99.0,7.52,4.53,24.0
Prince Charles Iworah,2016,CB,Western Kentucky,5,,,,,7,2,0,1,0,0,0.0,,,,,,,,23.0
Scooby Wright III,2016,ILB,Arizona,4,4.9,15.38,,,7,2,0,2,0,0,1.0,72.0,239.0,31.0,22.0,113.0,,4.47,22.0
Joe Walker,2016,ILB,Oregon,2,,,,,7,2,0,6,0,1,8.0,,,,,,,,23.0
Beau Sandland,2016,TE,Montana State,9,4.74,43.33,,,7,2,0,0,0,0,0.0,76.0,253.0,35.0,23.0,124.0,7.1,4.33,23.0
Kalan Reed,2016,CB,Southern Miss,10,,,,,7,2,0,2,0,0,0.0,,,,,,,,22.0
Myles Garrett,2017,DE,Texas A&M,2,4.64,70.77,,,1,0,1,9,7,9,104.0,76.0,272.0,41.0,33.0,128.0,,,21.0
Mitchell Trubisky,2017,QB,North Carolina,3,4.67,53.75,,,1,0,1,9,1,4,40.0,74.0,222.0,27.5,,116.0,6.87,4.25,23.0
Solomon Thomas,2017,DE,Stanford,3,4.69,63.08,,,1,0,0,9,0,2,21.0,75.0,273.0,35.0,30.0,126.0,6.95,4.28,21.0
Leonard Fournette,2017,RB,LSU,1,4.51,48.33,,100.0,1,0,1,7,0,5,38.0,72.0,240.0,28.5,,,,,22.0
Corey Davis,2017,WR,Western Michigan,8,,,,100.0,1,0,1,6,0,5,31.0,75.0,209.0,,,,,,22.0
Jamal Adams,2017,S,LSU,1,4.56,42.22,,,1,0,1,9,3,6,47.0,72.0,214.0,31.5,18.0,120.0,6.96,4.13,21.0
Mike Williams,2017,WR,Clemson,1,,,,88.38,1,0,1,8,0,4,38.0,76.0,218.0,32.5,15.0,121.0,,,22.0
Christian McCaffrey,2017,RB,Stanford,3,4.48,53.33,,100.0,1,0,1,9,4,6,86.0,71.0,202.0,37.5,10.0,121.0,6.57,4.22,21.0
John Ross,2017,WR,Washington,2,4.22,96.0,,100.0,1,0,0,8,0,1,7.0,71.0,188.0,37.0,,133.0,,,21.0
Patrick Mahomes,2017,QB,Texas Tech,4,4.8,37.5,,100.0,1,0,1,9,6,8,115.0,74.0,225.0,30.0,,114.0,6.88,4.08,21.0
Marshon Lattimore,2017,CB,Ohio State,1,4.36,64.44,,,1,0,1,9,4,7,43.0,72.0,193.0,38.5,,132.0,,,21.0
Deshaun Watson,2017,QB,Clemson,1,4.66,55.0,,93.46,1,0,1,8,3,4,58.0,74.0,221.0,32.5,,119.0,6.95,4.31,21.0
Haason Reddick,2017,LB,Temple,6,4.52,66.0,,,1,0,1,9,2,6,47.0,73.0,237.0,36.5,24.0,133.0,7.01,4.37,22.0
Derek Barnett,2017,DE,Tennessee,2,4.88,33.85,,,1,0,1,9,0,3,27.0,75.0,259.0,31.0,,117.0,6.96,4.44,21.0
Malik Hooker,2017,S,Ohio State,1,,,,,1,0,1,9,0,6,26.0,73.0,206.0,,,,,,21.0
Marlon Humphrey,2017,CB,Alabama,1,4.41,53.33,,,1,0,1,9,4,8,62.0,72.0,197.0,,10.0,125.0,6.75,,21.0
Jonathan Allen,2017,DE,Alabama,1,5.0,15.38,,,1,0,1,9,2,8,57.0,75.0,286.0,30.0,21.0,108.0,7.49,4.5,22.0
Adoree' Jackson,2017,CB,USC,2,4.42,51.11,,,1,0,1,9,0,7,30.0,70.0,186.0,36.0,,122.0,,,21.0
O.J. Howard,2017,TE,Alabama,1,4.51,81.67,,33.42,1,0,1,6,0,4,13.0,78.0,251.0,30.0,22.0,121.0,6.85,4.16,22.0
Garett Bolles,2017,OT,Utah,3,4.95,76.47,,,1,0,1,9,1,8,56.0,77.0,297.0,28.0,,115.0,7.29,4.55,25.0
Jarrad Davis,2017,LB,Florida,2,,,,,1,0,1,6,0,3,22.0,73.0,238.0,,,,,,22.0
Charles Harris,2017,OLB,Missouri,4,4.82,27.69,,,1,0,0,8,0,2,16.0,75.0,253.0,32.0,21.0,109.0,7.47,4.42,22.0
Evan Engram,2017,TE,Ole Miss,3,4.42,96.67,,82.93,1,0,1,9,2,8,37.0,75.0,234.0,36.0,19.0,125.0,6.92,4.23,23.0
Gareon Conley,2017,CB,Ohio State,1,4.44,46.67,,,1,0,0,3,0,1,9.0,72.0,195.0,37.0,11.0,129.0,6.68,4.18,22.0
Jabrill Peppers,2017,S,Michigan,1,4.46,64.44,,,1,0,1,9,0,5,32.0,71.0,213.0,35.5,19.0,128.0,,,21.0
Takkarist McKinley,2017,DE,UCLA,5,4.59,78.46,,,1,0,0,8,0,2,16.0,74.0,250.0,33.0,24.0,122.0,7.48,4.62,21.0
Tre'Davious White,2017,CB,LSU,1,4.47,40.0,,,1,0,1,9,2,6,53.0,71.0,192.0,32.0,16.0,119.0,6.9,4.32,22.0
Taco Charlton,2017,DE,Michigan,1,4.92,27.69,,,1,0,0,6,0,0,9.0,78.0,277.0,33.0,25.0,116.0,7.17,4.39,22.0
David Njoku,2017,TE,Miami (FL),2,4.64,60.0,,76.48,1,0,1,9,1,6,27.0,76.0,246.0,37.5,21.0,133.0,6.97,4.34,21.0
T.J. Watt,2017,OLB,Wisconsin,3,4.69,47.69,,,1,0,1,9,8,9,96.0,76.0,252.0,37.0,21.0,128.0,6.79,4.13,22.0
Reuben Foster,2017,LB,Alabama,1,,,,,1,0,0,2,0,2,8.0,72.0,229.0,,,,,,23.0
Ryan Ramczyk,2017,OT,Wisconsin,3,,,,,1,0,1,7,0,6,64.0,78.0,310.0,,25.0,,,,23.0
Kevin King,2017,CB,Washington,2,4.43,48.89,,,2,0,1,8,0,3,16.0,75.0,200.0,39.5,11.0,,6.56,3.89,22.0
Cam Robinson,2017,OT,Alabama,1,5.15,52.94,,,2,0,1,9,0,7,43.0,78.0,322.0,26.0,,106.0,7.81,4.82,21.0
Malik McDowell,2017,DT,Michigan State,3,4.85,62.5,,,2,0,0,5,0,1,6.0,78.0,295.0,28.5,23.0,112.0,7.69,4.53,21.0
Budda Baker,2017,S,Washington,2,4.45,66.67,,,2,0,1,9,8,8,63.0,70.0,195.0,32.5,15.0,115.0,6.76,4.08,21.0
Zay Jones,2017,WR,East Carolina,6,4.45,50.0,,100.0,2,0,1,9,0,3,25.0,74.0,201.0,36.5,15.0,133.0,6.79,4.01,22.0
Forrest Lamp,2017,OG,Western Kentucky,5,5.0,73.33,,,2,0,0,5,0,1,8.0,76.0,309.0,27.5,34.0,111.0,7.55,4.62,23.0
Marcus Maye,2017,S,Florida,2,,,,,2,0,1,9,0,5,29.0,72.0,210.0,,,,,,24.0
Curtis Samuel,2017,WR,Ohio State,1,4.31,78.0,,100.0,2,0,1,9,0,5,30.0,71.0,196.0,37.0,18.0,119.0,7.09,4.33,21.0
Dalvin Cook,2017,RB,Florida State,2,4.49,51.67,,100.0,2,0,1,8,4,5,52.0,70.0,210.0,30.5,22.0,116.0,7.27,4.53,22.0
Marcus Williams,2017,S,Utah,3,4.56,42.22,,,2,0,1,9,0,8,32.0,73.0,202.0,43.5,14.0,129.0,6.85,4.2,20.0
Sidney Jones,2017,CB,Washington,2,4.47,40.0,,,2,0,0,7,0,2,12.0,72.0,186.0,33.5,,123.0,7.02,4.28,21.0
Gerald Everett,2017,TE,South Alabama,10,4.62,63.33,,52.31,2,0,1,8,0,3,22.0,75.0,239.0,37.5,22.0,126.0,6.99,4.33,23.0
Adam Shaheen,2017,TE,Ashland,10,4.79,35.0,,,2,0,0,5,0,1,4.0,78.0,278.0,32.5,24.0,121.0,7.09,4.38,22.0
Quincy Wilson,2017,CB,Florida,2,4.54,24.44,,,2,0,0,6,0,0,4.0,73.0,211.0,32.0,14.0,118.0,6.86,4.02,21.0
Tyus Bowser,2017,OLB,Houston,6,4.65,53.85,,,2,0,0,8,0,1,21.0,75.0,247.0,37.5,21.0,127.0,6.75,,22.0
Joe Mixon,2017,RB,Oklahoma,2,,,,94.56,2,0,1,8,2,6,56.0,,,,,,,,21.0
Ryan Anderson,2017,OLB,Alabama,1,4.78,33.85,,,2,0,0,6,0,0,6.0,74.0,253.0,,,,,,23.0
Justin Evans,2017,S,Texas A&M,2,,,,,2,0,0,7,0,2,10.0,72.0,199.0,,14.0,,,,22.0
DeMarcus Walker,2017,DE,Florida State,2,,,,,2,0,0,9,0,2,24.0,76.0,280.0,,18.0,,,,22.0
DeShone Kizer,2017,QB,Notre Dame,2,4.83,33.75,,83.4,2,0,0,2,0,1,6.0,76.0,233.0,30.5,,107.0,7.4,4.53,21.0
Teez Tabor,2017,CB,Florida,2,4.62,6.67,,,2,0,0,7,0,0,5.0,72.0,199.0,31.0,9.0,120.0,,,21.0
Raekwon McMillan,2017,LB,Ohio State,1,4.61,48.0,,,2,0,0,8,0,2,15.0,74.0,240.0,33.0,23.0,121.0,7.15,4.39,21.0
Dalvin Tomlinson,2017,DT,Alabama,1,5.19,20.0,,,2,0,1,9,0,9,50.0,75.0,310.0,27.0,,110.0,7.68,4.59,23.0
Obi Melifonwu,2017,S,Connecticut,6,4.4,77.78,,,2,0,0,2,0,0,1.0,76.0,224.0,44.0,17.0,141.0,,,23.0
Zach Cunningham,2017,LB,Vanderbilt,4,4.67,36.0,,,2,0,1,9,0,5,36.0,75.0,234.0,35.0,15.0,125.0,7.03,4.29,22.0
Ethan Pocic,2017,C,LSU,1,5.15,60.0,,,2,0,1,9,0,5,32.0,78.0,310.0,27.0,26.0,107.0,7.89,4.81,22.0
Tanoh Kpassagnon,2017,DE,Villanova,9,4.83,41.54,,,2,0,0,9,0,2,21.0,79.0,289.0,30.0,23.0,128.0,7.46,4.62,23.0
Chidobe Awuzie,2017,CB,Colorado,3,4.43,48.89,,,2,0,1,9,0,5,28.0,72.0,202.0,34.5,16.0,132.0,6.81,4.14,22.0
Josh Jones,2017,S,NC State,4,4.41,75.56,,,2,0,0,6,0,1,11.0,73.0,220.0,37.5,20.0,132.0,,,22.0
JuJu Smith-Schuster,2017,WR,USC,2,4.54,32.0,,83.52,2,0,1,9,1,5,43.0,73.0,215.0,32.5,15.0,120.0,,,20.0
Dion Dawkins,2017,OG,Temple,6,5.11,58.67,,,2,0,1,9,5,9,73.0,76.0,314.0,26.0,26.0,106.0,7.3,4.78,23.0
Taylor Moton,2017,OG,Western Michigan,8,5.18,49.33,,,2,0,1,9,0,8,47.0,77.0,319.0,30.5,23.0,109.0,7.73,4.58,23.0
Larry Ogunjobi,2017,DT,Charlotte,10,4.97,47.5,,,3,1,1,9,0,7,44.0,75.0,305.0,32.0,26.0,116.0,7.55,4.75,23.0
Ahkello Witherspoon,2017,CB,Colorado,3,4.45,44.44,,,3,1,1,9,0,3,22.0,75.0,198.0,40.5,,127.0,6.93,4.13,22.0
Alvin Kamara,2017,RB,Tennessee,2,4.56,40.0,,74.41,3,1,1,9,5,7,79.0,70.0,214.0,39.5,15.0,131.0,,,22.0
Dawuane Smoot,2017,DE,Illinois,4,4.77,50.77,,,3,1,0,9,0,0,17.0,75.0,264.0,29.5,,117.0,7.18,4.39,22.0
Cooper Kupp,2017,WR,Eastern Washington,10,4.62,16.0,,,3,1,1,9,1,7,63.0,74.0,204.0,31.0,,116.0,6.75,4.08,24.0
Pat Elflein,2017,C,Ohio State,1,5.32,37.33,,,3,1,1,6,0,3,26.0,75.0,303.0,23.5,22.0,99.0,7.94,4.71,23.0
Dan Feeney,2017,OG,Indiana,4,5.24,41.33,,,3,1,1,9,0,5,35.0,76.0,305.0,28.0,26.0,101.0,7.52,4.68,23.0
Taywan Taylor,2017,WR,Western Kentucky,5,4.5,40.0,,100.0,3,1,0,4,0,0,6.0,71.0,203.0,33.5,13.0,132.0,6.57,4.21,22.0
Jordan Willis,2017,OLB,Kansas State,4,4.53,72.31,,,3,1,0,6,0,0,8.0,76.0,255.0,39.0,24.0,125.0,6.85,4.28,22.0
Chris Wormley,2017,DE,Michigan,1,,,,,3,1,1,9,0,3,17.0,77.0,298.0,,23.0,,,,23.0
Duke Riley,2017,LB,LSU,1,4.58,54.0,,,3,1,0,8,0,2,19.0,72.0,232.0,34.5,18.0,122.0,6.89,4.21,23.0
Alex Anzalone,2017,LB,Florida,2,4.63,44.0,,,3,1,1,9,0,5,34.0,75.0,241.0,30.5,16.0,116.0,6.88,4.25,22.0
Daeshon Hall,2017,DE,Texas A&M,2,4.76,52.31,,,3,1,0,3,0,0,1.0,77.0,266.0,36.0,18.0,123.0,7.03,4.38,22.0
Tim Williams,2017,OLB,Alabama,1,4.68,49.23,,,3,1,0,3,0,0,2.0,75.0,244.0,33.5,,124.0,7.36,4.57,23.0
ArDarius Stewart,2017,WR,Alabama,1,4.49,42.0,,90.9,3,1,0,1,0,0,1.0,71.0,204.0,34.0,,124.0,,,23.0
Tarell Basham,2017,DE,Ohio,8,4.7,61.54,,,3,1,0,6,0,1,13.0,76.0,269.0,31.5,15.0,119.0,7.27,4.35,23.0
Fabian Moreau,2017,CB,UCLA,5,4.35,66.67,,,3,1,1,9,0,4,21.0,72.0,206.0,38.0,,136.0,6.94,4.12,23.0
Carlos Henderson,2017,WR,Louisiana Tech,5,4.46,48.0,,100.0,3,1,0,0,0,0,0.0,71.0,199.0,36.0,13.0,131.0,7.18,4.35,22.0
Derek Rivers,2017,DE,Youngstown State,10,4.61,75.38,,,3,1,0,5,0,0,4.0,76.0,248.0,35.0,30.0,123.0,6.94,4.4,23.0
Chris Godwin,2017,WR,Penn State,2,4.42,56.0,,69.81,3,1,1,9,1,6,53.0,73.0,209.0,36.0,19.0,126.0,7.01,4.0,21.0
Antonio Garcia,2017,OT,Troy,8,5.15,52.94,,,3,1,0,0,0,0,0.0,78.0,302.0,31.0,24.0,108.0,7.98,4.94,23.0
Kareem Hunt,2017,RB,Toledo,8,4.62,30.0,,93.48,3,1,1,9,1,3,52.0,70.0,216.0,36.5,18.0,119.0,,,22.0
Davis Webb,2017,QB,California,4,4.79,38.75,,100.0,3,1,0,6,0,0,1.0,77.0,229.0,33.0,,118.0,6.92,4.21,22.0
Eddie Vanderdoes,2017,DT,UCLA,5,4.99,45.0,,,3,1,0,3,0,1,5.0,75.0,305.0,28.5,28.0,111.0,7.69,4.39,22.0
D'Onta Foreman,2017,RB,Texas,2,,,,100.0,3,1,0,8,0,1,17.0,72.0,233.0,,18.0,,,,21.0
Shaquill Griffin,2017,DB,UCF,4,4.38,71.11,,,3,1,1,9,1,5,30.0,72.0,194.0,38.5,17.0,132.0,6.87,4.14,22.0
John Johnson,2017,S,Boston College,4,4.61,31.11,,,3,1,1,8,0,5,29.0,73.0,205.0,37.0,14.0,119.0,6.72,4.18,21.0
Jourdan Lewis,2017,CB,Michigan,1,4.54,24.44,,,3,1,1,9,0,3,26.0,70.0,188.0,34.5,15.0,121.0,,,22.0
Montravius Adams,2017,DT,Auburn,2,4.87,60.0,,,3,1,0,8,0,1,15.0,76.0,304.0,29.0,22.0,108.0,7.62,4.89,22.0
Cameron Sutton,2017,CB,Tennessee,2,4.52,28.89,,,3,1,1,8,0,3,21.0,71.0,188.0,34.0,11.0,120.0,6.81,,22.0
Lano Hill,2017,S,Michigan,1,4.47,62.22,,,3,1,0,4,0,0,5.0,73.0,216.0,33.5,17.0,115.0,6.96,4.27,21.0
Kenny Golladay,2017,WR,Northern Illinois,8,4.5,40.0,,100.0,3,1,1,6,1,4,27.0,76.0,218.0,35.5,18.0,120.0,7.0,4.15,23.0
Cordrea Tankersley,2017,CB,Clemson,1,4.4,55.56,,,3,1,0,4,0,1,4.0,73.0,199.0,29.5,13.0,121.0,7.0,4.32,23.0
Chad Williams,2017,WR,Grambling State,10,,,,,3,1,0,3,0,1,1.0,,,,,,,,22.0
Rasul Douglas,2017,CB,West Virginia,4,4.59,13.33,,,3,1,1,9,0,4,31.0,74.0,209.0,33.5,16.0,120.0,6.97,4.26,22.0
Jonnu Smith,2017,TE,Florida International,2,4.62,63.33,,53.02,3,1,1,9,1,5,29.0,75.0,248.0,38.0,22.0,127.0,,4.18,22.0
Brendan Langley,2017,CB,Lamar,10,,,,,3,1,0,2,0,0,1.0,,,,,,,,22.0
Nazair Jones,2017,DT,North Carolina,3,5.11,30.0,,,3,1,0,2,0,0,3.0,77.0,304.0,24.5,,101.0,7.93,4.63,22.0
Trey Hendrickson,2017,OLB,Florida Atlantic,2,4.65,53.85,,,3,1,1,9,4,5,58.0,76.0,266.0,33.5,,122.0,7.03,4.2,22.0
C.J. Beathard,2017,QB,Iowa,3,,,,52.3,3,1,0,7,0,0,9.0,74.0,219.0,31.0,,113.0,,,23.0
James Conner,2017,RB,Pittsburgh,3,4.65,25.0,,100.0,3,1,1,9,2,6,49.0,73.0,233.0,29.0,20.0,113.0,,,22.0
Amara Darboh,2017,WR,Michigan,1,4.45,50.0,,70.02,3,1,0,1,0,0,1.0,74.0,214.0,36.0,17.0,124.0,,,23.0
Kendell Beckwith,2017,ILB,LSU,1,,,,,3,1,0,1,0,0,5.0,74.0,243.0,,20.0,,,,22.0
Vince Biegel,2017,LB,Wisconsin,3,4.67,36.0,,,4,1,0,5,0,1,5.0,75.0,246.0,33.5,21.0,118.0,6.92,4.3,24.0
Jaleel Johnson,2017,DT,Iowa,3,5.38,0.0,,,4,1,0,7,0,1,16.0,75.0,316.0,28.0,19.0,100.0,7.64,4.62,23.0
Dede Westbrook,2017,WR,Oklahoma,2,,,,100.0,4,1,0,5,0,1,14.0,72.0,178.0,,,,,,23.0
Tedric Thompson,2017,S,Colorado,3,4.6,33.33,,,4,1,0,5,0,2,9.0,72.0,204.0,32.5,17.0,117.0,7.11,4.36,22.0
Eddie Jackson,2017,S,Alabama,1,,,,,4,1,1,8,2,7,45.0,72.0,201.0,,10.0,,,,23.0
Rayshawn Jenkins,2017,S,Miami (FL),2,4.51,53.33,,,4,1,1,9,0,6,32.0,73.0,214.0,37.0,19.0,128.0,,,23.0
Samaje Perine,2017,RB,Oklahoma,2,4.65,25.0,,100.0,4,1,0,9,0,1,26.0,71.0,233.0,33.0,30.0,116.0,7.26,4.37,21.0
Dorian Johnson,2017,OG,Pittsburgh,3,5.27,37.33,,,4,1,0,0,0,0,0.0,77.0,300.0,30.0,21.0,114.0,8.39,5.09,22.0
Carl Lawson,2017,OLB,Auburn,2,4.67,50.77,,,4,1,0,9,0,2,20.0,74.0,261.0,33.0,35.0,114.0,7.46,4.19,22.0
Josh Reynolds,2017,WR,Texas A&M,2,4.52,36.0,,70.94,4,1,1,9,0,3,26.0,75.0,194.0,37.0,,124.0,6.83,4.13,22.0
Mack Hollins,2017,WR,North Carolina,3,4.53,34.0,,61.79,4,1,1,9,0,3,21.0,76.0,221.0,,,,,,23.0
Tarik Cohen,2017,RB,North Carolina A&T,3,4.42,63.33,,,4,1,1,4,1,2,21.0,66.0,179.0,31.5,11.0,118.0,,,22.0
Ben Gedeon,2017,ILB,Michigan,1,4.75,38.46,,,4,1,0,3,0,1,15.0,74.0,244.0,34.5,27.0,119.0,6.98,4.13,22.0
Joe Williams,2017,RB,Utah,3,4.41,65.0,,100.0,4,1,0,0,0,0,0.0,71.0,210.0,35.0,14.0,125.0,7.19,4.19,24.0
Nico Siragusa,2017,OG,San Diego State,7,5.35,26.67,,,4,1,0,0,0,0,0.0,76.0,319.0,32.0,28.0,110.0,7.71,4.56,23.0
Montae Nicholson,2017,S,Michigan State,3,4.42,73.33,,,4,1,0,3,0,1,10.0,74.0,212.0,35.0,,125.0,,,21.0
Jalen Reeves-Maybin,2017,LB,Tennessee,2,,,,,4,1,1,9,1,1,17.0,72.0,230.0,,,,,,22.0
Samson Ebukam,2017,OLB,Eastern Washington,10,,,,,4,1,1,9,0,6,38.0,,,,,,,,22.0
Howard Wilson,2017,CB,Houston,6,4.57,17.78,,,4,1,0,0,0,0,0.0,73.0,184.0,33.5,,119.0,6.68,3.94,21.0
Michael Roberts,2017,TE,Toledo,8,4.86,23.33,,77.41,4,1,0,2,0,0,1.0,76.0,270.0,30.0,,110.0,7.05,4.51,23.0
Josh Malone,2017,WR,Tennessee,2,4.4,60.0,,88.12,4,1,0,4,0,1,1.0,75.0,208.0,30.5,10.0,121.0,7.05,4.19,21.0
David Sharpe,2017,OT,Florida,2,5.44,18.82,,,4,1,0,9,0,0,4.0,78.0,343.0,20.5,19.0,97.0,7.87,4.78,21.0
Julién Davenport,2017,OT,Bucknell,10,5.45,17.65,,,4,1,0,5,0,2,16.0,79.0,318.0,27.0,18.0,106.0,7.57,4.69,22.0
Deatrich Wise Jr.,2017,DE,Arkansas,3,4.92,27.69,,,4,1,1,9,0,3,39.0,77.0,274.0,33.0,22.0,124.0,,,23.0
Donnel Pumphrey,2017,RB,San Diego State,7,4.48,53.33,,100.0,4,1,0,0,0,0,0.0,68.0,176.0,33.5,5.0,117.0,,,22.0
Ryan Switzer,2017,WR,North Carolina,3,4.51,38.0,,86.02,4,1,0,3,0,0,3.0,68.0,181.0,32.0,11.0,116.0,6.77,4.0,22.0
Jamaal Williams,2017,RB,BYU,5,4.59,35.0,,100.0,4,1,1,8,0,3,33.0,72.0,212.0,30.0,,123.0,7.25,4.53,22.0
Joshua Dobbs,2017,QB,Tennessee,2,4.64,57.5,,80.43,4,1,0,9,0,0,9.0,75.0,216.0,33.0,,122.0,6.75,4.31,22.0
Sean Harlow,2017,OG,Oregon State,4,5.15,53.33,,,4,1,0,7,0,0,5.0,76.0,303.0,30.5,26.0,105.0,8.16,4.81,22.0
Zach Banner,2017,OT,USC,2,5.58,2.35,,,4,1,0,5,0,0,2.0,80.0,353.0,23.5,22.0,92.0,8.31,5.21,23.0
Ryan Glasgow,2017,DT,Michigan,1,5.13,27.5,,,4,1,0,4,0,0,3.0,75.0,302.0,27.5,20.0,105.0,7.55,4.5,23.0
Jehu Chesson,2017,WR,Michigan,1,4.47,46.0,,33.35,4,1,0,2,0,0,0.0,75.0,204.0,35.5,10.0,132.0,6.7,4.09,23.0
Wayne Gallman,2017,RB,Clemson,1,4.6,33.33,,98.02,4,1,0,5,0,1,12.0,72.0,215.0,29.5,21.0,120.0,7.17,4.28,22.0
Chad Hansen,2017,WR,California,4,4.53,34.0,,100.0,4,1,0,4,0,0,3.0,74.0,202.0,35.0,11.0,119.0,6.74,4.13,22.0
Carlos Watkins,2017,DT,Clemson,1,,,,,4,1,0,9,0,1,20.0,75.0,309.0,,25.0,,,,23.0
Marlon Mack,2017,RB,South Florida,6,4.5,50.0,,100.0,4,1,0,6,0,2,20.0,71.0,213.0,35.5,15.0,125.0,,,21.0
Grover Stewart,2017,DT,Albany State (GA),10,,,,,4,1,1,9,0,7,42.0,,,,,,,,23.0
Jake Butt,2017,TE,Michigan,1,,,,42.91,5,2,0,4,0,0,1.0,77.0,246.0,,,,,,22.0
George Kittle,2017,TE,Iowa,3,4.52,80.0,,36.78,5,2,1,9,7,8,60.0,76.0,247.0,35.0,18.0,132.0,,,23.0
Jordan Morgan,2017,OG,Kutztown (PA),10,5.36,25.33,,,5,2,0,0,0,0,0.0,75.0,309.0,27.0,21.0,102.0,8.13,4.73,23.0
Blair Brown,2017,LB,Ohio,8,4.65,40.0,,,5,2,0,2,0,0,3.0,71.0,238.0,37.0,,124.0,6.92,4.18,23.0
Damontae Kazee,2017,CB,San Diego State,7,4.54,24.44,,,5,2,1,9,0,4,22.0,70.0,184.0,34.0,11.0,124.0,,,24.0
Jordan Leggett,2017,TE,Clemson,1,,,,61.73,5,2,0,2,0,0,1.0,77.0,258.0,33.0,18.0,114.0,7.12,4.33,22.0
Desmond King,2017,S,Iowa,3,,,,,5,2,1,8,0,4,27.0,70.0,201.0,34.0,14.0,117.0,6.67,4.18,22.0
Corn Elder,2017,CB,Miami (FL),2,4.55,22.22,,,5,2,0,5,0,0,2.0,70.0,183.0,,,,,,22.0
Jake Elliott,2017,K,Memphis,6,4.79,32.31,,,5,2,1,9,1,3,24.0,69.0,167.0,,,,,,22.0
Jeremy Sprinkle,2017,TE,Arkansas,3,4.69,51.67,,34.75,5,2,0,5,0,2,2.0,77.0,252.0,29.0,,116.0,,,23.0
Jayon Brown,2017,LB,UCLA,5,4.7,30.0,,,5,2,1,6,0,3,26.0,72.0,231.0,31.5,17.0,120.0,,,22.0
Brian Hill,2017,RB,Wyoming,7,4.54,43.33,,100.0,5,2,0,5,0,0,9.0,73.0,219.0,34.0,15.0,125.0,7.03,4.32,21.0
Will Holden,2017,OT,Vanderbilt,4,5.47,15.29,,,5,2,0,5,0,0,5.0,79.0,311.0,28.0,23.0,111.0,7.71,4.72,23.0
Nate Hairston,2017,CB,Temple,6,4.52,28.89,,,5,2,0,6,0,1,9.0,72.0,196.0,35.5,14.0,118.0,,,23.0
Jermaine Eluemunor,2017,OG,Texas A&M,2,5.22,44.0,,,5,2,1,9,0,4,30.0,76.0,332.0,,34.0,,,,22.0
Roderick Johnson,2017,OT,Florida State,2,,,,,5,2,0,4,0,0,5.0,79.0,298.0,,,,,,21.0
Anthony Walker,2017,LB,Northwestern,5,4.65,40.0,,,5,2,1,9,0,5,36.0,73.0,238.0,30.5,23.0,116.0,7.23,4.34,22.0
Jeremy McNichols,2017,RB,Boise State,7,4.49,51.67,,100.0,5,2,0,9,0,0,9.0,69.0,214.0,35.5,,121.0,6.93,4.28,21.0
Matt Milano,2017,LB,Boston College,4,4.67,36.0,,,5,2,1,9,1,5,57.0,72.0,223.0,35.0,24.0,126.0,,,23.0
Isaac Asiata,2017,OG,Utah,3,5.34,28.0,,,5,2,0,2,0,0,0.0,75.0,323.0,25.5,35.0,102.0,7.83,4.93,24.0
Jamal Agnew,2017,CB,San Diego,10,,,,,5,2,1,9,1,0,19.0,,,,,,,,22.0
Shelton Gibson,2017,WR,West Virginia,4,4.5,40.0,,60.94,5,2,0,3,0,0,0.0,71.0,191.0,32.0,8.0,118.0,6.83,4.2,23.0
Avery Moss,2017,DE,Youngstown State,10,4.79,47.69,,,5,2,0,3,0,1,4.0,75.0,264.0,32.5,14.0,114.0,7.25,4.43,22.0
Marquel Lee,2017,LB,Wake Forest,4,,,,,5,2,0,5,0,1,9.0,75.0,240.0,31.0,25.0,118.0,,,21.0
Treston Decoud,2017,S,Oregon State,4,4.62,28.89,,,5,2,0,2,0,0,1.0,74.0,206.0,31.0,11.0,116.0,,,24.0
Rodney Adams,2017,WR,South Florida,6,4.44,52.0,,89.68,5,2,0,5,0,0,0.0,73.0,189.0,29.5,8.0,125.0,6.98,4.28,22.0
Nathan Peterman,2017,QB,Pittsburgh,3,4.82,35.0,,82.57,5,2,0,7,0,0,3.0,74.0,226.0,31.0,,110.0,7.14,4.31,23.0
Isaiah McKenzie,2017,WR,Georgia,1,4.42,56.0,,63.44,5,2,0,7,0,2,15.0,67.0,173.0,36.0,11.0,123.0,6.64,4.15,22.0
Brian Allen,2017,DB,Utah,3,4.48,48.89,,,5,2,0,5,0,0,1.0,75.0,215.0,34.5,15.0,117.0,6.64,4.34,23.0
Eric Saubert,2017,TE,Drake,10,,,,,5,2,0,9,0,0,2.0,77.0,253.0,33.0,22.0,121.0,,,23.0
DeAngelo Yancey,2017,WR,Purdue,4,,,,73.06,5,2,0,0,0,0,0.0,,,,,,,,22.0
JJ Dielman,2017,C,Utah,3,,,,,5,2,0,0,0,0,0.0,77.0,309.0,,27.0,,,,23.0
Trent Taylor,2017,WR,Louisiana Tech,5,4.63,14.0,,100.0,5,2,0,8,0,0,7.0,68.0,181.0,33.0,13.0,117.0,6.74,4.01,23.0
Davon Godchaux,2017,DT,LSU,1,5.27,10.0,,,5,2,1,9,0,7,49.0,75.0,310.0,,18.0,,,,22.0
T.J. Logan,2017,RB,North Carolina,3,4.37,71.67,,54.62,5,2,0,3,0,0,0.0,69.0,196.0,33.5,17.0,121.0,,,23.0
Danny Isidora,2017,OG,Miami (FL),2,5.03,69.33,,,5,2,0,5,0,0,4.0,75.0,306.0,29.0,26.0,94.0,8.13,4.9,23.0
Dylan Donahue,2017,DL,West Georgia,10,4.75,68.75,,,5,2,0,1,0,0,0.0,75.0,248.0,29.5,26.0,116.0,7.02,4.46,25.0
Aaron Jones,2017,RB,UTEP,6,4.56,40.0,,100.0,5,2,1,9,1,8,67.0,69.0,208.0,37.5,16.0,127.0,6.82,4.2,22.0
Ukeme Eligwe,2017,LB,Georgia Southern,1,,,,,5,2,0,2,0,0,2.0,,,,,,,,23.0
Nathan Gerry,2017,S,Nebraska,3,4.58,37.78,,,5,2,0,6,0,1,18.0,74.0,218.0,30.5,17.0,122.0,,,22.0
Caleb Brantley,2017,DT,Florida,2,5.14,26.25,,,6,2,0,3,0,0,2.0,75.0,307.0,27.0,21.0,105.0,7.66,4.62,23.0
Chuck Clark,2017,DB,Virginia Tech,3,4.54,35.56,,,6,2,1,9,0,5,31.0,72.0,208.0,34.0,16.0,122.0,6.85,4.07,22.0
Michael Tyson,2017,S,Cincinnati,4,4.56,42.22,,,6,2,0,2,0,0,1.0,73.0,204.0,33.0,17.0,118.0,,,24.0
Elijah McGuire,2017,RB,Louisiana,8,4.53,45.0,,75.24,6,2,0,2,0,0,6.0,70.0,214.0,36.0,15.0,120.0,7.26,4.56,23.0
Tanzel Smart,2017,DT,Tulane,6,5.24,13.75,,,6,2,0,7,0,0,4.0,73.0,296.0,27.0,22.0,105.0,7.53,4.57,22.0
Sam Tevi,2017,OT,Utah,3,5.27,38.82,,,6,2,1,4,0,3,23.0,77.0,311.0,26.0,15.0,107.0,7.84,4.6,22.0
Xavier Woods,2017,S,Louisiana Tech,5,4.54,46.67,,,6,2,1,9,0,8,38.0,71.0,197.0,33.5,19.0,122.0,6.72,4.13,22.0
Alex Armah,2017,FB,West Georgia,10,,,,,6,2,0,7,0,0,0.0,,,,,,,,23.0
Jordan Evans,2017,LB,Oklahoma,2,,,,,6,2,0,5,0,0,9.0,,,,,,,,22.0
Vincent Taylor,2017,DT,Oklahoma State,3,5.07,35.0,,,6,2,0,5,0,0,5.0,75.0,304.0,28.5,26.0,108.0,7.58,4.72,23.0
Tanner Vallejo,2017,LB,Boise State,7,4.67,36.0,,,6,2,0,6,0,0,7.0,73.0,228.0,33.5,,121.0,,4.39,22.0
Al-Quadin Muhammad,2017,DE,Miami (FL),2,4.88,33.85,,,6,2,0,9,0,1,20.0,75.0,253.0,30.5,22.0,117.0,7.25,4.47,22.0
Jeremy Clark,2017,CB,Michigan,1,,,,,6,2,0,2,0,0,0.0,75.0,220.0,,20.0,,,,23.0
D.J. Jones,2017,DT,Ole Miss,3,5.04,38.75,,,6,2,1,9,0,7,45.0,73.0,319.0,28.5,25.0,108.0,7.73,4.65,22.0
Chase Roullier,2017,C,Wyoming,7,5.54,8.0,,,6,2,1,6,0,4,24.0,76.0,312.0,26.5,19.0,97.0,7.6,4.47,24.0
Adam Bisnowaty,2017,OT,Pittsburgh,3,5.23,43.53,,,6,2,0,1,0,0,0.0,78.0,304.0,29.5,23.0,96.0,8.02,4.94,23.0
Bucky Hodges,2017,TE,Virginia Tech,3,4.57,71.67,,51.27,6,2,0,0,0,0,0.0,78.0,257.0,39.0,18.0,134.0,,4.45,22.0
Pita Taumoepenu,2017,OLB,Utah,3,4.67,50.77,,,6,2,0,5,0,0,0.0,73.0,243.0,28.5,24.0,112.0,6.91,4.33,23.0
De'Angelo Henderson,2017,RB,Coastal Carolina,8,,,,,6,2,0,2,0,0,0.0,,,,,,,,24.0
Derrick Jones,2017,CB,Ole Miss,3,,,,,6,2,0,2,0,0,0.0,,,,,,,,22.0
Jeremiah Ledbetter,2017,DE,Arkansas,3,4.84,40.0,,,6,2,0,8,0,0,5.0,75.0,280.0,32.5,29.0,113.0,7.55,4.56,23.0
Sam Rogers,2017,FB,Virginia Tech,3,4.93,10.77,,,6,2,0,0,0,0,0.0,70.0,231.0,32.0,19.0,114.0,7.27,4.34,22.0
Brandon Wilson,2017,RB,Houston,6,,,,,6,2,0,5,0,0,6.0,,,,,,,,23.0
Rudy Ford,2017,S,Auburn,2,,,,,6,2,0,7,0,1,11.0,71.0,205.0,,20.0,,,,22.0
Robert Davis,2017,WR,Georgia State,1,4.44,52.0,,71.79,6,2,0,3,0,0,0.0,75.0,219.0,41.0,19.0,136.0,6.82,4.28,22.0
Justin Senior,2017,OT,Mississippi State,3,5.55,5.88,,,6,2,0,0,0,0,0.0,77.0,331.0,23.0,,98.0,8.19,5.06,23.0
Conor McDermott,2017,OT,UCLA,5,5.18,49.41,,,6,2,0,7,0,0,7.0,80.0,307.0,28.5,,105.0,7.52,4.58,24.0
Kofi Amichia,2017,C,South Florida,6,,,,,6,2,0,0,0,0,0.0,,,,,,,,23.0
Colin Holba,2017,LS,Louisville,4,5.19,0.0,,,6,2,0,4,0,0,0.0,76.0,248.0,28.0,,115.0,,,23.0
Elijah Qualls,2017,DT,Washington,2,5.13,27.5,,,6,2,0,1,0,0,1.0,73.0,313.0,31.5,33.0,105.0,7.65,4.66,22.0
Brad Kaaya,2017,QB,Miami (FL),2,,,,75.49,6,2,0,0,0,0,0.0,76.0,214.0,,,,,,22.0
Marquez White,2017,CB,Florida State,2,4.59,13.33,,,6,2,0,0,0,0,0.0,72.0,194.0,36.0,,123.0,,,22.0
Corey Levin,2017,OL,Chattanooga,10,5.16,45.88,,,6,2,0,9,0,0,7.0,76.0,307.0,26.5,26.0,106.0,7.55,4.73,23.0
Leon McQuay,2017,S,USC,2,,,,,6,2,0,1,0,0,0.0,,,,,,,,22.0
Stacy Coley,2017,WR,Miami (FL),2,4.45,50.0,,65.0,7,2,0,2,0,0,0.0,73.0,195.0,34.0,10.0,122.0,,,23.0
Ifeadi Odenigbo,2017,DL,Northwestern,5,4.72,72.5,,,7,2,0,6,0,1,11.0,75.0,258.0,31.5,25.0,128.0,7.26,4.4,23.0
Shalom Luani,2017,S,Washington State,4,4.55,44.44,,,7,2,0,3,0,0,2.0,71.0,202.0,31.0,12.0,116.0,6.87,4.21,23.0
Jalen Myrick,2017,CB,Minnesota,4,4.28,82.22,,,7,2,0,1,0,0,0.0,70.0,200.0,37.5,13.0,124.0,7.06,4.22,22.0
Stevie Tu'ikolovatu,2017,NT,USC,2,5.45,0.0,,,7,2,0,0,0,0,0.0,73.0,331.0,24.5,28.0,91.0,7.83,5.0,26.0
Zane Gonzalez,2017,K,Arizona State,3,,,,,7,2,0,9,0,1,14.0,72.0,202.0,,,,,,22.0
Isaac Rochell,2017,DT,Notre Dame,2,4.89,57.5,,,7,2,0,7,0,0,10.0,76.0,280.0,31.5,25.0,114.0,,,22.0
David Moore,2017,WR,East Central (OK),10,,,,,7,2,0,9,0,2,15.0,,,,,,,,22.0
Josh Carraway,2017,OLB,TCU,3,4.74,40.0,,,7,2,0,1,0,0,0.0,75.0,242.0,29.5,25.0,120.0,7.2,4.44,23.0
Joey Ivie,2017,DT,Florida,2,,,,,7,2,0,3,0,0,0.0,,,,,,,,22.0
Adrian Colbert,2017,DB,Miami (FL),2,,,,,7,2,0,8,0,1,8.0,,,,,,,,23.0
Josh Harvey-Clemons,2017,S,Louisville,4,,,,,7,2,0,3,0,0,4.0,76.0,217.0,31.5,12.0,121.0,,,23.0
Jylan Ware,2017,OT,Alabama State,1,,,,,7,2,0,1,0,0,0.0,,,,,,,,23.0
Elijah Lee,2017,LB,Kansas State,4,,,,,7,2,0,6,0,0,8.0,,,,,,,,21.0
Harrison Butker,2017,K,Georgia Tech,3,,,,,7,2,1,9,0,3,27.0,76.0,199.0,,,,,,22.0
Ejuan Price,2017,DE,Pittsburgh,3,4.84,40.0,,,7,2,0,1,0,0,0.0,71.0,241.0,31.5,20.0,117.0,,4.34,24.0
Joshua Holsey,2017,DB,Auburn,2,,,,,7,2,0,2,0,0,1.0,,,,,,,,23.0
Brad Seaton,2017,OT,Villanova,9,,,,,7,2,0,0,0,0,0.0,,,,,,,,23.0
Isaiah Ford,2017,WR,Virginia Tech,3,4.61,18.0,,84.52,7,2,0,5,0,0,5.0,73.0,194.0,35.5,14.0,127.0,6.94,4.34,21.0
Devante Mays,2017,RB,Utah State,7,,,,57.42,7,2,0,1,0,0,0.0,,,,,,,,23.0
Noah Brown,2017,WR,Ohio State,1,,,,30.16,7,2,0,9,0,2,19.0,74.0,222.0,,19.0,,7.07,4.33,21.0
Marquez Williams,2017,FB,Miami (FL),2,,,,,7,2,0,1,0,0,0.0,,,,,,,,23.0
Khalfani Muhammad,2017,RB,California,4,,,,50.12,7,2,0,0,0,0,0.0,,,,,,,,22.0
Elijah Hood,2017,RB,North Carolina,3,,,,78.01,7,2,0,1,0,0,0.0,72.0,232.0,,18.0,,,,21.0
Kyle Fuller,2017,C,Baylor,3,5.24,48.0,,,7,2,0,6,0,0,7.0,77.0,307.0,26.0,23.0,96.0,7.71,4.84,23.0
Treyvon Hester,2017,DT,Toledo,8,,,,,7,2,0,3,0,0,3.0,74.0,300.0,,,,,,24.0
Jack Tocho,2017,CB,NC State,4,4.54,24.44,,,7,2,0,0,0,0,0.0,72.0,202.0,35.0,21.0,125.0,,,21.0
Jordan Carrell,2017,DT,Colorado,3,,,,,7,2,0,0,0,0,0.0,,,,,,,,23.0
Malachi Dupre,2017,WR,LSU,1,4.52,36.0,,49.05,7,2,0,2,0,0,0.0,74.0,196.0,39.5,11.0,135.0,7.19,4.26,21.0
Keion Adams,2017,OLB,Western Michigan,8,,,,,7,2,0,0,0,0,0.0,,,,,,,,22.0
Chris Carson,2017,RB,Oklahoma State,3,4.58,36.67,,82.38,7,2,1,5,0,3,29.0,72.0,218.0,37.0,23.0,130.0,,,22.0
Pat O'Connor,2017,DE,Eastern Michigan,8,,,,,7,2,0,9,0,0,6.0,,,,,,,,23.0
Mason Schreck,2017,TE,Buffalo,8,,,,57.35,7,2,0,6,0,0,0.0,,,,,,,,23.0
Matthew Dayes,2017,RB,NC State,4,4.47,55.0,,81.92,7,2,0,2,0,0,0.0,69.0,205.0,28.0,18.0,109.0,,,23.0
Chad Kelly,2017,QB,Ole Miss,3,,,,69.82,7,2,0,2,0,0,0.0,,,,,,,,23.0
Baker Mayfield,2018,QB,Oklahoma,2,4.84,32.5,,100.0,1,0,1,8,2,7,80.0,73.0,215.0,29.0,,111.0,7.0,4.28,23.0
Saquon Barkley,2018,RB,Penn State,2,4.4,66.67,,100.0,1,0,1,8,3,7,65.0,72.0,233.0,41.0,29.0,,,4.24,21.0
Sam Darnold,2018,QB,USC,2,4.85,31.25,,70.28,1,0,1,8,2,6,49.0,75.0,221.0,26.5,,105.0,6.96,4.4,21.0
Denzel Ward,2018,CB,Ohio State,1,4.32,73.33,,,1,0,1,8,5,8,49.0,70.0,183.0,39.0,16.0,136.0,,,21.0
Bradley Chubb,2018,DE,NC State,4,4.65,69.23,,,1,0,1,8,2,4,41.0,76.0,269.0,36.0,24.0,121.0,7.37,4.41,22.0
Quenton Nelson,2018,OG,Notre Dame,2,,,,,1,0,1,8,8,8,79.0,77.0,325.0,26.5,35.0,105.0,7.65,4.62,22.0
Josh Allen,2018,QB,Wyoming,7,4.75,43.75,,55.49,1,0,1,8,4,8,111.0,77.0,237.0,33.5,,119.0,6.9,4.4,22.0
Roquan Smith,2018,ILB,Georgia,1,4.51,75.38,,,1,0,1,8,4,8,84.0,73.0,236.0,,,,,,21.0
Mike McGlinchey,2018,OT,Notre Dame,2,,,,,1,0,1,8,0,7,46.0,80.0,309.0,28.5,24.0,105.0,,,24.0
Josh Rosen,2018,QB,UCLA,5,4.92,22.5,,100.0,1,0,0,4,0,1,3.0,76.0,226.0,31.0,,111.0,7.09,4.28,21.0
Minkah Fitzpatrick,2018,S,Alabama,1,4.46,64.44,,,1,0,1,8,5,7,61.0,73.0,201.0,33.0,14.0,121.0,,,21.0
Vita Vea,2018,DT,Washington,2,5.1,31.25,,,1,0,1,8,2,6,51.0,76.0,347.0,,41.0,,,,23.0
Daron Payne,2018,DT,Alabama,1,4.95,50.0,,,1,0,1,8,1,8,53.0,74.0,311.0,28.5,27.0,107.0,7.58,4.71,21.0
Marcus Davenport,2018,DE,UTSA,8,4.58,80.0,,,1,0,0,8,0,2,22.0,78.0,264.0,33.5,22.0,124.0,7.2,4.41,22.0
Kolton Miller,2018,OT,UCLA,5,4.95,76.47,,,1,0,1,8,0,7,42.0,81.0,309.0,31.5,24.0,121.0,7.34,4.49,23.0
Tremaine Edmunds,2018,ILB,Virginia Tech,3,4.54,70.77,,,1,0,1,8,2,8,62.0,77.0,253.0,,19.0,117.0,,,20.0
Derwin James,2018,S,Florida State,2,4.47,62.22,,,1,0,1,8,5,6,46.0,75.0,215.0,40.0,21.0,132.0,,,22.0
Jaire Alexander,2018,CB,Louisville,4,4.38,60.0,,,1,0,1,8,2,5,34.0,71.0,192.0,35.0,14.0,127.0,6.71,3.98,21.0
Leighton Vander Esch,2018,OLB,Boise State,7,4.65,53.85,,,1,0,1,6,1,5,35.0,76.0,256.0,39.5,20.0,124.0,6.88,4.15,21.0
Frank Ragnow,2018,C,Arkansas,3,,,,,1,0,1,7,4,6,51.0,77.0,312.0,,26.0,,,,22.0
Billy Price,2018,C,Ohio State,1,,,,,1,0,1,5,0,3,18.0,76.0,305.0,,,,,,23.0
Rashaan Evans,2018,ILB,Alabama,1,,,,,1,0,1,7,0,4,32.0,75.0,232.0,30.0,,116.0,6.95,4.36,22.0
Isaiah Wynn,2018,OT,Georgia,1,,,,,1,0,1,7,0,3,23.0,75.0,313.0,,,,,,22.0
D.J. Moore,2018,WR,Maryland,4,4.42,56.0,,100.0,1,0,1,8,0,8,61.0,72.0,210.0,39.5,15.0,132.0,6.95,4.07,21.0
Hayden Hurst,2018,TE,South Carolina,3,4.67,55.0,,40.52,1,0,0,7,0,1,17.0,76.0,250.0,31.5,,120.0,7.19,4.37,25.0
Calvin Ridley,2018,WR,Alabama,1,4.43,54.0,,53.79,1,0,1,8,0,4,41.0,72.0,189.0,31.0,15.0,110.0,6.88,4.41,23.0
Rashaad Penny,2018,RB,San Diego State,7,4.46,56.67,,100.0,1,0,0,6,0,0,13.0,71.0,220.0,32.5,13.0,120.0,,,22.0
Terrell Edmunds,2018,S,Virginia Tech,3,4.47,62.22,,,1,0,1,8,0,5,27.0,74.0,220.0,41.5,,134.0,,,21.0
Taven Bryan,2018,DT,Florida,2,4.98,46.25,,,1,0,1,8,0,4,22.0,76.0,291.0,35.0,30.0,119.0,7.12,4.48,22.0
Mike Hughes,2018,CB,UCF,4,4.53,26.67,,,1,0,0,8,0,2,17.0,71.0,191.0,35.5,20.0,127.0,6.7,4.13,21.0
Sony Michel,2018,RB,Georgia,1,4.54,43.33,,95.68,1,0,0,5,0,2,21.0,71.0,214.0,,22.0,,,4.21,23.0
Lamar Jackson,2018,QB,Louisville,4,,,,90.93,1,0,1,8,4,7,110.0,74.0,216.0,,,,,,21.0
Austin Corbett,2018,C,Nevada,7,5.15,60.0,,,2,0,1,8,0,4,29.0,76.0,306.0,28.0,19.0,106.0,7.87,4.5,23.0
Will Hernandez,2018,OG,UTEP,6,5.15,53.33,,,2,0,1,8,0,5,38.0,74.0,327.0,24.0,37.0,104.0,7.59,4.7,23.0
Nick Chubb,2018,RB,Georgia,1,4.52,46.67,,97.93,2,0,1,8,4,6,49.0,71.0,227.0,38.5,29.0,128.0,7.09,4.25,22.0
Shaquille Leonard,2018,LB,South Carolina State,3,4.7,30.0,,,2,0,1,6,3,5,60.0,74.0,234.0,,17.0,,,,23.0
Braden Smith,2018,OG,Auburn,2,5.22,44.0,,,2,0,1,8,0,8,45.0,78.0,315.0,33.5,35.0,113.0,,4.77,22.0
Ronald Jones II,2018,RB,USC,2,4.65,25.0,,100.0,2,0,0,5,0,2,18.0,71.0,205.0,36.5,,,,,21.0
James Daniels,2018,C,Iowa,3,,,,,2,0,1,8,0,6,29.0,75.0,306.0,30.5,21.0,108.0,7.29,4.4,20.0
Courtland Sutton,2018,WR,SMU,6,4.54,32.0,,100.0,2,0,1,8,2,6,45.0,75.0,218.0,35.5,18.0,124.0,6.57,4.11,22.0
Harold Landry,2018,OLB,Boston College,4,4.64,55.38,,,2,0,1,8,1,6,45.0,75.0,252.0,36.0,24.0,119.0,6.88,4.19,22.0
Mike Gesicki,2018,TE,Penn State,2,4.54,76.67,,69.38,2,0,0,8,0,2,28.0,77.0,247.0,41.5,22.0,129.0,6.76,4.1,22.0
Kerryon Johnson,2018,RB,Auburn,2,,,,100.0,2,0,0,4,0,1,11.0,71.0,213.0,40.0,11.0,126.0,7.07,4.29,21.0
Dante Pettis,2018,WR,Washington,2,,,,69.88,2,0,0,8,0,0,11.0,72.0,186.0,,,,,,22.0
Josh Jackson,2018,CB,Iowa,3,4.56,20.0,,,2,0,0,5,0,0,8.0,73.0,192.0,38.0,18.0,123.0,6.86,4.03,22.0
Breeland Speaks,2018,DE,Ole Miss,3,4.87,35.38,,,2,0,0,1,0,0,3.0,75.0,283.0,32.5,,110.0,7.63,4.65,22.0
Christian Kirk,2018,WR,Texas A&M,2,4.47,46.0,,76.48,2,0,1,8,0,7,42.0,70.0,201.0,35.5,20.0,115.0,7.09,4.45,21.0
Uchenna Nwosu,2018,OLB,USC,2,4.65,53.85,,,2,0,1,8,0,3,29.0,75.0,251.0,32.0,20.0,119.0,,,21.0
Dallas Goedert,2018,TE,South Dakota State,9,,,,,2,0,1,8,0,8,38.0,77.0,256.0,,23.0,,,,23.0
Connor Williams,2018,OT,Texas,2,5.05,64.71,,,2,0,1,7,0,6,34.0,77.0,296.0,34.0,26.0,112.0,7.83,4.63,21.0
Anthony Miller,2018,WR,Memphis,6,,,,100.0,2,0,0,7,0,2,12.0,71.0,201.0,,22.0,,,,23.0
Kemoko Turay,2018,OLB,Rutgers,4,4.65,53.85,,,2,0,0,5,0,0,5.0,77.0,253.0,,,,,,23.0
M.J. Stewart,2018,CB,North Carolina,3,4.54,24.44,,,2,0,0,8,0,0,9.0,71.0,200.0,35.0,18.0,118.0,6.9,4.28,22.0
Jessie Bates III,2018,S,Wake Forest,4,4.5,55.56,,,2,0,1,8,1,8,55.0,74.0,195.0,35.5,,117.0,6.78,4.26,21.0
Donte Jackson,2018,CB,LSU,1,4.32,73.33,,,2,0,1,8,0,8,34.0,71.0,175.0,,7.0,124.0,,,22.0
Duke Dawson,2018,CB,Florida,2,4.46,42.22,,,2,0,0,3,0,0,3.0,70.0,208.0,,15.0,,,,21.0
P.J. Hall,2018,DT,Sam Houston State,10,,,,,2,0,0,3,0,2,11.0,,,,,,,,23.0
Isaiah Oliver,2018,CB,Colorado,3,4.5,33.33,,,2,0,0,8,0,2,18.0,73.0,190.0,,,,,,21.0
Derrius Guice,2018,RB,LSU,1,4.49,51.67,,100.0,2,0,0,2,0,0,2.0,70.0,224.0,31.5,15.0,,,,21.0
James Washington,2018,WR,Oklahoma State,3,4.54,32.0,,98.31,2,0,0,5,0,2,11.0,71.0,213.0,34.5,14.0,120.0,7.11,4.32,22.0
DJ Chark,2018,WR,LSU,1,4.34,72.0,,,2,0,1,7,1,4,21.0,75.0,199.0,40.0,16.0,129.0,,,21.0
Brian O'Neill,2018,OT,Pittsburgh,3,4.82,91.76,,,2,0,1,8,2,8,56.0,79.0,297.0,29.5,22.0,107.0,7.14,4.5,22.0
Carlton Davis,2018,CB,Auburn,2,4.53,26.67,,,2,0,1,8,0,7,34.0,73.0,203.0,34.0,16.0,124.0,,,21.0
Tyquan Lewis,2018,DE,Ohio State,1,,,,,2,0,0,8,0,0,13.0,75.0,265.0,35.5,,122.0,,,23.0
Brandon Parker,2018,OT,North Carolina A&T,3,5.4,23.53,,,3,1,0,6,0,2,15.0,80.0,305.0,28.5,,113.0,7.82,4.68,22.0
Lorenzo Carter,2018,DE,Georgia,1,4.5,92.31,,,3,1,1,7,0,4,30.0,78.0,250.0,36.0,,130.0,,,22.0
Chad Thomas,2018,DE,Miami (FL),2,4.92,27.69,,,3,1,0,2,0,0,5.0,78.0,281.0,29.0,,116.0,,,22.0
Justin Reid,2018,S,Stanford,3,4.4,77.78,,,3,1,1,8,0,8,34.0,73.0,204.0,36.5,16.0,128.0,6.65,4.15,21.0
B.J. Hill,2018,DT,NC State,4,4.99,45.0,,,3,1,1,8,0,6,37.0,76.0,311.0,26.5,35.0,101.0,7.28,4.53,23.0
Fred Warner,2018,OLB,BYU,5,4.64,55.38,,,3,1,1,8,4,7,82.0,75.0,236.0,38.5,21.0,119.0,6.9,4.28,21.0
Royce Freeman,2018,RB,Oregon,2,4.54,43.33,,100.0,3,1,0,6,0,0,13.0,71.0,229.0,34.0,17.0,118.0,6.9,4.16,22.0
Nathan Shepherd,2018,DT,Fort Hays State,10,5.09,32.5,,,3,1,0,8,0,2,25.0,77.0,315.0,31.0,,112.0,7.5,4.53,24.0
Jerome Baker,2018,OLB,Ohio State,1,4.53,72.31,,,3,1,1,8,0,6,39.0,73.0,229.0,36.5,22.0,126.0,,,21.0
Geron Christian,2018,OT,Louisville,4,5.33,31.76,,,3,1,0,7,0,1,12.0,77.0,298.0,,19.0,,,,21.0
Derrick Nnadi,2018,DT,Florida State,2,5.38,0.0,,,3,1,1,8,0,6,38.0,73.0,317.0,27.0,25.0,96.0,8.15,5.02,22.0
Mason Rudolph,2018,QB,Oklahoma State,3,4.9,25.0,,99.34,3,1,0,8,0,1,10.0,77.0,235.0,26.0,,,,,23.0
Sam Hubbard,2018,DE,Ohio State,1,,,,,3,1,1,7,0,6,40.0,77.0,270.0,35.0,,116.0,6.84,4.32,23.0
Malik Jefferson,2018,OLB,Texas,2,4.52,73.85,,,3,1,0,6,0,0,3.0,75.0,236.0,36.0,27.0,125.0,,,21.0
Rasheem Green,2018,DT,USC,2,4.73,77.5,,,3,1,0,6,0,2,17.0,77.0,275.0,32.5,,118.0,7.24,4.39,21.0
Martinas Rankin,2018,OT,Mississippi State,3,,,,,3,1,0,3,0,0,7.0,76.0,308.0,,24.0,,,,23.0
Michael Gallup,2018,WR,Colorado State,7,4.51,38.0,,100.0,3,1,1,6,0,5,30.0,73.0,205.0,36.0,10.0,122.0,6.95,4.37,22.0
Tracy Walker,2018,S,Louisiana,8,,,,,3,1,0,6,0,2,13.0,,,,,,,,23.0
Orlando Brown Jr.,2018,OT,Oklahoma,2,5.85,0.0,,,3,1,1,8,4,8,69.0,80.0,345.0,19.5,14.0,82.0,7.87,5.38,22.0
Justin Jones,2018,DT,NC State,4,5.09,32.5,,,3,1,1,7,0,5,30.0,74.0,309.0,29.0,24.0,104.0,7.82,4.74,22.0
Rashaan Gaulden,2018,CB,Tennessee,2,4.61,8.89,,,3,1,0,3,0,0,1.0,73.0,193.0,30.0,8.0,119.0,7.16,4.33,23.0
Mark Andrews,2018,TE,Oklahoma,2,4.67,55.0,,74.71,3,1,1,8,3,4,51.0,77.0,256.0,31.0,17.0,113.0,7.34,4.38,23.0
Arden Key,2018,DE,LSU,1,,,,,3,1,1,8,0,4,24.0,78.0,238.0,31.0,,117.0,7.16,4.25,22.0
Oren Burks,2018,ILB,Vanderbilt,4,4.59,63.08,,,3,1,0,8,0,1,16.0,75.0,233.0,39.5,18.0,131.0,6.82,4.15,23.0
Joseph Noteboom,2018,OT,TCU,3,4.96,75.29,,,3,1,0,8,0,0,18.0,77.0,309.0,24.0,27.0,102.0,7.65,4.44,23.0
Deadrin Senat,2018,DT,South Florida,6,5.16,23.75,,,3,1,0,6,0,0,4.0,72.0,314.0,26.0,35.0,100.0,7.77,4.79,24.0
Tre'Quan Smith,2018,WR,UCF,4,,,,100.0,3,1,1,6,0,3,15.0,,,,,,,,22.0
Chukwuma Okorafor,2018,OT,Western Michigan,8,5.31,34.12,,,3,1,1,8,0,3,26.0,78.0,320.0,23.5,19.0,102.0,7.87,4.8,21.0
Ronnie Harrison,2018,S,Alabama,1,,,,,3,1,1,8,0,3,21.0,75.0,214.0,34.0,,120.0,,,21.0
Alex Cappa,2018,OT,Humboldt State,10,5.39,24.71,,,3,1,1,8,0,6,44.0,78.0,305.0,26.5,24.0,97.0,8.04,4.84,23.0
Tarvarius Moore,2018,S,Southern Miss,10,,,,,3,1,0,7,0,1,8.0,,,,,,,,22.0
Harrison Phillips,2018,DT,Stanford,3,5.21,17.5,,,3,1,1,8,0,4,35.0,76.0,307.0,32.0,42.0,103.0,7.28,4.5,22.0
Mason Cole,2018,C,Michigan,1,5.23,49.33,,,3,1,1,6,0,4,25.0,76.0,307.0,23.5,23.0,104.0,7.77,4.78,22.0
Jordan Akins,2018,TE,UCF,4,,,,54.43,3,1,0,7,0,1,16.0,75.0,249.0,,,,,,26.0
Isaac Yiadom,2018,CB,Boston College,4,4.52,28.89,,,3,1,0,8,0,2,16.0,73.0,190.0,,8.0,120.0,,4.18,22.0
Dorian O'Daniel,2018,OLB,Clemson,1,4.61,60.0,,,3,1,0,4,0,0,5.0,73.0,223.0,32.0,21.0,119.0,6.64,4.07,24.0
Ian Thomas,2018,TE,Indiana,4,4.74,43.33,,46.33,4,1,1,8,0,3,8.0,76.0,259.0,36.0,,123.0,7.15,4.2,22.0
Jalyn Holmes,2018,DE,Ohio State,1,4.82,43.08,,,4,1,0,8,0,0,8.0,77.0,283.0,32.0,25.0,,,,22.0
Keke Coutee,2018,WR,Texas Tech,4,4.43,54.0,,100.0,4,1,0,5,0,0,7.0,70.0,181.0,34.5,14.0,113.0,6.93,4.15,21.0
Nyheim Hines,2018,RB,NC State,4,4.38,70.0,,83.64,4,1,0,8,0,0,25.0,68.0,198.0,35.5,,119.0,7.18,4.35,21.0
Antonio Callaway,2018,WR,Florida,2,4.41,58.0,,53.89,4,1,0,3,0,1,5.0,71.0,200.0,34.0,,121.0,,,21.0
Josey Jewell,2018,ILB,Iowa,3,4.82,27.69,,,4,1,1,7,0,5,32.0,73.0,234.0,33.0,18.0,117.0,6.8,4.27,23.0
Chris Herndon,2018,TE,Miami (FL),2,,,,,4,1,0,4,0,2,6.0,76.0,253.0,,21.0,,,,22.0
Kyle Lauletta,2018,QB,Richmond,9,4.81,36.25,,,4,1,0,1,0,0,0.0,75.0,222.0,31.0,,113.0,6.95,4.07,23.0
Troy Apke,2018,S,Penn State,2,4.34,91.11,,,4,1,0,5,0,1,6.0,74.0,198.0,41.0,16.0,131.0,6.56,4.03,23.0
Nick Nelson,2018,CB,Wisconsin,3,4.52,28.89,,,4,1,0,2,0,0,1.0,71.0,208.0,,17.0,123.0,,,21.0
Brian Allen,2018,C,Michigan State,3,5.34,34.67,,,4,1,0,6,0,2,16.0,73.0,298.0,26.5,27.0,99.0,7.81,4.71,22.0
Mark Walton,2018,RB,Miami (FL),2,4.6,33.33,,95.01,4,1,0,2,0,0,3.0,70.0,202.0,31.5,18.0,118.0,,,21.0
DaeSean Hamilton,2018,WR,Penn State,2,,,,67.33,4,1,0,3,0,0,6.0,73.0,203.0,34.5,,118.0,6.84,4.15,23.0
Da'Shawn Hand,2018,DE,Alabama,1,,,,,4,1,0,8,0,2,16.0,,,,,,,,22.0
Joel Iyiegbuniwe,2018,LB,Western Kentucky,5,4.6,50.0,,,4,1,0,5,0,0,5.0,73.0,229.0,35.0,19.0,117.0,7.06,4.28,22.0
Dorance Armstrong Jr.,2018,DE,Kansas,10,4.87,35.38,,,4,1,0,8,0,1,22.0,76.0,257.0,30.0,20.0,118.0,7.12,4.23,21.0
Jordan Whitehead,2018,S,Pittsburgh,3,,,,,4,1,1,7,0,7,32.0,71.0,195.0,,21.0,,,,21.0
Anthony Averett,2018,CB,Alabama,1,4.36,64.44,,,4,1,0,5,0,1,11.0,72.0,185.0,31.5,13.0,119.0,6.93,4.4,23.0
Kyzir White,2018,S,West Virginia,4,,,,,4,1,1,8,0,4,31.0,74.0,216.0,35.5,21.0,113.0,,,22.0
Will Dissly,2018,TE,Washington,2,4.87,21.67,,29.69,4,1,1,8,0,5,16.0,76.0,262.0,28.0,15.0,111.0,7.07,4.4,22.0
Taron Johnson,2018,CB,Weber State,10,4.5,33.33,,,4,1,1,8,0,6,36.0,72.0,180.0,33.0,17.0,118.0,7.03,4.28,22.0
Kenny Young,2018,LB,UCLA,5,4.6,50.0,,,4,1,0,5,0,1,18.0,73.0,236.0,36.0,23.0,117.0,7.38,4.48,23.0
Durham Smythe,2018,TE,Notre Dame,2,4.81,31.67,,25.06,4,1,1,8,0,5,10.0,77.0,253.0,31.0,18.0,110.0,7.17,4.23,23.0
Armani Watts,2018,S,Texas A&M,2,,,,,4,1,0,4,0,0,3.0,71.0,205.0,35.0,13.0,120.0,7.25,4.37,22.0
Avonte Maddox,2018,CB,Pittsburgh,3,4.39,57.78,,,4,1,0,8,0,1,17.0,69.0,180.0,37.0,13.0,125.0,6.51,4.0,22.0
Ito Smith,2018,RB,Southern Miss,10,,,,100.0,4,1,0,4,0,0,6.0,,,,,,,,22.0
Rick Leonard,2018,OT,Florida State,2,,,,,4,1,0,4,0,0,0.0,79.0,311.0,,19.0,,,,21.0
Kentavius Street,2018,DT,NC State,4,4.87,60.0,,,4,1,0,8,0,0,11.0,74.0,280.0,,28.0,,,,22.0
Will Richardson,2018,OT,NC State,4,5.26,40.0,,,4,1,0,4,0,0,4.0,78.0,306.0,31.5,,108.0,7.8,4.83,22.0
Josh Sweat,2018,DE,Florida State,2,4.53,87.69,,,4,1,1,8,1,5,37.0,76.0,251.0,39.5,,124.0,,4.28,21.0
Kalen Ballage,2018,RB,Arizona State,3,4.46,56.67,,54.22,4,1,0,4,0,1,6.0,73.0,228.0,33.5,15.0,122.0,6.91,4.35,22.0
Jaleel Scott,2018,WR,New Mexico State,7,4.56,28.0,,100.0,4,1,0,3,0,0,0.0,77.0,218.0,34.5,16.0,124.0,7.2,4.4,23.0
J'Mon Moore,2018,WR,Missouri,4,,,,100.0,4,1,0,1,0,0,0.0,,,,,,,,23.0
Chase Edmonds,2018,RB,Fordham,10,4.55,41.67,,,4,1,0,8,0,1,21.0,69.0,205.0,34.0,19.0,122.0,6.79,4.07,22.0
John Franklin-Myers,2018,DE,S.F. Austin,10,4.75,53.85,,,4,1,1,8,0,5,38.0,76.0,283.0,33.0,26.0,113.0,7.36,4.48,21.0
Marquis Haynes,2018,OLB,Ole Miss,3,4.67,50.77,,,4,1,0,7,0,0,7.0,75.0,235.0,32.0,23.0,123.0,7.14,4.45,24.0
Dalton Schultz,2018,TE,Stanford,3,4.75,41.67,,24.02,4,1,1,8,0,4,30.0,77.0,244.0,32.0,15.0,120.0,7.0,4.4,22.0
Cole Madison,2018,OG,Washington State,4,5.33,29.33,,,5,2,0,0,0,0,0.0,77.0,308.0,28.5,26.0,97.0,7.86,4.88,23.0
R.J. McIntosh,2018,DT,Miami (FL),2,,,,,5,2,0,2,0,0,1.0,76.0,286.0,,,,,,22.0
Maurice Hurst Jr.,2018,DT,Michigan,1,,,,,5,2,0,8,0,1,11.0,74.0,292.0,,,,,,23.0
Shaquem Griffin,2018,OLB,UCF,4,4.38,95.38,,,5,2,0,3,0,0,4.0,73.0,227.0,,20.0,117.0,,,23.0
D.J. Reed,2018,CB,Kansas State,4,4.51,31.11,,,5,2,1,8,0,6,27.0,69.0,188.0,36.5,11.0,,,,21.0
Ja'Whaun Bentley,2018,ILB,Purdue,4,,,,,5,2,1,7,0,4,36.0,,,,,,,,22.0
Justin Watson,2018,WR,Pennsylvania,10,,,,,5,2,0,8,0,0,11.0,,,,,,,,22.0
Bilal Nichols,2018,DT,Delaware,9,4.95,50.0,,,5,2,1,8,0,5,37.0,76.0,306.0,,29.0,,,,21.0
Tre Flowers,2018,S,Oklahoma State,3,4.45,66.67,,,5,2,0,8,0,2,19.0,75.0,200.0,34.5,18.0,122.0,,,23.0
Micah Kiser,2018,ILB,Virginia,4,4.66,52.31,,,5,2,0,4,0,0,8.0,74.0,238.0,35.5,,121.0,7.05,4.24,23.0
Marcus Allen,2018,S,Penn State,2,,,,,5,2,0,5,0,0,6.0,74.0,202.0,37.0,15.0,127.0,,4.32,22.0
Michael Dickson,2018,P,Texas,2,,,,,5,2,1,8,1,3,20.0,74.0,208.0,,,,,,22.0
Genard Avery,2018,LB,Memphis,6,4.59,52.0,,,5,2,0,7,0,2,11.0,73.0,248.0,36.0,26.0,124.0,6.9,4.36,23.0
Davontae Harris,2018,CB,Illinois State,4,4.43,48.89,,,5,2,0,5,0,0,5.0,72.0,200.0,32.5,22.0,123.0,6.96,4.4,23.0
Dane Cruikshank,2018,CB,Arizona,4,4.41,53.33,,,5,2,0,7,0,0,4.0,73.0,206.0,38.5,25.0,121.0,6.89,4.24,23.0
Tyrell Crosby,2018,OT,Oregon,2,5.23,43.53,,,5,2,0,3,0,1,11.0,77.0,309.0,30.0,17.0,105.0,7.89,4.77,23.0
Siran Neal,2018,CB,Jacksonville State,10,4.56,20.0,,,5,2,0,8,0,0,7.0,72.0,199.0,40.5,17.0,122.0,7.0,4.28,24.0
Scott Quessenberry,2018,C,UCLA,5,5.09,68.0,,,5,2,0,5,0,2,13.0,76.0,310.0,33.5,25.0,111.0,7.5,4.69,23.0
Troy Fumagalli,2018,TE,Wisconsin,3,,,,53.36,5,2,0,3,0,0,1.0,77.0,247.0,,14.0,,,,23.0
Tyler Conklin,2018,TE,Central Michigan,8,4.8,33.33,,79.21,5,2,1,8,0,4,20.0,75.0,254.0,38.0,18.0,120.0,7.13,4.23,23.0
Andrew Brown,2018,DE,Virginia,4,5.03,10.77,,,5,2,0,5,0,0,2.0,76.0,296.0,28.0,31.0,101.0,7.51,4.48,22.0
Daurice Fountain,2018,WR,Northern Iowa,10,,,,,5,2,0,4,0,0,0.0,,,,,,,,22.0
Ogbonnia Okoronkwo,2018,DE,Oklahoma,2,4.77,50.77,,,5,2,0,8,0,0,12.0,73.0,253.0,38.0,27.0,121.0,,,23.0
Jermaine Carter Jr.,2018,LB,Maryland,4,,,,,5,2,0,5,0,2,15.0,,,,,,,,23.0
Jordan Lasley,2018,WR,UCLA,5,4.5,40.0,,100.0,5,2,0,0,0,0,0.0,73.0,203.0,34.5,8.0,112.0,,4.19,21.0
Tim Settle,2018,DT,Virginia Tech,3,5.37,0.0,,,5,2,0,8,0,1,20.0,75.0,329.0,23.5,,96.0,7.95,4.83,21.0
Natrell Jamerson,2018,S,Wisconsin,3,4.4,77.78,,,5,2,0,3,0,0,1.0,72.0,198.0,35.5,25.0,120.0,,,22.0
Jaylen Samuels,2018,TE,NC State,4,4.54,76.67,,100.0,5,2,0,4,0,0,7.0,71.0,225.0,34.5,18.0,121.0,6.93,4.28,22.0
Wyatt Teller,2018,OG,Virginia Tech,3,5.24,41.33,,,5,2,1,8,3,7,39.0,76.0,314.0,29.0,30.0,114.0,7.45,4.84,23.0
Daniel Carlson,2018,K,Auburn,2,,,,,5,2,1,8,0,3,23.0,77.0,213.0,,,,,,23.0
Jamarco Jones,2018,OT,Ohio State,1,5.5,11.76,,,5,2,0,7,0,0,7.0,76.0,299.0,24.0,,102.0,8.32,4.99,22.0
Jordan Wilkins,2018,RB,Ole Miss,3,,,,82.59,5,2,0,5,0,0,8.0,73.0,216.0,36.0,16.0,117.0,,4.27,24.0
Darius Phillips,2018,CB,Western Michigan,8,4.54,24.44,,,5,2,0,5,0,1,7.0,70.0,190.0,,,,,,23.0
Mike White,2018,QB,Western Kentucky,5,5.09,1.25,,92.16,5,2,0,7,0,0,5.0,77.0,224.0,27.0,,96.0,7.4,4.4,23.0
JK Scott,2018,P,Alabama,1,4.83,26.15,,,5,2,1,8,0,3,13.0,78.0,208.0,30.5,,114.0,7.28,4.41,22.0
Johnny Townsend,2018,P,Florida,2,,,,,5,2,0,4,0,0,2.0,73.0,210.0,,,,,,23.0
Marquez Valdes-Scantling,2018,WR,South Florida,6,4.37,66.0,,74.84,5,2,1,8,0,5,29.0,76.0,206.0,30.5,15.0,124.0,,,23.0
Damion Ratley,2018,WR,Texas A&M,2,,,,63.16,6,2,0,3,0,0,4.0,,,,,,,,23.0
John Kelly,2018,RB,Tennessee,2,,,,78.25,6,2,0,7,0,0,1.0,70.0,216.0,35.0,15.0,120.0,7.13,4.51,21.0
Duke Ejiofor,2018,DE,Wake Forest,4,,,,,6,2,0,1,0,0,1.0,76.0,264.0,,,,,,23.0
Christian Sam,2018,ILB,Arizona State,3,4.75,38.46,,,6,2,0,0,0,0,0.0,74.0,244.0,32.0,28.0,114.0,7.03,4.25,22.0
Parry Nickerson,2018,CB,Tulane,6,4.32,73.33,,,6,2,0,8,0,0,2.0,72.0,180.0,,15.0,,,,23.0
Folorunso Fatukasi,2018,DT,Connecticut,6,,,,,6,2,1,8,0,4,27.0,,,,,,,,23.0
Kylie Fitts,2018,DE,Utah,3,4.69,63.08,,,6,2,0,4,0,0,1.0,76.0,263.0,32.5,31.0,117.0,6.88,4.19,23.0
Christian Campbell,2018,CB,Penn State,2,,,,,6,2,0,0,0,0,0.0,,,,,,,,22.0
Sam Jones,2018,OG,Arizona State,3,5.32,30.67,,,6,2,0,1,0,0,0.0,77.0,305.0,27.0,28.0,101.0,7.92,4.86,22.0
Marcell Harris,2018,S,Florida,2,,,,,6,2,0,5,0,0,14.0,72.0,208.0,,16.0,,,,24.0
Deon Cain,2018,WR,Clemson,1,4.43,54.0,,48.79,6,2,0,3,0,0,1.0,74.0,202.0,33.5,11.0,115.0,6.71,4.37,22.0
Jacob Martin,2018,LB,Temple,6,,,,,6,2,0,8,0,2,17.0,,,,,,,,22.0
Ray-Ray McCloud,2018,WR,Clemson,1,4.53,34.0,,33.04,6,2,0,8,0,1,14.0,69.0,190.0,34.5,13.0,113.0,,,21.0
Simeon Thomas,2018,CB,Louisiana,8,,,,,6,2,0,2,0,0,1.0,,,,,,,,24.0
Kamrin Moore,2018,CB,Boston College,4,,,,,6,2,0,1,0,0,0.0,71.0,200.0,,,,,,21.0
DeShon Elliott,2018,S,Texas,2,4.58,37.78,,,6,2,1,8,0,4,25.0,74.0,205.0,36.0,15.0,121.0,,,21.0
Dylan Cantrell,2018,WR,Texas Tech,4,4.59,22.0,,74.19,6,2,0,0,0,0,0.0,75.0,226.0,38.5,18.0,130.0,6.56,4.03,24.0
Jamil Demby,2018,OT,Maine,10,5.58,2.35,,,6,2,0,2,0,0,1.0,76.0,319.0,23.5,17.0,98.0,7.86,4.95,22.0
Chris Covington,2018,LB,Indiana,4,4.78,14.0,,,6,2,0,2,0,0,0.0,74.0,245.0,,23.0,,,,22.0
Russell Gage,2018,WR,LSU,1,,,,47.6,6,2,0,8,0,0,20.0,,,,,,,,22.0
Sebastian Joseph-Day,2018,DT,Rutgers,4,,,,,6,2,1,8,0,5,38.0,,,,,,,,23.0
Tremon Smith,2018,WR,Central Arkansas,9,,,,,6,2,0,8,0,0,8.0,,,,,,,,22.0
Shaun Dion Hamilton,2018,LB,Alabama,1,,,,,6,2,0,3,0,0,8.0,72.0,228.0,,20.0,,,,22.0
Kahlil McKenzie,2018,DT,Tennessee,2,5.15,25.0,,,6,2,0,4,0,0,1.0,77.0,314.0,29.5,26.0,105.0,7.94,4.68,21.0
Luke Falk,2018,QB,Washington State,4,,,,95.07,6,2,0,2,0,0,1.0,76.0,215.0,26.5,,103.0,,,23.0
Foyesade Oluokun,2018,S,Yale,10,,,,,6,2,1,8,0,6,44.0,,,,,,,,23.0
Boston Scott,2018,RB,Louisiana Tech,5,,,,75.27,6,2,0,6,0,0,11.0,,,,,,,,23.0
Jack Cichy,2018,ILB,Wisconsin,3,,,,,6,2,0,3,0,0,0.0,74.0,238.0,,18.0,,,,23.0
Tanner Lee,2018,QB,Nebraska,3,4.98,15.0,,80.5,6,2,0,0,0,0,0.0,76.0,218.0,32.0,,115.0,7.0,4.41,23.0
Trenton Cannon,2018,RB,Virginia State,4,,,,,6,2,0,5,0,0,2.0,,,,,,,,24.0
Trevon Young,2018,DE,Louisville,4,4.78,49.23,,,6,2,0,1,0,0,0.0,76.0,258.0,33.0,25.0,114.0,6.99,4.4,23.0
Matt Pryor,2018,OT,TCU,3,,,,,6,2,0,8,0,2,19.0,,,,,,,,23.0
Equanimeous St. Brown,2018,WR,Notre Dame,2,4.48,44.0,,34.11,6,2,0,7,0,2,8.0,77.0,214.0,,20.0,,,,21.0
Cedrick Wilson Jr.,2018,WR,Boise State,7,4.55,30.0,,85.08,6,2,0,8,0,0,11.0,74.0,197.0,37.0,9.0,121.0,6.89,4.23,22.0
Cornell Armstrong,2018,CB,Southern Miss,10,,,,,6,2,0,8,0,0,3.0,,,,,,,,22.0
Braxton Berrios,2018,WR,Miami (FL),2,,,,51.42,6,2,0,8,0,0,11.0,69.0,184.0,,11.0,,,,22.0
Jordan Thomas,2018,TE,Mississippi State,3,4.74,43.33,,24.48,6,2,0,3,0,1,2.0,77.0,265.0,27.0,16.0,111.0,7.5,4.75,22.0
Greg Senat,2018,OT,Wagner,10,5.38,25.88,,,6,2,0,3,0,0,1.0,78.0,302.0,26.0,19.0,106.0,7.41,4.71,23.0
Colby Gossett,2018,OG,Appalachian State,8,5.2,46.67,,,6,2,0,5,0,0,4.0,77.0,311.0,25.0,32.0,103.0,7.6,4.83,23.0
Peter Kalambayi,2018,LB,Stanford,3,4.57,56.0,,,6,2,0,3,0,0,3.0,75.0,252.0,34.0,19.0,121.0,7.13,4.36,23.0
Bradley Bozeman,2018,C,Alabama,1,,,,,6,2,1,8,0,7,41.0,,,,,,,,23.0
Azeem Victor,2018,LB,Washington,2,4.72,26.0,,,6,2,0,0,0,0,0.0,73.0,240.0,32.5,19.0,115.0,7.2,4.4,22.0
Keishawn Bierria,2018,ILB,Washington,2,4.79,32.31,,,6,2,0,2,0,0,1.0,74.0,230.0,30.5,21.0,117.0,7.26,,23.0
Ade Aruna,2018,DE,Tulane,6,4.6,76.92,,,6,2,0,0,0,0,0.0,78.0,262.0,38.5,18.0,128.0,7.53,4.48,24.0
Danny Etling,2018,QB,LSU,1,4.76,42.5,,53.3,7,2,0,0,0,0,0.0,74.0,222.0,30.5,,114.0,7.09,4.37,24.0
Alex McGough,2018,QB,Florida International,2,,,,66.79,7,2,0,0,0,0,0.0,,,,,,,,22.0
Matthew Adams,2018,LB,Houston,6,,,,,7,2,0,7,0,1,14.0,,,,,,,,22.0
Jermaine Kelly,2018,CB,San Jose State,7,,,,,7,2,0,0,0,0,0.0,,,,,,,,23.0
Jullian Taylor,2018,DT,Temple,6,,,,,7,2,0,2,0,0,1.0,,,,,,,,23.0
Javon Wims,2018,WR,Georgia,1,4.53,34.0,,48.56,7,2,0,5,0,0,1.0,75.0,215.0,33.5,,113.0,7.0,,23.0
Devante Downs,2018,LB,California,4,,,,,7,2,0,3,0,0,6.0,,,,,,,,22.0
David Williams,2018,RB,Arkansas,3,,,,60.79,7,2,0,1,0,0,0.0,,,,,,,,24.0
Quentin Poling,2018,LB,Ohio,8,,,,,7,2,0,2,0,0,0.0,,,,,,,,24.0
Marcell Ateman,2018,WR,Oklahoma State,3,4.62,16.0,,85.06,7,2,0,4,0,0,2.0,76.0,216.0,34.0,13.0,121.0,7.07,4.25,23.0
Jason Sanders,2018,K,New Mexico,7,,,,,7,2,0,7,0,2,23.0,,,,,,,,22.0
Leon Jacobs,2018,OLB,Wisconsin,3,4.48,80.0,,,7,2,0,3,0,1,7.0,75.0,246.0,34.5,26.0,122.0,7.14,4.44,22.0
Travin Howard,2018,OLB,TCU,3,,,,,7,2,0,5,0,0,3.0,,,,,,,,22.0
James Looney,2018,DE,California,4,4.89,32.31,,,7,2,0,1,0,0,0.0,75.0,287.0,35.5,28.0,113.0,7.32,4.37,23.0
Jordan Mailata,2018,OT,,10,,,,,7,2,1,8,0,6,41.0,,,,,,,,21.0
Andre Smith,2018,ILB,North Carolina,3,4.63,56.92,,,7,2,0,6,0,0,6.0,72.0,237.0,,19.0,,,,21.0
Zaire Franklin,2018,LB,Syracuse,4,,,,,7,2,1,8,1,5,40.0,,,,,,,,22.0
Bo Scarbrough,2018,RB,Alabama,1,4.52,46.67,,57.31,7,2,0,3,0,0,2.0,73.0,228.0,40.0,14.0,129.0,,4.34,23.0
Nick Bawden,2018,RB,San Diego State,7,,,,0.0,7,2,0,6,0,0,0.0,74.0,245.0,,,,,,22.0
Zach Sieler,2018,DE,Ferris State,10,,,,,7,2,1,8,0,4,38.0,,,,,,,,23.0
Hunter Bradley,2018,LS,Mississippi State,3,,,,,7,2,0,5,0,0,3.0,,,,,,,,24.0
Richie James,2018,WR,Middle Tenn. State,10,4.48,44.0,,,7,2,0,6,0,1,13.0,70.0,183.0,35.5,6.0,122.0,6.87,4.16,23.0
Greg Stroman,2018,CB,Virginia Tech,3,4.48,37.78,,,7,2,0,7,0,0,4.0,72.0,180.0,33.5,16.0,113.0,,4.45,22.0
Kendrick Norton,2018,DT,Miami (FL),2,5.25,12.5,,,7,2,0,0,0,0,0.0,75.0,314.0,,30.0,,,,21.0
Keion Crossen,2018,CB,Western Carolina,10,,,,,7,2,0,8,0,0,6.0,,,,,,,,22.0
Justin Lawler,2018,DE,SMU,6,,,,,7,2,0,4,0,0,1.0,,,,,,,,23.0
Will Clapp,2018,C,LSU,1,5.39,28.0,,,7,2,0,7,0,1,12.0,76.0,311.0,29.0,25.0,97.0,8.04,4.92,22.0
Joshua Frazier,2018,DT,Alabama,1,,,,,7,2,0,0,0,0,0.0,76.0,321.0,,21.0,,,,22.0
Logan Cooke,2018,P,Mississippi State,3,,,,,7,2,1,8,1,3,19.0,,,,,,,,23.0
Kendall Donnerson,2018,OLB,SE Missouri State,10,,,,,7,2,0,0,0,0,0.0,,,,,,,,22.0
Logan Woodside,2018,QB,Toledo,8,4.79,38.75,,79.76,7,2,0,6,0,0,0.0,73.0,213.0,31.5,,103.0,6.94,4.15,23.0
Ryan Izzo,2018,TE,Florida State,2,4.94,10.0,,35.28,7,2,0,4,0,1,3.0,77.0,256.0,33.0,18.0,110.0,7.15,4.43,22.0
Justin Jackson,2018,RB,Northwestern,5,4.52,46.67,,92.26,7,2,0,5,0,0,12.0,72.0,199.0,38.5,13.0,122.0,6.81,4.07,22.0
Rod Taylor,2018,OG,Ole Miss,3,5.24,41.33,,,7,2,0,0,0,0,0.0,75.0,320.0,30.5,,99.0,,,23.0
Auden Tate,2018,WR,Florida State,2,4.68,4.0,,46.89,7,2,0,4,0,1,5.0,77.0,228.0,31.0,,112.0,,,21.0
Korey Cunningham,2018,OT,Cincinnati,4,,,,,7,2,0,5,0,0,4.0,,,,,,,,23.0
Austin Proehl,2018,WR,North Carolina,3,,,,38.63,7,2,0,0,0,0,0.0,,,,,,,,22.0
Trey Quinn,2018,WR,SMU,6,4.55,30.0,,100.0,7,2,0,3,0,0,2.0,71.0,203.0,33.5,17.0,116.0,6.91,4.19,22.0
Kyler Murray,2019,QB,Oklahoma,2,,,,100.0,1,0,1,7,2,5,71.0,70.0,207.0,,,,,,22.0
Nick Bosa,2019,DE,Ohio State,1,4.79,47.69,,,1,0,1,7,5,5,58.0,76.0,266.0,33.5,29.0,116.0,7.1,4.14,21.0
Quinnen Williams,2019,DT,Alabama,1,4.83,65.0,,,1,0,1,7,4,6,57.0,75.0,303.0,30.5,,112.0,,,21.0
Clelin Ferrell,2019,DE,Clemson,1,,,,,1,0,1,7,0,4,24.0,76.0,264.0,,25.0,,7.26,4.4,22.0
Devin White,2019,LB,LSU,1,4.42,86.0,,,1,0,1,7,1,6,51.0,72.0,237.0,39.5,22.0,118.0,7.07,4.17,21.0
Daniel Jones,2019,QB,Duke,4,4.81,36.25,,71.39,1,0,1,7,0,6,52.0,77.0,221.0,33.5,,120.0,7.0,4.41,22.0
Josh Hines-Allen,2019,LB,Kentucky,4,4.63,44.0,,,1,0,1,7,2,6,45.0,77.0,262.0,,28.0,118.0,7.15,4.23,22.0
T.J. Hockenson,2019,TE,Iowa,3,4.7,50.0,,61.33,1,0,1,7,2,4,33.0,77.0,251.0,37.5,17.0,123.0,7.02,4.18,22.0
Ed Oliver,2019,DT,Houston,6,,,,,1,0,1,7,0,5,43.0,74.0,287.0,36.0,32.0,120.0,,,21.0
Devin Bush Jr.,2019,LB,Michigan,1,4.43,84.0,,,1,0,1,7,0,4,37.0,71.0,234.0,40.5,21.0,124.0,6.93,4.23,21.0
Jonah Williams,2019,OG,Alabama,1,5.12,57.33,,,1,0,1,7,0,5,37.0,76.0,302.0,28.0,23.0,100.0,8.01,4.79,21.0
Rashan Gary,2019,LB,Michigan,1,4.58,54.0,,,1,0,1,7,1,5,36.0,76.0,277.0,38.0,26.0,120.0,7.26,4.29,21.0
Christian Wilkins,2019,DT,Clemson,1,5.04,38.75,,,1,0,1,6,0,5,35.0,75.0,315.0,29.5,28.0,107.0,,4.55,23.0
Chris Lindstrom,2019,OG,Boston College,4,4.91,85.33,,,1,0,1,7,4,6,49.0,76.0,308.0,30.5,25.0,117.0,7.61,4.54,22.0
Dwayne Haskins,2019,QB,Ohio State,1,5.04,7.5,,100.0,1,0,0,2,0,0,4.0,75.0,231.0,28.5,,,,,22.0
Brian Burns,2019,DE,Florida State,2,4.53,87.69,,,1,0,1,7,3,6,53.0,77.0,249.0,36.0,,129.0,7.01,,21.0
Dexter Lawrence,2019,DT,Clemson,1,5.05,37.5,,,1,0,1,7,3,6,55.0,76.0,342.0,,36.0,,,,21.0
Garrett Bradbury,2019,C,NC State,4,4.92,90.67,,,1,0,1,7,0,7,41.0,75.0,306.0,31.0,34.0,104.0,7.41,4.53,24.0
Jeffery Simmons,2019,DT,Mississippi State,3,,,,,1,0,1,7,4,7,62.0,,,,,,,,22.0
Noah Fant,2019,TE,Iowa,3,4.5,83.33,,55.69,1,0,1,7,0,5,26.0,76.0,249.0,39.5,20.0,127.0,6.81,4.22,21.0
Darnell Savage Jr.,2019,S,Maryland,4,4.36,86.67,,,1,0,1,7,0,6,24.0,71.0,198.0,39.5,11.0,126.0,7.03,4.14,22.0
Andre Dillard,2019,OT,Washington State,4,4.96,75.29,,,1,0,0,6,0,1,12.0,77.0,315.0,29.0,24.0,118.0,7.44,4.4,23.0
Tytus Howard,2019,OT,Alabama State,1,5.05,64.71,,,1,0,1,7,0,6,36.0,77.0,322.0,29.5,21.0,103.0,8.34,4.87,23.0
Josh Jacobs,2019,RB,Alabama,1,,,,67.68,1,0,1,7,3,7,57.0,70.0,220.0,,,,,,21.0
Marquise Brown,2019,WR,Oklahoma,2,,,,97.94,1,0,1,7,0,4,39.0,69.0,166.0,,,,,,22.0
Montez Sweat,2019,DE,Mississippi State,3,4.41,100.0,,,1,0,1,7,1,6,48.0,78.0,260.0,36.0,21.0,125.0,7.0,4.29,23.0
Johnathan Abram,2019,S,Mississippi State,3,4.45,66.67,,,1,0,0,6,0,2,13.0,71.0,205.0,,,116.0,,,22.0
Jerry Tillery,2019,DT,Notre Dame,2,4.93,52.5,,,1,0,0,7,0,2,26.0,78.0,295.0,32.0,23.0,115.0,7.45,4.33,22.0
L.J. Collier,2019,DE,TCU,3,4.91,29.23,,,1,0,0,7,0,2,16.0,74.0,283.0,30.0,25.0,118.0,7.71,4.78,23.0
Deandre Baker,2019,CB,Georgia,1,4.52,28.89,,,1,0,0,3,0,1,6.0,71.0,193.0,,14.0,118.0,,,22.0
Kaleb McGary,2019,OT,Washington,2,5.05,64.71,,,1,0,1,6,0,6,39.0,79.0,317.0,33.5,23.0,111.0,7.66,4.58,24.0
N'Keal Harry,2019,WR,Arizona State,3,4.53,34.0,,100.0,1,0,0,5,0,1,7.0,74.0,228.0,38.5,27.0,122.0,,,21.0
Byron Murphy,2019,CB,Washington,2,4.55,22.22,,,2,0,1,7,1,6,40.0,71.0,190.0,36.5,14.0,120.0,,,21.0
Rock Ya-Sin,2019,CB,Temple,6,4.51,31.11,,,2,0,0,7,0,1,17.0,72.0,192.0,39.5,18.0,120.0,7.31,4.31,23.0
Jawaan Taylor,2019,OT,Florida,2,,,,,2,0,1,7,0,7,42.0,77.0,312.0,,24.0,,,,21.0
Deebo Samuel,2019,WR,South Carolina,3,4.48,44.0,,87.81,2,0,1,7,1,6,52.0,71.0,214.0,39.0,15.0,122.0,7.03,4.14,23.0
Greg Little,2019,OT,Ole Miss,3,5.33,31.76,,,2,0,0,4,0,0,8.0,77.0,310.0,25.0,,113.0,,4.74,21.0
Cody Ford,2019,OT,Oklahoma,2,5.21,45.88,,,2,0,0,7,0,1,22.0,76.0,329.0,28.5,19.0,104.0,8.27,4.87,22.0
Sean Murphy-Bunting,2019,CB,Central Michigan,8,4.42,51.11,,,2,0,1,6,0,3,24.0,72.0,195.0,41.5,14.0,126.0,,,22.0
Trayvon Mullen,2019,CB,Clemson,1,4.46,42.22,,,2,0,0,4,0,2,11.0,73.0,199.0,34.5,,123.0,,,21.0
Dalton Risner,2019,OT,Kansas State,4,5.3,35.29,,,2,0,1,7,0,6,30.0,77.0,312.0,28.5,23.0,110.0,7.69,4.52,24.0
Drew Lock,2019,QB,Missouri,4,4.69,51.25,,85.98,2,0,0,7,0,1,14.0,76.0,228.0,31.0,,112.0,7.03,4.12,22.0
Jahlani Tavai,2019,LB,Hawaii,7,,,,,2,0,1,7,0,4,34.0,74.0,250.0,,,,,,22.0
Elgton Jenkins,2019,C,Mississippi State,3,,,,,2,0,1,7,2,6,48.0,76.0,310.0,28.0,29.0,109.0,7.77,4.62,23.0
Joejuan Williams,2019,CB,Vanderbilt,4,4.64,2.22,,,2,0,0,5,0,0,3.0,76.0,211.0,,17.0,,,,21.0
Greedy Williams,2019,CB,LSU,1,4.37,62.22,,,2,0,0,4,0,1,8.0,74.0,185.0,,,,,,21.0
Marquise Blair,2019,S,Utah,3,4.48,60.0,,,2,0,0,6,0,0,2.0,73.0,195.0,35.0,,125.0,,,22.0
Erik McCoy,2019,C,Texas A&M,2,4.89,94.67,,,2,0,1,7,2,5,35.0,76.0,303.0,31.0,29.0,107.0,8.28,4.62,22.0
Ben Banogu,2019,LB,TCU,3,4.62,46.0,,,2,0,0,4,0,0,4.0,75.0,250.0,40.0,23.0,134.0,7.02,4.27,23.0
Irv Smith Jr.,2019,TE,Alabama,1,4.63,61.67,,54.8,2,0,0,6,0,0,9.0,74.0,242.0,32.5,19.0,110.0,7.32,4.33,21.0
A.J. Brown,2019,WR,Ole Miss,3,4.49,42.0,,100.0,2,0,1,7,3,7,73.0,72.0,226.0,36.5,19.0,120.0,,,22.0
Drew Sample,2019,TE,Washington,2,4.71,48.33,,22.18,2,0,1,7,0,4,7.0,77.0,255.0,33.5,,115.0,7.15,4.31,23.0
Miles Sanders,2019,RB,Penn State,2,4.49,51.67,,92.35,2,0,1,7,1,4,34.0,71.0,211.0,36.0,20.0,124.0,6.89,4.19,22.0
Lonnie Johnson Jr.,2019,CB,Kentucky,4,4.52,28.89,,,2,0,0,7,0,0,11.0,74.0,213.0,38.0,15.0,129.0,7.01,4.1,23.0
Max Scharping,2019,OT,Northern Illinois,8,,,,,2,0,1,6,0,3,18.0,78.0,327.0,28.0,27.0,108.0,7.77,4.69,23.0
Mecole Hardman,2019,WR,Georgia,1,4.33,74.0,,42.0,2,0,1,7,1,0,23.0,70.0,187.0,36.5,17.0,119.0,,,21.0
JJ Arcega-Whiteside,2019,WR,Stanford,3,,,,100.0,2,0,0,3,0,0,2.0,74.0,225.0,,,,,,22.0
Trysten Hill,2019,DT,UCF,4,5.04,38.75,,,2,0,0,6,0,0,5.0,75.0,308.0,35.0,28.0,115.0,7.7,4.38,21.0
Parris Campbell,2019,WR,Ohio State,1,4.31,78.0,,100.0,2,0,0,7,0,1,9.0,72.0,205.0,40.0,11.0,135.0,,4.03,22.0
Nasir Adderley,2019,S,Delaware,9,,,,,2,0,1,4,0,3,13.0,72.0,206.0,,,,,,22.0
Taylor Rapp,2019,S,Washington,2,,,,,2,0,1,7,0,4,25.0,72.0,208.0,35.0,17.0,115.0,6.82,3.99,21.0
Andy Isabella,2019,WR,Massachusetts,10,4.31,78.0,,100.0,2,0,0,5,0,0,4.0,69.0,188.0,36.5,15.0,121.0,6.95,4.15,22.0
Juan Thornhill,2019,S,Virginia,4,4.42,73.33,,,2,0,1,7,0,5,24.0,72.0,205.0,44.0,21.0,141.0,,,23.0
D.K. Metcalf,2019,WR,Ole Miss,3,4.33,74.0,,96.68,2,0,1,7,2,7,57.0,75.0,228.0,40.5,27.0,134.0,7.38,4.5,21.0
Zach Allen,2019,DE,Boston College,4,5.0,15.38,,,3,1,1,7,1,6,52.0,76.0,281.0,32.0,24.0,112.0,7.34,4.36,22.0
Diontae Johnson,2019,WR,Toledo,8,4.53,34.0,,71.67,3,1,1,6,1,5,35.0,70.0,183.0,33.5,15.0,123.0,7.09,4.45,23.0
Jalen Hurd,2019,WR,Baylor,3,,,,100.0,3,1,0,0,0,0,0.0,77.0,226.0,,23.0,,,,23.0
Jachai Polite,2019,LB,Florida,2,4.84,2.0,,,3,1,0,2,0,0,1.0,75.0,258.0,32.0,,,,,22.0
Josh Oliver,2019,TE,San Jose State,7,4.63,61.67,,60.98,3,1,1,7,0,3,7.0,77.0,249.0,34.0,22.0,117.0,7.21,4.47,22.0
Darrell Henderson,2019,RB,Memphis,6,4.49,51.67,,100.0,3,1,0,5,0,1,15.0,68.0,208.0,33.5,22.0,121.0,,,22.0
Dre'Mont Jones,2019,DT,Ohio State,1,5.12,28.75,,,3,1,1,7,0,5,33.0,75.0,281.0,31.5,,110.0,7.71,4.53,22.0
Germaine Pratt,2019,LB,NC State,4,4.57,56.0,,,3,1,1,7,0,7,45.0,74.0,240.0,32.5,24.0,116.0,,,23.0
David Montgomery,2019,RB,Iowa State,4,4.63,28.33,,100.0,3,1,1,7,0,5,49.0,70.0,222.0,28.5,15.0,121.0,,,22.0
Devin Singletary,2019,RB,Florida Atlantic,2,4.66,23.33,,100.0,3,1,1,7,0,5,39.0,67.0,203.0,35.0,15.0,117.0,7.32,4.4,22.0
Jace Sternberger,2019,TE,Texas A&M,2,4.75,41.67,,87.06,3,1,0,2,0,0,1.0,76.0,251.0,31.5,17.0,113.0,7.19,4.31,23.0
Terry McLaurin,2019,WR,Ohio State,1,4.35,70.0,,73.93,3,1,1,7,2,7,51.0,72.0,208.0,37.5,18.0,125.0,7.01,4.15,23.0
Chase Winovich,2019,DE,Michigan,1,4.59,78.46,,,3,1,0,5,0,0,11.0,75.0,256.0,30.5,18.0,116.0,6.94,4.11,24.0
Michael Deiter,2019,OG,Wisconsin,3,5.23,42.67,,,3,1,0,7,0,2,16.0,77.0,309.0,28.0,21.0,105.0,7.88,4.81,23.0
David Long,2019,CB,Michigan,1,4.45,44.44,,,3,1,0,7,0,0,7.0,71.0,196.0,39.5,15.0,120.0,6.45,3.97,21.0
Sione Takitaki,2019,LB,BYU,5,4.63,44.0,,,3,1,0,7,0,1,19.0,73.0,238.0,37.0,24.0,125.0,7.21,4.28,24.0
Will Harris,2019,S,Boston College,4,4.41,75.56,,,3,1,1,7,0,4,18.0,73.0,207.0,36.5,20.0,123.0,6.91,4.12,23.0
Nate Davis,2019,OG,Charlotte,10,5.23,42.67,,,3,1,1,6,0,5,27.0,75.0,316.0,26.0,23.0,107.0,7.94,4.83,22.0
Justin Layne,2019,CB,Michigan State,3,4.5,33.33,,,3,1,0,4,0,0,3.0,74.0,192.0,37.5,,134.0,6.9,4.09,21.0
Khalen Saunders,2019,DT,Western Illinois,10,5.01,42.5,,,3,1,0,7,0,1,17.0,72.0,324.0,30.5,27.0,101.0,7.57,4.62,23.0
Jaylon Ferguson,2019,DE,Louisiana Tech,5,,,,,3,1,0,3,0,1,8.0,,,,,,,,23.0
Kahale Warring,2019,TE,San Diego State,7,4.67,55.0,,47.67,3,1,0,3,0,0,0.0,77.0,252.0,36.5,19.0,122.0,7.21,4.25,22.0
Damien Harris,2019,RB,Alabama,1,4.57,38.33,,62.03,3,1,1,5,0,3,16.0,70.0,216.0,37.0,16.0,121.0,,,22.0
Cody Barton,2019,LB,Utah,3,4.64,42.0,,,3,1,1,7,0,4,28.0,74.0,237.0,32.5,30.0,116.0,6.9,4.03,22.0
Bobby Okereke,2019,LB,Stanford,3,4.58,54.0,,,3,1,1,7,0,7,39.0,73.0,239.0,33.5,,122.0,7.25,4.26,23.0
Connor McGovern,2019,OG,Penn State,2,,,,,3,1,1,7,1,4,37.0,77.0,308.0,,28.0,112.0,7.66,4.57,21.0
Trey Pipkins,2019,OT,Sioux Falls,10,5.12,56.47,,,3,1,1,7,0,3,33.0,78.0,309.0,33.5,16.0,114.0,7.61,4.7,23.0
Chuma Edoga,2019,OT,USC,2,5.19,48.24,,,3,1,0,7,0,0,12.0,75.0,308.0,,21.0,,,,22.0
Miles Boykin,2019,WR,Notre Dame,2,4.42,56.0,,62.85,3,1,0,5,0,2,6.0,76.0,220.0,43.5,12.0,140.0,6.77,4.07,22.0
Jamel Dean,2019,CB,Auburn,2,4.3,77.78,,,3,1,1,7,0,5,27.0,73.0,206.0,41.0,16.0,130.0,7.02,4.19,22.0
Oshane Ximines,2019,DE,Old Dominion,10,4.78,49.23,,,3,1,0,6,0,0,8.0,75.0,253.0,34.0,24.0,118.0,7.13,4.57,22.0
Dawson Knox,2019,TE,Ole Miss,3,,,,23.67,3,1,1,7,1,7,25.0,76.0,254.0,34.5,16.0,,7.12,4.27,22.0
Bobby Evans,2019,OT,Oklahoma,2,5.2,47.06,,,3,1,0,4,0,0,7.0,76.0,312.0,,22.0,,,,22.0
Quincy Williams,2019,S,Murray State,10,,,,,3,1,1,7,0,6,41.0,,,,,,,,23.0
Mike Edwards,2019,S,Kentucky,4,,,,,3,1,0,7,0,1,16.0,70.0,205.0,,,,,,23.0
Will Grier,2019,QB,West Virginia,4,4.84,32.5,,77.34,3,1,0,1,0,0,1.0,74.0,217.0,34.0,,112.0,7.09,4.28,24.0
Yodny Cajuste,2019,OT,West Virginia,4,,,,,3,1,0,4,0,0,4.0,77.0,312.0,,32.0,,,,23.0
Alexander Mattison,2019,RB,Boise State,7,4.67,21.67,,100.0,3,1,0,6,0,1,21.0,71.0,221.0,35.0,22.0,127.0,7.13,4.29,21.0
Hakeem Butler,2019,WR,Iowa State,4,4.48,44.0,,91.43,4,1,0,2,0,0,0.0,77.0,227.0,36.0,18.0,128.0,,,23.0
Ryan Finley,2019,QB,NC State,4,4.73,46.25,,89.48,4,1,0,2,0,0,2.0,76.0,213.0,30.5,,116.0,7.2,4.2,24.0
C.J. Gardner-Johnson,2019,S,Florida,2,4.48,60.0,,,4,1,1,7,0,4,27.0,71.0,210.0,36.0,17.0,117.0,7.03,4.2,21.0
Maxx Crosby,2019,DE,Eastern Michigan,8,4.66,67.69,,,4,1,1,7,5,7,61.0,77.0,255.0,36.0,,122.0,6.89,4.13,22.0
Anthony Nelson,2019,DE,Iowa,3,4.82,43.08,,,4,1,0,7,0,0,17.0,79.0,271.0,35.5,18.0,118.0,6.95,4.23,22.0
Julian Love,2019,CB,Notre Dame,2,4.54,24.44,,,4,1,1,7,1,3,27.0,71.0,195.0,36.0,14.0,121.0,6.72,4.1,21.0
Khari Willis,2019,S,Michigan State,3,4.52,51.11,,,4,1,0,3,0,1,12.0,71.0,213.0,34.5,22.0,118.0,,,23.0
Mitch Wishnowsky,2019,P,Utah,3,4.63,56.92,,,4,1,1,7,0,3,10.0,74.0,218.0,32.5,,117.0,,,27.0
Kendall Sheffield,2019,CB,Ohio State,1,,,,,4,1,0,7,0,0,6.0,71.0,193.0,,,,,,23.0
Bryce Love,2019,RB,Stanford,3,,,,69.57,4,1,0,0,0,0,0.0,69.0,200.0,,18.0,,,,22.0
Justice Hill,2019,RB,Oklahoma State,3,4.4,66.67,,91.63,4,1,0,7,0,0,17.0,70.0,198.0,40.0,21.0,130.0,,,21.0
Dru Samia,2019,OG,Oklahoma,2,5.29,34.67,,,4,1,0,2,0,0,2.0,77.0,305.0,27.5,28.0,101.0,7.89,4.7,22.0
Christian Miller,2019,LB,Alabama,1,,,,,4,1,0,1,0,0,1.0,75.0,247.0,38.5,,118.0,,,23.0
Amani Hooker,2019,S,Iowa,3,4.48,60.0,,,4,1,1,7,0,5,24.0,71.0,210.0,37.0,14.0,123.0,6.81,4.1,21.0
Austin Bryant,2019,DE,Clemson,1,,,,,4,1,0,5,0,0,5.0,76.0,271.0,,,,,,22.0
Hjalte Froholdt,2019,OG,Arkansas,3,5.2,46.67,,,4,1,1,7,0,3,24.0,77.0,306.0,27.5,31.0,105.0,7.51,4.54,23.0
Sheldrick Redwine,2019,S,Miami (FL),2,4.44,68.89,,,4,1,0,5,0,0,4.0,72.0,196.0,39.0,,130.0,,4.14,22.0
Gary Jennings Jr,2019,WR,West Virginia,4,4.42,56.0,,98.43,4,1,0,1,0,0,0.0,73.0,214.0,37.0,20.0,127.0,7.32,4.15,22.0
Trevon Wesco,2019,TE,West Virginia,4,4.89,18.33,,26.67,4,1,0,5,0,1,0.0,75.0,267.0,31.0,24.0,117.0,7.18,4.38,23.0
Benny Snell Jr.,2019,RB,Kentucky,4,4.66,23.33,,100.0,4,1,0,4,0,0,8.0,70.0,224.0,29.5,16.0,119.0,7.07,4.33,21.0
Ben Powers,2019,OG,Oklahoma,2,,,,,4,1,1,7,0,5,27.0,76.0,307.0,,21.0,,,,22.0
Phil Haynes,2019,OG,Wake Forest,4,5.2,46.67,,,4,1,0,5,0,0,6.0,76.0,322.0,31.0,33.0,108.0,7.76,4.95,23.0
Renell Wren,2019,DT,Arizona State,3,5.01,42.5,,,4,1,0,4,0,0,2.0,77.0,318.0,32.0,30.0,118.0,7.65,4.53,23.0
Riley Ridley,2019,WR,Georgia,1,4.58,24.0,,55.85,4,1,0,2,0,0,1.0,73.0,199.0,30.5,13.0,124.0,7.22,4.28,23.0
Iman Marshall,2019,CB,USC,2,4.53,26.67,,,4,1,0,1,0,0,0.0,73.0,207.0,,16.0,,,,22.0
Tony Pollard,2019,RB,Memphis,6,4.52,46.67,,37.29,4,1,1,7,1,3,45.0,72.0,210.0,35.0,13.0,121.0,,,22.0
Isaiah Johnson,2019,CB,Houston,6,4.4,55.56,,,4,1,0,2,0,0,1.0,74.0,208.0,36.5,,133.0,6.81,4.06,23.0
Drue Tranquill,2019,LB,Notre Dame,2,4.57,56.0,,,4,1,1,7,0,3,32.0,74.0,234.0,37.5,31.0,122.0,6.94,4.14,24.0
Wes Martin,2019,OG,Indiana,4,,,,,4,1,0,4,0,0,5.0,,,,,,,,23.0
Ugo Amadi,2019,S,Oregon,2,4.51,53.33,,,4,1,0,7,0,1,8.0,69.0,199.0,32.5,18.0,115.0,7.21,4.19,22.0
Jarrett Stidham,2019,QB,Auburn,2,4.81,36.25,,46.7,4,1,0,7,0,0,6.0,74.0,218.0,31.0,,110.0,7.28,4.33,23.0
Greg Gaines,2019,DT,Washington,2,5.16,23.75,,,4,1,0,7,0,2,19.0,73.0,312.0,31.0,30.0,109.0,,,23.0
John Cominsky,2019,DE,Charleston (WV),10,4.69,63.08,,,4,1,0,5,0,1,10.0,77.0,286.0,33.5,22.0,116.0,7.03,4.38,23.0
Michael Jordan,2019,OG,Ohio State,1,5.27,37.33,,,4,1,1,7,0,4,18.0,78.0,312.0,32.5,19.0,116.0,7.71,4.71,21.0
Foster Moreau,2019,TE,LSU,1,4.66,56.67,,31.94,4,1,1,7,0,6,13.0,76.0,253.0,36.5,22.0,121.0,7.16,4.11,22.0
Shareef Miller,2019,DE,Penn State,2,4.69,63.08,,,4,1,0,1,0,0,0.0,76.0,254.0,29.5,16.0,,,4.45,22.0
Deionte Thompson,2019,S,Alabama,1,,,,,5,2,0,4,0,0,4.0,73.0,195.0,,,,,,22.0
Ryquell Armstead,2019,RB,Temple,6,4.45,58.33,,100.0,5,2,0,3,0,0,2.0,71.0,220.0,30.0,22.0,114.0,7.02,4.29,22.0
Zach Gentry,2019,TE,Michigan,1,4.9,16.67,,41.48,5,2,0,5,0,2,2.0,80.0,265.0,29.5,12.0,110.0,7.4,4.53,22.0
Ben Burr-Kirven,2019,LB,Washington,2,4.56,58.0,,,5,2,0,2,0,0,2.0,72.0,230.0,34.5,21.0,121.0,6.85,4.09,21.0
Ryan Connelly,2019,LB,Wisconsin,3,4.66,38.0,,,5,2,0,5,0,0,4.0,74.0,242.0,34.5,,118.0,7.09,4.31,23.0
Marvell Tell III,2019,S,USC,2,,,,,5,2,0,1,0,0,1.0,74.0,198.0,42.0,,136.0,6.63,4.01,23.0
Matt Gay,2019,K,Utah,3,,,,,5,2,1,7,1,3,19.0,72.0,232.0,,,,,,25.0
Amani Oruwariye,2019,CB,Penn State,2,4.47,40.0,,,5,2,0,7,0,2,12.0,74.0,205.0,36.5,17.0,120.0,6.82,4.16,23.0
Vosean Joseph,2019,LB,Florida,2,,,,,5,2,0,0,0,0,0.0,73.0,230.0,,,,,,21.0
Dre Greenlaw,2019,LB,Arkansas,3,,,,,5,2,1,7,0,4,31.0,71.0,237.0,33.0,24.0,117.0,,,22.0
Hunter Renfrow,2019,WR,Clemson,1,4.59,22.0,,31.08,5,2,1,7,1,0,22.0,70.0,184.0,35.0,7.0,116.0,6.8,4.19,23.0
Kingsley Keke,2019,DT,Texas A&M,2,4.95,50.0,,,5,2,0,3,0,1,9.0,75.0,288.0,31.5,,111.0,7.55,4.46,22.0
Andrew Van Ginkel,2019,LB,Wisconsin,3,,,,,5,2,1,7,1,5,45.0,75.0,241.0,38.0,17.0,123.0,6.89,4.14,24.0
Qadree Ollison,2019,RB,Pittsburgh,3,4.58,36.67,,90.04,5,2,0,5,0,0,1.0,73.0,228.0,29.5,19.0,114.0,7.53,4.31,22.0
Ross Pierschbacher,2019,OG,Alabama,1,5.2,46.67,,,5,2,0,4,0,0,0.0,76.0,307.0,22.5,20.0,,7.83,4.7,24.0
Jordan Scarlett,2019,RB,Florida,2,4.47,55.0,,48.93,5,2,0,3,0,0,0.0,71.0,208.0,30.0,21.0,116.0,7.37,4.63,23.0
Mack Wilson,2019,LB,Alabama,1,,,,,5,2,1,7,0,3,25.0,73.0,240.0,32.0,,117.0,,,21.0
Justin Hollins,2019,LB,Oregon,2,4.5,70.0,,,5,2,0,5,0,0,8.0,77.0,248.0,36.5,25.0,119.0,7.06,4.4,23.0
Blake Cashman,2019,LB,Minnesota,4,4.5,70.0,,,5,2,1,7,0,3,25.0,73.0,237.0,37.5,18.0,124.0,6.95,4.12,23.0
Michael Jackson,2019,CB,Miami (FL),2,4.45,44.44,,,5,2,1,7,0,3,18.0,73.0,210.0,40.5,13.0,130.0,7.12,4.12,22.0
Byron Cowart,2019,DT,Maryland,4,5.16,23.75,,,5,2,0,6,0,1,14.0,75.0,298.0,30.0,26.0,111.0,,,23.0
Daylon Mack,2019,DT,Texas A&M,2,5.1,31.25,,,5,2,0,1,0,0,0.0,73.0,336.0,27.0,30.0,102.0,8.02,4.95,22.0
Charles Omenihu,2019,DE,Texas,2,4.92,27.69,,,5,2,0,7,0,0,12.0,77.0,280.0,36.5,,115.0,7.48,4.36,22.0
Cameron Smith,2019,LB,USC,2,4.69,32.0,,,5,2,0,1,0,0,0.0,74.0,238.0,39.0,15.0,123.0,,4.23,22.0
Jake Bailey,2019,P,Stanford,3,4.72,43.08,,,5,2,1,7,1,3,11.0,73.0,200.0,33.0,,117.0,,,22.0
E.J. Speed,2019,LB,Tarleton State,10,,,,,5,2,1,7,0,3,20.0,,,,,,,,24.0
Joe Jackson,2019,DE,Miami (FL),2,,,,,5,2,0,3,0,0,1.0,76.0,275.0,27.0,22.0,109.0,,,22.0
Easton Stick,2019,QB,North Dakota State,9,4.62,60.0,,,5,2,0,5,0,0,4.0,73.0,224.0,33.5,,118.0,6.65,4.05,23.0
Clayton Thorson,2019,QB,Northwestern,5,,,,62.42,5,2,0,0,0,0,0.0,76.0,222.0,,,,,,24.0
D'Andre Walker,2019,LB,Georgia,1,,,,,5,2,0,2,0,0,0.0,74.0,251.0,,,,,,22.0
David Edwards,2019,OT,Wisconsin,3,5.28,37.65,,,5,2,1,7,0,4,36.0,78.0,308.0,25.5,,99.0,7.69,4.77,22.0
Austin Seibert,2019,K,Oklahoma,2,,,,,5,2,0,6,0,0,6.0,69.0,213.0,,,,,,22.0
Darius Slayton,2019,WR,Auburn,2,4.39,62.0,,39.35,5,2,1,7,0,6,32.0,73.0,190.0,40.5,11.0,135.0,7.0,4.15,22.0
Jordan Miller,2019,CB,Washington,2,4.49,35.56,,,5,2,0,3,0,0,1.0,73.0,186.0,37.0,6.0,125.0,,,22.0
Cole Holcomb,2019,LB,North Carolina,3,,,,,5,2,1,7,0,3,26.0,,,,,,,,23.0
KeeSean Johnson,2019,WR,Fresno State,7,4.6,20.0,,100.0,6,2,0,3,0,0,4.0,73.0,201.0,30.0,14.0,117.0,7.28,4.23,22.0
Sutton Smith,2019,DE,Northern Illinois,8,4.69,63.08,,,6,2,0,3,0,0,0.0,72.0,233.0,31.5,25.0,118.0,6.75,4.32,23.0
Kaden Smith,2019,TE,Stanford,3,4.92,13.33,,64.03,6,2,0,3,0,1,3.0,77.0,255.0,32.0,15.0,108.0,7.08,4.47,22.0
Saquan Hampton,2019,S,Rutgers,4,4.48,60.0,,,6,2,0,2,0,0,0.0,73.0,206.0,,14.0,125.0,,,23.0
Gardner Minshew II,2019,QB,Washington State,4,4.97,16.25,,100.0,6,2,1,7,1,4,32.0,73.0,225.0,33.5,,116.0,7.14,4.45,23.0
Lamont Gaillard,2019,C,Georgia,1,,,,,6,2,0,2,0,0,2.0,75.0,305.0,,,,,,23.0
Corey Ballentine,2019,CB,Washburn,10,4.47,40.0,,,6,2,0,7,0,0,5.0,71.0,196.0,39.5,15.0,135.0,6.82,4.14,23.0
Jaquan Johnson,2019,CB,Miami (FL),2,4.69,0.0,,,6,2,0,4,0,0,5.0,70.0,191.0,33.0,18.0,121.0,,,23.0
Trayveon Williams,2019,RB,Texas A&M,2,4.51,48.33,,100.0,6,2,0,7,0,0,4.0,68.0,206.0,33.0,19.0,121.0,7.44,4.44,21.0
Justin Skule,2019,OT,Vanderbilt,4,,,,,6,2,0,7,0,2,16.0,,,,,,,,22.0
Travis Fulgham,2019,WR,Old Dominion,10,4.58,24.0,,100.0,6,2,0,3,0,1,4.0,74.0,215.0,36.5,15.0,126.0,,,23.0
Ka'dar Hollman,2019,CB,Toledo,8,,,,,6,2,0,6,0,0,4.0,,,,,,,,24.0
Ty Johnson,2019,RB,Maryland,4,,,,46.99,6,2,0,7,0,0,18.0,,,,,,,,21.0
Juwann Winfree,2019,WR,Colorado,3,,,,42.88,6,2,0,5,0,0,1.0,,,,,,,,23.0
David Long,2019,LB,West Virginia,4,4.45,80.0,,,6,2,0,6,0,2,23.0,71.0,196.0,39.5,15.0,120.0,6.45,3.97,22.0
Drew Forbes,2019,OT,SE Missouri State,10,,,,,6,2,0,4,0,0,1.0,,,,,,,,22.0
Armon Watts,2019,DT,Arkansas,3,5.23,15.0,,,6,2,0,6,0,1,12.0,77.0,300.0,,,,,,23.0
Marcus Epps,2019,S,Wyoming,7,,,,,6,2,0,7,0,2,18.0,,,,,,,,23.0
Isaiah Buggs,2019,DT,Alabama,1,5.15,25.0,,,6,2,0,5,0,1,11.0,75.0,306.0,24.5,20.0,96.0,8.01,4.83,23.0
Oli Udoh,2019,OT,Elon,10,5.05,64.71,,,6,2,0,7,0,1,10.0,77.0,323.0,28.5,26.0,105.0,7.88,5.05,22.0
Dexter Williams,2019,RB,Notre Dame,2,4.57,38.33,,100.0,6,2,0,2,0,0,0.0,71.0,212.0,36.0,17.0,130.0,7.0,4.16,22.0
Xavier Crawford,2019,CB,Central Michigan,8,4.48,37.78,,,6,2,0,4,0,0,1.0,71.0,187.0,37.5,11.0,,,,23.0
Blessuan Austin,2019,CB,Rutgers,4,,,,,6,2,0,3,0,1,6.0,73.0,198.0,,15.0,,,,23.0
Trace McSorley,2019,QB,Penn State,2,4.57,66.25,,53.03,6,2,0,4,0,0,1.0,72.0,202.0,33.0,,115.0,7.09,4.12,24.0
Tim Harris,2019,CB,Virginia,4,,,,,6,2,0,3,0,0,0.0,,,,,,,,24.0
Gerri Green,2019,DE,Mississippi State,3,4.63,72.31,,,6,2,0,4,0,0,0.0,76.0,252.0,35.0,24.0,114.0,7.27,4.42,23.0
Emeke Egbule,2019,LB,Houston,6,4.65,40.0,,,6,2,0,3,0,0,2.0,74.0,245.0,33.0,20.0,119.0,7.38,4.38,22.0
Rashad Fenton,2019,CB,South Carolina,3,4.52,28.89,,,6,2,0,4,0,0,7.0,71.0,193.0,34.0,12.0,117.0,,4.25,22.0
Isaiah Prince,2019,OT,Ohio State,1,5.09,60.0,,,6,2,0,6,0,0,4.0,78.0,305.0,27.0,23.0,115.0,7.9,5.02,22.0
Marcus Green,2019,WR,La-Monroe,10,,,,,6,2,0,0,0,0,0.0,,,,,,,,23.0
Travis Homer,2019,RB,Miami (FL),2,4.48,53.33,,60.53,6,2,0,7,0,0,8.0,70.0,201.0,39.5,17.0,130.0,7.07,4.31,21.0
Duke Shelley,2019,CB,Kansas State,4,,,,,6,2,0,6,0,0,6.0,,,,,,,,22.0
Kelvin Harmon,2019,WR,NC State,4,4.6,20.0,,100.0,6,2,0,1,0,1,3.0,74.0,221.0,32.5,18.0,117.0,7.15,4.32,22.0
Ulysees Gilbert,2019,LB,Akron,10,,,,,6,2,0,4,0,0,2.0,,,,,,,,22.0
Scott Miller,2019,WR,Bowling Green,10,,,,100.0,6,2,0,7,0,1,11.0,,,,,,,,22.0
Demarcus Christmas,2019,DT,Florida State,2,5.08,33.75,,,6,2,0,0,0,0,0.0,75.0,294.0,25.5,22.0,101.0,8.13,5.07,24.0
Deshaun Davis,2019,LB,Auburn,2,,,,,6,2,0,0,0,0,0.0,71.0,234.0,31.0,25.0,111.0,,4.38,23.0
Rodney Anderson,2019,RB,Oklahoma,2,,,,88.2,6,2,0,0,0,0,0.0,72.0,224.0,,25.0,,,,22.0
Dennis Daley,2019,OT,South Carolina,3,5.23,43.53,,,6,2,0,5,0,2,14.0,77.0,317.0,26.5,20.0,103.0,7.95,4.92,23.0
Donovan Wilson,2019,S,Texas A&M,2,,,,,6,2,1,7,0,5,23.0,72.0,199.0,36.0,18.0,127.0,,,24.0
Darwin Thompson,2019,RB,Utah State,7,,,,100.0,6,2,0,2,0,0,2.0,,,,,,,,22.0
Terry Beckner,2019,DT,Missouri,4,5.19,20.0,,,7,2,0,0,0,0,0.0,76.0,296.0,24.5,28.0,98.0,7.97,4.82,22.0
Nick Allegretti,2019,OG,Illinois,4,,,,,7,2,0,7,0,2,20.0,,,,,,,,23.0
Kris Boyd,2019,CB,Texas,2,4.45,44.44,,,7,2,0,6,0,0,6.0,71.0,201.0,36.5,19.0,127.0,6.94,4.08,22.0
Mike Weber,2019,RB,Ohio State,1,4.47,55.0,,59.41,7,2,0,0,0,0,0.0,70.0,211.0,33.5,22.0,,,,22.0
Derwin Gray,2019,OT,Maryland,4,5.26,40.0,,,7,2,0,2,0,0,0.0,76.0,320.0,,26.0,90.0,,,24.0
Cullen Gillaspia,2019,RB,Texas A&M,2,,,,1.02,7,2,0,4,0,0,0.0,,,,,,,,24.0
Donnie Lewis Jr.,2019,CB,Tulane,6,,,,,7,2,0,0,0,0,0.0,,,,,,,,23.0
Kerrith Whyte Jr,2019,RB,Florida Atlantic,2,,,,76.51,7,2,0,1,0,0,1.0,,,,,,,,22.0
Jordan Brown,2019,CB,South Dakota State,9,4.51,31.11,,,7,2,0,0,0,0,0.0,72.0,201.0,39.5,13.0,128.0,,,23.0
Isaac Nauta,2019,TE,Georgia,1,4.91,15.0,,34.77,7,2,0,2,0,0,0.0,75.0,244.0,28.0,19.0,,7.45,4.43,22.0
Darryl Johnson,2019,DE,North Carolina A&T,3,,,,,7,2,0,4,0,0,4.0,78.0,253.0,,20.0,,,,22.0
Ty Summers,2019,LB,TCU,3,4.51,68.0,,,7,2,0,7,0,0,6.0,73.0,241.0,36.0,27.0,123.0,,,23.0
Jimmy Moreland,2019,CB,James Madison,8,,,,,7,2,0,3,0,0,5.0,,,,,,,,24.0
Tommy Sweeney,2019,TE,Boston College,4,4.83,28.33,,37.36,7,2,0,4,0,0,1.0,76.0,251.0,,17.0,,,,24.0
P.J. Johnson,2019,DE,Arizona,4,,,,,7,2,0,0,0,0,0.0,,,,,,,,23.0
Quinton Bell,2019,DE,Prairie View A&M,10,,,,,7,2,0,7,0,0,4.0,,,,,,,,23.0
Alizé Mack,2019,TE,Notre Dame,2,4.7,50.0,,26.91,7,2,0,0,0,0,0.0,76.0,249.0,36.0,22.0,120.0,7.27,4.34,22.0
George Asafo-Adjei,2019,OT,Kentucky,4,,,,,7,2,0,0,0,0,0.0,,,,,,,,22.0
Chandler Cox,2019,RB,Auburn,2,,,,14.01,7,2,0,2,0,0,0.0,,,,,,,,23.0
Myles Gaskin,2019,RB,Washington,2,4.58,36.67,,100.0,7,2,0,7,0,1,13.0,69.0,205.0,35.5,24.0,118.0,7.19,4.27,22.0
Dontavius Russell,2019,DT,Auburn,2,5.15,25.0,,,7,2,0,1,0,0,0.0,75.0,319.0,,24.0,,7.81,4.77,23.0
John Ursua,2019,WR,Hawaii,7,,,,100.0,7,2,0,1,0,0,0.0,,,,,,,,25.0
Terry Godwin,2019,WR,Georgia,1,4.55,30.0,,31.75,7,2,0,2,0,0,0.0,71.0,184.0,36.5,,117.0,6.96,,22.0
Stephen Denmark,2019,CB,Valdosta State,10,,,,,7,2,0,0,0,0,0.0,,,,,,,,23.0
Dillon Mitchell,2019,WR,Oregon,2,4.46,48.0,,100.0,7,2,0,0,0,0,0.0,73.0,197.0,36.5,12.0,122.0,,4.29,22.0
Jackson Barton,2019,OT,Utah,3,5.18,49.41,,,7,2,0,6,0,0,1.0,79.0,310.0,27.0,25.0,109.0,7.85,4.66,24.0
Jalen Jelks,2019,DE,Oregon,2,4.92,27.69,,,7,2,0,0,0,0,0.0,77.0,256.0,32.5,19.0,113.0,7.22,4.59,23.0
Cortez Broughton,2019,DT,Cincinnati,4,,,,,7,2,0,3,0,0,1.0,,,,,,,,23.0
Nick Scott,2019,S,Penn State,2,,,,,7,2,1,7,0,3,17.0,,,,,,,,24.0
Kaden Elliss,2019,LB,Idaho,10,,,,,7,2,1,7,0,4,29.0,,,,,,,,24.0
Chris Slayton,2019,DT,Syracuse,4,5.13,27.5,,,7,2,0,0,0,0,0.0,76.0,307.0,29.0,28.0,101.0,,4.73,23.0
Javon Patterson,2019,C,Ole Miss,3,5.13,62.67,,,7,2,0,2,0,0,0.0,75.0,307.0,27.5,27.0,98.0,7.72,4.78,22.0
Olabisi Johnson,2019,WR,Colorado State,7,4.51,38.0,,72.86,7,2,0,2,0,0,5.0,72.0,204.0,38.0,14.0,124.0,6.88,4.16,22.0
Joshua Miles,2019,OT,Morgan State,10,5.32,32.94,,,7,2,0,6,0,0,2.0,77.0,314.0,36.0,,109.0,8.07,4.75,23.0
Michael Dogbe,2019,DE,Temple,6,,,,,7,2,0,5,0,0,4.0,,,,,,,,23.0
Austin Cutting,2019,LS,Air Force,5,,,,,7,2,0,2,0,0,2.0,,,,,,,,22.0
Dakota Allen,2019,LB,Texas Tech,4,4.77,16.0,,,7,2,0,4,0,0,2.0,73.0,232.0,31.5,23.0,116.0,6.88,4.04,23.0
Ken Webster,2019,CB,Ole Miss,3,4.43,48.89,,,7,2,0,2,0,0,3.0,71.0,203.0,43.0,18.0,133.0,6.85,4.14,23.0
Jordan Brailford,2019,DE,Oklahoma State,3,4.65,69.23,,,7,2,0,2,0,0,1.0,75.0,252.0,37.5,22.0,126.0,,,23.0
Caleb Wilson,2019,TE,UCLA,5,4.56,73.33,,91.25,7,2,0,2,0,0,0.0,76.0,240.0,29.0,,113.0,7.2,4.4,23.0
Joe Burrow,2020,QB,LSU,1,,,,100.0,1,0,1,6,3,5,63.0,75.0,221.0,,,,,,23.0
Chase Young,2020,DE,Ohio State,1,,,,,1,0,1,6,1,2,29.0,77.0,264.0,,,,,,21.0
Jeff Okudah,2020,CB,Ohio State,1,4.48,37.78,,,1,0,0,6,0,2,11.0,73.0,205.0,41.0,11.0,135.0,,,21.0
Andrew Thomas,2020,OT,Georgia,1,5.22,44.71,,,1,0,1,6,0,6,33.0,77.0,315.0,30.5,21.0,109.0,7.58,4.66,21.0
Tua Tagovailoa,2020,QB,Alabama,1,,,,80.41,1,0,1,6,1,6,52.0,72.0,217.0,,,,,,22.0
Justin Herbert,2020,QB,Oregon,2,4.68,52.5,,95.41,1,0,1,6,2,6,74.0,78.0,236.0,35.5,,123.0,7.06,4.46,22.0
Derrick Brown,2020,DT,Auburn,2,5.16,23.75,,,1,0,1,6,1,5,35.0,77.0,326.0,27.0,28.0,108.0,8.22,4.79,22.0
Isaiah Simmons,2020,LB,Clemson,1,4.39,92.0,,,1,0,0,6,0,2,20.0,76.0,238.0,39.0,,132.0,,,22.0
C.J. Henderson,2020,CB,Florida,2,4.39,57.78,,,1,0,0,6,0,2,13.0,73.0,204.0,37.5,20.0,127.0,,,21.0
Jedrick Wills Jr.,2020,OT,Alabama,1,5.05,64.71,,,1,0,1,5,0,3,24.0,76.0,312.0,34.5,,113.0,,4.84,21.0
Mekhi Becton,2020,OT,Louisville,4,5.1,58.82,,,1,0,1,6,0,4,21.0,79.0,364.0,,23.0,,,,21.0
Henry Ruggs III,2020,WR,Alabama,1,4.27,86.0,,67.8,1,0,0,2,0,1,8.0,71.0,188.0,42.0,,131.0,,,21.0
Tristan Wirfs,2020,OT,Iowa,3,4.85,88.24,,,1,0,1,6,5,6,64.0,77.0,320.0,36.5,24.0,121.0,7.65,4.68,21.0
Javon Kinlaw,2020,DT,South Carolina,3,,,,,1,0,1,6,0,3,27.0,77.0,324.0,,,,,,22.0
Jerry Jeudy,2020,WR,Alabama,1,4.45,50.0,,75.77,1,0,1,6,1,5,31.0,73.0,193.0,35.0,,120.0,,4.53,21.0
AJ Terrell,2020,CB,Clemson,1,4.42,51.11,,,1,0,1,6,0,6,31.0,73.0,195.0,34.5,15.0,129.0,,,21.0
CeeDee Lamb,2020,WR,Oklahoma,2,4.5,40.0,,99.94,1,0,1,6,5,6,65.0,74.0,198.0,34.5,11.0,124.0,,,21.0
Austin Jackson,2020,OT,USC,2,5.07,62.35,,,1,0,1,6,0,4,24.0,77.0,322.0,31.0,27.0,115.0,7.95,,21.0
Damon Arnette,2020,CB,Ohio State,1,4.56,20.0,,,1,0,0,6,0,0,2.0,72.0,195.0,,,,,,24.0
K'Lavon Chaisson,2020,DE,LSU,1,,,,,1,0,0,6,0,1,17.0,75.0,254.0,,,,,,21.0
Jalen Reagor,2020,WR,TCU,3,4.47,46.0,,64.58,1,0,0,5,0,2,10.0,71.0,206.0,42.0,17.0,138.0,7.31,4.46,21.0
Justin Jefferson,2020,WR,LSU,1,4.43,54.0,,100.0,1,0,1,6,4,6,65.0,73.0,202.0,37.5,,126.0,,,21.0
Kenneth Murray,2020,LB,Oklahoma,2,4.52,66.0,,,1,0,1,6,0,5,32.0,74.0,241.0,38.0,21.0,129.0,,,21.0
Cesar Ruiz,2020,C,Michigan,1,5.08,69.33,,,1,0,1,6,0,6,29.0,75.0,307.0,33.0,28.0,113.0,7.91,4.64,21.0
Brandon Aiyuk,2020,WR,Arizona State,3,4.5,40.0,,100.0,1,0,1,5,0,5,39.0,72.0,205.0,40.0,11.0,128.0,,,22.0
Jordan Love,2020,QB,Utah State,7,4.74,45.0,,73.2,1,0,1,6,0,3,42.0,76.0,224.0,35.5,,118.0,7.21,4.52,21.0
Jordyn Brooks,2020,LB,Texas Tech,4,4.54,62.0,,,1,0,1,6,0,5,43.0,72.0,240.0,,,,,,22.0
Patrick Queen,2020,LB,LSU,1,4.5,70.0,,,1,0,1,6,2,6,54.0,72.0,229.0,35.0,18.0,125.0,,,21.0
Isaiah Wilson,2020,OT,Georgia,1,5.32,32.94,,,1,0,0,1,0,0,0.0,78.0,350.0,29.0,26.0,110.0,8.26,5.07,21.0
Noah Igbinoghene,2020,CB,Auburn,2,4.48,37.78,,,1,0,0,6,0,1,7.0,70.0,198.0,37.0,15.0,128.0,,,20.0
Jeff Gladney,2020,CB,TCU,3,4.48,37.78,,,1,0,0,1,0,1,5.0,70.0,191.0,37.5,17.0,124.0,7.26,,23.0
Clyde Edwards-Helaire,2020,RB,LSU,1,4.6,33.33,,100.0,1,0,0,6,0,1,18.0,67.0,207.0,39.5,15.0,123.0,,,21.0
Tee Higgins,2020,WR,Clemson,1,,,,100.0,2,0,1,6,1,5,43.0,76.0,216.0,,,,,,21.0
Michael Pittman Jr.,2020,WR,USC,2,4.52,36.0,,100.0,2,0,1,6,0,6,44.0,76.0,223.0,36.5,13.0,121.0,6.96,4.14,22.0
D'Andre Swift,2020,RB,Georgia,1,4.48,53.33,,77.41,2,0,1,6,1,3,44.0,68.0,212.0,35.5,,121.0,,,21.0
Xavier McKinney,2020,S,Alabama,1,4.63,26.67,,,2,0,1,6,1,5,39.0,72.0,201.0,36.0,19.0,122.0,,,22.0
Kyle Dugger,2020,S,Lenoir-Rhyne,10,4.49,57.78,,,2,0,1,6,0,5,28.0,73.0,217.0,42.0,17.0,134.0,,,24.0
Yetur Gross-Matos,2020,DE,Penn State,2,,,,,2,0,0,6,0,1,18.0,77.0,266.0,34.0,20.0,120.0,,,22.0
Robert Hunt,2020,OG,Louisiana,8,,,,,2,0,1,6,1,5,30.0,77.0,323.0,,,,,,24.0
Ross Blacklock,2020,DT,TCU,3,4.9,56.25,,,2,0,0,4,0,0,4.0,75.0,290.0,29.0,,107.0,7.77,4.67,22.0
Jonathan Taylor,2020,RB,Wisconsin,3,4.39,68.33,,100.0,2,0,1,6,3,5,58.0,70.0,226.0,36.0,17.0,123.0,7.01,4.24,21.0
Laviska Shenault Jr.,2020,WR,Colorado,3,4.58,24.0,,83.27,2,0,0,5,0,1,13.0,73.0,227.0,,17.0,,,,21.0
Cole Kmet,2020,TE,Notre Dame,2,4.7,50.0,,61.14,2,0,1,6,0,6,25.0,78.0,262.0,37.0,,123.0,7.44,4.41,21.0
Grant Delpit,2020,S,LSU,1,,,,,2,0,1,6,0,4,26.0,74.0,213.0,,,,,,21.0
Antoine Winfield Jr.,2020,S,Minnesota,4,4.45,66.67,,,2,0,1,6,2,6,44.0,69.0,203.0,36.0,,124.0,,,22.0
KJ Hamler,2020,WR,Penn State,2,,,,88.77,2,0,0,3,0,0,5.0,69.0,178.0,,15.0,,,,21.0
Marlon Davidson,2020,DE,Auburn,2,5.04,9.23,,,2,0,0,6,0,0,5.0,75.0,303.0,,21.0,,,,22.0
Darrell Taylor,2020,DE,Tennessee,2,,,,,2,0,0,6,0,0,10.0,76.0,267.0,,,,,,23.0
Chase Claypool,2020,WR,Notre Dame,2,4.42,56.0,,99.21,2,0,0,4,0,1,19.0,76.0,238.0,40.5,19.0,126.0,,,22.0
Jaylon Johnson,2020,CB,Utah,3,4.5,33.33,,,2,0,1,6,2,5,30.0,72.0,193.0,36.5,15.0,124.0,7.01,4.13,21.0
Trevon Diggs,2020,CB,Alabama,1,,,,,2,0,1,6,2,4,33.0,73.0,205.0,,,,,,21.0
Cam Akers,2020,RB,Florida State,2,4.47,55.0,,100.0,2,0,0,6,0,1,13.0,70.0,217.0,35.5,20.0,122.0,,4.42,21.0
Jalen Hurts,2020,QB,Oklahoma,2,4.59,63.75,,77.67,2,0,1,6,3,5,79.0,73.0,222.0,35.0,,125.0,,,22.0
A.J. Epenesa,2020,DE,Iowa,3,5.04,9.23,,,2,0,0,6,0,1,18.0,77.0,275.0,32.5,17.0,117.0,7.34,4.46,21.0
J.K. Dobbins,2020,RB,Ohio State,1,,,,100.0,2,0,0,6,0,2,22.0,69.0,209.0,,23.0,,,,21.0
Raekwon Davis,2020,DT,Alabama,1,5.12,28.75,,,2,0,1,5,0,3,23.0,78.0,311.0,28.0,24.0,111.0,7.95,4.86,23.0
Van Jefferson,2020,WR,Florida,2,,,,63.75,2,0,1,6,0,3,19.0,73.0,200.0,,,,,,24.0
Ezra Cleveland,2020,OT,Boise State,7,4.93,78.82,,,2,0,1,6,0,5,33.0,78.0,311.0,30.0,30.0,111.0,7.26,4.46,22.0
Denzel Mims,2020,WR,Baylor,3,4.38,64.0,,84.35,2,0,0,3,0,1,5.0,75.0,207.0,38.5,16.0,131.0,6.66,4.43,22.0
Joshua Uche,2020,LB,Michigan,1,,,,,2,0,0,6,0,0,9.0,73.0,245.0,,18.0,,,,21.0
Kristian Fulton,2020,CB,LSU,1,4.46,42.22,,,2,0,1,6,0,4,18.0,72.0,197.0,35.5,,123.0,6.94,4.36,22.0
AJ Dillon,2020,RB,Boston College,4,4.53,45.0,,100.0,2,0,0,6,0,0,24.0,72.0,247.0,41.0,23.0,131.0,7.19,,22.0
Willie Gay Jr.,2020,LB,Mississippi State,3,4.46,78.0,,,2,0,1,6,0,5,27.0,73.0,243.0,39.5,21.0,136.0,7.08,4.3,22.0
Jeremy Chinn,2020,S,Southern Illinois,10,4.45,66.67,,,2,0,1,6,0,5,41.0,75.0,221.0,41.0,20.0,138.0,,,22.0
Logan Wilson,2020,LB,Wyoming,7,4.63,44.0,,,3,1,1,6,0,4,32.0,74.0,241.0,32.0,21.0,121.0,7.07,4.27,24.0
Antonio Gibson,2020,RB,Memphis,6,4.39,68.33,,32.11,3,1,0,6,0,2,29.0,72.0,228.0,35.0,16.0,118.0,,,22.0
Julian Okwara,2020,DE,Notre Dame,2,,,,,3,1,0,5,0,0,5.0,76.0,252.0,,27.0,,,,22.0
Ashtyn Davis,2020,S,California,4,,,,,3,1,0,6,0,2,14.0,73.0,202.0,,14.0,,,,23.0
Damien Lewis,2020,OG,LSU,1,5.24,41.33,,,3,1,1,6,0,6,35.0,74.0,327.0,30.0,27.0,108.0,,,23.0
Brandon Jones,2020,S,Texas,2,,,,,3,1,1,6,0,3,21.0,71.0,198.0,,,,,,22.0
Nnamdi Madubuike,2020,DT,Texas A&M,2,4.83,65.0,,,3,1,1,6,2,4,38.0,75.0,293.0,,31.0,,7.37,,22.0
Josh Jones,2020,OT,Houston,6,5.27,38.82,,,3,1,0,6,0,2,17.0,77.0,319.0,28.5,24.0,109.0,,,23.0
DaVon Hamilton,2020,DT,Ohio State,1,5.14,26.25,,,3,1,1,6,0,3,25.0,76.0,320.0,29.5,33.0,102.0,7.72,,23.0
Zack Baun,2020,LB,Wisconsin,3,4.65,40.0,,,3,1,1,6,2,2,39.0,74.0,238.0,32.5,24.0,115.0,7.0,4.31,23.0
Jonah Jackson,2020,OG,Ohio State,1,5.23,42.67,,,3,1,1,6,1,5,32.0,75.0,306.0,26.0,28.0,98.0,7.83,5.02,23.0
Ke'Shawn Vaughn,2020,RB,Illinois,4,4.51,48.33,,83.28,3,1,0,5,0,0,2.0,70.0,214.0,32.0,,117.0,,,23.0
Michael Ojemudia,2020,CB,Iowa,3,4.45,44.44,,,3,1,0,3,0,0,4.0,73.0,200.0,36.0,,122.0,6.87,4.21,22.0
Matt Hennessy,2020,C,Temple,6,5.18,56.0,,,3,1,0,6,0,1,11.0,76.0,307.0,30.0,23.0,110.0,7.45,4.6,22.0
Jabari Zuniga,2020,DE,Florida,2,4.64,70.77,,,3,1,0,3,0,0,1.0,75.0,264.0,33.0,29.0,127.0,,,23.0
Lynn Bowden Jr.,2020,WR,Kentucky,4,,,,100.0,3,1,0,4,0,0,3.0,71.0,204.0,,13.0,,,,22.0
Bryan Edwards,2020,WR,South Carolina,3,,,,92.85,3,1,0,3,0,1,6.0,75.0,212.0,,,,,,21.0
Neville Gallimore,2020,DT,Oklahoma,2,4.79,70.0,,,3,1,0,6,0,1,14.0,74.0,304.0,,23.0,,7.97,5.01,23.0
Lloyd Cushenberry III,2020,C,LSU,1,5.27,44.0,,,3,1,1,6,0,5,26.0,75.0,312.0,,25.0,,,,22.0
Terrell Lewis,2020,LB,Alabama,1,,,,,3,1,0,3,0,0,5.0,77.0,262.0,37.0,,124.0,,,22.0
Julian Blackmon,2020,S,Utah,3,,,,,3,1,1,6,0,4,20.0,72.0,187.0,,,,,,22.0
Zack Moss,2020,RB,Utah,3,4.65,25.0,,100.0,3,1,0,5,0,1,18.0,69.0,223.0,33.0,19.0,,,4.37,22.0
Anfernee Jennings,2020,LB,Alabama,1,,,,,3,1,0,6,0,2,22.0,74.0,256.0,,,,,,23.0
Jordan Elliott,2020,DT,Texas,2,5.02,41.25,,,3,1,1,6,0,4,27.0,76.0,302.0,27.5,24.0,,,4.73,22.0
Cameron Dantzler,2020,CB,Mississippi State,3,4.64,2.22,,,3,1,0,4,0,2,10.0,74.0,188.0,34.5,,,,,22.0
Jonathan Greenard,2020,DE,Florida,2,4.87,35.38,,,3,1,1,6,1,4,32.0,75.0,263.0,30.5,22.0,113.0,7.13,4.34,23.0
Devin Asiasi,2020,TE,UCLA,5,4.73,45.0,,48.7,3,1,0,3,0,0,0.0,75.0,257.0,30.5,16.0,115.0,,,23.0
Devin Duvernay,2020,WR,Texas,2,4.39,62.0,,100.0,3,1,1,6,2,1,12.0,70.0,200.0,35.5,,123.0,7.13,4.2,22.0
Darrynton Evans,2020,RB,Appalachian State,8,4.41,65.0,,,3,1,0,5,0,0,3.0,70.0,203.0,37.0,20.0,125.0,,,22.0
Josiah Deguara,2020,TE,Cincinnati,4,4.72,46.67,,59.04,3,1,0,6,0,0,4.0,74.0,242.0,35.5,25.0,115.0,7.15,4.35,23.0
McTelvin Agim,2020,DT,Arkansas,3,4.98,46.25,,,3,1,0,4,0,0,2.0,75.0,309.0,,27.0,,,,22.0
Lucas Niang,2020,OT,TCU,3,,,,,3,1,0,4,0,0,8.0,78.0,315.0,,,,,,22.0
Jacob Phillips,2020,LB,LSU,1,4.66,38.0,,,3,1,0,3,0,0,5.0,75.0,229.0,39.0,,126.0,7.38,4.33,21.0
Malik Harrison,2020,LB,Ohio State,1,4.66,38.0,,,3,1,0,6,0,1,19.0,75.0,247.0,36.0,,122.0,6.83,4.32,22.0
Matt Peart,2020,OT,Connecticut,6,5.06,63.53,,,3,1,0,6,0,0,7.0,79.0,318.0,30.0,26.0,113.0,8.01,4.92,23.0
Tanner Muse,2020,S,Clemson,1,4.41,75.56,,,3,1,0,5,0,0,2.0,74.0,227.0,34.5,20.0,124.0,,,24.0
Dalton Keene,2020,TE,Virginia Tech,3,4.71,48.33,,49.66,3,1,0,4,0,0,0.0,76.0,253.0,34.0,21.0,125.0,7.07,4.19,21.0
Alex Highsmith,2020,LB,Charlotte,10,4.7,30.0,,,3,1,1,6,0,5,35.0,75.0,248.0,33.0,,125.0,7.32,4.31,23.0
Davion Taylor,2020,LB,Colorado,3,4.49,72.0,,,3,1,0,2,0,0,3.0,72.0,228.0,35.0,21.0,127.0,6.96,4.26,22.0
Terrell Burgess,2020,S,Utah,3,4.46,64.44,,,3,1,0,6,0,0,4.0,71.0,202.0,33.5,20.0,122.0,,,21.0
Adam Trautman,2020,TE,Dayton,10,4.8,33.33,,,3,1,1,6,0,4,11.0,77.0,255.0,34.5,18.0,114.0,6.78,4.27,23.0
Tyre Phillips,2020,OT,Mississippi State,3,5.37,27.06,,,3,1,0,5,0,1,11.0,77.0,331.0,25.0,22.0,93.0,8.17,5.11,23.0
Akeem Davis-Gaither,2020,LB,Appalachian State,8,,,,,4,1,0,6,0,1,14.0,73.0,224.0,,21.0,,,,22.0
Saahdiq Charles,2020,OT,LSU,1,5.05,64.71,,,4,1,0,6,0,1,8.0,76.0,321.0,,,,,,21.0
John Simpson,2020,OG,Clemson,1,5.24,41.33,,,4,1,1,6,0,4,28.0,76.0,321.0,30.0,34.0,107.0,8.03,4.87,23.0
Darnay Holmes,2020,CB,UCLA,5,4.48,37.78,,,4,1,0,6,0,0,8.0,70.0,195.0,,12.0,,,,22.0
Solomon Kindley,2020,OG,Georgia,1,,,,,4,1,0,2,0,1,6.0,75.0,337.0,,,,,,23.0
Joshua Kelley,2020,RB,UCLA,5,4.49,51.67,,100.0,4,1,0,5,0,0,9.0,71.0,212.0,31.0,23.0,121.0,6.95,4.28,22.0
Troy Pride Jr.,2020,CB,Notre Dame,2,4.4,55.56,,,4,1,0,5,0,0,3.0,71.0,193.0,35.5,13.0,119.0,6.94,4.26,22.0
Leki Fotu,2020,DT,Utah,3,5.15,25.0,,,4,1,0,6,0,2,11.0,77.0,330.0,,21.0,,,,22.0
Harrison Bryant,2020,TE,Florida Atlantic,2,4.73,45.0,,84.85,4,1,1,6,0,3,7.0,77.0,243.0,32.5,13.0,110.0,7.41,4.37,22.0
Ben Bartch,2020,OG,Saint John's (MN),10,,,,,4,1,0,6,0,1,9.0,78.0,309.0,,,,,,22.0
D.J. Wonnum,2020,DE,South Carolina,3,4.73,56.92,,,4,1,1,6,0,3,26.0,77.0,258.0,34.5,20.0,123.0,7.25,4.44,22.0
Albert Okwuegbunam,2020,TE,Missouri,4,4.49,85.0,,58.83,4,1,0,6,0,0,5.0,77.0,258.0,,,,,,22.0
Mykal Walker,2020,LB,Fresno State,7,4.65,40.0,,,4,1,0,6,0,2,16.0,75.0,230.0,33.0,20.0,122.0,7.09,4.25,23.0
La'Mical Perine,2020,RB,Florida,2,4.62,30.0,,,4,1,0,4,0,0,3.0,71.0,216.0,35.0,22.0,118.0,7.13,4.31,22.0
Logan Stenberg,2020,OG,Kentucky,4,5.3,33.33,,,4,1,0,3,0,0,3.0,78.0,317.0,26.0,,104.0,8.0,4.83,23.0
Jacob Eason,2020,QB,Washington,2,4.89,26.25,,78.01,4,1,0,3,0,0,0.0,78.0,231.0,27.5,,110.0,7.5,4.75,22.0
Reggie Robinson II,2020,CB,Tulsa,6,4.44,46.67,,,4,1,0,1,0,0,0.0,73.0,205.0,36.0,22.0,132.0,7.09,4.18,23.0
Anthony McFarland Jr.,2020,RB,Maryland,4,4.44,60.0,,65.76,4,1,0,4,0,0,1.0,68.0,208.0,29.5,,116.0,,,22.0
James Morgan,2020,QB,Florida International,2,4.89,26.25,,59.29,4,1,0,0,0,0,0.0,76.0,229.0,29.0,,112.0,7.51,4.64,23.0
Charlie Heck,2020,OT,North Carolina,3,5.16,51.76,,,4,1,0,6,0,1,15.0,80.0,311.0,28.0,21.0,112.0,8.02,4.86,23.0
K'Von Wallace,2020,S,Clemson,1,4.53,48.89,,,4,1,0,6,0,0,9.0,71.0,206.0,38.0,18.0,133.0,6.76,4.15,23.0
Gabe Davis,2020,WR,UCF,4,4.54,32.0,,,4,1,1,6,0,4,28.0,74.0,216.0,35.0,14.0,124.0,7.08,4.59,21.0
Cameron Clark,2020,OT,Charlotte,10,5.29,36.47,,,4,1,0,0,0,0,0.0,76.0,308.0,25.0,26.0,101.0,,,22.0
James Lynch,2020,DT,Baylor,3,5.01,42.5,,,4,1,0,6,0,0,6.0,76.0,289.0,29.0,23.0,111.0,7.39,4.39,21.0
Rashard Lawrence,2020,DT,LSU,1,5.07,35.0,,,4,1,0,3,0,0,6.0,74.0,308.0,,22.0,,8.03,,22.0
Troy Dye,2020,LB,Oregon,2,,,,,4,1,0,6,0,1,14.0,75.0,231.0,,,,,,23.0
Colby Parkinson,2020,TE,Stanford,3,4.77,38.33,,40.98,4,1,0,6,0,2,11.0,79.0,252.0,32.5,18.0,109.0,7.15,4.46,21.0
Jaylinn Hawkins,2020,S,California,4,,,,,4,1,0,6,0,2,17.0,73.0,208.0,35.5,,117.0,,,23.0
Kevin Dotson,2020,OG,Louisiana,8,,,,,4,1,1,6,0,4,32.0,,,,,,,,23.0
Brycen Hopkins,2020,TE,Purdue,4,4.66,56.67,,83.86,4,1,0,4,0,0,2.0,76.0,245.0,33.5,21.0,116.0,7.25,4.28,23.0
Josiah Scott,2020,CB,Michigan State,3,4.42,51.11,,,4,1,0,4,0,0,3.0,69.0,185.0,,17.0,,,,21.0
L'Jarius Sneed,2020,S,Louisiana Tech,5,4.37,84.44,,,4,1,1,6,0,3,22.0,72.0,192.0,41.0,12.0,131.0,,,23.0
Amik Robertson,2020,CB,Louisiana Tech,5,,,,,4,1,0,6,0,2,14.0,68.0,187.0,,,,,,22.0
Shaquille Quarterman,2020,LB,Miami (FL),2,4.74,22.0,,,4,1,0,5,0,0,5.0,72.0,234.0,31.0,23.0,120.0,,,22.0
John Reid,2020,CB,Penn State,2,4.49,35.56,,,4,1,0,3,0,0,2.0,70.0,187.0,36.5,20.0,129.0,6.95,3.97,24.0
Antonio Gandy-Golden,2020,WR,Liberty,5,4.6,20.0,,100.0,4,1,0,2,0,0,0.0,76.0,223.0,36.0,22.0,127.0,7.33,4.55,22.0
Ben Bredeson,2020,OG,Michigan,1,,,,,4,1,1,6,0,3,21.0,77.0,315.0,,,,,,22.0
DeeJay Dallas,2020,RB,Miami (FL),2,4.58,36.67,,76.36,4,1,0,6,0,0,7.0,70.0,217.0,33.5,,119.0,7.18,4.32,21.0
Jack Driscoll,2020,OG,Auburn,2,5.02,70.67,,,4,1,0,5,0,0,12.0,77.0,306.0,29.5,23.0,114.0,,,23.0
Tyler Biadasz,2020,C,Wisconsin,3,,,,,4,1,1,6,1,5,36.0,76.0,314.0,,,,,,22.0
Khalid Kareem,2020,DE,Notre Dame,2,,,,,5,2,0,6,0,0,2.0,76.0,268.0,,,,,,22.0
Alton Robinson,2020,DE,Syracuse,4,4.69,63.08,,,5,2,0,2,0,0,4.0,75.0,264.0,35.5,25.0,119.0,7.32,4.32,22.0
Danny Pinter,2020,OG,Ball State,8,4.91,85.33,,,5,2,0,6,0,0,7.0,76.0,306.0,29.5,24.0,110.0,7.76,4.62,24.0
Shane Lemieux,2020,OG,Oregon,2,5.11,58.67,,,5,2,0,5,0,1,5.0,76.0,310.0,25.5,,107.0,8.13,4.9,23.0
Joe Reed,2020,WR,Virginia,4,4.47,46.0,,66.12,5,2,0,1,0,0,0.0,72.0,224.0,38.0,21.0,123.0,,,22.0
Kenny Robinson Jr.,2020,S,West Virginia,4,,,,,5,2,0,2,0,0,1.0,,,,,,,,21.0
Colton McKivitz,2020,OT,West Virginia,4,5.35,29.41,,,5,2,1,6,0,3,24.0,78.0,306.0,26.0,20.0,106.0,7.87,5.0,24.0
Jason Strowbridge,2020,DE,North Carolina,3,4.89,32.31,,,5,2,0,1,0,0,1.0,76.0,275.0,31.0,26.0,113.0,7.45,4.37,23.0
Trevis Gipson,2020,DE,Tulsa,6,,,,,5,2,0,6,0,1,11.0,75.0,261.0,,25.0,,,,23.0
Keith Ismael,2020,C,San Diego State,7,5.34,34.67,,,5,2,0,4,0,0,3.0,75.0,309.0,32.0,,108.0,8.14,4.65,22.0
Daniel Thomas,2020,S,Auburn,2,4.51,53.33,,,5,2,0,6,0,0,5.0,70.0,215.0,37.0,24.0,125.0,,,22.0
Bryce Hall,2020,CB,Virginia,4,,,,,5,2,0,5,0,2,10.0,73.0,202.0,,11.0,,,,22.0
Justin Rohrwasser,2020,K,Marshall,8,,,,,5,2,0,0,0,0,0.0,,,,,,,,23.0
Nick Harris,2020,C,Washington,2,5.1,66.67,,,5,2,0,5,0,0,5.0,73.0,302.0,29.5,20.0,103.0,,,21.0
Tyler Johnson,2020,WR,Minnesota,4,,,,100.0,5,2,0,6,0,0,9.0,73.0,206.0,,,,,,22.0
Khaleke Hudson,2020,LB,Michigan,1,4.56,58.0,,,5,2,0,5,0,0,7.0,71.0,224.0,33.0,30.0,120.0,,,22.0
Kindle Vildor,2020,CB,Georgia Southern,1,4.44,46.67,,,5,2,0,6,0,2,10.0,70.0,191.0,39.5,22.0,133.0,7.14,4.28,22.0
Curtis Weaver,2020,DE,Boise State,7,,,,,5,2,0,2,0,0,0.0,74.0,265.0,32.5,,116.0,7.0,4.27,22.0
Collin Johnson,2020,WR,Texas,2,,,,58.75,5,2,0,5,0,0,3.0,78.0,222.0,,17.0,,,,22.0
Quintez Cephus,2020,WR,Wisconsin,3,4.73,0.0,,65.1,5,2,0,3,0,0,5.0,73.0,202.0,38.5,23.0,124.0,7.2,4.33,22.0
Jake Fromm,2020,QB,Georgia,1,5.01,11.25,,67.87,5,2,0,2,0,0,1.0,74.0,219.0,30.0,,111.0,7.27,4.51,22.0
John Hightower,2020,WR,Boise State,7,4.43,54.0,,84.62,5,2,0,2,0,0,1.0,73.0,189.0,38.5,,122.0,7.07,4.21,24.0
Harrison Hand,2020,CB,Temple,6,4.52,28.89,,,5,2,0,3,0,0,2.0,71.0,197.0,41.0,14.0,133.0,7.15,4.27,21.0
Broderick Washington Jr.,2020,DT,Texas Tech,4,,,,,5,2,0,6,0,1,15.0,74.0,305.0,,23.0,,,,23.0
Isaiah Coulter,2020,WR,Rhode Island,10,4.45,50.0,,,5,2,0,2,0,0,0.0,74.0,198.0,36.0,,121.0,7.28,4.62,21.0
Jason Huntley,2020,RB,New Mexico State,7,,,,85.25,5,2,0,2,0,0,0.0,,,,,,,,22.0
Darnell Mooney,2020,WR,Tulane,6,4.38,64.0,,55.54,5,2,1,6,0,5,33.0,70.0,176.0,37.0,9.0,124.0,,,22.0
Larrell Murchison,2020,DT,NC State,4,5.05,37.5,,,5,2,0,6,0,0,7.0,74.0,297.0,29.0,29.0,118.0,7.89,4.51,23.0
Kamal Martin,2020,LB,Minnesota,4,,,,,5,2,0,2,0,0,4.0,75.0,240.0,,,,,,22.0
K.J. Osborn,2020,WR,Miami (FL),2,4.48,44.0,,52.21,5,2,0,5,0,2,13.0,71.0,203.0,37.5,18.0,123.0,7.0,4.35,23.0
Michael Danna,2020,DE,Michigan,1,,,,,5,2,1,6,0,3,23.0,,,,,,,,22.0
Justin Strnad,2020,LB,Wake Forest,4,4.74,22.0,,,5,2,0,6,0,0,14.0,75.0,238.0,29.0,,113.0,,4.49,24.0
Bradlee Anae,2020,DE,Utah,3,4.93,26.15,,,5,2,0,2,0,0,1.0,75.0,257.0,31.0,25.0,115.0,7.44,4.43,22.0
Hakeem Adeniji,2020,OT,Kansas,10,5.17,50.59,,,6,2,0,6,0,0,10.0,76.0,302.0,34.0,26.0,115.0,,,22.0
Netane Muti,2020,OG,Fresno State,7,,,,,6,2,0,4,0,0,3.0,75.0,315.0,,44.0,,,,21.0
Michael Onwenu,2020,OG,Michigan,1,,,,,6,2,1,6,0,5,33.0,75.0,344.0,,26.0,,,,22.0
Cam Brown,2020,LB,Penn State,2,4.72,26.0,,,6,2,0,4,0,0,4.0,77.0,233.0,35.5,16.0,123.0,,,22.0
Bravvion Roy,2020,DT,Baylor,3,,,,,6,2,0,3,0,1,9.0,,,,,,,,23.0
Blake Ferguson,2020,LS,LSU,1,5.07,0.0,,,6,2,0,5,0,0,4.0,75.0,229.0,31.0,,112.0,7.43,4.52,23.0
Alohi Gilman,2020,S,Notre Dame,2,4.6,33.33,,,6,2,1,6,0,3,18.0,70.0,201.0,32.0,17.0,119.0,6.81,4.08,22.0
Donovan Peoples-Jones,2020,WR,Michigan,1,4.48,44.0,,48.65,6,2,0,4,0,1,18.0,74.0,212.0,44.5,,139.0,,,21.0
Tyler Bass,2020,K,Georgia Southern,1,,,,,6,2,0,5,0,2,13.0,70.0,185.0,,,,,,23.0
Jake Luton,2020,QB,Oregon State,4,,,,93.48,6,2,0,1,0,0,2.0,78.0,224.0,,,,,,24.0
Charlie Woerner,2020,TE,Georgia,1,4.78,36.67,,18.08,6,2,0,6,0,1,0.0,77.0,244.0,34.5,21.0,120.0,7.18,4.46,22.0
Braden Mann,2020,P,Texas A&M,2,4.83,26.15,,,6,2,1,6,0,3,13.0,71.0,198.0,31.0,,111.0,7.03,4.13,22.0
Jon Runyan Jr.,2020,OT,Michigan,1,5.08,61.18,,,6,2,1,6,0,5,36.0,76.0,306.0,30.5,24.0,107.0,7.57,4.69,23.0
Robert Windsor,2020,DT,Penn State,2,4.9,56.25,,,6,2,0,1,0,0,0.0,76.0,290.0,28.5,21.0,111.0,7.47,4.44,23.0
Khalil Davis,2020,DT,Nebraska,3,4.75,75.0,,,6,2,0,5,0,0,3.0,73.0,308.0,,32.0,,,,24.0
Justin Herron,2020,OT,Wake Forest,4,5.26,40.0,,,6,2,0,4,0,0,7.0,76.0,308.0,33.0,27.0,105.0,8.41,4.88,24.0
Shaun Bradley,2020,LB,Temple,6,4.51,68.0,,,6,2,0,3,0,0,3.0,73.0,235.0,32.5,14.0,121.0,7.07,4.24,23.0
John Penisini,2020,DT,Utah,3,,,,,6,2,0,2,0,1,6.0,73.0,318.0,25.5,23.0,,,4.93,23.0
Antoine Brooks Jr.,2020,S,Maryland,4,4.64,24.44,,,6,2,0,2,0,0,1.0,71.0,220.0,34.5,18.0,,,,22.0
Jordan Fuller,2020,S,Ohio State,1,4.67,17.78,,,6,2,1,6,0,3,18.0,74.0,203.0,35.5,,122.0,,4.27,22.0
Quez Watkins,2020,WR,Southern Miss,10,4.35,70.0,,100.0,6,2,0,4,0,1,13.0,72.0,185.0,36.5,,125.0,7.28,4.36,22.0
James Proche,2020,WR,SMU,6,,,,100.0,6,2,0,6,0,0,4.0,71.0,201.0,34.5,20.0,,7.27,4.4,23.0
Evan Weaver,2020,LB,California,4,4.76,18.0,,,6,2,0,0,0,0,0.0,74.0,237.0,32.0,15.0,117.0,7.02,4.21,22.0
Blake Brandel,2020,OT,Oregon State,4,,,,,6,2,0,6,0,2,15.0,,,,,,,,23.0
Cassh Maluia,2020,LB,Wyoming,7,,,,,6,2,0,1,0,0,1.0,,,,,,,,21.0
Josh Metellus,2020,S,Michigan,1,4.55,44.44,,,6,2,0,6,0,2,20.0,71.0,209.0,36.5,20.0,124.0,6.94,4.4,22.0
Tyler Davis,2020,TE,Georgia Tech,3,,,,14.64,6,2,0,3,0,0,0.0,,,,,,,,23.0
Isaiah Hodgins,2020,WR,Oregon State,4,4.61,18.0,,100.0,6,2,0,6,0,1,6.0,76.0,210.0,36.5,9.0,124.0,7.01,4.12,21.0
Jake Hanson,2020,C,Oregon,2,5.5,13.33,,,6,2,0,5,0,0,4.0,76.0,303.0,,33.0,,,,23.0
Simon Stepaniak,2020,OT,Indiana,4,,,,,6,2,0,0,0,0,0.0,76.0,313.0,,37.0,,,,23.0
Prince Tega Wanogho,2020,OT,Auburn,2,,,,,6,2,0,4,0,0,1.0,77.0,308.0,,,,,,22.0
Isaiah Rodgers,2020,CB,Massachusetts,10,,,,,6,2,0,6,0,2,18.0,,,,,,,,22.0
Dezmon Patmon,2020,WR,Washington State,4,4.48,44.0,,70.88,6,2,0,3,0,0,0.0,76.0,225.0,36.0,15.0,132.0,7.28,4.38,22.0
Jordan Glasgow,2020,LB,Michigan,1,,,,,6,2,0,2,0,0,2.0,,,,,,,,24.0
Freddie Swain,2020,WR,Florida,2,4.46,48.0,,73.47,6,2,0,3,0,0,5.0,72.0,197.0,36.5,16.0,124.0,7.05,4.26,22.0
Markus Bailey,2020,LB,Purdue,4,,,,,7,2,0,5,0,0,7.0,72.0,235.0,,15.0,,,,23.0
Kamren Curl,2020,S,Arkansas,3,4.6,33.33,,,7,2,1,6,0,6,29.0,73.0,206.0,34.5,24.0,125.0,,,21.0
Jauan Jennings,2020,WR,Tennessee,2,4.72,0.0,,89.79,7,2,0,6,0,1,21.0,75.0,215.0,29.0,,119.0,,,23.0
Carter Coughlin,2020,LB,Minnesota,4,4.57,56.0,,,7,2,0,5,0,0,5.0,75.0,236.0,36.0,,126.0,,,23.0
Geno Stone,2020,S,Iowa,3,4.62,28.89,,,7,2,1,6,0,3,22.0,70.0,207.0,33.5,12.0,116.0,,,21.0
K.J. Hill,2020,WR,Ohio State,1,4.6,20.0,,52.62,7,2,0,2,0,0,1.0,72.0,196.0,32.5,17.0,114.0,,,22.0
Stantley Thomas-Oliver,2020,CB,Florida International,2,4.48,37.78,,,7,2,0,5,0,0,2.0,72.0,192.0,34.0,,127.0,,,22.0
Eno Benjamin,2020,RB,Arizona State,3,4.57,38.33,,89.59,7,2,0,3,0,0,4.0,69.0,207.0,39.0,12.0,122.0,6.97,4.25,21.0
Chris Claybrooks,2020,CB,Memphis,6,,,,,7,2,0,3,0,0,5.0,,,,,,,,23.0
Cole McDonald,2020,QB,Hawaii,7,4.58,65.0,,94.43,7,2,0,0,0,0,0.0,75.0,215.0,36.0,,121.0,7.13,4.52,22.0
Kenny Willekes,2020,DE,Michigan State,3,4.87,35.38,,,7,2,0,2,0,0,1.0,75.0,264.0,32.5,32.0,119.0,7.39,,23.0
Arlington Hambright,2020,OT,Colorado,3,,,,,7,2,0,5,0,0,1.0,,,,,,,,24.0
Lachavious Simmons,2020,OG,Tennessee State,2,,,,,7,2,0,2,0,0,0.0,,,,,,,,23.0
Sterling Hofrichter,2020,P,Syracuse,4,,,,,7,2,0,2,0,0,1.0,70.0,196.0,,,,,,23.0
James Smith-Williams,2020,DE,NC State,4,4.6,76.92,,,7,2,0,5,0,1,15.0,76.0,265.0,32.0,28.0,123.0,7.35,4.52,23.0
Dustin Woodard,2020,C,Memphis,6,,,,,7,2,0,0,0,0,0.0,,,,,,,,22.0
Ben DiNucci,2020,QB,James Madison,8,,,,,7,2,0,1,0,0,1.0,,,,,,,,23.0
Carlos Davis,2020,DT,Nebraska,3,4.82,66.25,,,7,2,0,3,0,0,1.0,74.0,313.0,,27.0,,,4.52,24.0
Casey Toohill,2020,DE,Stanford,3,4.62,73.85,,,7,2,0,5,0,0,11.0,76.0,250.0,39.0,17.0,126.0,7.08,4.21,24.0
Clay Johnston,2020,LB,Baylor,3,,,,,7,2,0,3,0,0,2.0,73.0,227.0,,18.0,,,,24.0
Jashon Cornell,2020,DT,Ohio State,1,,,,,7,2,0,2,0,0,0.0,,,,,,,,23.0
Vernon Scott,2020,S,TCU,3,,,,,7,2,0,2,0,0,1.0,,,,,,,,22.0
Thakarius Keyes,2020,CB,Tulane,6,,,,,7,2,0,2,0,0,1.0,73.0,202.0,36.0,,126.0,,,22.0
T.J. Brunson,2020,LB,South Carolina,3,,,,,7,2,0,1,0,0,0.0,,,,,,,,22.0
Dane Jackson,2020,CB,Pittsburgh,3,4.57,17.78,,,7,2,0,6,0,1,12.0,72.0,187.0,35.0,,122.0,7.07,4.27,23.0
Tommy Stevens,2020,QB,Mississippi State,3,,,,43.57,7,2,0,1,0,0,0.0,,,,,,,,23.0
Chapelle Russell,2020,LB,Temple,6,4.69,32.0,,,7,2,0,2,0,0,2.0,74.0,236.0,35.0,21.0,121.0,7.38,4.41,23.0
Jonathan Garvin,2020,DE,Miami (FL),2,4.82,43.08,,,7,2,0,3,0,0,3.0,76.0,263.0,36.0,23.0,125.0,,,21.0
Chris Jackson,2020,S,Marshall,8,,,,,7,2,0,3,0,0,2.0,,,,,,,,22.0
Nate Stanley,2020,QB,Iowa,3,4.81,36.25,,,7,2,0,0,0,0,0.0,76.0,235.0,28.5,,108.0,7.26,4.48,23.0
Raymond Calais,2020,RB,Louisiana,8,4.42,63.33,,59.57,7,2,0,1,0,0,0.0,68.0,188.0,37.5,20.0,120.0,,,22.0
Malcolm Perry,2020,RB,Navy,5,4.63,28.33,,100.0,7,2,0,1,0,0,1.0,69.0,186.0,36.0,10.0,122.0,7.12,4.31,23.0
Chris Williamson,2020,CB,Minnesota,4,,,,,7,2,0,2,0,0,0.0,,,,,,,,23.0
Sam Sloman,2020,K,Miami (OH),8,,,,,7,2,0,1,0,0,0.0,,,,,,,,22.0
Brian Cole II,2020,S,Mississippi State,3,4.52,51.11,,,7,2,0,0,0,0,0.0,74.0,213.0,,,,,,23.0
Tremayne Anchrum,2020,OG,Clemson,1,5.21,45.33,,,7,2,0,4,0,0,2.0,74.0,314.0,24.5,26.0,104.0,,,22.0
Stephen Sullivan,2020,TE,LSU,1,4.66,56.67,,18.15,7,2,0,5,0,0,1.0,77.0,248.0,36.5,,123.0,7.51,4.62,23.0
Tyrie Cleveland,2020,WR,Florida,2,4.46,48.0,,27.5,7,2,0,3,0,0,0.0,74.0,209.0,39.5,13.0,126.0,,,22.0
Kyle Hinton,2020,OG,Washburn,10,,,,,7,2,0,6,0,0,3.0,,,,,,,,22.0
Derrek Tuszka,2020,LB,North Dakota State,9,4.79,12.0,,,7,2,0,3,0,0,3.0,76.0,251.0,33.5,24.0,120.0,6.87,4.34,23.0
Tae Crowder,2020,LB,Georgia,1,,,,,7,2,0,4,0,2,16.0,,,,,,,,23.0
Kyle Allamon,2000,TE,Texas Tech,4,4.97,5.0,,,8,3,0,0,0,0,0.0,74.0,253.0,29.0,,104.0,7.29,4.49,
Jake Arians,2000,K,UAB,6,,,,,8,3,0,0,0,0,0.0,70.0,202.0,,,,,,
Corey Atkins,2000,OLB,South Carolina,3,4.72,43.08,,,8,3,0,0,0,0,0.0,72.0,237.0,31.0,21.0,112.0,7.96,4.39,
Kyle Atteberry,2000,K,Baylor,3,,,,,8,3,0,0,0,0,0.0,72.0,167.0,,,,,,
John Baker,2000,P,North Texas,10,,,,,8,3,0,0,0,0,0.0,75.0,227.0,,,,,,
Andrew Bayes,2000,P,East Carolina,6,,,,,8,3,0,0,0,0,0.0,74.0,200.0,,,,,,
Terrance Beadles,2000,OG,Ark-Pine Bluff,10,5.19,48.0,,,8,3,0,0,0,0,0.0,75.0,312.0,,29.0,,,,
Matt Beck,2000,ILB,California,4,4.65,53.85,,,8,3,0,0,0,0,0.0,75.0,234.0,,,,,,
Carl Bradley,2000,DT,Virginia Tech,3,5.03,40.0,,,8,3,0,0,0,0,0.0,74.0,300.0,,,,,,
Robert Brannon,2000,DT,Iowa State,4,5.19,20.0,,,8,3,0,0,0,0,0.0,76.0,309.0,28.5,28.0,99.0,7.82,4.7,
Keith Brown,2000,RB,UCLA,5,4.66,23.33,,,8,3,0,0,0,0,0.0,71.0,216.0,30.0,,117.0,6.64,4.08,
Demario Brown,2000,RB,Utah State,7,4.72,13.33,,,8,3,0,0,0,0,0.0,72.0,217.0,31.0,,107.0,7.17,4.39,
Travis Brown,2000,QB,Northern Arizona,10,5.01,11.25,,,8,3,0,0,0,0,0.0,75.0,218.0,29.0,,101.0,7.54,4.87,
Lamont Bryant,2000,DE,Notre Dame,2,4.91,29.23,,,8,3,0,0,0,0,0.0,75.0,260.0,,17.0,,,,
Bill Burke,2000,QB,Michigan State,3,5.03,8.75,,,8,3,0,0,0,0,0.0,76.0,206.0,28.5,,107.0,7.46,4.42,
David Byrd,2000,CB,Syracuse,4,4.53,26.67,,,8,3,0,0,0,0,0.0,71.0,202.0,36.0,14.0,117.0,7.18,4.39,
Kwame Cavil,2000,WR,Texas,2,4.54,32.0,,,8,3,0,0,0,0,0.0,74.0,208.0,39.5,,118.0,,,
Chris Chaloupka,2000,QB,SMU,6,4.96,17.5,,,8,3,0,0,0,0,0.0,74.0,216.0,,,,,,
Chrys Chukwuma,2000,RB,Arkansas,3,4.56,40.0,,,8,3,0,0,0,0,0.0,73.0,232.0,,,115.0,,,
Pedro Cirino,2000,S,Boston College,4,4.59,35.56,,,8,3,0,0,0,0,0.0,71.0,197.0,,,,,,
John Saint Clair,2000,C,Virginia,4,5.2,53.33,,,8,3,0,0,0,0,0.0,77.0,302.0,,25.0,,,,
Chris Coleman,2000,WR,NC State,4,4.61,18.0,,,8,3,0,0,0,0,0.0,72.0,211.0,32.5,,110.0,6.79,4.1,
Kurth Connell,2000,OT,Washington,2,5.49,12.94,,,8,3,0,0,0,0,0.0,76.0,291.0,33.0,27.0,103.0,8.14,4.84,
Rameel Connor,2000,DE,Illinois,4,5.0,15.38,,,8,3,0,0,0,0,0.0,75.0,276.0,35.5,25.0,121.0,7.65,4.45,
D.J. Cooper,2000,DT,Arkansas,3,5.22,16.25,,,8,3,0,0,0,0,0.0,75.0,277.0,28.0,,108.0,7.41,4.49,
Ashley Cooper,2000,S,Mississippi State,3,4.67,17.78,,,8,3,0,0,0,0,0.0,70.0,208.0,,16.0,117.0,,,
Renard Cox,2000,CB,Maryland,4,4.68,0.0,,,8,3,0,0,0,0,0.0,71.0,192.0,38.0,13.0,111.0,7.1,,
Casey Crawford,2000,TE,Virginia,4,4.83,28.33,,,8,3,0,0,0,0,0.0,78.0,244.0,,18.0,,,,
Sedrick Curry,2000,CB,Texas A&M,2,4.44,46.67,,,8,3,0,0,0,0,0.0,73.0,197.0,39.0,,125.0,6.34,3.94,
Chris Daniels,2000,WR,Purdue,4,4.74,0.0,,,8,3,0,0,0,0,0.0,75.0,217.0,33.0,,115.0,7.2,4.24,
Brandon Daniels,2000,WR,Oklahoma,2,4.54,32.0,,,8,3,0,0,0,0,0.0,70.0,211.0,,,,,,
Joe Dean Davenport,2000,TE,Arkansas,3,5.06,0.0,,,8,3,0,0,0,0,0.0,79.0,268.0,30.0,13.0,108.0,7.33,4.67,
Darren Davis,2000,RB,Iowa State,4,4.81,0.0,,,8,3,0,0,0,0,0.0,68.0,189.0,32.0,13.0,109.0,7.04,4.47,
Adam Davis,2000,OG,Oklahoma State,3,5.66,0.0,,,8,3,0,0,0,0,0.0,76.0,309.0,26.0,,92.0,8.51,5.0,
Jerry DeLoach,2000,DT,California,4,4.99,45.0,,,8,3,0,0,0,0,0.0,75.0,314.0,31.5,19.0,101.0,7.4,4.57,
Mike Derouselle,2000,DT,Houston,6,5.28,8.75,,,8,3,0,0,0,0,0.0,74.0,314.0,27.5,27.0,96.0,7.67,4.8,
Chris Edwards,2000,OLB,Georgia Tech,3,4.65,53.85,,,8,3,0,0,0,0,0.0,77.0,226.0,,,,,,
Dwan Epps,2000,ILB,Texas Southern,2,4.68,49.23,,,8,3,0,0,0,0,0.0,73.0,242.0,34.5,8.0,,,,
Matt Farmer,2000,WR,Air Force,5,4.51,38.0,,,8,3,0,0,0,0,0.0,72.0,190.0,33.0,,108.0,6.63,3.94,
Kevin Feterik,2000,QB,BYU,5,4.92,22.5,,,8,3,0,0,0,0,0.0,71.0,207.0,31.0,,106.0,7.3,4.45,
Chafie Fields,2000,WR,Penn State,2,4.43,54.0,,,8,3,0,0,0,0,0.0,73.0,196.0,,,,,,
Aaron Fields,2000,DE,Troy,8,4.76,52.31,,,8,3,0,0,0,0,0.0,76.0,243.0,34.0,22.0,115.0,7.51,4.56,
Zeron Flemister,2000,TE,Iowa,3,4.72,46.67,,,8,3,0,0,0,0,0.0,76.0,249.0,37.0,14.0,116.0,6.92,4.16,
Derrick Foster,2000,RB,Texas A&M-Kingsville,2,4.43,61.67,,,8,3,0,0,0,0,0.0,71.0,201.0,34.5,19.0,117.0,6.84,4.36,
Larry Foster,2000,WR,LSU,1,4.55,30.0,,,8,3,0,0,0,0,0.0,70.0,198.0,37.0,,121.0,6.88,4.06,
Trent Gamble,2000,S,Wyoming,7,4.56,42.22,,,8,3,0,0,0,0,0.0,69.0,186.0,37.0,21.0,124.0,6.6,3.9,
Lamar Grant,2000,CB,Duke,4,4.62,6.67,,,8,3,0,0,0,0,0.0,71.0,188.0,32.0,16.0,117.0,7.3,4.3,
Jonathan Gray,2000,OT,Texas Tech,4,5.85,0.0,,,8,3,0,0,0,0,0.0,76.0,338.0,23.0,20.0,94.0,,,
Brian Gray,2000,CB,BYU,5,4.94,0.0,,,8,3,0,0,0,0,0.0,73.0,214.0,33.5,19.0,116.0,7.38,4.24,
Damian Gregory,2000,DT,Illinois State,4,4.87,60.0,,,8,3,0,0,0,0,0.0,74.0,307.0,30.0,27.0,105.0,7.37,4.6,
Ricky Hall,2000,WR,Virginia Tech,3,4.52,36.0,,,8,3,0,0,0,0,0.0,74.0,206.0,,,,,,
James Hall,2000,DE,Michigan,1,5.03,10.77,,,8,3,0,0,0,0,0.0,74.0,271.0,32.0,,111.0,7.86,4.51,
Troy Hambrick,2000,RB,South Carolina,3,4.66,23.33,,,8,3,0,0,0,0,0.0,72.0,237.0,34.5,21.0,118.0,7.48,4.44,
Joey Hamilton,2000,WR,Jacksonville State,10,4.54,32.0,,,8,3,0,0,0,0,0.0,73.0,201.0,36.0,,116.0,7.57,4.41,
D'Andre Hardeman,2000,FB,Texas A&M,2,4.81,29.23,,,8,3,0,0,0,0,0.0,70.0,238.0,30.0,,109.0,7.27,4.36,
Semisi Heimuli,2000,OG,Texas A&M,2,5.4,20.0,,,8,3,0,0,0,0,0.0,73.0,312.0,29.0,20.0,94.0,7.94,4.63,
Steve Herndon,2000,OG,Georgia,1,5.23,42.67,,,8,3,0,0,0,0,0.0,76.0,297.0,,,,,,
Leroy Hodge,2000,WR,Texas A&M,2,4.54,32.0,,,8,3,0,0,0,0,0.0,73.0,215.0,34.5,,116.0,7.14,4.21,
Deone Horinek,2000,P,Colorado State,7,,,,,8,3,0,0,0,0,0.0,74.0,234.0,,,,,,
Reggie Howard,2000,CB,Memphis,6,4.55,22.22,,,8,3,0,0,0,0,0.0,71.0,190.0,,,,,,
Aaron Humphrey,2000,DE,Texas,2,5.1,0.0,,,8,3,0,0,0,0,0.0,75.0,254.0,34.0,21.0,119.0,,,
Trevor Insley,2000,WR,Nevada,7,4.7,0.0,,,8,3,0,0,0,0,0.0,72.0,192.0,,,,,,
Keith Jackson,2000,DT,Cheyney,10,5.2,18.75,,,8,3,0,0,0,0,0.0,76.0,319.0,,28.0,,,,
Al Jackson,2000,OG,LSU,1,5.2,46.67,,,8,3,0,0,0,0,0.0,75.0,304.0,,19.0,,,,
Marlion Jackson,2000,RB,Saginaw Valley State,10,4.6,33.33,,,8,3,0,0,0,0,0.0,73.0,242.0,35.5,24.0,125.0,7.15,4.14,
Ronney Jenkins,2000,RB,Northern Arizona,10,4.5,50.0,,,8,3,0,0,0,0,0.0,70.0,184.0,,18.0,118.0,,,
Brandon Jennings,2000,S,Texas A&M,2,4.51,53.33,,,8,3,0,0,0,0,0.0,72.0,198.0,38.0,16.0,123.0,6.91,4.14,
Ryan Johanningmeier,2000,OG,Colorado,3,5.25,40.0,,,8,3,0,0,0,0,0.0,78.0,310.0,29.0,,107.0,7.9,4.66,
Doug Johnson,2000,QB,Florida,2,4.95,18.75,,,8,3,0,0,0,0,0.0,74.0,226.0,29.5,,96.0,,,
Dwight Johnson,2000,DT,Baylor,3,4.97,47.5,,,8,3,0,0,0,0,0.0,76.0,285.0,28.0,26.0,105.0,7.51,4.76,
Dwaune Jones,2000,WR,Richmond,9,4.66,8.0,,,8,3,0,0,0,0,0.0,72.0,191.0,,,,,,
Fred Jones,2000,OLB,Colorado,3,4.95,7.69,,,8,3,0,0,0,0,0.0,74.0,247.0,32.0,17.0,113.0,7.27,4.39,
John Jones,2000,TE,Pittsburgh,3,4.63,61.67,,,8,3,0,0,0,0,0.0,76.0,248.0,38.5,13.0,125.0,7.33,4.43,
Morgan Kane,2000,RB,Wake Forest,4,4.62,30.0,,,8,3,0,0,0,0,0.0,73.0,221.0,37.5,29.0,121.0,6.81,4.16,
Tinker Keck,2000,S,Cincinnati,4,4.55,44.44,,,8,3,0,0,0,0,0.0,73.0,200.0,36.5,15.0,120.0,6.96,4.31,
Matt Keller,2000,FB,Ohio State,1,4.74,40.0,,,8,3,0,0,0,0,0.0,71.0,235.0,,,,,,
Dan Kendra,2000,FB,Florida State,2,4.84,24.62,,,8,3,0,0,0,0,0.0,72.0,251.0,35.0,24.0,119.0,,,
Sean Key,2000,S,Florida State,2,4.65,22.22,,,8,3,0,0,0,0,0.0,71.0,188.0,,,,7.12,4.2,
Jimmy Kibble,2000,P,Virginia Tech,3,,,,,8,3,0,0,0,0,0.0,70.0,195.0,,,,,,
Marcus Knight,2000,WR,Michigan,1,4.72,0.0,,,8,3,0,0,0,0,0.0,73.0,180.0,28.5,,106.0,7.11,4.38,
Noel LaMontagne,2000,OG,Virginia,4,5.09,61.33,,,8,3,0,0,0,0,0.0,76.0,299.0,,21.0,,,,
Tim Lester,2000,QB,Western Michigan,8,5.02,10.0,,,8,3,0,0,0,0,0.0,72.0,202.0,27.0,,97.0,7.28,4.24,
Al Lucas,2000,DT,Troy,8,5.0,43.75,,,8,3,0,0,0,0,0.0,73.0,294.0,36.0,28.0,108.0,7.44,4.56,
Alton Lusk,2000,WR,Central Oklahoma,10,4.61,18.0,,,8,3,0,0,0,0,0.0,74.0,182.0,36.5,,122.0,7.16,4.26,
Terrence McCaskey,2000,TE,Mississippi State,3,5.0,0.0,,,8,3,0,0,0,0,0.0,77.0,271.0,29.0,,101.0,,,
Kevin McDougal,2000,RB,Colorado State,7,4.63,28.33,,,8,3,0,0,0,0,0.0,71.0,206.0,32.0,,108.0,7.08,4.12,
Keith Miller,2000,ILB,California,4,4.97,4.62,,,8,3,0,0,0,0,0.0,73.0,246.0,27.5,24.0,110.0,7.37,4.43,
Wendell Montgomery,2000,WR,Wyoming,7,4.81,0.0,,,8,3,0,0,0,0,0.0,75.0,203.0,35.5,,117.0,7.01,4.24,
Scottie Montgomery,2000,WR,Duke,4,4.57,26.0,,,8,3,0,0,0,0,0.0,72.0,196.0,36.0,,117.0,7.16,4.11,
Mookie Moore,2000,OG,Troy,8,5.45,13.33,,,8,3,0,0,0,0,0.0,75.0,320.0,24.5,34.0,94.0,8.37,5.06,
Leon Murray,2000,QB,Tennessee State,2,4.75,43.75,,,8,3,0,0,0,0,0.0,74.0,207.0,,,,,,
Carlos Nuno,2000,TE,BYU,5,5.03,0.0,,,8,3,0,0,0,0,0.0,76.0,263.0,28.0,23.0,106.0,,,
Matt O'Neal,2000,C,Oklahoma,2,5.06,72.0,,,8,3,0,0,0,0,0.0,75.0,277.0,27.5,17.0,94.0,7.59,4.72,
Andre O'Neal,2000,ILB,Marshall,8,4.72,43.08,,,8,3,0,0,0,0,0.0,73.0,235.0,34.0,16.0,114.0,7.3,4.24,
Adewale Ogunleye,2000,DE,Indiana,4,,,,,8,3,0,0,0,0,0.0,76.0,253.0,,,,,,
Cory Peterson,2000,WR,Ole Miss,3,4.75,0.0,,,8,3,0,0,0,0,0.0,74.0,195.0,32.5,,114.0,,,
Cedric Pittman,2000,OLB,Nevada,7,4.9,15.38,,,8,3,0,0,0,0,0.0,75.0,261.0,30.5,20.0,111.0,7.75,4.52,
Chase Raynock,2000,OT,Montana,9,5.5,11.76,,,8,3,0,0,0,0,0.0,78.0,308.0,25.0,22.0,94.0,8.33,5.0,
Rob Riti,2000,C,Missouri,4,5.19,54.67,,,8,3,0,0,0,0,0.0,74.0,293.0,29.5,17.0,106.0,,,
Roger Roesler,2000,OG,Texas,2,5.31,32.0,,,8,3,0,0,0,0,0.0,77.0,314.0,29.5,25.0,101.0,8.31,4.76,
Phillip Rogers,2000,RB,Georgia Tech,3,4.68,20.0,,,8,3,0,0,0,0,0.0,73.0,232.0,37.0,19.0,124.0,7.21,4.31,
Blaine Saipaia,2000,OG,Colorado State,7,5.35,26.67,,,8,3,0,0,0,0,0.0,75.0,321.0,,,,,,
Ketric Sanford,2000,RB,Houston,6,4.6,33.33,,,8,3,0,0,0,0,0.0,67.0,199.0,32.0,12.0,118.0,6.63,4.3,
Samson Sherrod,2000,OLB,San Jose State,7,4.78,33.85,,,8,3,0,0,0,0,0.0,75.0,262.0,,,,,,
Kofi Shuck,2000,WR,Wyoming,7,4.66,8.0,,,8,3,0,0,0,0,0.0,74.0,180.0,33.0,,119.0,7.18,4.1,
Dwyte Smiley,2000,S,Youngstown State,10,4.57,40.0,,,8,3,0,0,0,0,0.0,73.0,198.0,35.0,13.0,115.0,7.18,4.29,
Jamel Smith,2000,ILB,Virginia Tech,3,5.18,0.0,,,8,3,0,0,0,0,0.0,72.0,245.0,29.5,,108.0,7.51,4.58,
Keith Smith,2000,RB,Arizona,4,4.5,50.0,,,8,3,0,0,0,0,0.0,70.0,207.0,,,,,,
Rashon Spikes,2000,RB,Boise State,7,4.78,3.33,,,8,3,0,0,0,0,0.0,70.0,204.0,33.0,13.0,113.0,7.18,4.47,
Quinton Spotwood,2000,WR,Syracuse,4,4.55,30.0,,,8,3,0,0,0,0,0.0,71.0,184.0,33.5,,123.0,,,
Mac Tuiaea,2000,DT,Washington,2,5.09,32.5,,,8,3,0,0,0,0,0.0,78.0,296.0,29.0,25.0,99.0,7.82,4.72,
Ryan Tujague,2000,OG,Washington State,4,5.16,52.0,,,8,3,0,0,0,0,0.0,77.0,297.0,27.0,21.0,96.0,8.18,4.95,
Andy Vincent,2000,OG,Texas A&M,2,5.2,46.67,,,8,3,0,0,0,0,0.0,76.0,306.0,28.5,14.0,108.0,7.54,4.42,
Jeff Walker,2000,P,Mississippi State,3,,,,,8,3,0,0,0,0,0.0,70.0,218.0,,,,,,
Anthony White,2000,RB,Kentucky,4,4.68,20.0,,,8,3,0,0,0,0,0.0,72.0,195.0,32.5,,118.0,7.05,4.24,
Jerard White,2000,CB,Massachusetts,10,4.61,8.89,,,8,3,0,0,0,0,0.0,73.0,213.0,38.5,14.0,118.0,6.96,4.53,
Boo Williams,2000,RB,South Carolina,3,4.52,46.67,,,8,3,0,0,0,0,0.0,71.0,222.0,,,,,,
Destry Wright,2000,RB,Jackson State,10,4.84,0.0,,,8,3,0,0,0,0,0.0,71.0,216.0,29.5,15.0,112.0,7.15,4.41,
Bashir Yamini,2000,WR,Iowa,3,4.53,34.0,,,8,3,0,0,0,0,0.0,75.0,191.0,33.0,,130.0,7.09,4.18,
David Allen,2001,RB,Kansas State,4,4.62,30.0,,,8,3,0,0,0,0,0.0,69.0,194.0,31.0,15.0,111.0,,,
Matt Allen,2001,P,Troy,8,,,,,8,3,0,0,0,0,0.0,75.0,246.0,,,,,,
Tom Ashworth,2001,OG,Colorado,3,5.11,58.67,,,8,3,0,0,0,0,0.0,78.0,293.0,33.5,20.0,109.0,7.4,4.3,
Jason Baker,2001,P,Iowa,3,,,,,8,3,0,0,0,0,0.0,73.0,198.0,,,,,,
Jonathan Beasley,2001,QB,Kansas State,4,4.85,31.25,,,8,3,0,0,0,0,0.0,72.0,227.0,29.5,,102.0,7.55,4.38,
Darvell Bivens,2001,FB,NW State (LA),10,4.97,4.62,,,8,3,0,0,0,0,0.0,70.0,255.0,33.5,32.0,108.0,7.81,4.38,
Randy Black,2001,S,UNLV,10,4.74,2.22,,,8,3,0,0,0,0,0.0,72.0,205.0,35.5,,115.0,7.14,4.2,
Al Blades,2001,S,Miami (FL),2,4.56,42.22,,,8,3,0,0,0,0,0.0,73.0,209.0,,,,,,
David Bobo,2001,OG,TCU,3,5.28,36.0,,,8,3,0,0,0,0,0.0,76.0,290.0,31.0,19.0,106.0,7.81,4.89,
Fred Booker,2001,CB,LSU,1,4.65,0.0,,,8,3,0,0,0,0,0.0,69.0,193.0,,,,,,
Jarvis Borum,2001,OG,NC State,4,5.05,66.67,,,8,3,0,0,0,0,0.0,79.0,332.0,30.5,25.0,107.0,8.08,4.83,
Roylin Bradley,2001,OLB,Texas A&M,2,4.67,50.77,,,8,3,0,0,0,0,0.0,73.0,243.0,34.0,19.0,116.0,7.16,4.28,
Corey Brown,2001,WR,Tulsa,6,4.63,14.0,,,8,3,0,0,0,0,0.0,72.0,202.0,39.5,,126.0,,,
Kenny Bryant,2001,CB,Jackson State,10,4.65,0.0,,,8,3,0,0,0,0,0.0,71.0,190.0,37.5,10.0,117.0,7.5,4.15,
Adrian Burnette,2001,WR,Tulane,6,4.63,14.0,,,8,3,0,0,0,0,0.0,70.0,191.0,,,,,,
Cecil Caldwell,2001,DT,South Carolina,3,4.93,52.5,,,8,3,0,0,0,0,0.0,73.0,268.0,,,,,,
Terrence Carroll,2001,S,Oregon State,4,4.63,26.67,,,8,3,0,0,0,0,0.0,72.0,212.0,,,,,,
Elliott Carson,2001,TE,Vanderbilt,4,4.9,16.67,,,8,3,0,0,0,0,0.0,76.0,246.0,36.0,16.0,115.0,7.52,4.21,
Derrick Chambers,2001,DT,Florida,2,4.98,46.25,,,8,3,0,0,0,0,0.0,76.0,299.0,,32.0,,,,
Jeff Chaney,2001,RB,Florida State,2,4.46,56.67,,,8,3,0,0,0,0,0.0,71.0,193.0,,,,,,
Jeff Chase,2001,OG,Texas A&M-Kingsville,2,5.25,40.0,,,8,3,0,0,0,0,0.0,75.0,303.0,,27.0,,,,
Kenny Clark,2001,WR,UCF,4,4.59,22.0,,,8,3,0,0,0,0,0.0,73.0,225.0,35.5,,121.0,,,
Justin Coleman,2001,QB,Nebraska-Kearney,10,5.22,0.0,,,8,3,0,0,0,0,0.0,76.0,238.0,29.5,,101.0,7.78,4.62,
Dave Costa,2001,OG,Wisconsin,3,5.34,28.0,,,8,3,0,0,0,0,0.0,78.0,305.0,,17.0,,,,
Rodney Crayton,2001,CB,Auburn,2,4.6,11.11,,,8,3,0,0,0,0,0.0,68.0,178.0,35.5,13.0,118.0,7.25,4.4,
Corey Crume,2001,RB,Eastern Kentucky,10,4.76,6.67,,,8,3,0,0,0,0,0.0,71.0,225.0,37.0,15.0,115.0,7.36,4.32,
Will Cuthbert,2001,OG,Alabama,1,5.53,2.67,,,8,3,0,0,0,0,0.0,77.0,318.0,24.5,17.0,91.0,8.84,5.06,
Ronney Daniels,2001,WR,Auburn,2,4.61,18.0,,,8,3,0,0,0,0,0.0,73.0,212.0,34.5,,118.0,,,
Patrick Dyson,2001,CB,Utah,3,4.55,22.22,,,8,3,0,0,0,0,0.0,71.0,192.0,31.5,,114.0,,,
Nijrell Eason,2001,CB,Arizona State,3,4.59,13.33,,,8,3,0,0,0,0,0.0,73.0,201.0,34.5,19.0,119.0,,,
Shawn Forte,2001,S,Maryland,4,4.54,46.67,,,8,3,0,0,0,0,0.0,73.0,204.0,,20.0,,,,
Setema Gali,2001,DE,BYU,5,4.88,33.85,,,8,3,0,0,0,0,0.0,76.0,251.0,,,,,,
Kenneth Grant,2001,CB,Kentucky,4,4.53,26.67,,,8,3,0,0,0,0,0.0,70.0,204.0,39.0,,115.0,7.15,4.34,
Javon Green,2001,WR,Colorado,3,4.73,0.0,,,8,3,0,0,0,0,0.0,73.0,211.0,35.5,,113.0,7.41,4.34,
Shane Griggs,2001,QB,Michigan,1,4.83,33.75,,,8,3,0,0,0,0,0.0,76.0,199.0,,,,,,
Latef Grim,2001,WR,Pittsburgh,3,4.6,20.0,,,8,3,0,0,0,0,0.0,71.0,188.0,,,111.0,7.27,4.33,
Daniel Guy,2001,WR,Jackson State,10,4.61,18.0,,,8,3,0,0,0,0,0.0,74.0,211.0,38.5,,125.0,7.35,4.29,
Antoine Harris,2001,TE,Louisville,4,4.93,11.67,,,8,3,0,0,0,0,0.0,75.0,260.0,,11.0,,,,
Edgerton Hartwell,2001,ILB,Western Illinois,10,4.86,21.54,,,8,3,0,0,0,0,0.0,73.0,250.0,36.5,18.0,114.0,7.64,4.56,
Tim Hasselbeck,2001,QB,Boston College,4,4.83,33.75,,,8,3,0,0,0,0,0.0,73.0,211.0,33.0,,113.0,7.27,4.4,
Anthony Herron,2001,DE,Iowa,3,5.16,0.0,,,8,3,0,0,0,0,0.0,75.0,280.0,36.0,26.0,114.0,7.58,4.43,
Paul Hogan,2001,C,Alabama,1,5.5,13.33,,,8,3,0,0,0,0,0.0,75.0,290.0,29.0,26.0,102.0,7.78,4.54,
Derek Homer,2001,RB,Kentucky,4,4.6,33.33,,,8,3,0,0,0,0,0.0,68.0,194.0,32.5,,113.0,7.24,4.3,
Margin Hooks,2001,WR,BYU,5,4.5,40.0,,,8,3,0,0,0,0,0.0,71.0,191.0,36.0,,116.0,7.08,4.18,
Khori Ivy,2001,WR,West Virginia,4,4.64,12.0,,,8,3,0,0,0,0,0.0,74.0,195.0,,,,,,
Arnold Jackson,2001,WR,Louisville,4,4.48,44.0,,,8,3,0,0,0,0,0.0,68.0,167.0,41.0,,127.0,7.42,4.11,
William James,2001,CB,Western Illinois,10,4.51,31.11,,,8,3,0,0,0,0,0.0,72.0,197.0,38.5,13.0,120.0,,,
Ortege Jenkins,2001,QB,Arizona,4,4.82,35.0,,,8,3,0,0,0,0,0.0,73.0,234.0,34.5,,108.0,7.32,4.4,
Ligarius Jennings,2001,CB,Tennessee State,2,4.67,0.0,,,8,3,0,0,0,0,0.0,69.0,202.0,34.0,11.0,120.0,7.07,4.03,
Sly Johnson,2001,WR,Miami (OH),8,4.61,18.0,,,8,3,0,0,0,0,0.0,69.0,181.0,35.5,,115.0,,,
Jevaris Johnson,2001,TE,Georgia,1,4.9,16.67,,,8,3,0,0,0,0,0.0,77.0,257.0,,,,,,
Kevin Jordan,2001,OG,Fresno State,7,5.07,64.0,,,8,3,0,0,0,0,0.0,77.0,308.0,31.5,20.0,112.0,,4.95,
Michael Keathley,2001,OG,TCU,3,5.24,41.33,,,8,3,0,0,0,0,0.0,76.0,308.0,32.5,28.0,,,,
Rod Kelly,2001,DE,Northeastern State,10,4.93,26.15,,,8,3,0,0,0,0,0.0,77.0,254.0,28.5,20.0,114.0,7.93,4.55,
Robert Kilow,2001,WR,Arkansas State,3,4.44,52.0,,,8,3,0,0,0,0,0.0,70.0,171.0,,,,,,
Dave Klemic,2001,WR,Northeastern (MA),10,4.37,66.0,,,8,3,0,0,0,0,0.0,71.0,188.0,36.5,,116.0,,,
Justin Kurpeikis,2001,DE,Penn State,2,4.97,20.0,,,8,3,0,0,0,0,0.0,75.0,252.0,31.5,22.0,118.0,6.82,4.1,
Cleo Lemon,2001,QB,Arkansas State,3,4.87,28.75,,,8,3,0,0,0,0,0.0,74.0,226.0,35.5,,106.0,7.33,4.27,
DeAngelo Lloyd,2001,DE,Tennessee,2,4.88,33.85,,,8,3,0,0,0,0,0.0,77.0,264.0,,15.0,,,,
LaShaun Mack,2001,C,Norfolk State,10,5.56,5.33,,,8,3,0,0,0,0,0.0,75.0,299.0,26.5,17.0,92.0,8.59,4.99,
Shaun Mason,2001,OG,Michigan State,3,5.49,8.0,,,8,3,0,0,0,0,0.0,77.0,302.0,,,,,,
Brent McCaffrey,2001,OG,USC,2,5.2,46.67,,,8,3,0,0,0,0,0.0,76.0,282.0,,,,,,
Dustin McClintock,2001,FB,Alabama,1,5.31,0.0,,,8,3,0,0,0,0,0.0,73.0,259.0,30.0,7.0,105.0,8.1,4.58,
Jeff McCurley,2001,C,Pittsburgh,3,5.25,46.67,,,8,3,0,0,0,0,0.0,76.0,280.0,,,,,,
Romaro Miller,2001,QB,Ole Miss,3,4.61,61.25,,,8,3,0,0,0,0,0.0,72.0,205.0,35.0,,110.0,7.4,4.51,
Shawn Mills,2001,WR,Southern Miss,10,4.51,38.0,,,8,3,0,0,0,0,0.0,72.0,180.0,34.5,,116.0,7.12,4.15,
Hodges Mitchell,2001,RB,Texas,2,4.53,45.0,,,8,3,0,0,0,0,0.0,67.0,180.0,,,,,,
Keon Moore,2001,CB,Southern Miss,10,4.56,20.0,,,8,3,0,0,0,0,0.0,71.0,193.0,37.5,10.0,119.0,7.06,4.2,
Brian Natkin,2001,TE,UTEP,6,4.95,8.33,,,8,3,0,0,0,0,0.0,74.0,251.0,27.0,20.0,98.0,7.78,4.59,
Steve Neal,2001,WR,Western Michigan,8,4.59,22.0,,,8,3,0,0,0,0,0.0,73.0,190.0,36.0,,119.0,7.18,4.19,
Carl Nesmith,2001,S,Kansas,10,4.95,0.0,,,8,3,0,0,0,0,0.0,74.0,223.0,31.5,5.0,112.0,,,
Richard Newsome,2001,S,Michigan State,3,4.59,35.56,,,8,3,0,0,0,0,0.0,71.0,203.0,,14.0,,,,
Ifeanyi Ohalete,2001,S,USC,2,4.64,24.44,,,8,3,0,0,0,0,0.0,74.0,221.0,,16.0,,,,
Saul Patu,2001,DE,Oregon,2,5.01,13.85,,,8,3,0,0,0,0,0.0,74.0,272.0,30.5,22.0,112.0,7.52,4.43,
Devonte Peterson,2001,DE,Catawba,10,5.02,12.31,,,8,3,0,0,0,0,0.0,75.0,275.0,,31.0,,,,
Vitaly Pisetsky,2001,K,Wisconsin,3,,,,,8,3,0,0,0,0,0.0,70.0,232.0,,,,,,
Nate Poole,2001,WR,Marshall,8,4.79,0.0,,,8,3,0,0,0,0,0.0,73.0,198.0,32.5,,112.0,7.26,4.22,
Ryan Prince,2001,TE,Weber State,10,4.99,1.67,,,8,3,0,0,0,0,0.0,76.0,257.0,31.0,20.0,102.0,7.65,4.45,
Josh Redding,2001,OG,Virginia Tech,3,5.47,10.67,,,8,3,0,0,0,0,0.0,76.0,317.0,27.0,31.0,97.0,7.85,4.8,
Ray Redziniak,2001,OG,Illinois,4,5.5,6.67,,,8,3,0,0,0,0,0.0,75.0,296.0,27.0,32.0,92.0,8.17,4.77,
Jamie Rheem,2001,K,Kansas State,4,,,,,8,3,0,0,0,0,0.0,73.0,192.0,,,,,,
David Rivers,2001,QB,Western Carolina,10,4.73,46.25,,,8,3,0,0,0,0,0.0,75.0,223.0,31.5,,115.0,7.37,4.2,
Marcellus Rivers,2001,TE,Oklahoma State,3,4.84,26.67,,,8,3,0,0,0,0,0.0,76.0,247.0,32.5,7.0,113.0,7.04,4.25,
Kendrick Rogers,2001,OT,Central Missouri State,10,5.16,51.76,,,8,3,0,0,0,0,0.0,77.0,311.0,,23.0,,,,
Jace Sayler,2001,DT,Michigan State,3,5.06,36.25,,,8,3,0,0,0,0,0.0,77.0,294.0,31.0,29.0,105.0,7.81,4.59,
John Schlecht,2001,DT,Minnesota,4,4.95,50.0,,,8,3,0,0,0,0,0.0,72.0,295.0,31.5,27.0,101.0,7.45,4.3,
Anthony Sessions,2001,OLB,Tennessee,2,4.8,30.77,,,8,3,0,0,0,0,0.0,72.0,228.0,,19.0,,,,
Roland Seymour,2001,DE,Florida State,2,4.75,53.85,,,8,3,0,0,0,0,0.0,75.0,250.0,,,,,,
Marcel Shipp,2001,RB,Massachusetts,10,4.71,15.0,,,8,3,0,0,0,0,0.0,71.0,222.0,32.5,18.0,115.0,,,
Rickie Simpkins,2001,DT,Syracuse,4,5.28,8.75,,,8,3,0,0,0,0,0.0,75.0,287.0,29.5,,97.0,7.65,4.52,
Omar Smith,2001,OG,Kentucky,4,5.33,29.33,,,8,3,0,0,0,0,0.0,74.0,293.0,30.0,21.0,98.0,,,
Kevin Stemke,2001,P,Wisconsin,3,,,,,8,3,0,0,0,0,0.0,74.0,187.0,,,,,,
Russell Stewart,2001,TE,Stanford,3,4.92,13.33,,,8,3,0,0,0,0,0.0,76.0,251.0,28.5,17.0,106.0,7.46,4.3,
Kris Stockton,2001,K,Texas,2,,,,,8,3,0,0,0,0,0.0,69.0,189.0,,,,,,
Tim Stuber,2001,OG,Colorado State,7,5.6,0.0,,,8,3,0,0,0,0,0.0,77.0,315.0,28.0,22.0,96.0,8.06,4.75,
Dan Stultz,2001,K,Ohio State,1,,,,,8,3,0,0,0,0,0.0,71.0,207.0,,,,,,
Clevan Thomas,2001,CB,Florida State,2,4.64,2.22,,,8,3,0,0,0,0,0.0,69.0,189.0,36.0,,118.0,7.42,4.24,
Tarlos Thomas,2001,OT,Florida State,2,5.52,9.41,,,8,3,0,0,0,0,0.0,77.0,336.0,25.0,19.0,92.0,8.6,4.9,
Ja'Mar Toombs,2001,FB,Texas A&M,2,4.72,43.08,,,8,3,0,0,0,0,0.0,72.0,281.0,,17.0,,,,
Albert Traylor,2001,OG,NW State (LA),10,5.42,17.33,,,8,3,0,0,0,0,0.0,75.0,307.0,27.0,20.0,96.0,8.34,,
Chris Valletta,2001,OG,Texas A&M,2,5.32,30.67,,,8,3,0,0,0,0,0.0,75.0,299.0,33.5,18.0,98.0,7.9,4.53,
Patrick Venzke,2001,OT,Idaho,10,5.28,37.65,,,8,3,0,0,0,0,0.0,78.0,303.0,34.0,,103.0,8.08,4.59,
Keydrick Vincent,2001,OG,Ole Miss,3,5.61,0.0,,,8,3,0,0,0,0,0.0,77.0,328.0,32.5,23.0,94.0,,,
Fred Wakefield,2001,DE,Illinois,4,5.09,1.54,,,8,3,0,0,0,0,0.0,79.0,287.0,29.0,26.0,108.0,7.49,4.64,
David Warren,2001,DE,Florida State,2,4.73,56.92,,,8,3,0,0,0,0,0.0,74.0,253.0,,21.0,,7.53,4.46,
Emile White,2001,S,Houston,6,4.68,15.56,,,8,3,0,0,0,0,0.0,72.0,219.0,34.5,16.0,111.0,7.26,,
Reggie White,2001,RB,Oklahoma State,3,4.58,36.67,,,8,3,0,0,0,0,0.0,72.0,228.0,37.5,17.0,114.0,7.48,4.4,
James Whitley,2001,CB,Michigan,1,4.73,0.0,,,8,3,0,0,0,0,0.0,70.0,193.0,39.0,9.0,118.0,7.04,4.4,
Boo Williams,2001,TE,Arkansas,3,4.72,46.67,,,8,3,0,0,0,0,0.0,76.0,237.0,35.5,,119.0,7.1,4.33,
Marcus Williams,2001,WR,Washington State,4,4.56,28.0,,,8,3,0,0,0,0,0.0,77.0,230.0,41.0,,130.0,7.37,4.2,
Pork Chop Womack,2001,OG,Mississippi State,3,5.51,5.33,,,8,3,0,0,0,0,0.0,76.0,345.0,29.5,23.0,97.0,8.78,4.96,
Mike Abrams,2002,P,Virginia,4,,,,,8,3,0,0,0,0,0.0,76.0,227.0,,,,,,
Jonathan Adams,2002,RB,Arkansas State,3,4.58,36.67,,,8,3,0,0,0,0,0.0,72.0,219.0,36.5,15.0,120.0,6.97,4.31,
P.J. Alexander,2002,OG,Syracuse,4,5.38,22.67,,,8,3,0,0,0,0,0.0,76.0,299.0,29.5,,102.0,7.9,4.73,
Jeremy Allen,2002,FB,Iowa,3,4.59,63.08,,,8,3,0,0,0,0,0.0,72.0,241.0,38.0,17.0,126.0,7.06,4.49,
Damien Anderson,2002,RB,Northwestern,5,4.56,40.0,,,8,3,0,0,0,0,0.0,70.0,211.0,33.5,27.0,112.0,6.93,4.02,
Jason Ball,2002,C,New Hampshire,10,5.41,25.33,,,8,3,0,0,0,0,0.0,74.0,301.0,29.0,27.0,94.0,7.87,4.73,
Kevin Barry,2002,OG,Arizona,4,5.34,28.0,,,8,3,0,0,0,0,0.0,76.0,325.0,28.5,24.0,108.0,8.34,4.73,
Will Bartholomew,2002,FB,Tennessee,2,4.68,49.23,,,8,3,0,0,0,0,0.0,72.0,246.0,38.0,35.0,119.0,6.85,4.09,
Atrews Bell,2002,WR,Florida State,2,4.52,36.0,,,8,3,0,0,0,0,0.0,71.0,218.0,,,,,,
Dwayne Blakley,2002,TE,Missouri,4,4.96,6.67,,,8,3,0,0,0,0,0.0,77.0,256.0,32.5,21.0,107.0,7.33,4.29,
Bruce Branch,2002,CB,Penn State,2,4.53,26.67,,,8,3,0,0,0,0,0.0,70.0,192.0,35.0,,119.0,7.12,4.47,
Jack Brewer,2002,S,Minnesota,4,4.59,35.56,,,8,3,0,0,0,0,0.0,72.0,194.0,37.0,12.0,122.0,6.9,4.24,
Joe Burns,2002,RB,Georgia Tech,3,4.81,0.0,,,8,3,0,0,0,0,0.0,69.0,213.0,31.0,21.0,105.0,,,
Jamie Burrow,2002,ILB,Nebraska,3,4.83,26.15,,,8,3,0,0,0,0,0.0,73.0,249.0,30.5,18.0,102.0,7.28,4.21,
Kelly Campbell,2002,WR,Georgia Tech,3,4.48,44.0,,,8,3,0,0,0,0,0.0,70.0,171.0,,,,,,
Demontray Carter,2002,RB,Troy,8,4.52,46.67,,,8,3,0,0,0,0,0.0,70.0,191.0,33.0,16.0,120.0,7.38,4.36,
Jermaine Chatman,2002,CB,Arizona,4,4.55,22.22,,,8,3,0,0,0,0,0.0,71.0,185.0,35.5,,121.0,,,
Mike Collins,2002,OT,Wake Forest,4,5.53,8.24,,,8,3,0,0,0,0,0.0,77.0,300.0,25.5,32.0,104.0,8.62,4.98,
Mike Collins,2002,DT,Ohio State,1,5.03,40.0,,,8,3,0,0,0,0,0.0,75.0,298.0,31.5,31.0,105.0,7.52,4.46,
Joe Cooper,2002,OLB,Ohio State,1,4.95,7.69,,,8,3,0,0,0,0,0.0,72.0,233.0,32.0,17.0,111.0,7.47,4.46,
Alonzo Cunningham,2002,OG,Iowa,3,5.46,12.0,,,8,3,0,0,0,0,0.0,76.0,316.0,24.0,,98.0,8.52,4.73,
Woody Dantzler,2002,QB,Clemson,1,4.59,63.75,,,8,3,0,0,0,0,0.0,70.0,207.0,,,,,,
Dan Dawson,2002,S,Rice,6,4.57,40.0,,,8,3,0,0,0,0,0.0,73.0,219.0,38.0,24.0,124.0,6.75,4.0,
Konrad Dean,2002,OG,Akron,10,5.57,0.0,,,8,3,0,0,0,0,0.0,76.0,333.0,27.5,30.0,97.0,8.37,4.97,
Kori Dickerson,2002,FB,USC,2,4.75,38.46,,,8,3,0,0,0,0,0.0,76.0,240.0,34.0,22.0,116.0,7.34,4.51,
Howard Duncan,2002,OG,Oklahoma,2,5.44,14.67,,,8,3,0,0,0,0,0.0,76.0,324.0,28.5,22.0,101.0,8.31,4.69,
Tim Duncan,2002,K,Oklahoma,2,5.0,0.0,,,8,3,0,0,0,0,0.0,74.0,207.0,,,,,,
Andy Eby,2002,C,Kansas State,4,5.1,66.67,,,8,3,0,0,0,0,0.0,75.0,300.0,29.0,28.0,103.0,7.46,4.55,
Steve Edwards,2002,OG,UCF,4,5.5,6.67,,,8,3,0,0,0,0,0.0,77.0,355.0,23.0,20.0,94.0,8.37,5.15,
Justin Ena,2002,ILB,BYU,5,4.71,44.62,,,8,3,0,0,0,0,0.0,75.0,247.0,34.0,20.0,116.0,6.78,4.11,
R.J. English,2002,WR,Pittsburgh,3,4.55,30.0,,,8,3,0,0,0,0,0.0,74.0,211.0,37.5,,121.0,7.03,4.11,
Trev Faulk,2002,ILB,LSU,1,4.9,15.38,,,8,3,0,0,0,0,0.0,75.0,241.0,32.0,,116.0,,,
Jeff Ferguson,2002,P,Oklahoma,2,4.8,30.77,,,8,3,0,0,0,0,0.0,70.0,201.0,,,,,,
Tony Fisher,2002,RB,Notre Dame,2,4.66,23.33,,,8,3,0,0,0,0,0.0,73.0,226.0,41.5,21.0,126.0,7.0,4.13,
Little John Flowers,2002,RB,Michigan State,3,4.72,13.33,,,8,3,0,0,0,0,0.0,71.0,214.0,34.0,19.0,110.0,7.09,4.08,
Delvon Flowers,2002,RB,Arizona State,3,4.67,21.67,,,8,3,0,0,0,0,0.0,71.0,200.0,35.5,15.0,117.0,,,
Willie Ford,2002,CB,Syracuse,4,4.57,17.78,,,8,3,0,0,0,0,0.0,73.0,195.0,34.0,10.0,117.0,7.25,4.33,
Lonnie Ford,2002,DE,USC,2,4.77,50.77,,,8,3,0,0,0,0,0.0,74.0,261.0,37.5,22.0,112.0,7.12,4.28,
Paris Gaines,2002,FB,Fresno State,7,4.67,50.77,,,8,3,0,0,0,0,0.0,72.0,228.0,,14.0,,,,
David Greene,2002,K,Virginia,4,,,,,8,3,0,0,0,0,0.0,70.0,177.0,,,,,,
Sean Guthrie,2002,DE,Boston College,4,4.88,33.85,,,8,3,0,0,0,0,0.0,76.0,269.0,,28.0,,,,
Joe Hall,2002,FB,Kansas State,4,4.97,4.62,,,8,3,0,0,0,0,0.0,74.0,271.0,28.0,22.0,107.0,,,
Quentin Harris,2002,S,Syracuse,4,4.61,31.11,,,8,3,0,0,0,0,0.0,72.0,216.0,36.5,14.0,120.0,7.59,4.34,
Ennis Haywood,2002,RB,Iowa State,4,4.76,6.67,,,8,3,0,0,0,0,0.0,70.0,218.0,35.0,12.0,112.0,7.08,4.14,
Jason Hebert,2002,S,Rice,6,4.63,26.67,,,8,3,0,0,0,0,0.0,71.0,190.0,35.5,15.0,118.0,7.12,3.88,
Artis Hicks,2002,OG,Memphis,6,5.08,62.67,,,8,3,0,0,0,0,0.0,76.0,303.0,29.5,22.0,104.0,7.85,4.64,
Maurice Hicks,2002,RB,North Carolina A&T,3,4.64,26.67,,,8,3,0,0,0,0,0.0,70.0,200.0,,19.0,,,,
Abdual Howard,2002,S,Florida State,2,4.64,24.44,,,8,3,0,0,0,0,0.0,72.0,209.0,,,120.0,,,
Dameon Hunter,2002,RB,Utah,3,4.68,20.0,,,8,3,0,0,0,0,0.0,71.0,219.0,30.5,,113.0,,,
Grant Irons,2002,DE,Notre Dame,2,4.96,21.54,,,8,3,0,0,0,0,0.0,78.0,267.0,40.5,19.0,119.0,7.27,4.38,
Ron Israel,2002,S,Notre Dame,2,4.6,33.33,,,8,3,0,0,0,0,0.0,72.0,213.0,,20.0,121.0,,,
Bobby Jackson,2002,S,Illinois,4,4.68,15.56,,,8,3,0,0,0,0,0.0,72.0,216.0,34.5,,125.0,7.01,4.16,
Joseph Jefferson,2002,CB,Western Kentucky,5,4.39,57.78,,,8,3,0,0,0,0,0.0,71.0,205.0,39.5,8.0,121.0,6.84,4.01,
Bradley Jennings,2002,ILB,Florida State,2,4.96,6.15,,,8,3,0,0,0,0,0.0,75.0,255.0,,,,,,
Emmett Johnson,2002,WR,Virginia Tech,3,4.45,50.0,,,8,3,0,0,0,0,0.0,74.0,205.0,39.0,,122.0,7.15,4.1,
Jermese Jones,2002,OT,Virginia,4,5.29,36.47,,,8,3,0,0,0,0,0.0,77.0,337.0,,22.0,,,,
Eric Joyce,2002,CB,Tennessee State,2,4.53,26.67,,,8,3,0,0,0,0,0.0,69.0,192.0,40.5,11.0,115.0,6.81,3.97,
Doug Kaufusi,2002,OT,Utah,3,5.47,15.29,,,8,3,0,0,0,0,0.0,78.0,313.0,,,,,,
Stephon Kelly,2002,S,Winston-Salem State,10,4.62,28.89,,,8,3,0,0,0,0,0.0,75.0,212.0,32.5,15.0,117.0,7.26,4.1,
Antwan Kirk-Hughes,2002,OG,Texas,2,5.43,16.0,,,8,3,0,0,0,0,0.0,75.0,316.0,27.0,,95.0,8.28,4.91,
Antwan Lake,2002,DE,West Virginia,4,5.08,3.08,,,8,3,0,0,0,0,0.0,76.0,288.0,,27.0,,,,
Broderick Lancaster,2002,OG,Colorado State,7,5.26,38.67,,,8,3,0,0,0,0,0.0,76.0,310.0,,14.0,,,,
Devin Lewis,2002,WR,Southern,10,4.54,32.0,,,8,3,0,0,0,0,0.0,74.0,205.0,38.5,,111.0,,,
D.D. Lewis,2002,ILB,Texas,2,4.7,46.15,,,8,3,0,0,0,0,0.0,73.0,235.0,33.5,24.0,114.0,,,
Tango McCauley,2002,OG,Arkansas,3,5.32,30.67,,,8,3,0,0,0,0,0.0,75.0,304.0,31.0,29.0,104.0,7.9,4.78,
Eric McCoo,2002,RB,Penn State,2,4.55,41.67,,,8,3,0,0,0,0,0.0,70.0,214.0,32.5,14.0,112.0,,,
Ivory McCoy,2002,TE,Michigan State,3,4.59,68.33,,,8,3,0,0,0,0,0.0,76.0,240.0,35.0,25.0,113.0,7.3,4.24,
Curt McGill,2002,C,Georgia,1,5.07,70.67,,,8,3,0,0,0,0,0.0,75.0,290.0,,30.0,,,,
Dicenzo Miller,2002,RB,Mississippi State,3,4.93,0.0,,,8,3,0,0,0,0,0.0,70.0,215.0,31.0,8.0,107.0,7.25,4.39,
Ben Miller,2002,C,Air Force,5,4.92,90.67,,,8,3,0,0,0,0,0.0,74.0,263.0,37.5,18.0,114.0,7.28,4.46,
Dave Minnich,2002,RB,Washington State,4,4.66,23.33,,,8,3,0,0,0,0,0.0,71.0,218.0,33.5,12.0,117.0,,,
Qasim Mitchell,2002,OG,North Carolina A&T,3,5.28,36.0,,,8,3,0,0,0,0,0.0,77.0,335.0,26.0,22.0,,8.07,4.94,
Shannon Money,2002,OG,Arkansas,3,5.22,44.0,,,8,3,0,0,0,0,0.0,75.0,295.0,33.5,25.0,107.0,,,
Brandon Moore,2002,OLB,Oklahoma,2,4.61,60.0,,,8,3,0,0,0,0,0.0,73.0,239.0,36.5,23.0,113.0,,,
Brandon Moore,2002,DT,Illinois,4,5.26,11.25,,,8,3,0,0,0,0,0.0,75.0,293.0,25.5,32.0,96.0,7.84,4.64,
Marquise Muldrow,2002,OG,Arizona State,3,5.31,32.0,,,8,3,0,0,0,0,0.0,74.0,316.0,25.5,29.0,98.0,8.12,4.8,
Nick Murphy,2002,P,Arizona State,3,4.74,40.0,,,8,3,0,0,0,0,0.0,72.0,188.0,,,,,,
David Neill,2002,QB,Nevada,7,4.95,18.75,,,8,3,0,0,0,0,0.0,75.0,206.0,30.0,,108.0,7.28,4.44,
Josh Norman,2002,TE,Oklahoma,2,4.65,58.33,,,8,3,0,0,0,0,0.0,74.0,236.0,32.0,18.0,115.0,,,
Donnie O'Neal,2002,WR,Arizona State,3,4.52,36.0,,,8,3,0,0,0,0,0.0,73.0,191.0,38.0,,126.0,6.9,,
Tony Okanlawon,2002,CB,Maryland,4,4.67,0.0,,,8,3,0,0,0,0,0.0,70.0,185.0,38.0,16.0,118.0,7.37,4.39,
Melvin Paige,2002,OG,South Carolina,3,5.34,28.0,,,8,3,0,0,0,0,0.0,77.0,314.0,23.5,30.0,,,,
Cameron Peterka,2002,K,North Dakota,10,,,,,8,3,0,0,0,0,0.0,75.0,190.0,,,,,,
Jermaine Petty,2002,ILB,Arkansas,3,4.74,40.0,,,8,3,0,0,0,0,0.0,75.0,261.0,33.5,20.0,116.0,,4.34,
Dwayne Pierce,2002,OG,LSU,1,5.5,6.67,,,8,3,0,0,0,0,0.0,74.0,319.0,26.0,,93.0,8.12,5.23,
Brian Poli-Dixon,2002,WR,UCLA,5,4.48,44.0,,,8,3,0,0,0,0,0.0,77.0,210.0,,,,,,
Pig Prather,2002,S,Mississippi State,3,4.48,60.0,,,8,3,0,0,0,0,0.0,72.0,200.0,,,,,,
Zach Quaccia,2002,C,Stanford,3,5.37,30.67,,,8,3,0,0,0,0,0.0,76.0,309.0,26.5,23.0,93.0,7.9,4.63,
Pete Rebstock,2002,WR,Colorado State,7,4.5,40.0,,,8,3,0,0,0,0,0.0,69.0,190.0,,,,,,
Tellis Redmon,2002,RB,Minnesota,4,4.61,31.67,,,8,3,0,0,0,0,0.0,71.0,210.0,32.0,20.0,113.0,7.08,4.14,
Frank Romero,2002,OG,Oklahoma,2,5.3,33.33,,,8,3,0,0,0,0,0.0,76.0,300.0,27.5,22.0,88.0,7.65,4.79,
Casey Roussel,2002,P,Tulane,6,5.2,0.0,,,8,3,0,0,0,0,0.0,73.0,219.0,,,,,,
Jason Scukanec,2002,C,BYU,5,5.33,36.0,,,8,3,0,0,0,0,0.0,74.0,304.0,29.0,30.0,100.0,7.87,4.59,
Rick Sherrod,2002,S,West Virginia,4,4.62,28.89,,,8,3,0,0,0,0,0.0,74.0,192.0,37.0,,119.0,7.09,4.11,
Billy Silva,2002,ILB,Northwestern,5,4.68,49.23,,,8,3,0,0,0,0,0.0,75.0,244.0,,,,,,
Bobby Sippio,2002,CB,Western Kentucky,5,4.69,0.0,,,8,3,0,0,0,0,0.0,75.0,214.0,37.0,12.0,123.0,6.78,4.2,
Derek Smith,2002,TE,Kentucky,4,4.9,16.67,,,8,3,0,0,0,0,0.0,76.0,271.0,28.5,16.0,112.0,7.46,4.38,
Charles Stackhouse,2002,FB,Ole Miss,3,4.93,10.77,,,8,3,0,0,0,0,0.0,74.0,252.0,29.0,20.0,111.0,7.63,4.53,
Connor Stephens,2002,DE,Mississippi State,3,4.89,32.31,,,8,3,0,0,0,0,0.0,76.0,256.0,36.5,20.0,119.0,7.5,4.55,
Lawrence Story,2002,WR,Jackson State,10,4.63,14.0,,,8,3,0,0,0,0,0.0,77.0,205.0,33.5,,114.0,7.06,4.16,
Tim Stratton,2002,TE,Purdue,4,4.97,5.0,,,8,3,0,0,0,0,0.0,76.0,251.0,27.0,15.0,101.0,,,
Jashon Sykes,2002,OLB,Colorado,3,4.68,49.23,,,8,3,0,0,0,0,0.0,75.0,236.0,34.5,23.0,116.0,7.25,4.34,
Ed Ta'amu,2002,OG,Utah,3,5.3,33.33,,,8,3,0,0,0,0,0.0,74.0,335.0,29.0,28.0,,,,
T.C. Taylor,2002,WR,Jackson State,10,4.69,2.0,,,8,3,0,0,0,0,0.0,76.0,219.0,31.0,,114.0,7.59,4.25,
Lew Thomas,2002,RB,Vanderbilt,4,4.59,35.0,,,8,3,0,0,0,0,0.0,69.0,210.0,36.0,17.0,115.0,6.87,4.21,
Josh Thornhill,2002,ILB,Michigan State,3,4.69,47.69,,,8,3,0,0,0,0,0.0,74.0,243.0,36.5,27.0,121.0,7.15,4.19,
Ryan Tolhurst,2002,WR,Richmond,9,4.49,42.0,,,8,3,0,0,0,0,0.0,71.0,196.0,38.0,,123.0,6.65,3.88,
Kurt Vollers,2002,OT,Notre Dame,2,5.36,28.24,,,8,3,0,0,0,0,0.0,79.0,321.0,30.5,30.0,,,,
Marquise Walker,2002,WR,Michigan,1,4.63,14.0,,,8,3,0,0,0,0,0.0,74.0,219.0,,,,,,
Lenny Walls,2002,CB,Boston College,4,4.67,0.0,,,8,3,0,0,0,0,0.0,76.0,192.0,37.0,7.0,120.0,,,
Stylez White,2002,DE,Minnesota,4,4.88,33.85,,,8,3,0,0,0,0,0.0,75.0,268.0,31.5,20.0,114.0,7.4,4.36,
Levron Williams,2002,RB,Indiana,4,4.66,23.33,,,8,3,0,0,0,0,0.0,75.0,224.0,,16.0,,,,
Roe Williams,2002,CB,Tuskegee,10,4.53,26.67,,,8,3,0,0,0,0,0.0,71.0,204.0,38.0,23.0,123.0,,,
Ricky Williams,2002,RB,Texas Tech,4,4.47,55.0,,,8,3,0,0,0,0,0.0,67.0,190.0,32.5,19.0,110.0,,,
Adam Wulfeck,2002,P,Cincinnati,4,4.83,26.15,,,8,3,0,0,0,0,0.0,72.0,228.0,,,,,,
Greg Zolman,2002,QB,Vanderbilt,4,4.93,21.25,,,8,3,0,0,0,0,0.0,74.0,220.0,34.0,,112.0,7.08,4.14,
Paul Arnold,2003,WR,Washington,2,4.53,34.0,,,8,3,0,0,0,0,0.0,73.0,213.0,40.5,,131.0,6.84,4.11,
Rod Babers,2003,CB,Texas,2,4.43,48.89,,,8,3,0,0,0,0,0.0,69.0,192.0,37.0,15.0,127.0,6.83,4.07,
Korey Banks,2003,CB,Mississippi State,3,4.58,15.56,,,8,3,0,0,0,0,0.0,70.0,188.0,,15.0,,,,
Brad Banks,2003,QB,Iowa,3,4.67,53.75,,,8,3,0,0,0,0,0.0,71.0,201.0,33.5,,112.0,,,
Santonio Beard,2003,RB,Alabama,1,4.62,30.0,,,8,3,0,0,0,0,0.0,72.0,222.0,31.5,,119.0,,,
Ronald Bellamy,2003,WR,Michigan,1,4.57,26.0,,,8,3,0,0,0,0,0.0,72.0,208.0,30.5,,119.0,7.38,4.1,
Sean Berton,2003,TE,NC State,4,5.02,0.0,,,8,3,0,0,0,0,0.0,76.0,279.0,31.0,,107.0,7.18,4.35,
Josh Blankenship,2003,QB,Tulsa,6,5.16,0.0,,,8,3,0,0,0,0,0.0,74.0,211.0,28.5,,103.0,7.59,4.42,
Ulish Booker,2003,OT,Michigan State,3,5.24,42.35,,,8,3,0,0,0,0,0.0,78.0,304.0,,,,,,
Lucas Brigman,2003,C,Nebraska-Omaha,10,5.3,40.0,,,8,3,0,0,0,0,0.0,72.0,308.0,27.0,26.0,101.0,7.99,4.67,
Mark Brown,2003,ILB,Auburn,2,4.82,27.69,,,8,3,0,0,0,0,0.0,72.0,238.0,37.5,,121.0,7.37,4.21,
D. Bryant,2003,QB,Duke,4,4.73,46.25,,,8,3,0,0,0,0,0.0,74.0,218.0,35.5,,114.0,7.36,4.4,
Jamal Burke,2003,WR,Boston College,4,4.56,28.0,,,8,3,0,0,0,0,0.0,72.0,204.0,36.0,,119.0,7.2,4.13,
Nick Burley,2003,DE,Fresno State,7,4.83,41.54,,,8,3,0,0,0,0,0.0,76.0,243.0,32.0,26.0,108.0,7.73,4.57,
Mike Bush,2003,WR,Washington State,4,4.7,0.0,,,8,3,0,0,0,0,0.0,77.0,198.0,,,115.0,7.42,4.28,
Fred Capshaw,2003,P,Miami (FL),2,4.89,16.92,,,8,3,0,0,0,0,0.0,70.0,192.0,,,,,,
Kerry Carter,2003,RB,Stanford,3,4.61,31.67,,,8,3,0,0,0,0,0.0,74.0,238.0,36.0,20.0,118.0,7.29,4.39,
Chris Clemons,2003,OLB,Georgia,1,4.68,49.23,,,8,3,0,0,0,0,0.0,75.0,236.0,35.0,18.0,116.0,7.48,4.66,
Avon Cobourne,2003,RB,West Virginia,4,4.7,16.67,,,8,3,0,0,0,0,0.0,67.0,205.0,31.5,21.0,112.0,7.21,4.18,
Colin Cole,2003,DT,Iowa,3,5.22,16.25,,,8,3,0,0,0,0,0.0,74.0,309.0,31.0,29.0,103.0,7.85,4.75,
Anthony Davis,2003,OG,Virginia Tech,3,5.34,28.0,,,8,3,0,0,0,0,0.0,76.0,329.0,27.5,,95.0,8.26,4.98,
Enoch DeMar,2003,OG,Indiana,4,5.63,0.0,,,8,3,0,0,0,0,0.0,76.0,334.0,22.5,22.0,90.0,8.35,5.1,
Dahrran Diedrick,2003,RB,Nebraska,3,4.62,30.0,,,8,3,0,0,0,0,0.0,72.0,228.0,37.0,19.0,117.0,7.32,4.44,
Robbie Doane,2003,OG,Texas,2,5.29,34.67,,,8,3,0,0,0,0,0.0,78.0,311.0,24.5,,85.0,8.04,4.73,
Damon Duval,2003,P,Auburn,2,4.9,15.38,,,8,3,0,0,0,0,0.0,72.0,196.0,,,,,,
Terrence Edwards,2003,WR,Georgia,1,4.5,40.0,,,8,3,0,0,0,0,0.0,72.0,176.0,,,,,,
Gus Felder,2003,OG,Penn State,2,5.83,0.0,,,8,3,0,0,0,0,0.0,75.0,324.0,23.5,,94.0,9.12,5.54,
Nate Fikse,2003,P,UCLA,5,4.91,13.85,,,8,3,0,0,0,0,0.0,68.0,196.0,,,,,,
Anthony Floyd,2003,S,Louisville,4,4.6,33.33,,,8,3,0,0,0,0,0.0,69.0,202.0,33.5,19.0,117.0,7.09,4.2,
Lawrence Flugence,2003,ILB,Texas Tech,4,4.87,20.0,,,8,3,0,0,0,0,0.0,73.0,239.0,34.0,23.0,106.0,7.4,4.36,
Lui Fuata,2003,C,Hawaii,7,5.57,4.0,,,8,3,0,0,0,0,0.0,74.0,309.0,,,,,,
Jason Gesser,2003,QB,Washington State,4,4.87,28.75,,,8,3,0,0,0,0,0.0,73.0,205.0,,,,,,
Jason Goss,2003,CB,TCU,3,4.58,15.56,,,8,3,0,0,0,0,0.0,70.0,183.0,32.5,15.0,117.0,7.46,4.31,
Earnest Graham,2003,RB,Florida,2,4.5,50.0,,,8,3,0,0,0,0,0.0,69.0,225.0,,22.0,,,,
Cornelius Green,2003,DE,Miami (FL),2,4.81,44.62,,,8,3,0,0,0,0,0.0,75.0,243.0,,,,,,
Andy Groom,2003,P,Ohio State,1,4.63,56.92,,,8,3,0,0,0,0,0.0,72.0,196.0,,,,,,
Omari Hand,2003,DE,Tennessee,2,4.85,38.46,,,8,3,0,0,0,0,0.0,76.0,267.0,,34.0,,,,
Byron Hardmon,2003,ILB,Florida,2,4.76,36.92,,,8,3,0,0,0,0,0.0,73.0,232.0,32.5,17.0,115.0,7.55,4.41,
Dwone Hicks,2003,RB,Middle Tennessee State,10,4.6,33.33,,,8,3,0,0,0,0,0.0,70.0,222.0,34.0,29.0,115.0,7.38,4.42,
Zach Hilton,2003,TE,North Carolina,3,4.83,28.33,,,8,3,0,0,0,0,0.0,80.0,262.0,35.0,24.0,112.0,7.26,4.33,
Raymond House,2003,DE,Arkansas,3,5.08,3.08,,,8,3,0,0,0,0,0.0,74.0,277.0,32.0,20.0,120.0,7.55,4.36,
Joey Huber,2003,P,Colorado State,7,4.96,6.15,,,8,3,0,0,0,0,0.0,78.0,246.0,,,,,,
Alex Jackson,2003,OG,Georgia,1,5.4,20.0,,,8,3,0,0,0,0,0.0,76.0,356.0,,,,,,
Jason Jimenez,2003,OT,Southern Miss,10,5.26,40.0,,,8,3,0,0,0,0,0.0,79.0,311.0,30.0,18.0,96.0,8.47,4.69,
Garry Johnson,2003,OT,Arkansas State,3,5.28,37.65,,,8,3,0,0,0,0,0.0,75.0,289.0,24.5,17.0,97.0,8.27,4.89,
Robert Johnson,2003,TE,Auburn,2,4.96,6.67,,,8,3,0,0,0,0,0.0,78.0,278.0,33.5,18.0,115.0,7.15,4.47,
Jason Jowers,2003,OG,Wisconsin,3,5.44,14.67,,,8,3,0,0,0,0,0.0,78.0,319.0,29.5,,101.0,8.32,4.86,
Josh Kayser,2003,OG,Augustana (SD),10,5.73,0.0,,,8,3,0,0,0,0,0.0,75.0,312.0,26.0,21.0,95.0,8.57,5.09,
Chuck Klabo,2003,OT,North Dakota State,9,5.32,32.94,,,8,3,0,0,0,0,0.0,77.0,291.0,,,,,,
Damian Lavergne,2003,OT,Louisiana Tech,5,5.57,3.53,,,8,3,0,0,0,0,0.0,78.0,333.0,27.0,17.0,92.0,8.44,4.86,
Matt Leonard,2003,DT,Stanford,3,4.97,47.5,,,8,3,0,0,0,0,0.0,75.0,305.0,26.0,30.0,95.0,7.53,4.56,
Tom Lopienski,2003,FB,Notre Dame,2,4.75,38.46,,,8,3,0,0,0,0,0.0,72.0,246.0,34.0,24.0,111.0,7.53,4.24,
Pete Lougheed,2003,OT,Purdue,4,5.16,51.76,,,8,3,0,0,0,0,0.0,77.0,300.0,28.5,20.0,93.0,7.86,4.51,
Jeremy Loyd,2003,OLB,Iowa State,4,4.64,55.38,,,8,3,0,0,0,0,0.0,74.0,235.0,34.0,17.0,114.0,6.9,4.15,
Nick Maddox,2003,RB,Florida State,2,4.65,25.0,,,8,3,0,0,0,0,0.0,71.0,211.0,33.5,18.0,115.0,7.33,4.5,
Reno Mahe,2003,WR,BYU,5,4.68,4.0,,,8,3,0,0,0,0,0.0,69.0,198.0,32.0,,109.0,7.27,4.23,
Brian Mance,2003,CB,Clemson,1,4.58,15.56,,,8,3,0,0,0,0,0.0,70.0,189.0,32.5,18.0,115.0,,,
Eric Manning,2003,DT,Oregon State,4,5.05,37.5,,,8,3,0,0,0,0,0.0,73.0,303.0,28.5,26.0,107.0,7.77,4.66,
Mark Mariscal,2003,P,Colorado,3,4.9,15.38,,,8,3,0,0,0,0,0.0,74.0,201.0,,,,,,
Seth Marler,2003,K,Tulane,6,5.25,0.0,,,8,3,0,0,0,0,0.0,73.0,195.0,,,,,,
Kareem Marshall,2003,OT,Georgia,1,5.22,44.71,,,8,3,0,0,0,0,0.0,77.0,359.0,27.5,,92.0,,,
Terrance Martin,2003,DT,NC State,4,5.15,25.0,,,8,3,0,0,0,0,0.0,75.0,299.0,,30.0,,,,
Mat McBriar,2003,P,Hawaii,7,5.07,0.0,,,8,3,0,0,0,0,0.0,72.0,213.0,,,,,,
Sultan McCullough,2003,RB,USC,2,4.49,51.67,,,8,3,0,0,0,0,0.0,71.0,202.0,,27.0,,,,
LaMarcus McDonald,2003,ILB,TCU,3,4.99,1.54,,,8,3,0,0,0,0,0.0,73.0,227.0,31.0,,110.0,7.6,4.44,
Antoine Mirambeau,2003,C,Florida State,2,5.2,53.33,,,8,3,0,0,0,0,0.0,75.0,299.0,,,,,,
Cecil Moore,2003,WR,East Tennessee State,10,4.6,20.0,,,8,3,0,0,0,0,0.0,73.0,210.0,38.0,,124.0,7.03,4.23,
Carl Morris,2003,WR,Harvard,10,4.65,10.0,,,8,3,0,0,0,0,0.0,75.0,214.0,33.5,,116.0,6.93,4.09,
Gene Mruczkowski,2003,C,Purdue,4,5.19,54.67,,,8,3,0,0,0,0,0.0,75.0,297.0,,28.0,,,,
Michael Nattiel,2003,OLB,Florida,2,4.65,53.85,,,8,3,0,0,0,0,0.0,72.0,228.0,30.0,,106.0,7.49,4.39,
Will Ofenheusle,2003,OT,Tennessee,2,5.35,29.41,,,8,3,0,0,0,0,0.0,78.0,308.0,26.5,23.0,94.0,8.65,5.03,
Kassim Osgood,2003,WR,San Diego State,7,4.68,4.0,,,8,3,0,0,0,0,0.0,77.0,208.0,31.0,,122.0,7.19,4.44,
Glenn Pakulak,2003,P,Kentucky,4,4.96,6.15,,,8,3,0,0,0,0,0.0,74.0,226.0,,,,,,
Brian Saint Pierre,2003,QB,Boston College,4,4.82,35.0,,,8,3,0,0,0,0,0.0,75.0,218.0,30.0,,106.0,,,
Mike Pinkard,2003,TE,Arizona State,3,4.69,51.67,,,8,3,0,0,0,0,0.0,77.0,259.0,35.0,,,,,
David Porter,2003,OT,Iowa,3,5.32,32.94,,,8,3,0,0,0,0,0.0,78.0,311.0,26.0,,95.0,8.43,4.98,
Gabe Reid,2003,TE,BYU,5,4.82,30.0,,,8,3,0,0,0,0,0.0,75.0,255.0,37.0,23.0,119.0,7.49,4.32,
Terrell Roberts,2003,CB,Oregon State,4,4.63,4.44,,,8,3,0,0,0,0,0.0,69.0,203.0,34.0,18.0,117.0,7.12,4.26,
Terrence Robinson,2003,ILB,Oklahoma State,3,4.95,7.69,,,8,3,0,0,0,0,0.0,72.0,240.0,33.5,19.0,116.0,7.62,4.36,
Brett Romberg,2003,C,Miami (FL),2,5.2,53.33,,,8,3,0,0,0,0,0.0,74.0,295.0,27.5,27.0,99.0,8.16,4.65,
Tony Romo,2003,QB,Eastern Illinois,10,5.01,11.25,,,8,3,0,0,0,0,0.0,74.0,230.0,30.0,,105.0,7.11,4.2,
Watts Sanderson,2003,OT,South Carolina,3,5.37,27.06,,,8,3,0,0,0,0,0.0,77.0,303.0,28.5,24.0,100.0,8.48,4.94,
Justin Sands,2003,OG,Kansas,10,5.05,66.67,,,8,3,0,0,0,0,0.0,79.0,324.0,32.0,31.0,105.0,,,
Cecil Sapp,2003,RB,Colorado State,7,4.55,41.67,,,8,3,0,0,0,0,0.0,71.0,229.0,,,,,,
Antwone Savage,2003,WR,Oklahoma,2,4.47,46.0,,,8,3,0,0,0,0,0.0,71.0,192.0,32.0,,118.0,7.37,4.37,
Greg Schindler,2003,OG,Stanford,3,5.09,61.33,,,8,3,0,0,0,0,0.0,77.0,307.0,30.5,18.0,94.0,8.56,5.13,
Chad Setterstrom,2003,OG,New Mexico,7,5.44,14.67,,,8,3,0,0,0,0,0.0,75.0,309.0,28.5,16.0,99.0,7.93,4.66,
Todd Sievers,2003,K,Miami (FL),2,4.89,16.92,,,8,3,0,0,0,0,0.0,75.0,214.0,,,,,,
Clifton Smith,2003,ILB,Syracuse,4,4.88,18.46,,,8,3,0,0,0,0,0.0,74.0,253.0,,,,,,
Jamil Soriano,2003,OG,Harvard,10,5.48,9.33,,,8,3,0,0,0,0,0.0,76.0,317.0,27.5,,103.0,8.54,5.08,
Jake Sprague,2003,DT,Wisconsin,3,4.97,47.5,,,8,3,0,0,0,0,0.0,74.0,274.0,,26.0,,,,
Erick Streelman,2003,TE,Nevada,7,5.06,0.0,,,8,3,0,0,0,0,0.0,77.0,248.0,30.0,9.0,109.0,7.59,4.4,
Dan Stricker,2003,WR,Vanderbilt,4,4.68,4.0,,,8,3,0,0,0,0,0.0,74.0,203.0,39.0,,122.0,6.91,4.16,
Tony Terrell,2003,OG,UNLV,10,5.48,9.33,,,8,3,0,0,0,0,0.0,75.0,334.0,25.5,25.0,94.0,8.62,5.0,
Ray Thomas,2003,TE,Wake Forest,4,5.01,0.0,,,8,3,0,0,0,0,0.0,76.0,248.0,31.0,17.0,113.0,7.47,4.53,
Torrin Tucker,2003,OG,Southern Miss,10,5.35,26.67,,,8,3,0,0,0,0,0.0,78.0,328.0,30.0,,103.0,8.39,4.97,
Chris Vance,2003,WR,Ohio State,1,4.55,30.0,,,8,3,0,0,0,0,0.0,73.0,189.0,,,,,,
Alex Walls,2003,K,Tennessee,2,5.0,0.0,,,8,3,0,0,0,0,0.0,72.0,211.0,,,,,,
Kevin Ware,2003,TE,Washington,2,4.79,35.0,,,8,3,0,0,0,0,0.0,75.0,256.0,34.0,22.0,110.0,7.52,4.47,
Cliff Washburn,2003,DE,Citadel,10,5.03,10.77,,,8,3,0,0,0,0,0.0,77.0,275.0,27.0,22.0,109.0,8.59,4.82,
Derek Watson,2003,RB,South Carolina,3,4.63,28.33,,,8,3,0,0,0,0,0.0,72.0,223.0,34.0,15.0,114.0,7.35,4.2,
Juston Wood,2003,QB,Portland State,10,4.78,40.0,,,8,3,0,0,0,0,0.0,73.0,207.0,32.5,,113.0,7.14,4.16,
Thomas Wright,2003,S,Michigan State,3,4.76,0.0,,,8,3,0,0,0,0,0.0,73.0,201.0,36.0,13.0,114.0,7.42,4.41,
Doug Zeigler,2003,TE,Ole Miss,3,4.7,50.0,,,8,3,0,0,0,0,0.0,76.0,257.0,,20.0,,,,
Roc Alexander,2004,CB,Washington,2,4.35,66.67,,,8,3,0,0,0,0,0.0,71.0,185.0,39.5,,125.0,6.97,4.23,
Rich Alexis,2004,RB,Washington,2,4.64,26.67,,,8,3,0,0,0,0,0.0,72.0,210.0,32.0,,114.0,7.41,4.43,
Marcell Allmond,2004,CB,USC,2,4.59,13.33,,,8,3,0,0,0,0,0.0,72.0,209.0,38.0,21.0,123.0,7.37,4.34,
Rashad Baker,2004,S,Tennessee,2,4.5,55.56,,,8,3,0,0,0,0,0.0,70.0,204.0,36.0,21.0,117.0,7.19,4.12,
Kevin Beard,2004,WR,Miami (FL),2,4.46,48.0,,,8,3,0,0,0,0,0.0,72.0,180.0,31.0,,113.0,,,
Bobby Blizzard,2004,TE,North Carolina,3,4.89,18.33,,,8,3,0,0,0,0,0.0,76.0,266.0,,12.0,102.0,,,
Ryan Boschetti,2004,DT,UCLA,5,5.06,36.25,,,8,3,0,0,0,0,0.0,76.0,306.0,29.5,,110.0,7.41,4.27,
Jon Bradley,2004,DT,Arkansas State,3,5.09,32.5,,,8,3,0,0,0,0,0.0,73.0,306.0,26.5,19.0,104.0,7.88,4.85,
Maurice Brown,2004,WR,Iowa,3,4.56,28.0,,,8,3,0,0,0,0,0.0,72.0,219.0,33.0,,117.0,7.38,4.21,
Rufus Brown,2004,CB,Florida State,2,4.43,48.89,,,8,3,0,0,0,0,0.0,69.0,187.0,33.0,15.0,124.0,7.24,4.44,
Josh Buhl,2004,OLB,Kansas State,4,4.73,41.54,,,8,3,0,0,0,0,0.0,71.0,204.0,29.0,,114.0,7.26,4.32,
Darrell Campbell,2004,DT,Notre Dame,2,5.18,21.25,,,8,3,0,0,0,0,0.0,76.0,302.0,33.0,25.0,111.0,7.63,4.66,
Dietrich Canterberry,2004,DT,UNLV,10,5.35,0.0,,,8,3,0,0,0,0,0.0,75.0,308.0,,26.0,,,,
Jordan Carstens,2004,DT,Iowa State,4,5.0,43.75,,,8,3,0,0,0,0,0.0,77.0,305.0,28.5,28.0,106.0,8.35,4.8,
Ran Carthon,2004,RB,Florida,2,4.51,48.33,,,8,3,0,0,0,0,0.0,71.0,224.0,34.5,22.0,112.0,,4.12,
Toby Cecil,2004,C,Texas Tech,4,5.25,46.67,,,8,3,0,0,0,0,0.0,76.0,297.0,,19.0,85.0,8.31,4.98,
Ahmad Childress,2004,DT,Alabama,1,5.28,8.75,,,8,3,0,0,0,0,0.0,78.0,351.0,22.0,,86.0,8.75,4.94,
Quinn Christensen,2004,OG,BYU,5,5.1,60.0,,,8,3,0,0,0,0,0.0,78.0,312.0,,32.0,,,,
Tyson Clabo,2004,OG,Wake Forest,4,5.51,5.33,,,8,3,0,0,0,0,0.0,79.0,315.0,30.0,24.0,100.0,8.09,4.88,
Casey Clausen,2004,QB,Tennessee,2,4.95,18.75,,,8,3,0,0,0,0,0.0,75.0,223.0,,,,,,
Cols Colas,2004,OLB,Virginia Tech,3,4.58,64.62,,,8,3,0,0,0,0,0.0,72.0,233.0,34.5,22.0,118.0,,,
Chris Collins,2004,WR,Ole Miss,3,4.69,2.0,,,8,3,0,0,0,0,0.0,73.0,201.0,35.0,,112.0,,,
Terrance Copper,2004,WR,East Carolina,6,4.53,34.0,,,8,3,0,0,0,0,0.0,72.0,208.0,35.5,,116.0,7.34,4.31,
Regis Crawford,2004,OG,Arizona State,3,6.05,0.0,,,8,3,0,0,0,0,0.0,74.0,316.0,,,,8.03,4.86,
Duron Croson,2004,RB,Fort Valley State,10,4.83,0.0,,,8,3,0,0,0,0,0.0,73.0,226.0,30.5,14.0,108.0,,,
Kentrell Curry,2004,S,Georgia,1,4.6,33.33,,,8,3,0,0,0,0,0.0,73.0,201.0,34.5,17.0,127.0,,,
Lane Danielson,2004,WR,Iowa State,4,4.6,20.0,,,8,3,0,0,0,0,0.0,72.0,197.0,31.0,,117.0,6.72,3.94,
Josh Davis,2004,RB,Nebraska,3,4.54,43.33,,,8,3,0,0,0,0,0.0,70.0,200.0,33.5,13.0,112.0,7.27,4.07,
Curtis DeLoatch,2004,CB,North Carolina A&T,3,4.5,33.33,,,8,3,0,0,0,0,0.0,74.0,214.0,35.5,10.0,120.0,6.97,4.42,
Mondre Dickerson,2004,DT,Tennessee,2,5.12,28.75,,,8,3,0,0,0,0,0.0,76.0,316.0,27.0,29.0,106.0,8.34,,
Daryl Dixon,2004,S,Florida,2,4.77,0.0,,,8,3,0,0,0,0,0.0,70.0,195.0,35.5,15.0,118.0,,,
Khiawatha Downey,2004,OG,Indiana (PA),4,5.5,6.67,,,8,3,0,0,0,0,0.0,76.0,332.0,26.5,21.0,98.0,8.01,4.82,
Kevin Emanuel,2004,DE,Florida State,2,4.84,40.0,,,8,3,0,0,0,0,0.0,76.0,251.0,31.0,21.0,108.0,7.86,4.49,
Brandon Everage,2004,S,Oklahoma,2,4.55,44.44,,,8,3,0,0,0,0,0.0,72.0,194.0,,,,,,
Clarence Farmer,2004,RB,Arizona,4,4.68,20.0,,,8,3,0,0,0,0,0.0,72.0,231.0,34.5,25.0,120.0,7.44,4.25,
Jason Fife,2004,QB,Oregon,2,4.83,33.75,,,8,3,0,0,0,0,0.0,76.0,226.0,30.5,,113.0,7.28,4.18,
J.P. Foschi,2004,TE,Georgia Tech,3,5.0,0.0,,,8,3,0,0,0,0,0.0,76.0,266.0,30.5,24.0,111.0,7.49,4.35,
Ryan Fowler,2004,ILB,Duke,4,4.8,30.77,,,8,3,0,0,0,0,0.0,75.0,250.0,37.5,35.0,118.0,7.19,4.19,
Ronnie Ghent,2004,TE,Louisville,4,5.02,0.0,,,8,3,0,0,0,0,0.0,74.0,248.0,27.5,11.0,103.0,7.47,4.5,
Jabari Greer,2004,CB,Tennessee,2,4.5,33.33,,,8,3,0,0,0,0,0.0,70.0,178.0,36.5,7.0,126.0,,,
Antonio Hall,2004,OG,Kentucky,4,5.54,1.33,,,8,3,0,0,0,0,0.0,75.0,317.0,26.5,27.0,101.0,8.12,4.55,
Jonathan Harrell,2004,OLB,New Mexico,7,4.73,41.54,,,8,3,0,0,0,0,0.0,73.0,242.0,,27.0,,,,
Joseph Hayes,2004,OG,San Jose State,7,5.67,0.0,,,8,3,0,0,0,0,0.0,76.0,311.0,23.0,18.0,94.0,8.25,5.12,
Anthony Herrera,2004,OG,Tennessee,2,5.2,46.67,,,8,3,0,0,0,0,0.0,74.0,315.0,,,,,,
Bryan Hickman,2004,OLB,Kansas State,4,4.68,49.23,,,8,3,0,0,0,0,0.0,72.0,231.0,32.5,26.0,106.0,7.38,4.0,
Cedric Hilliard,2004,DT,Notre Dame,2,5.17,22.5,,,8,3,0,0,0,0,0.0,73.0,307.0,29.0,26.0,110.0,8.22,4.75,
T.J. Hollowell,2004,OLB,Nebraska,3,4.64,55.38,,,8,3,0,0,0,0,0.0,72.0,235.0,33.5,,117.0,7.14,4.09,
Scott Jackson,2004,C,BYU,5,4.98,82.67,,,8,3,0,0,0,0,0.0,76.0,300.0,30.5,28.0,105.0,7.84,4.52,
Justin Jenkins,2004,WR,Mississippi State,3,4.6,20.0,,,8,3,0,0,0,0,0.0,71.0,213.0,35.0,,123.0,7.47,4.16,
Tony Johnson,2004,WR,Penn State,2,4.61,18.0,,,8,3,0,0,0,0,0.0,71.0,202.0,32.5,,118.0,7.16,4.16,
B.J. Johnson,2004,WR,Texas,2,4.5,40.0,,,8,3,0,0,0,0,0.0,71.0,207.0,,,,,,
Spencer Johnson,2004,DT,Auburn,2,5.06,36.25,,,8,3,0,0,0,0,0.0,75.0,286.0,30.0,19.0,111.0,7.78,4.53,
Maurice Jones,2004,OLB,South Florida,6,4.71,44.62,,,8,3,0,0,0,0,0.0,73.0,249.0,35.5,26.0,118.0,7.16,4.21,
Randy Jordan,2004,CB,Kansas State,4,4.59,13.33,,,8,3,0,0,0,0,0.0,73.0,178.0,33.5,,115.0,7.34,4.21,
Tommy Kelly,2004,DE,Mississippi State,3,4.87,35.38,,,8,3,0,0,0,0,0.0,78.0,294.0,25.0,24.0,105.0,7.79,4.45,
Robert Kent,2004,QB,Jackson State,10,4.87,28.75,,,8,3,0,0,0,0,0.0,76.0,222.0,26.5,,110.0,7.69,4.22,
Kelvin Kight,2004,WR,Florida,2,4.56,28.0,,,8,3,0,0,0,0,0.0,72.0,213.0,34.0,,109.0,7.18,4.24,
Derrick Knight,2004,RB,Boston College,4,4.71,15.0,,,8,3,0,0,0,0,0.0,69.0,209.0,31.5,16.0,108.0,,,
Kyle Larson,2004,P,Nebraska,3,4.86,21.54,,,8,3,0,0,0,0,0.0,73.0,204.0,,,,,,
Brad Lekkerkerker,2004,OT,California-Davis,10,5.36,28.24,,,8,3,0,0,0,0,0.0,79.0,317.0,27.5,23.0,102.0,7.94,4.71,
Jared Lorenzen,2004,QB,Kentucky,4,5.28,0.0,,,8,3,0,0,0,0,0.0,75.0,288.0,,,,,,
Tim Manning,2004,WR,Jackson State,10,4.59,22.0,,,8,3,0,0,0,0,0.0,71.0,179.0,28.5,,111.0,7.24,4.27,
Derek McCoy,2004,WR,Colorado,3,4.73,0.0,,,8,3,0,0,0,0,0.0,75.0,210.0,38.0,,128.0,7.1,4.09,
DeMarco McNeil,2004,DT,Auburn,2,5.32,3.75,,,8,3,0,0,0,0,0.0,73.0,310.0,,,,,,
Lewis Moore,2004,OLB,Pittsburgh,3,4.68,49.23,,,8,3,0,0,0,0,0.0,73.0,234.0,,,,,,
James Newson,2004,WR,Oregon State,4,4.76,0.0,,,8,3,0,0,0,0,0.0,73.0,213.0,31.5,,116.0,7.41,,
Jesse Nicassio,2004,K,Eastern Washington,10,,,,,8,3,0,0,0,0,0.0,72.0,192.0,,,,,,
Gabe Nyenhuis,2004,DE,Colorado,3,4.74,55.38,,,8,3,0,0,0,0,0.0,75.0,269.0,39.0,25.0,124.0,6.92,4.03,
Uyi Osunde,2004,DE,Connecticut,6,4.75,53.85,,,8,3,0,0,0,0,0.0,75.0,252.0,,33.0,,,,
Arnold Parker,2004,S,Utah,3,4.54,46.67,,,8,3,0,0,0,0,0.0,74.0,213.0,35.5,18.0,120.0,6.98,4.12,
Josh Parrish,2004,OT,Washington State,4,5.41,22.35,,,8,3,0,0,0,0,0.0,78.0,330.0,28.0,20.0,104.0,8.24,4.61,
Jarrett Payton,2004,RB,Miami (FL),2,4.66,23.33,,,8,3,0,0,0,0,0.0,72.0,220.0,31.0,,115.0,7.34,4.31,
Carlos Perez,2004,WR,Florida,2,4.78,0.0,,,8,3,0,0,0,0,0.0,71.0,203.0,38.0,,118.0,,4.45,
Jason Peters,2004,TE,Arkansas,3,4.93,11.67,,,8,3,0,0,0,0,0.0,76.0,336.0,29.0,21.0,115.0,7.7,4.75,
Brett Pierce,2004,TE,Stanford,3,4.95,8.33,,,8,3,0,0,0,0,0.0,77.0,250.0,27.0,19.0,103.0,7.13,4.37,
Lousaka Polite,2004,FB,Pittsburgh,3,4.68,49.23,,,8,3,0,0,0,0,0.0,72.0,246.0,32.0,28.0,117.0,7.45,4.18,
Chad Pugh,2004,DT,TCU,3,5.38,0.0,,,8,3,0,0,0,0,0.0,75.0,321.0,25.0,19.0,98.0,8.17,4.85,
Alan Reuber,2004,OG,Texas A&M,2,5.49,8.0,,,8,3,0,0,0,0,0.0,78.0,323.0,29.0,26.0,98.0,7.95,4.91,
Lawrence Richardson,2004,CB,Arkansas,3,4.62,6.67,,,8,3,0,0,0,0,0.0,69.0,194.0,31.0,8.0,112.0,,,
Greg Richmond,2004,OLB,Oklahoma State,3,4.73,41.54,,,8,3,0,0,0,0,0.0,73.0,233.0,,17.0,,,,
Scott Rislov,2004,QB,San Jose State,7,4.95,18.75,,,8,3,0,0,0,0,0.0,73.0,224.0,30.0,,119.0,7.44,4.34,
Constantin Ritzmann,2004,DE,Tennessee,2,4.97,20.0,,,8,3,0,0,0,0,0.0,75.0,259.0,29.0,24.0,108.0,7.39,4.48,
Ell Roberson,2004,QB,Kansas State,4,4.6,62.5,,,8,3,0,0,0,0,0.0,71.0,194.0,,,,,,
Fred Russell,2004,RB,Iowa,3,4.5,50.0,,,8,3,0,0,0,0,0.0,67.0,195.0,34.0,21.0,121.0,7.09,4.3,
Rod Rutherford,2004,QB,Pittsburgh,3,4.79,38.75,,,8,3,0,0,0,0,0.0,74.0,240.0,30.5,,110.0,7.66,4.41,
Stanford Samuels,2004,CB,Florida State,2,4.58,15.56,,,8,3,0,0,0,0,0.0,70.0,193.0,,,,,,
Nicholas Setta,2004,K,Notre Dame,2,4.8,30.77,,,8,3,0,0,0,0,0.0,71.0,204.0,,,,,,
Andrew Shull,2004,DE,Kansas State,4,4.9,30.77,,,8,3,0,0,0,0,0.0,77.0,265.0,30.5,16.0,107.0,7.46,4.28,
Kurt Sigler,2004,C,Eastern Washington,10,5.84,0.0,,,8,3,0,0,0,0,0.0,77.0,306.0,24.0,,93.0,8.09,4.63,
Shannon Snell,2004,OG,Florida,2,5.82,0.0,,,8,3,0,0,0,0,0.0,76.0,316.0,25.5,21.0,93.0,8.38,4.91,
John Standeford,2004,WR,Purdue,4,4.6,20.0,,,8,3,0,0,0,0,0.0,75.0,197.0,32.5,,113.0,6.9,4.08,
Kendrick Starling,2004,WR,San Jose State,7,4.49,42.0,,,8,3,0,0,0,0,0.0,73.0,193.0,31.5,,119.0,6.88,3.87,
Larry Stevens,2004,DE,Michigan,1,4.86,36.92,,,8,3,0,0,0,0,0.0,74.0,241.0,,,,,,
Billy Strother,2004,OLB,New Mexico,7,4.68,49.23,,,8,3,0,0,0,0,0.0,72.0,241.0,33.0,,112.0,7.41,4.15,
Greg Taplin,2004,DE,Michigan State,3,5.09,1.54,,,8,3,0,0,0,0,0.0,77.0,267.0,33.0,,115.0,,,
Andrae Thurman,2004,WR,Arizona,4,4.54,32.0,,,8,3,0,0,0,0,0.0,71.0,192.0,34.5,,121.0,7.31,4.3,
Deryck Toles,2004,OLB,Penn State,2,4.58,64.62,,,8,3,0,0,0,0,0.0,72.0,224.0,37.0,24.0,112.0,7.12,4.23,
Daryl Towns,2004,OLB,Nevada,7,4.57,66.15,,,8,3,0,0,0,0,0.0,72.0,224.0,37.0,,112.0,7.15,4.25,
Ben Utecht,2004,TE,Minnesota,4,4.8,33.33,,,8,3,0,0,0,0,0.0,78.0,249.0,,,,,,
Khaleed Vaughn,2004,DE,Clemson,1,5.0,15.38,,,8,3,0,0,0,0,0.0,76.0,281.0,31.5,14.0,113.0,7.38,4.35,
Alex Wade,2004,FB,Duke,4,4.97,4.62,,,8,3,0,0,0,0,0.0,72.0,248.0,32.5,22.0,114.0,7.5,4.41,
Mike Walker,2004,TE,Minnesota-Morris,10,4.84,26.67,,,8,3,0,0,0,0,0.0,76.0,254.0,30.0,19.0,106.0,7.51,4.35,
Huey Whittaker,2004,WR,South Florida,6,4.62,16.0,,,8,3,0,0,0,0,0.0,76.0,234.0,37.0,,121.0,7.06,4.13,
Virgil Williams,2004,S,Washington State,4,4.66,20.0,,,8,3,0,0,0,0,0.0,73.0,196.0,,11.0,,,,
Quintin Williams,2004,S,Wake Forest,4,4.6,33.33,,,8,3,0,0,0,0,0.0,71.0,207.0,37.0,21.0,122.0,7.28,4.09,
Shaud Williams,2004,RB,Alabama,1,4.73,11.67,,,8,3,0,0,0,0,0.0,67.0,193.0,34.0,15.0,114.0,7.01,4.15,
Keith Willis,2004,TE,Virginia Tech,3,5.03,0.0,,,8,3,0,0,0,0,0.0,78.0,260.0,,21.0,114.0,7.33,4.44,
George Wilson,2004,WR,Arkansas,3,4.63,14.0,,,8,3,0,0,0,0,0.0,72.0,213.0,35.0,,120.0,7.07,3.98,
Marcus Winn,2004,S,Arkansas,3,4.86,0.0,,,8,3,0,0,0,0,0.0,72.0,223.0,,21.0,,,,
Jeff Womble,2004,DT,Florida State,2,5.38,0.0,,,8,3,0,0,0,0,0.0,73.0,313.0,28.0,18.0,,,,
Renaldo Works,2004,RB,Oklahoma,2,4.7,16.67,,,8,3,0,0,0,0,0.0,72.0,222.0,30.5,21.0,115.0,7.25,4.09,
Carlos Wright,2004,WR,Tennessee State,2,4.65,10.0,,,8,3,0,0,0,0,0.0,73.0,203.0,34.0,,122.0,7.12,4.31,
Jason Wright,2004,RB,Northwestern,5,4.68,20.0,,,8,3,0,0,0,0,0.0,70.0,210.0,30.0,,111.0,7.35,4.12,
Kirk Yliniemi,2004,K,Oregon State,4,4.69,47.69,,,8,3,0,0,0,0,0.0,72.0,214.0,,,,,,
Kevin Youngblood,2004,WR,Clemson,1,4.64,12.0,,,8,3,0,0,0,0,0.0,76.0,213.0,34.0,,,,,
Lorenzo Alexander,2005,DT,California,4,5.12,28.75,,,8,3,0,0,0,0,0.0,74.0,289.0,29.5,28.0,106.0,7.53,4.55,
Jared Allen,2005,QB,Florida Atlantic,2,4.93,21.25,,,8,3,0,0,0,0,0.0,74.0,218.0,27.5,,106.0,7.29,4.39,
Adrian Awasom,2005,DE,North Texas,10,4.93,26.15,,,8,3,0,0,0,0,0.0,76.0,279.0,32.5,23.0,107.0,7.57,4.4,
Bryce Benekos,2005,P,UTEP,6,5.1,0.0,,,8,3,0,0,0,0,0.0,77.0,227.0,,,,,,
Adam Bergen,2005,TE,Lehigh,10,4.78,36.67,,,8,3,0,0,0,0,0.0,76.0,265.0,38.0,25.0,121.0,7.11,4.1,
Brock Berlin,2005,QB,Miami (FL),2,4.83,33.75,,,8,3,0,0,0,0,0.0,73.0,221.0,29.0,,109.0,7.49,4.54,
Atari Bigby,2005,S,UCF,4,4.57,40.0,,,8,3,0,0,0,0,0.0,71.0,214.0,35.0,19.0,112.0,7.0,4.1,
DeCori Birmingham,2005,RB,Arkansas,3,4.56,40.0,,,8,3,0,0,0,0,0.0,70.0,210.0,34.5,14.0,118.0,7.13,4.28,
Jamaal Brimmer,2005,S,UNLV,10,4.8,0.0,,,8,3,0,0,0,0,0.0,73.0,216.0,32.0,16.0,113.0,7.78,4.63,
C.J. Brooks,2005,OG,Maryland,4,5.18,49.33,,,8,3,0,0,0,0,0.0,77.0,309.0,31.5,24.0,108.0,7.61,4.56,
Tim Brown,2005,OT,West Virginia,4,5.6,0.0,,,8,3,0,0,0,0,0.0,76.0,318.0,29.0,23.0,93.0,7.84,4.92,
Brandon Browner,2005,CB,Oregon State,4,4.63,4.44,,,8,3,0,0,0,0,0.0,75.0,221.0,36.5,13.0,123.0,7.2,4.24,
Doug Buckles,2005,OG,Ole Miss,3,5.53,2.67,,,8,3,0,0,0,0,0.0,77.0,311.0,23.5,18.0,89.0,8.17,4.8,
Tim Bulman,2005,DT,Boston College,4,4.91,55.0,,,8,3,0,0,0,0,0.0,75.0,294.0,32.5,35.0,115.0,7.23,4.2,
Larry Burt,2005,DT,Miami (OH),8,5.36,0.0,,,8,3,0,0,0,0,0.0,74.0,304.0,28.0,22.0,98.0,8.03,4.72,
James Butler,2005,S,Georgia Tech,3,4.51,53.33,,,8,3,0,0,0,0,0.0,74.0,213.0,40.5,16.0,127.0,7.1,3.98,
Timmy Chang,2005,QB,Hawaii,7,5.08,2.5,,,8,3,0,0,0,0,0.0,73.0,211.0,29.0,,111.0,7.24,4.2,
Jonathan Clinkscale,2005,OG,Wisconsin,3,5.51,5.33,,,8,3,0,0,0,0,0.0,74.0,315.0,27.5,,99.0,,,
Eric Coleman,2005,DT,Clemson,1,5.12,28.75,,,8,3,0,0,0,0,0.0,77.0,288.0,33.0,27.0,118.0,7.42,4.71,
Jon Colon,2005,OT,Florida,2,5.64,0.0,,,8,3,0,0,0,0,0.0,79.0,317.0,25.5,,85.0,8.03,4.89,
Dan Connolly,2005,OT,Southeast Missouri,10,5.19,48.24,,,8,3,0,0,0,0,0.0,76.0,311.0,28.5,22.0,108.0,7.65,4.54,
Atcheson Conway,2005,S,Bowie State,10,4.9,0.0,,,8,3,0,0,0,0,0.0,70.0,219.0,32.0,14.0,108.0,7.38,4.1,
Roger Cooper,2005,OLB,Montana State,9,4.75,38.46,,,8,3,0,0,0,0,0.0,74.0,239.0,35.5,19.0,118.0,7.28,4.33,
Jonas Crafts,2005,TE,UTEP,6,4.89,18.33,,,8,3,0,0,0,0,0.0,75.0,247.0,,24.0,,,,
Markus Curry,2005,CB,Michigan,1,4.59,13.33,,,8,3,0,0,0,0,0.0,71.0,181.0,35.0,12.0,117.0,7.04,3.89,
Tony Curtis,2005,TE,Portland State,10,4.93,11.67,,,8,3,0,0,0,0,0.0,77.0,269.0,,21.0,115.0,,,
Harvey Dahl,2005,OT,Nevada,7,5.42,21.18,,,8,3,0,0,0,0,0.0,78.0,299.0,27.0,17.0,99.0,8.15,4.58,
Josh Davis,2005,WR,Marshall,8,4.52,36.0,,,8,3,0,0,0,0,0.0,72.0,191.0,37.5,,118.0,7.19,4.22,
Jim Davis,2005,DE,Virginia Tech,3,4.75,53.85,,,8,3,0,0,0,0,0.0,75.0,277.0,34.0,,111.0,7.11,4.23,
Ben Dougherty,2005,QB,Florida A&M,2,4.72,47.5,,,8,3,0,0,0,0,0.0,74.0,222.0,33.0,,108.0,7.41,4.34,
Adell Duckett,2005,DE,Texas Tech,4,4.93,26.15,,,8,3,0,0,0,0,0.0,75.0,270.0,34.5,14.0,105.0,7.75,4.35,
Kevin Dudley,2005,FB,Michigan,1,4.91,13.85,,,8,3,0,0,0,0,0.0,72.0,238.0,30.0,19.0,109.0,7.25,4.56,
Clifford Dukes,2005,DE,Michigan State,3,4.95,23.08,,,8,3,0,0,0,0,0.0,75.0,268.0,31.5,28.0,,,,
Abraham Elimimian,2005,CB,Hawaii,7,4.62,6.67,,,8,3,0,0,0,0,0.0,70.0,190.0,39.0,14.0,121.0,,4.05,
Jamar Enzor,2005,OLB,Cincinnati,4,4.75,38.46,,,8,3,0,0,0,0,0.0,72.0,243.0,,21.0,,,,
Liam Ezekiel,2005,ILB,Northeastern (MA),10,4.81,29.23,,,8,3,0,0,0,0,0.0,72.0,249.0,34.5,36.0,118.0,7.27,4.12,
Cole Farden,2005,P,Oklahoma State,3,4.94,9.23,,,8,3,0,0,0,0,0.0,70.0,205.0,,,,,,
Diamond Ferri,2005,S,Syracuse,4,4.59,35.56,,,8,3,0,0,0,0,0.0,70.0,223.0,35.5,20.0,111.0,7.15,4.14,
Adam Finley,2005,P,Michigan,1,,,,,8,3,0,0,0,0,0.0,76.0,221.0,,,,,,
Aaron Francisco,2005,S,BYU,5,4.74,2.22,,,8,3,0,0,0,0,0.0,74.0,211.0,35.0,17.0,113.0,6.96,4.07,
Simon Fraser,2005,DE,Ohio State,1,5.0,15.38,,,8,3,0,0,0,0,0.0,78.0,288.0,28.0,23.0,106.0,7.54,4.43,
Andre Frazier,2005,DE,Cincinnati,4,4.66,67.69,,,8,3,0,0,0,0,0.0,77.0,234.0,38.0,19.0,124.0,7.09,4.12,
Charles Frederick,2005,WR,Washington,2,4.78,0.0,,,8,3,0,0,0,0,0.0,71.0,194.0,33.0,,108.0,7.39,4.25,
George Gause,2005,DE,South Carolina,3,4.68,64.62,,,8,3,0,0,0,0,0.0,77.0,275.0,,,,,,
Howard Gilmore,2005,WR,Norfolk State,10,4.71,0.0,,,8,3,0,0,0,0,0.0,72.0,194.0,36.0,,113.0,7.56,4.44,
Johnathan Goddard,2005,OLB,Marshall,8,4.67,50.77,,,8,3,0,0,0,0,0.0,72.0,238.0,35.0,27.0,107.0,7.48,4.14,
Michael Goolsby,2005,ILB,Notre Dame,2,4.85,23.08,,,8,3,0,0,0,0,0.0,75.0,249.0,29.5,,112.0,7.31,4.36,
Ryan Grant,2005,RB,Notre Dame,2,4.43,61.67,,,8,3,0,0,0,0,0.0,73.0,215.0,33.5,17.0,115.0,7.08,4.12,
Kelly Griffeth,2005,TE,Fort Hays State,10,4.9,16.67,,,8,3,0,0,0,0,0.0,77.0,284.0,28.0,21.0,103.0,7.25,4.27,
Matt Grootegoed,2005,S,USC,2,4.76,0.0,,,8,3,0,0,0,0,0.0,71.0,218.0,31.5,22.0,111.0,7.17,4.26,
Gino Guidugli,2005,QB,Cincinnati,4,5.0,12.5,,,8,3,0,0,0,0,0.0,76.0,229.0,29.0,,103.0,7.41,4.52,
Josh Haldi,2005,QB,Northern Illinois,8,4.64,57.5,,,8,3,0,0,0,0,0.0,74.0,215.0,33.0,,113.0,6.89,4.07,
Jason Harmon,2005,S,Michigan State,3,4.7,11.11,,,8,3,0,0,0,0,0.0,71.0,209.0,37.0,23.0,118.0,7.61,4.1,
Reggie Harrell,2005,WR,TCU,3,4.58,24.0,,,8,3,0,0,0,0,0.0,75.0,214.0,35.0,,115.0,7.42,4.11,
Kay-Jay Harris,2005,RB,West Virginia,4,4.56,40.0,,,8,3,0,0,0,0,0.0,72.0,241.0,38.0,,122.0,7.2,4.1,
Marques Harris,2005,OLB,Southern Utah,10,4.71,44.62,,,8,3,0,0,0,0,0.0,73.0,231.0,40.5,22.0,117.0,7.19,4.07,
Alex Haynes,2005,RB,UCF,4,4.51,48.33,,,8,3,0,0,0,0,0.0,70.0,223.0,32.5,21.0,,,,
Efrem Hill,2005,WR,Samford,10,4.58,24.0,,,8,3,0,0,0,0,0.0,72.0,179.0,37.5,,124.0,7.42,4.07,
Terry Holley,2005,S,Rice,6,4.64,24.44,,,8,3,0,0,0,0,0.0,73.0,211.0,37.0,24.0,115.0,,,
Alex Holmes,2005,TE,USC,2,5.04,0.0,,,8,3,0,0,0,0,0.0,74.0,265.0,,18.0,,,,
Ray Hudson,2005,RB,Alabama,1,4.5,50.0,,,8,3,0,0,0,0,0.0,70.0,192.0,,15.0,,,,
Rob Hunt,2005,C,North Dakota State,9,4.96,85.33,,,8,3,0,0,0,0,0.0,76.0,301.0,34.5,31.0,108.0,7.53,4.48,
Kevin Huntley,2005,DE,Kansas State,4,4.88,33.85,,,8,3,0,0,0,0,0.0,79.0,267.0,,,,,,
Chase Johnson,2005,OT,TCU,3,5.41,22.35,,,8,3,0,0,0,0,0.0,80.0,330.0,27.0,,91.0,8.15,4.7,
Tyler Jones,2005,K,Boise State,7,5.05,0.0,,,8,3,0,0,0,0,0.0,73.0,201.0,,,,,,
Keith Joseph,2005,FB,Texas A&M,2,4.68,49.23,,,8,3,0,0,0,0,0.0,74.0,254.0,33.0,27.0,113.0,7.43,4.2,
Dave Kashetta,2005,TE,Boston College,4,4.87,21.67,,,8,3,0,0,0,0,0.0,75.0,247.0,35.5,17.0,113.0,7.34,4.34,
Tyler King,2005,DE,Connecticut,6,4.87,35.38,,,8,3,0,0,0,0,0.0,77.0,271.0,36.0,20.0,118.0,7.57,4.34,
Marcus Lawrence,2005,ILB,South Carolina,3,4.62,58.46,,,8,3,0,0,0,0,0.0,74.0,243.0,34.0,19.0,121.0,7.16,4.32,
Jim Leonhard,2005,S,Wisconsin,3,4.63,26.67,,,8,3,0,0,0,0,0.0,68.0,191.0,,19.0,,,,
Samuel Lightbody,2005,OT,Michigan State,3,5.62,0.0,,,8,3,0,0,0,0,0.0,81.0,321.0,30.0,,108.0,7.95,4.41,
Dustin Long,2005,QB,SMU,6,4.67,53.75,,,8,3,0,0,0,0,0.0,74.0,208.0,30.5,,108.0,6.77,4.08,
Tony Madison,2005,WR,Kansas State,4,4.52,36.0,,,8,3,0,0,0,0,0.0,73.0,213.0,39.0,,121.0,7.13,4.3,
Tommy Manus,2005,WR,South Florida,6,4.55,30.0,,,8,3,0,0,0,0,0.0,76.0,222.0,38.0,,120.0,7.2,4.34,
Will Matthews,2005,FB,Texas,2,4.98,3.08,,,8,3,0,0,0,0,0.0,73.0,248.0,,,,,,
Lynn McGruder,2005,DT,Oklahoma,2,5.01,42.5,,,8,3,0,0,0,0,0.0,73.0,307.0,35.5,28.0,112.0,7.71,4.42,
Chris McKenzie,2005,CB,Arizona State,3,4.32,73.33,,,8,3,0,0,0,0,0.0,68.0,185.0,45.0,6.0,136.0,6.9,4.32,
T.A. McLendon,2005,RB,NC State,4,4.71,15.0,,,8,3,0,0,0,0,0.0,70.0,235.0,35.0,27.0,117.0,7.34,4.19,
Willie McNeill,2005,OT,North Carolina,3,5.3,35.29,,,8,3,0,0,0,0,0.0,76.0,291.0,,,,,,
Albert Means,2005,DT,Memphis,6,5.4,0.0,,,8,3,0,0,0,0,0.0,76.0,318.0,27.0,26.0,96.0,8.21,4.87,
Lance Moore,2005,WR,Toledo,8,4.52,36.0,,,8,3,0,0,0,0,0.0,69.0,177.0,,,,,,
Michael Munoz,2005,OT,Tennessee,2,5.3,35.29,,,8,3,0,0,0,0,0.0,77.0,306.0,,,,,,
Nick Novak,2005,K,Maryland,4,5.1,0.0,,,8,3,0,0,0,0,0.0,71.0,191.0,,,,,,
Craig Ochs,2005,QB,Montana,9,4.87,28.75,,,8,3,0,0,0,0,0.0,74.0,218.0,28.5,,104.0,7.03,4.13,
Martin Patterson,2005,ILB,TCU,3,4.89,16.92,,,8,3,0,0,0,0,0.0,73.0,243.0,34.0,21.0,115.0,7.31,4.2,
Matt Payne,2005,K,BYU,5,4.75,38.46,,,8,3,0,0,0,0,0.0,76.0,229.0,,,,,,
Erik Pears,2005,OT,Colorado State,7,5.12,56.47,,,8,3,0,0,0,0,0.0,80.0,312.0,,,,,,
Jonathan Pollard,2005,OLB,Oregon State,4,4.68,49.23,,,8,3,0,0,0,0,0.0,73.0,247.0,35.0,21.0,116.0,7.41,4.07,
Bobby Purify,2005,RB,Colorado,3,4.67,21.67,,,8,3,0,0,0,0,0.0,72.0,210.0,33.5,15.0,116.0,7.22,4.13,
Bryan Randall,2005,QB,Virginia Tech,3,4.71,48.75,,,8,3,0,0,0,0,0.0,72.0,225.0,33.0,,113.0,6.97,4.08,
Jamaica Rector,2005,WR,Northwest Missouri State,10,4.47,46.0,,,8,3,0,0,0,0,0.0,70.0,186.0,36.5,,122.0,6.78,4.13,
Lamont Reid,2005,CB,NC State,4,4.53,26.67,,,8,3,0,0,0,0,0.0,71.0,195.0,40.5,15.0,124.0,7.18,4.28,
Walter Reyes,2005,RB,Syracuse,4,4.52,46.67,,,8,3,0,0,0,0,0.0,70.0,209.0,32.0,16.0,109.0,7.23,4.38,
Joe Rheem,2005,K,Kansas State,4,,,,,8,3,0,0,0,0,0.0,72.0,217.0,,,,,,
Chris Rix,2005,QB,Florida State,2,4.7,50.0,,,8,3,0,0,0,0,0.0,74.0,214.0,33.5,,116.0,7.53,4.53,
Leon Robinson,2005,OG,Georgia Tech,3,5.22,44.0,,,8,3,0,0,0,0,0.0,76.0,314.0,36.0,22.0,109.0,8.27,4.76,
Derreck Robinson,2005,DT,Iowa,3,,,,,8,3,0,0,0,0,0.0,76.0,289.0,34.5,27.0,114.0,7.97,4.53,
Steve Savoy,2005,WR,Utah,3,4.62,16.0,,,8,3,0,0,0,0,0.0,71.0,192.0,,,,,,
Ernest Shazor,2005,S,Michigan,1,4.65,22.22,,,8,3,0,0,0,0,0.0,76.0,228.0,,,,,,
Dan Sheldon,2005,WR,Northern Illinois,8,4.43,54.0,,,8,3,0,0,0,0,0.0,69.0,179.0,,,,,,
Nick Steitz,2005,OG,Oregon,2,5.7,0.0,,,8,3,0,0,0,0,0.0,75.0,312.0,31.0,,99.0,8.16,4.65,
Chauncey Stovall,2005,WR,Florida State,2,4.62,16.0,,,8,3,0,0,0,0,0.0,73.0,221.0,,,,,,
Benard Thomas,2005,DE,Nebraska,3,4.9,30.77,,,8,3,0,0,0,0,0.0,76.0,269.0,30.0,27.0,108.0,8.24,4.34,
Zach Tuiasosopo,2005,FB,Washington,2,5.0,0.0,,,8,3,0,0,0,0,0.0,74.0,249.0,25.5,19.0,100.0,7.57,4.67,
Cameron Wake,2005,OLB,Penn State,2,4.65,53.85,,,8,3,0,0,0,0,0.0,75.0,236.0,45.5,20.0,130.0,7.12,4.11,
Mike Watson,2005,OT,West Virginia,4,5.46,16.47,,,8,3,0,0,0,0,0.0,76.0,316.0,27.5,,100.0,,,
Marquis Weeks,2005,S,Virginia,4,4.56,42.22,,,8,3,0,0,0,0,0.0,70.0,216.0,36.5,23.0,120.0,7.46,3.89,
Isaac West,2005,WR,Furman,9,4.46,48.0,,,8,3,0,0,0,0,0.0,72.0,187.0,37.0,,124.0,7.21,4.22,
Jason White,2005,QB,Oklahoma,2,4.9,25.0,,,8,3,0,0,0,0,0.0,74.0,223.0,31.0,,108.0,7.28,4.19,
Sam Wilder,2005,OT,Colorado,3,5.31,34.12,,,8,3,0,0,0,0,0.0,77.0,298.0,26.5,23.0,102.0,7.43,4.5,
Ben Wilkerson,2005,C,LSU,1,5.46,18.67,,,8,3,0,0,0,0,0.0,75.0,299.0,,,,,,
Aric Williams,2005,CB,Oregon State,4,4.58,15.56,,,8,3,0,0,0,0,0.0,71.0,187.0,36.0,8.0,117.0,,,
Cedrick Williams,2005,CB,Kansas State,4,4.5,33.33,,,8,3,0,0,0,0,0.0,70.0,168.0,35.0,13.0,121.0,7.24,4.22,
Jerron Wishom,2005,CB,Louisiana Tech,5,4.5,33.33,,,8,3,0,0,0,0,0.0,72.0,193.0,38.0,18.0,118.0,6.81,4.07,
Darrell Adams,2006,DE,Villanova,9,5.0,15.38,,,8,3,0,0,0,0,0.0,77.0,277.0,27.0,22.0,109.0,7.91,4.76,
Jahmile Addae,2006,S,West Virginia,4,4.7,11.11,,,8,3,0,0,0,0,0.0,70.0,214.0,38.5,,122.0,,,
Sir Henry Anderson,2006,DT,Oregon State,4,5.19,20.0,,,8,3,0,0,0,0,0.0,76.0,306.0,28.5,27.0,100.0,7.69,4.55,
Miles Austin,2006,WR,Monmouth (NJ),10,4.47,46.0,,,8,3,0,0,0,0,0.0,74.0,215.0,40.5,21.0,123.0,7.09,4.14,
Brett Basanez,2006,QB,Northwestern,5,4.76,42.5,,,8,3,0,0,0,0,0.0,73.0,220.0,34.0,,114.0,6.75,4.22,
Hank Baskett,2006,WR,New Mexico,7,4.5,40.0,,,8,3,0,0,0,0,0.0,75.0,224.0,35.0,,119.0,6.79,4.17,
Danny Baugher,2006,P,Arizona,4,,,,,8,3,0,0,0,0,0.0,70.0,194.0,,,,,,
Mike Bell,2006,RB,Arizona,4,4.6,33.33,,,8,3,0,0,0,0,0.0,72.0,221.0,31.5,19.0,112.0,7.16,4.21,
Matt Bernstein,2006,FB,Wisconsin,3,4.91,13.85,,,8,3,0,0,0,0,0.0,72.0,260.0,29.5,22.0,110.0,7.46,4.5,
Troy Bienemann,2006,TE,Washington State,4,4.8,33.33,,,8,3,0,0,0,0,0.0,77.0,256.0,,,,,,
Damarius Bilbo,2006,WR,Georgia Tech,3,4.7,0.0,,,8,3,0,0,0,0,0.0,74.0,214.0,36.5,19.0,115.0,6.9,4.18,
Jovon Bouknight,2006,WR,Wyoming,7,4.71,0.0,,,8,3,0,0,0,0,0.0,73.0,195.0,34.0,,120.0,6.93,4.03,
McKinley Boykin,2006,DT,Ole Miss,3,5.01,42.5,,,8,3,0,0,0,0,0.0,73.0,289.0,30.5,30.0,109.0,,4.75,
Trent Bray,2006,ILB,Oregon State,4,4.9,15.38,,,8,3,0,0,0,0,0.0,73.0,231.0,32.0,18.0,109.0,7.15,4.41,
Darrell Brooks,2006,S,Arizona,4,4.61,31.11,,,8,3,0,0,0,0,0.0,72.0,198.0,36.5,7.0,125.0,6.97,4.36,
Manaia Brown,2006,DT,BYU,5,5.1,31.25,,,8,3,0,0,0,0,0.0,75.0,301.0,34.5,21.0,111.0,7.63,4.47,
Copeland Bryan,2006,DE,Arizona,4,4.9,30.77,,,8,3,0,0,0,0,0.0,76.0,253.0,33.0,16.0,117.0,7.11,4.3,
Jason Carter,2006,WR,Texas A&M,2,4.6,20.0,,,8,3,0,0,0,0,0.0,72.0,211.0,33.0,,116.0,6.89,4.21,
Tim Day,2006,TE,Oregon,2,4.74,43.33,,,8,3,0,0,0,0,0.0,75.0,256.0,35.0,24.0,109.0,7.03,4.2,
Mike Degory,2006,C,Florida,2,5.42,24.0,,,8,3,0,0,0,0,0.0,77.0,305.0,26.0,24.0,98.0,8.03,4.67,
Marcus Demps,2006,S,San Diego State,7,4.7,11.11,,,8,3,0,0,0,0,0.0,72.0,198.0,31.0,17.0,117.0,6.91,4.09,
Chris Denney,2006,WR,Nebraska-Omaha,10,4.65,10.0,,,8,3,0,0,0,0,0.0,75.0,224.0,33.0,13.0,110.0,7.02,4.33,
Will Derting,2006,ILB,Washington State,4,4.74,40.0,,,8,3,0,0,0,0,0.0,72.0,247.0,,,,,,
Kader Drame,2006,DT,Syracuse,4,5.25,12.5,,,8,3,0,0,0,0,0.0,77.0,290.0,30.5,17.0,108.0,8.12,,
Bruce Eugene,2006,QB,Grambling State,10,5.12,0.0,,,8,3,0,0,0,0,0.0,72.0,260.0,27.5,,94.0,7.97,4.76,
Daniel Fells,2006,TE,California-Davis,10,4.95,8.33,,,8,3,0,0,0,0,0.0,75.0,259.0,29.5,19.0,108.0,7.27,4.46,
Ryan Gilbert,2006,RB,Houston,6,4.6,33.33,,,8,3,0,0,0,0,0.0,70.0,228.0,,,,,,
Charles Gordon,2006,CB,Kansas,10,4.6,11.11,,,8,3,0,0,0,0,0.0,70.0,183.0,35.5,12.0,115.0,6.95,4.2,
Marcus Green,2006,DT,Ohio State,1,5.14,26.25,,,8,3,0,0,0,0,0.0,73.0,295.0,31.0,33.0,108.0,7.62,4.86,
Darrell Hackney,2006,QB,UAB,6,4.82,35.0,,,8,3,0,0,0,0,0.0,72.0,239.0,33.0,,110.0,7.62,4.69,
Andre Hall,2006,RB,South Florida,6,4.4,66.67,,,8,3,0,0,0,0,0.0,68.0,208.0,33.0,18.0,113.0,7.38,,
Chris Hannon,2006,WR,Tennessee,2,4.48,44.0,,,8,3,0,0,0,0,0.0,75.0,205.0,34.5,,122.0,,,
Chris Harrell,2006,S,Penn State,2,4.7,11.11,,,8,3,0,0,0,0,0.0,72.0,209.0,40.5,15.0,119.0,7.02,4.12,
Gilbert Harris,2006,FB,Arizona,4,4.73,41.54,,,8,3,0,0,0,0,0.0,74.0,235.0,36.0,20.0,117.0,7.0,4.38,
Spencer Havner,2006,ILB,UCLA,5,4.69,47.69,,,8,3,0,0,0,0,0.0,75.0,242.0,39.0,,116.0,6.81,4.07,
Chris Hawkins,2006,CB,Marshall,8,4.51,31.11,,,8,3,0,0,0,0,0.0,70.0,183.0,37.0,16.0,116.0,,4.18,
Taurean Henderson,2006,RB,Texas Tech,4,4.62,30.0,,,8,3,0,0,0,0,0.0,69.0,204.0,32.5,,112.0,7.01,4.4,
Eric Henderson,2006,DE,Georgia Tech,3,4.75,53.85,,,8,3,0,0,0,0,0.0,74.0,270.0,,30.0,,,,
Matt Henshaw,2006,TE,Florida State,2,4.73,45.0,,,8,3,0,0,0,0,0.0,76.0,248.0,29.0,16.0,111.0,7.44,4.44,
Jarvis Herring,2006,S,Florida,2,4.85,0.0,,,8,3,0,0,0,0,0.0,71.0,207.0,36.5,15.0,116.0,7.34,4.23,
Ed Hinkel,2006,WR,Iowa,3,4.54,32.0,,,8,3,0,0,0,0,0.0,72.0,190.0,34.0,,116.0,6.97,4.1,
Reuben Houston,2006,CB,Georgia Tech,3,4.62,6.67,,,8,3,0,0,0,0,0.0,72.0,192.0,41.5,21.0,127.0,,4.42,
Oliver Hoyte,2006,ILB,NC State,4,4.93,10.77,,,8,3,0,0,0,0,0.0,75.0,245.0,32.0,19.0,112.0,7.47,4.3,
Darrell Hunter,2006,CB,Miami (OH),8,4.44,46.67,,,8,3,0,0,0,0,0.0,72.0,206.0,36.0,8.0,123.0,,4.11,
Josh Huston,2006,K,Ohio State,1,,,,,8,3,0,0,0,0,0.0,73.0,209.0,,,,,,
Brian Iwuh,2006,OLB,Colorado,3,4.66,52.31,,,8,3,0,0,0,0,0.0,72.0,234.0,,20.0,,,,
T.J. Jackson,2006,DT,Auburn,2,5.15,25.0,,,8,3,0,0,0,0,0.0,72.0,304.0,31.0,26.0,104.0,7.72,4.6,
Charlton Keith,2006,OLB,Kansas,10,4.78,33.85,,,8,3,0,0,0,0,0.0,76.0,237.0,30.5,12.0,109.0,7.03,4.36,
William Kershaw,2006,OLB,Maryland,4,4.63,56.92,,,8,3,0,0,0,0,0.0,75.0,240.0,37.0,21.0,111.0,6.95,4.17,
Mike Kudla,2006,DE,Ohio State,1,4.72,58.46,,,8,3,0,0,0,0,0.0,74.0,265.0,37.0,45.0,114.0,7.21,4.45,
Greg Lee,2006,WR,Pittsburgh,3,4.59,22.0,,,8,3,0,0,0,0,0.0,74.0,201.0,35.5,,114.0,6.8,4.09,
David Lonie,2006,P,California,4,4.74,40.0,,,8,3,0,0,0,0,0.0,77.0,209.0,,,,,,
Travis Lulay,2006,QB,Montana State,9,4.71,48.75,,,8,3,0,0,0,0,0.0,74.0,216.0,35.0,,111.0,6.93,4.07,
Tom Malone,2006,P,USC,2,4.87,20.0,,,8,3,0,0,0,0,0.0,72.0,212.0,,,,,,
Antonio Malone,2006,CB,Toledo,8,4.59,13.33,,,8,3,0,0,0,0,0.0,72.0,200.0,34.0,10.0,111.0,7.05,4.1,
Wendell Mathis,2006,RB,Fresno State,7,4.51,48.33,,,8,3,0,0,0,0,0.0,71.0,210.0,33.0,20.0,117.0,6.93,4.22,
Robin Meadow,2006,OG,Michigan State,3,5.4,20.0,,,8,3,0,0,0,0,0.0,77.0,324.0,24.0,29.0,99.0,7.94,4.73,
Vincent Meeks,2006,S,Texas Tech,4,4.85,0.0,,,8,3,0,0,0,0,0.0,71.0,210.0,33.0,11.0,112.0,,,
Erik Meyer,2006,QB,Eastern Washington,10,4.67,53.75,,,8,3,0,0,0,0,0.0,73.0,210.0,32.5,,112.0,6.83,4.12,
Anthony Mix,2006,WR,Auburn,2,4.48,44.0,,,8,3,0,0,0,0,0.0,76.0,235.0,31.5,,111.0,,,
DonTrell Moore,2006,RB,New Mexico,7,4.64,26.67,,,8,3,0,0,0,0,0.0,70.0,210.0,32.0,18.0,116.0,7.1,4.32,
Jeff Mullins,2006,LS,Marshall,8,5.03,0.0,,,8,3,0,0,0,0,0.0,74.0,247.0,,21.0,,,,
Martin Nance,2006,WR,Miami (OH),8,4.55,30.0,,,8,3,0,0,0,0,0.0,76.0,213.0,33.5,,112.0,6.91,4.08,
Javon Nanton,2006,DE,Miami (FL),2,4.8,46.15,,,8,3,0,0,0,0,0.0,75.0,250.0,28.5,22.0,108.0,,,
Khalid Naziruddin,2006,CB,Texas Tech,4,4.64,2.22,,,8,3,0,0,0,0,0.0,69.0,185.0,38.5,17.0,119.0,,,
Barrick Nealy,2006,QB,Texas State,2,4.57,66.25,,,8,3,0,0,0,0,0.0,76.0,226.0,32.5,,114.0,6.94,4.26,
Thomas Olmsted,2006,P,Troy,8,5.18,0.0,,,8,3,0,0,0,0,0.0,76.0,214.0,,,,,,
Drew Olson,2006,QB,UCLA,5,5.09,1.25,,,8,3,0,0,0,0,0.0,74.0,222.0,23.0,,97.0,,4.42,
Chijioke Onyenegecha,2006,CB,Oklahoma,2,4.55,22.22,,,8,3,0,0,0,0,0.0,73.0,215.0,34.5,16.0,118.0,,,
Kai Parham,2006,ILB,Virginia,4,4.98,3.08,,,8,3,0,0,0,0,0.0,75.0,256.0,35.0,30.0,116.0,7.35,4.33,
Sam Paulescu,2006,P,Oregon State,4,4.98,3.08,,,8,3,0,0,0,0,0.0,72.0,190.0,,,,,,
Donald Penn,2006,OT,Utah State,7,5.05,64.71,,,8,3,0,0,0,0,0.0,76.0,317.0,,21.0,,,,
Anwar Phillips,2006,CB,Penn State,2,4.6,11.11,,,8,3,0,0,0,0,0.0,72.0,193.0,,,,,,
Paul Pinegar,2006,QB,Fresno State,7,5.1,0.0,,,8,3,0,0,0,0,0.0,77.0,232.0,29.0,,110.0,7.36,4.49,
Quinton Porter,2006,QB,Boston College,4,4.67,53.75,,,8,3,0,0,0,0,0.0,77.0,233.0,33.5,,116.0,6.76,4.1,
Donovan Raiola,2006,C,Wisconsin,3,5.55,6.67,,,8,3,0,0,0,0,0.0,74.0,300.0,25.0,20.0,90.0,8.17,4.97,
Troy Reddick,2006,OG,Auburn,2,5.57,0.0,,,8,3,0,0,0,0,0.0,77.0,334.0,,21.0,,7.92,4.82,
Matthew Rice,2006,DE,Penn State,2,4.89,32.31,,,8,3,0,0,0,0,0.0,76.0,271.0,,,,7.6,4.34,
Gerald Riggs,2006,RB,Tennessee,2,4.62,30.0,,,8,3,0,0,0,0,0.0,71.0,232.0,,,,,,
Freddie Roach,2006,ILB,Alabama,1,4.93,10.77,,,8,3,0,0,0,0,0.0,74.0,257.0,34.0,,111.0,7.49,4.42,
Dale Robinson,2006,ILB,Arizona State,3,4.76,36.92,,,8,3,0,0,0,0,0.0,72.0,231.0,33.0,18.0,108.0,7.29,4.3,
Dennis Roland,2006,OT,Georgia,1,5.28,37.65,,,8,3,0,0,0,0,0.0,82.0,328.0,,19.0,,,,
Richie Ross,2006,WR,Nebraska-Kearney,10,4.61,18.0,,,8,3,0,0,0,0,0.0,76.0,209.0,37.0,,120.0,6.95,4.29,
Pat Ross,2006,C,Boston College,4,4.99,81.33,,,8,3,0,0,0,0,0.0,75.0,301.0,,23.0,,,,
Cory Ross,2006,RB,Nebraska,3,4.58,36.67,,,8,3,0,0,0,0,0.0,66.0,201.0,,15.0,,,,
Derrick Ross,2006,RB,Tarleton State,10,4.56,40.0,,,8,3,0,0,0,0,0.0,70.0,226.0,35.0,20.0,112.0,7.0,4.35,
Jon Scifres,2006,K,Missouri State,4,5.0,0.0,,,8,3,0,0,0,0,0.0,73.0,224.0,,,,,,
Dwayne Slay,2006,S,Texas Tech,4,4.78,0.0,,,8,3,0,0,0,0,0.0,75.0,216.0,32.5,,112.0,,,
Kent Smith,2006,QB,Central Michigan,8,4.57,66.25,,,8,3,0,0,0,0,0.0,77.0,216.0,35.0,,122.0,7.41,4.47,
LeKevin Smith,2006,DT,Michigan State,3,4.97,47.5,,,8,3,0,0,0,0,0.0,75.0,316.0,30.5,30.0,109.0,7.93,4.92,
Clinton Solomon,2006,WR,Iowa,3,4.58,24.0,,,8,3,0,0,0,0,0.0,75.0,214.0,33.0,,114.0,7.17,4.46,
Joel Stelly,2006,P,La-Monroe,10,4.68,49.23,,,8,3,0,0,0,0,0.0,70.0,197.0,,,,,,
Adam Stenavich,2006,OG,Michigan,1,5.6,0.0,,,8,3,0,0,0,0,0.0,76.0,310.0,,24.0,,,,
Boone Stutz,2006,LS,Texas A&M,2,5.06,0.0,,,8,3,0,0,0,0,0.0,78.0,259.0,,,,,,
Naufahu Tahi,2006,FB,BYU,5,4.85,23.08,,,8,3,0,0,0,0,0.0,72.0,254.0,29.0,35.0,101.0,7.72,4.7,
Gavin Tarquinio,2006,LS,Georgia Tech,3,4.88,18.46,,,8,3,0,0,0,0,0.0,75.0,253.0,,18.0,,,,
Tony Tella,2006,OG,Miami (FL),2,5.44,14.67,,,8,3,0,0,0,0,0.0,76.0,307.0,24.5,24.0,97.0,8.17,4.84,
John Torp,2006,P,Colorado,3,4.73,41.54,,,8,3,0,0,0,0,0.0,74.0,212.0,,,,,,
Anthony Trucks,2006,OLB,Oregon,2,4.76,36.92,,,8,3,0,0,0,0,0.0,73.0,233.0,37.0,22.0,125.0,7.0,4.14,
Cameron Vaughn,2006,OLB,LSU,1,4.65,53.85,,,8,3,0,0,0,0,0.0,76.0,235.0,32.0,17.0,117.0,7.24,4.22,
Marcus Vick,2006,QB,Virginia Tech,3,4.47,78.75,,,8,3,0,0,0,0,0.0,72.0,200.0,36.0,,117.0,6.94,4.08,
John Walker,2006,CB,USC,2,4.62,6.67,,,8,3,0,0,0,0,0.0,72.0,205.0,40.0,,125.0,,4.16,
Cooper Wallace,2006,TE,Auburn,2,4.78,36.67,,,8,3,0,0,0,0,0.0,76.0,261.0,29.0,21.0,105.0,7.29,4.21,
Scott Ware,2006,S,USC,2,4.7,11.11,,,8,3,0,0,0,0,0.0,73.0,218.0,37.0,15.0,115.0,7.05,4.25,
Steve Weatherford,2006,P,Illinois,4,4.82,27.69,,,8,3,0,0,0,0,0.0,74.0,217.0,,,,,,
Stefon Wheeler,2006,OT,Michigan State,3,5.73,0.0,,,8,3,0,0,0,0,0.0,77.0,339.0,19.5,,74.0,8.09,4.86,
Terrence Whitehead,2006,RB,Oregon,2,4.69,18.33,,,8,3,0,0,0,0,0.0,70.0,209.0,30.5,,108.0,7.21,4.27,
Justin Wyatt,2006,CB,USC,2,4.72,0.0,,,8,3,0,0,0,0,0.0,69.0,189.0,,14.0,,,,
Jon Abbate,2007,ILB,Wake Forest,4,5.0,0.0,,,8,3,0,0,0,0,0.0,70.0,231.0,38.5,26.0,115.0,7.12,4.33,
Jesse Ainsworth,2007,K,Arizona State,3,4.75,38.46,,,8,3,0,0,0,0,0.0,75.0,218.0,,,,,,
Cory Anderson,2007,FB,Tennessee,2,4.7,46.15,,,8,3,0,0,0,0,0.0,74.0,247.0,37.0,19.0,115.0,7.37,4.35,
Antwan Applewhite,2007,DE,San Diego State,7,4.73,56.92,,,8,3,0,0,0,0,0.0,75.0,250.0,35.0,25.0,115.0,7.5,4.36,
Anthony Arline,2007,CB,Baylor,3,4.43,48.89,,,8,3,0,0,0,0,0.0,74.0,199.0,34.5,12.0,124.0,7.02,4.46,
Travarous Bain,2007,CB,Kansas State,4,4.43,48.89,,,8,3,0,0,0,0,0.0,72.0,182.0,,10.0,,,,
Reggie Ball,2007,WR,Georgia Tech,3,4.67,6.0,,,8,3,0,0,0,0,0.0,71.0,203.0,30.0,15.0,112.0,6.9,4.19,
David Ball,2007,WR,North Texas,10,4.7,0.0,,,8,3,0,0,0,0,0.0,73.0,196.0,,,,6.94,4.21,
Nate Bennett,2007,OG,Michigan State,3,5.47,10.67,,,8,3,0,0,0,0,0.0,76.0,316.0,26.5,34.0,90.0,8.15,5.04,
Stephen Berg,2007,OG,Arizona State,3,5.38,22.67,,,8,3,0,0,0,0,0.0,77.0,330.0,,19.0,,,,
Larry Birdine,2007,DE,Oklahoma,2,5.02,12.31,,,8,3,0,0,0,0,0.0,76.0,261.0,32.0,21.0,107.0,7.47,4.76,
Kody Bliss,2007,P,Auburn,2,5.08,0.0,,,8,3,0,0,0,0,0.0,70.0,179.0,,,,,,
Tyron Brackenridge,2007,CB,Washington State,4,4.67,0.0,,,8,3,0,0,0,0,0.0,71.0,189.0,,,,,,
Larry Brown,2007,DT,Oklahoma State,3,5.2,18.75,,,8,3,0,0,0,0,0.0,75.0,297.0,27.0,22.0,108.0,7.67,4.81,
Mkristo Bruce,2007,DE,Washington State,4,5.0,15.38,,,8,3,0,0,0,0,0.0,78.0,268.0,29.0,21.0,106.0,7.38,4.8,
Eldra Buckley,2007,RB,Tenn-Chattanooga,10,4.56,40.0,,,8,3,0,0,0,0,0.0,69.0,202.0,35.5,14.0,120.0,7.71,4.43,
Noland Burchette,2007,DE,Virginia Tech,3,4.73,56.92,,,8,3,0,0,0,0,0.0,74.0,259.0,,15.0,,,,
Brendan Carney,2007,P,Syracuse,4,5.03,0.0,,,8,3,0,0,0,0,0.0,76.0,203.0,,,,,,
Zach Catanese,2007,S,Arizona State,3,4.6,33.33,,,8,3,0,0,0,0,0.0,74.0,225.0,,24.0,,,,
Matt Clark,2007,K,Auburn,2,,,,,8,3,0,0,0,0,0.0,72.0,181.0,,,,,,
Jeremy Clark,2007,DT,Alabama,1,5.02,41.25,,,8,3,0,0,0,0,0.0,74.0,309.0,29.0,29.0,104.0,7.78,4.82,
Daniel Coats,2007,TE,BYU,5,4.94,10.0,,,8,3,0,0,0,0,0.0,75.0,257.0,30.0,34.0,111.0,7.07,4.43,
Duane Coleman,2007,CB,Clemson,1,4.57,17.78,,,8,3,0,0,0,0,0.0,69.0,199.0,35.5,18.0,120.0,7.18,4.51,
Alonzo Coleman,2007,RB,Kansas State,4,4.49,51.67,,,8,3,0,0,0,0,0.0,70.0,207.0,,27.0,120.0,,,
Jemalle Cornelius,2007,WR,Florida,2,4.57,26.0,,,8,3,0,0,0,0,0.0,71.0,184.0,34.5,,123.0,6.99,4.3,
Jon Cornish,2007,RB,Kansas,10,4.62,30.0,,,8,3,0,0,0,0,0.0,71.0,206.0,34.0,,118.0,7.09,,
Quinton Culberson,2007,OLB,Mississippi State,3,4.77,35.38,,,8,3,0,0,0,0,0.0,73.0,236.0,29.5,18.0,113.0,,,
Craig Dahl,2007,S,North Dakota State,9,4.55,44.44,,,8,3,0,0,0,0,0.0,74.0,216.0,35.0,17.0,122.0,6.69,4.26,
Jessie Daniels,2007,S,LSU,1,4.54,46.67,,,8,3,0,0,0,0,0.0,71.0,216.0,,25.0,,,,
Victor DeGrate,2007,DE,Oklahoma State,3,4.77,50.77,,,8,3,0,0,0,0,0.0,75.0,249.0,,19.0,,,,
Tim Duckworth,2007,OG,Auburn,2,5.42,17.33,,,8,3,0,0,0,0,0.0,75.0,306.0,25.0,20.0,94.0,8.26,4.78,
Quintin Echols,2007,DT,Kansas State,4,5.4,0.0,,,8,3,0,0,0,0,0.0,73.0,328.0,,25.0,,,,
Tala Esera,2007,OT,Hawaii,7,5.22,44.71,,,8,3,0,0,0,0,0.0,75.0,312.0,,,,,,
Earl Everett,2007,OLB,Florida,2,4.73,41.54,,,8,3,0,0,0,0,0.0,74.0,238.0,32.0,19.0,113.0,,,
Aaron Fairooz,2007,WR,Central Arkansas,9,4.49,42.0,,,8,3,0,0,0,0,0.0,78.0,209.0,36.0,,125.0,6.89,4.27,
Mark Fenton,2007,C,Colorado,3,5.15,60.0,,,8,3,0,0,0,0,0.0,76.0,290.0,,22.0,,,,
Luke Getsy,2007,QB,Akron,10,4.96,17.5,,,8,3,0,0,0,0,0.0,74.0,222.0,32.5,,106.0,6.95,4.46,
Adam Graessle,2007,P,Pittsburgh,3,4.84,24.62,,,8,3,0,0,0,0,0.0,76.0,215.0,,,,,,
Matt Gutierrez,2007,QB,Idaho State,10,5.0,12.5,,,8,3,0,0,0,0,0.0,76.0,232.0,29.5,,108.0,6.99,4.28,
KaMichael Hall,2007,OLB,Georgia Tech,3,4.77,35.38,,,8,3,0,0,0,0,0.0,72.0,228.0,33.0,,111.0,7.5,4.62,
Gabe Hall,2007,OT,Texas Tech,4,4.91,81.18,,,8,3,0,0,0,0,0.0,76.0,313.0,29.0,22.0,104.0,7.59,4.68,
Jonny Harline,2007,TE,BYU,5,4.84,26.67,,,8,3,0,0,0,0,0.0,76.0,248.0,28.5,15.0,106.0,7.05,4.68,
Nate Harris,2007,OLB,Louisville,4,4.6,61.54,,,8,3,0,0,0,0,0.0,72.0,230.0,32.0,26.0,107.0,7.19,4.52,
Stephon Heyer,2007,OT,Maryland,4,5.59,1.18,,,8,3,0,0,0,0,0.0,78.0,334.0,,30.0,94.0,,,
Justin Hickman,2007,OLB,UCLA,5,4.75,38.46,,,8,3,0,0,0,0,0.0,73.0,254.0,29.5,23.0,115.0,7.06,4.43,
Jarrett Hicks,2007,WR,Texas Tech,4,4.67,6.0,,,8,3,0,0,0,0,0.0,75.0,210.0,34.5,,120.0,,,
Xzavie Jackson,2007,DE,Missouri,4,4.92,27.69,,,8,3,0,0,0,0,0.0,75.0,278.0,33.0,18.0,110.0,,,
DeAndre Jackson,2007,CB,Iowa State,4,4.48,37.78,,,8,3,0,0,0,0,0.0,71.0,193.0,,14.0,,,,
Drisan James,2007,WR,Boise State,7,4.52,36.0,,,8,3,0,0,0,0,0.0,72.0,193.0,39.0,14.0,126.0,7.09,4.39,
Rory Johnson,2007,OLB,Ole Miss,3,4.59,63.08,,,8,3,0,0,0,0,0.0,72.0,232.0,38.0,19.0,116.0,,4.07,
Mike Jones,2007,OG,Iowa,3,5.46,12.0,,,8,3,0,0,0,0,0.0,77.0,309.0,25.5,28.0,98.0,7.8,4.88,
Onrea Jones,2007,WR,Kansas State,4,4.42,56.0,,,8,3,0,0,0,0,0.0,71.0,202.0,39.0,,121.0,7.05,4.28,
Aaron King,2007,LS,UTEP,6,4.78,33.85,,,8,3,0,0,0,0,0.0,73.0,239.0,,,,,,
Toby Korrodi,2007,QB,Central Missouri State,10,5.37,0.0,,,8,3,0,0,0,0,0.0,75.0,234.0,25.0,,91.0,7.77,4.64,
Zach Latimer,2007,ILB,Oklahoma,2,4.78,33.85,,,8,3,0,0,0,0,0.0,74.0,237.0,34.0,19.0,109.0,7.27,4.45,
Chris Leak,2007,QB,Florida,2,4.74,45.0,,,8,3,0,0,0,0,0.0,72.0,209.0,32.5,,113.0,7.03,4.41,
Nick Leeson,2007,LS,Virginia Tech,3,5.08,0.0,,,8,3,0,0,0,0,0.0,73.0,255.0,,,,,,
Reggie Lewis,2007,CB,Florida,2,4.54,24.44,,,8,3,0,0,0,0,0.0,70.0,204.0,34.0,14.0,119.0,7.13,,
Enoka Lucas,2007,C,Oregon,2,5.46,18.67,,,8,3,0,0,0,0,0.0,75.0,303.0,27.5,34.0,104.0,8.1,4.84,
Mike Mason,2007,WR,Tennessee State,2,4.4,60.0,,,8,3,0,0,0,0,0.0,72.0,190.0,39.5,,129.0,6.94,4.08,
Marquay McDaniel,2007,WR,Kansas State,4,4.52,36.0,,,8,3,0,0,0,0,0.0,70.0,205.0,33.5,19.0,114.0,7.13,4.35,
Ronnie McGill,2007,RB,North Carolina,3,4.59,35.0,,,8,3,0,0,0,0,0.0,71.0,213.0,,22.0,,,,
Rhema McKnight,2007,WR,Notre Dame,2,4.53,34.0,,,8,3,0,0,0,0,0.0,73.0,211.0,34.0,,118.0,6.84,4.16,
Ryan Moore,2007,WR,Miami (FL),2,4.54,32.0,,,8,3,0,0,0,0,0.0,74.0,217.0,32.0,,110.0,6.87,4.35,
Tyrone Moss,2007,RB,Miami (FL),2,4.75,8.33,,,8,3,0,0,0,0,0.0,69.0,231.0,31.0,16.0,107.0,,4.56,
Dan Mozes,2007,C,West Virginia,4,5.35,33.33,,,8,3,0,0,0,0,0.0,75.0,293.0,25.5,28.0,101.0,7.98,4.84,
J.D. Nelson,2007,S,Oregon,2,4.83,0.0,,,8,3,0,0,0,0,0.0,71.0,207.0,32.5,,111.0,7.29,4.53,
Syvelle Newton,2007,WR,South Carolina,3,4.64,12.0,,,8,3,0,0,0,0,0.0,73.0,218.0,,20.0,,,,
Joe Newton,2007,TE,Oregon State,4,4.89,18.33,,,8,3,0,0,0,0,0.0,79.0,257.0,31.0,20.0,109.0,7.35,4.57,
Sam Olajubutu,2007,OLB,Arkansas,3,4.77,35.38,,,8,3,0,0,0,0,0.0,69.0,227.0,34.5,24.0,118.0,7.33,4.34,
Mike Otto,2007,OT,Purdue,4,5.2,47.06,,,8,3,0,0,0,0,0.0,77.0,308.0,26.5,20.0,105.0,7.62,4.67,
Brandon Pace,2007,K,Virginia Tech,3,4.74,40.0,,,8,3,0,0,0,0,0.0,70.0,193.0,,,,,,
Tyler Palko,2007,QB,Pittsburgh,3,4.83,33.75,,,8,3,0,0,0,0,0.0,73.0,215.0,31.5,,112.0,7.05,4.36,
Marcus Paschal,2007,S,Iowa,3,4.59,35.56,,,8,3,0,0,0,0,0.0,72.0,201.0,33.0,15.0,,7.31,4.72,
David Patterson,2007,DT,Ohio State,1,5.1,31.25,,,8,3,0,0,0,0,0.0,74.0,285.0,32.5,21.0,118.0,7.47,4.43,
Leonard Peters,2007,S,Hawaii,7,4.8,0.0,,,8,3,0,0,0,0,0.0,73.0,210.0,32.5,21.0,110.0,7.49,,
Blair Phillips,2007,ILB,Oregon,2,4.84,24.62,,,8,3,0,0,0,0,0.0,73.0,243.0,30.5,23.0,106.0,7.01,4.48,
James Pinkney,2007,QB,East Carolina,6,4.79,38.75,,,8,3,0,0,0,0,0.0,74.0,208.0,34.0,,112.0,7.35,4.49,
Anthony Pudewell,2007,TE,Nevada,7,5.07,0.0,,,8,3,0,0,0,0,0.0,76.0,250.0,25.5,15.0,101.0,7.31,4.41,
Jerard Rabb,2007,WR,Boise State,7,4.58,24.0,,,8,3,0,0,0,0,0.0,74.0,201.0,36.5,,125.0,6.99,4.19,
Jared Retkofsky,2007,LS,TCU,3,4.91,13.85,,,8,3,0,0,0,0,0.0,77.0,265.0,,,,,,
Alex Reyes,2007,P,Texas Tech,4,,,,,8,3,0,0,0,0,0.0,73.0,234.0,,,,,,
Gijon Robinson,2007,FB,Missouri Western State,4,4.71,44.62,,,8,3,0,0,0,0,0.0,73.0,255.0,33.0,21.0,116.0,7.23,4.43,
Gary Russell,2007,RB,Minnesota,4,4.77,5.0,,,8,3,0,0,0,0,0.0,70.0,229.0,31.5,9.0,113.0,,4.54,
Nic Schmitt,2007,P,Virginia Tech,3,5.05,0.0,,,8,3,0,0,0,0,0.0,74.0,252.0,,,,,,
Kenny Scott,2007,CB,Georgia Tech,3,4.39,57.78,,,8,3,0,0,0,0,0.0,73.0,179.0,40.0,10.0,127.0,,,
Brandon Sharp,2007,S,Louisville,4,4.58,37.78,,,8,3,0,0,0,0,0.0,70.0,194.0,37.5,18.0,,,,
Juwan Simpson,2007,OLB,Alabama,1,4.55,69.23,,,8,3,0,0,0,0,0.0,74.0,225.0,34.5,15.0,123.0,7.22,4.42,
Bo Smith,2007,CB,Weber State,10,4.44,46.67,,,8,3,0,0,0,0,0.0,70.0,193.0,33.5,14.0,,,,
Bret Smith,2007,WR,Tennessee,2,4.55,30.0,,,8,3,0,0,0,0,0.0,74.0,173.0,,,,,,
Scott Stephenson,2007,C,Iowa State,4,5.2,53.33,,,8,3,0,0,0,0,0.0,75.0,297.0,29.5,21.0,99.0,7.62,4.57,
John Stocco,2007,QB,Wisconsin,3,5.08,2.5,,,8,3,0,0,0,0,0.0,74.0,207.0,27.0,,104.0,7.29,4.6,
Palauni Ma Sun,2007,OG,Oregon,2,5.86,0.0,,,8,3,0,0,0,0,0.0,77.0,319.0,24.5,22.0,91.0,8.7,5.01,
Jayson Swain,2007,WR,Tennessee,2,4.63,14.0,,,8,3,0,0,0,0,0.0,72.0,212.0,33.0,,,,,
Josh Swogger,2007,QB,Montana,9,5.12,0.0,,,8,3,0,0,0,0,0.0,76.0,237.0,28.5,,107.0,7.25,4.76,
Herb Taylor,2007,OT,TCU,3,5.19,48.24,,,8,3,0,0,0,0,0.0,76.0,296.0,27.0,26.0,100.0,7.78,4.64,
Ramonce Taylor,2007,RB,Texas College,2,4.5,50.0,,,8,3,0,0,0,0,0.0,70.0,195.0,34.0,,125.0,6.98,4.23,
Zac Taylor,2007,QB,Nebraska,3,5.06,5.0,,,8,3,0,0,0,0,0.0,74.0,216.0,30.5,,110.0,7.39,4.6,
Tony Taylor,2007,OLB,Georgia,1,4.92,12.31,,,8,3,0,0,0,0,0.0,72.0,236.0,32.0,26.0,108.0,7.17,4.36,
Paul Thompson,2007,WR,Oklahoma,2,4.62,16.0,,,8,3,0,0,0,0,0.0,76.0,216.0,33.5,,127.0,6.81,4.11,
Matt Trannon,2007,WR,Michigan State,3,4.57,26.0,,,8,3,0,0,0,0,0.0,78.0,216.0,36.5,13.0,118.0,7.09,4.34,
Dane Uperesa,2007,OT,Hawaii,7,5.28,37.65,,,8,3,0,0,0,0,0.0,76.0,309.0,,,,,,
Chad Upshaw,2007,TE,Buffalo,8,4.9,16.67,,,8,3,0,0,0,0,0.0,76.0,252.0,33.5,16.0,108.0,7.23,4.58,
Elliot Vallejo,2007,OT,California-Davis,10,5.38,25.88,,,8,3,0,0,0,0,0.0,79.0,327.0,26.0,24.0,94.0,7.95,5.14,
Darius Walker,2007,RB,Notre Dame,2,4.55,41.67,,,8,3,0,0,0,0,0.0,70.0,206.0,40.5,19.0,123.0,7.18,4.39,
D.J. Ware,2007,RB,Illinois,4,4.61,31.67,,,8,3,0,0,0,0,0.0,72.0,225.0,,21.0,,,,
Justin Warren,2007,ILB,Texas A&M,2,4.85,23.08,,,8,3,0,0,0,0,0.0,75.0,245.0,29.5,16.0,115.0,,,
Chaz Williams,2007,CB,La-Monroe,10,4.68,0.0,,,8,3,0,0,0,0,0.0,71.0,196.0,32.5,13.0,108.0,,,
Julius Wilson,2007,OT,UAB,6,5.43,20.0,,,8,3,0,0,0,0,0.0,76.0,327.0,27.0,,103.0,8.33,5.0,
D'Juan Woods,2007,WR,Oklahoma State,3,4.58,24.0,,,8,3,0,0,0,0,0.0,72.0,208.0,36.5,,120.0,6.89,4.34,
Selvin Young,2007,RB,Texas,2,4.58,36.67,,,8,3,0,0,0,0,0.0,71.0,207.0,,,,,,
Jared Zabransky,2007,QB,Boise State,7,4.56,67.5,,,8,3,0,0,0,0,0.0,74.0,219.0,35.5,,111.0,6.78,4.08,
Husain Abdullah,2008,S,Washington State,4,4.63,26.67,,,8,3,0,0,0,0,0.0,72.0,204.0,32.5,16.0,115.0,7.07,,
Jamar Adams,2008,S,Michigan,1,4.59,35.56,,,8,3,0,0,0,0,0.0,74.0,212.0,34.0,,121.0,6.9,4.49,
Steve Allen,2008,ILB,West Texas A&M,10,4.87,20.0,,,8,3,0,0,0,0,0.0,72.0,236.0,,17.0,111.0,,,
Anthony Alridge,2008,RB,Houston,6,4.36,73.33,,,8,3,0,0,0,0,0.0,69.0,170.0,30.5,,134.0,6.88,,
Danny Amendola,2008,WR,Texas Tech,4,4.58,24.0,,,8,3,0,0,0,0,0.0,70.0,183.0,27.5,13.0,103.0,6.81,4.25,
Yvenson Bernard,2008,RB,Oregon State,4,4.81,0.0,,,8,3,0,0,0,0,0.0,68.0,204.0,29.5,,112.0,7.22,4.73,
Davone Bess,2008,WR,Hawaii,7,4.64,12.0,,,8,3,0,0,0,0,0.0,70.0,194.0,31.5,12.0,118.0,6.97,4.27,
Adam Bishop,2008,TE,Nevada,7,4.98,3.33,,,8,3,0,0,0,0,0.0,77.0,248.0,27.0,21.0,113.0,7.14,4.28,
James Blair,2008,OG,Western Michigan,8,5.28,36.0,,,8,3,0,0,0,0,0.0,75.0,323.0,23.5,28.0,103.0,8.44,5.33,
Tommy Blake,2008,DE,TCU,3,4.78,49.23,,,8,3,0,0,0,0,0.0,75.0,281.0,,,,,,
Todd Blythe,2008,WR,Iowa State,4,4.65,10.0,,,8,3,0,0,0,0,0.0,77.0,214.0,31.5,,118.0,6.92,4.23,
Brian Bonner,2008,S,TCU,3,4.61,31.11,,,8,3,0,0,0,0,0.0,71.0,196.0,31.0,17.0,113.0,7.21,4.43,
Barry Booker,2008,DT,Virginia Tech,3,5.06,36.25,,,8,3,0,0,0,0,0.0,76.0,285.0,,24.0,,,,
Adarius Bowman,2008,WR,Oklahoma State,3,4.74,0.0,,,8,3,0,0,0,0,0.0,75.0,223.0,,14.0,,,,
Mark Bradford,2008,WR,Stanford,3,4.69,2.0,,,8,3,0,0,0,0,0.0,73.0,211.0,36.5,19.0,120.0,7.12,4.47,
Brandon Breazell,2008,WR,UCLA,5,4.41,58.0,,,8,3,0,0,0,0,0.0,72.0,160.0,30.5,,115.0,6.97,,
Travis Brown,2008,WR,New Mexico,7,4.49,42.0,,,8,3,0,0,0,0,0.0,74.0,202.0,30.0,13.0,120.0,7.18,4.38,
Titus Brown,2008,OLB,Mississippi State,3,4.82,27.69,,,8,3,0,0,0,0,0.0,74.0,246.0,,18.0,,,,
Dorien Bryant,2008,WR,Purdue,4,4.49,42.0,,,8,3,0,0,0,0,0.0,70.0,174.0,,,119.0,6.88,4.24,
Tim Bugg,2008,LS,Indiana,4,5.12,0.0,,,8,3,0,0,0,0,0.0,72.0,257.0,,17.0,,,,
Ezra Butler,2008,OLB,Nevada,7,4.65,53.85,,,8,3,0,0,0,0,0.0,73.0,245.0,,,,,,
Art Carmody,2008,K,Louisville,4,5.12,0.0,,,8,3,0,0,0,0,0.0,69.0,177.0,,,,,,
Simeon Castille,2008,S,Alabama,1,4.63,26.67,,,8,3,0,0,0,0,0.0,72.0,195.0,31.5,,119.0,7.07,4.36,
Jehuu Caulcrick,2008,FB,Michigan State,3,4.69,47.69,,,8,3,0,0,0,0,0.0,72.0,254.0,33.0,16.0,109.0,7.4,4.72,
Devin Clark,2008,OT,New Mexico,7,5.3,35.29,,,8,3,0,0,0,0,0.0,76.0,305.0,21.0,25.0,95.0,8.38,5.03,
Joe Clermond,2008,DE,Pittsburgh,3,5.15,0.0,,,8,3,0,0,0,0,0.0,74.0,249.0,25.5,20.0,107.0,7.61,4.73,
Andrew Crummey,2008,OG,Maryland,4,5.32,30.67,,,8,3,0,0,0,0,0.0,77.0,299.0,,,,,,
Calvin Dawson,2008,RB,La-Monroe,10,4.5,50.0,,,8,3,0,0,0,0,0.0,68.0,199.0,,,,,,
Johnny Dingle,2008,DE,West Virginia,4,4.95,23.08,,,8,3,0,0,0,0,0.0,73.0,265.0,,23.0,108.0,,,
Marcus Dixon,2008,DE,Kansas State,4,5.2,0.0,,,8,3,0,0,0,0,0.0,76.0,292.0,26.0,21.0,111.0,7.58,4.67,
Mike Dragosavich,2008,P,North Dakota State,9,4.85,23.08,,,8,3,0,0,0,0,0.0,77.0,212.0,,,,,,
Franklin Dunbar,2008,OT,Middle Tennessee State,10,5.58,2.35,,,8,3,0,0,0,0,0.0,77.0,327.0,24.5,27.0,101.0,8.36,5.18,
Jo-Lonn Dunbar,2008,ILB,Boston College,4,4.79,32.31,,,8,3,0,0,0,0,0.0,72.0,231.0,27.0,19.0,112.0,,,
De'Cody Fagg,2008,WR,Florida State,2,4.61,18.0,,,8,3,0,0,0,0,0.0,73.0,211.0,,,,,,
Robert Felton,2008,OG,Arkansas,3,5.51,5.33,,,8,3,0,0,0,0,0.0,76.0,315.0,23.0,22.0,98.0,8.08,4.84,
Joe Jon Finley,2008,TE,Oklahoma,2,4.85,25.0,,,8,3,0,0,0,0,0.0,78.0,254.0,,22.0,,,,
Curtis Gatewood,2008,OLB,Vanderbilt,4,4.72,43.08,,,8,3,0,0,0,0,0.0,74.0,248.0,28.5,22.0,111.0,6.9,4.22,
Jeremy Geathers,2008,DE,UNLV,10,4.96,21.54,,,8,3,0,0,0,0,0.0,74.0,256.0,28.0,29.0,105.0,7.28,4.49,
Wallace Gilberry,2008,DE,Alabama,1,4.98,18.46,,,8,3,0,0,0,0,0.0,74.0,268.0,,19.0,,,,
Michael Grant,2008,CB,Arkansas,3,4.37,62.22,,,8,3,0,0,0,0,0.0,70.0,186.0,30.5,14.0,116.0,7.08,4.1,
BenJarvus Green-Ellis,2008,RB,Ole Miss,3,4.6,33.33,,,8,3,0,0,0,0,0.0,71.0,219.0,30.5,24.0,114.0,,,
Ryan Grice-Mullen,2008,WR,Hawaii,7,4.53,34.0,,,8,3,0,0,0,0,0.0,70.0,187.0,27.5,17.0,118.0,6.91,4.16,
Marcus Griffin,2008,S,Texas,2,4.69,13.33,,,8,3,0,0,0,0,0.0,70.0,201.0,31.5,13.0,119.0,7.09,4.32,
Gary Guyton,2008,OLB,Georgia Tech,3,4.47,81.54,,,8,3,0,0,0,0,0.0,74.0,245.0,36.5,15.0,126.0,7.07,4.42,
Vince Hall,2008,ILB,Virginia Tech,3,4.89,16.92,,,8,3,0,0,0,0,0.0,71.0,232.0,,,,,,
D.J. Hall,2008,WR,Alabama,1,4.54,32.0,,,8,3,0,0,0,0,0.0,74.0,193.0,29.5,,122.0,,,
Joey Haynos,2008,TE,Maryland,4,4.87,21.67,,,8,3,0,0,0,0,0.0,80.0,259.0,30.5,17.0,123.0,6.92,4.42,
Jonathan Hefney,2008,S,Tennessee,2,4.52,51.11,,,8,3,0,0,0,0,0.0,68.0,190.0,29.0,14.0,117.0,7.1,4.44,
Erin Henderson,2008,OLB,Maryland,4,4.73,41.54,,,8,3,0,0,0,0,0.0,75.0,244.0,31.0,23.0,113.0,7.16,4.5,
Ali Highsmith,2008,OLB,LSU,1,4.95,7.69,,,8,3,0,0,0,0,0.0,72.0,230.0,26.5,,112.0,7.4,4.29,
Louis Holmes,2008,DE,Arizona,4,4.84,40.0,,,8,3,0,0,0,0,0.0,76.0,263.0,32.5,,121.0,7.33,,
Darnell Jenkins,2008,WR,Miami (FL),2,4.52,36.0,,,8,3,0,0,0,0,0.0,69.0,187.0,26.5,13.0,115.0,7.33,4.37,
Curtis Johnson,2008,OLB,Clark Atlanta,10,4.69,47.69,,,8,3,0,0,0,0,0.0,75.0,242.0,26.0,25.0,,,,
Kolo Kapanui,2008,TE,West Texas A&M,10,5.06,0.0,,,8,3,0,0,0,0,0.0,75.0,271.0,26.5,23.0,107.0,7.42,4.66,
Sam Keller,2008,QB,Nebraska,3,4.99,13.75,,,8,3,0,0,0,0,0.0,76.0,241.0,24.0,,107.0,7.07,4.35,
Dennis Keyes,2008,S,UCLA,5,4.59,35.56,,,8,3,0,0,0,0,0.0,73.0,205.0,30.5,15.0,112.0,7.25,4.41,
Andrew Larson,2008,P,California,4,4.94,9.23,,,8,3,0,0,0,0,0.0,72.0,202.0,,,,,,
Jeremy Leman,2008,ILB,Illinois,4,4.82,27.69,,,8,3,0,0,0,0,0.0,74.0,245.0,,26.0,,,,
Rafael Little,2008,RB,Kentucky,4,4.52,46.67,,,8,3,0,0,0,0,0.0,69.0,194.0,,8.0,,,,
Kregg Lumpkin,2008,RB,Georgia,1,4.68,20.0,,,8,3,0,0,0,0,0.0,71.0,226.0,28.0,22.0,111.0,,,
Durell Mapp,2008,OLB,North Carolina,3,4.71,44.62,,,8,3,0,0,0,0,0.0,73.0,227.0,,27.0,,,,
Bryan Mattison,2008,DE,Iowa,3,5.05,7.69,,,8,3,0,0,0,0,0.0,75.0,290.0,24.5,26.0,112.0,7.61,4.7,
Shaheer McBride,2008,WR,Delaware State,9,4.61,18.0,,,8,3,0,0,0,0,0.0,73.0,205.0,29.0,,112.0,7.12,4.48,
Jameel McClain,2008,ILB,Syracuse,4,4.74,40.0,,,8,3,0,0,0,0,0.0,73.0,249.0,26.0,24.0,110.0,7.12,4.31,
James McClinton,2008,DT,Kansas,10,5.47,0.0,,,8,3,0,0,0,0,0.0,72.0,293.0,21.5,23.0,97.0,7.5,4.73,
Chris McDuffie,2008,OG,Clemson,1,5.3,33.33,,,8,3,0,0,0,0,0.0,76.0,330.0,,29.0,,,,
Justin McKinney,2008,CB,Kansas State,4,4.53,26.67,,,8,3,0,0,0,0,0.0,69.0,188.0,29.5,11.0,109.0,,,
Kalvin McRae,2008,RB,Ohio,8,4.69,18.33,,,8,3,0,0,0,0,0.0,69.0,203.0,25.5,,109.0,,,
Ben Moffitt,2008,ILB,South Florida,6,4.58,64.62,,,8,3,0,0,0,0,0.0,73.0,234.0,32.5,23.0,123.0,6.75,4.21,
Evan Moore,2008,TE,Stanford,3,4.74,43.33,,,8,3,0,0,0,0,0.0,78.0,233.0,27.0,16.0,110.0,7.08,4.43,
Anthony Morelli,2008,QB,Penn State,2,5.07,3.75,,,8,3,0,0,0,0,0.0,76.0,231.0,26.5,16.0,108.0,7.43,4.6,
Bernard Morris,2008,QB,Marshall,8,4.68,52.5,,,8,3,0,0,0,0,0.0,75.0,223.0,24.5,18.0,109.0,,,
Steve Octavien,2008,OLB,Nebraska,3,4.67,50.77,,,8,3,0,0,0,0,0.0,72.0,238.0,29.5,26.0,118.0,,,
Adamm Oliver,2008,DE,Georgia Tech,3,4.84,40.0,,,8,3,0,0,0,0,0.0,76.0,268.0,,29.0,,,,
Chase Ortiz,2008,DE,TCU,3,4.9,30.77,,,8,3,0,0,0,0,0.0,74.0,249.0,29.5,24.0,108.0,7.03,4.23,
T.C. Ostrander,2008,QB,Stanford,3,4.92,22.5,,,8,3,0,0,0,0,0.0,74.0,227.0,,,,,,
D.J. Parker,2008,S,Virginia Tech,3,4.59,35.56,,,8,3,0,0,0,0,0.0,71.0,192.0,29.0,19.0,111.0,6.94,4.44,
Brian Paysinger,2008,WR,Oregon,2,4.55,30.0,,,8,3,0,0,0,0,0.0,74.0,206.0,,,,,,
Billy Pittman,2008,WR,Texas,2,4.7,0.0,,,8,3,0,0,0,0,0.0,71.0,189.0,32.5,12.0,114.0,7.04,4.4,
Tyler Polumbus,2008,OT,Colorado,3,5.3,35.29,,,8,3,0,0,0,0,0.0,79.0,312.0,26.0,24.0,112.0,7.71,4.86,
Maurice Purify,2008,WR,Nebraska,3,4.5,40.0,,,8,3,0,0,0,0,0.0,75.0,224.0,28.5,,117.0,6.95,4.29,
Drew Radovich,2008,OG,USC,2,5.33,29.33,,,8,3,0,0,0,0,0.0,76.0,301.0,23.0,21.0,108.0,7.47,4.53,
Tim Reyer,2008,P,Kansas State,4,5.05,0.0,,,8,3,0,0,0,0,0.0,71.0,205.0,,,,,,
Darius Reynaud,2008,WR,West Virginia,4,4.48,44.0,,,8,3,0,0,0,0,0.0,69.0,201.0,34.5,20.0,130.0,6.88,4.32,
Matterral Richardson,2008,CB,Arkansas,3,4.64,2.22,,,8,3,0,0,0,0,0.0,71.0,194.0,,14.0,114.0,7.01,4.36,
Jason Rivers,2008,WR,Hawaii,7,4.59,22.0,,,8,3,0,0,0,0,0.0,73.0,200.0,30.0,,118.0,7.03,4.32,
David Roach,2008,S,TCU,3,4.53,48.89,,,8,3,0,0,0,0,0.0,72.0,210.0,38.0,16.0,123.0,6.88,4.15,
Darrell Robertson,2008,DE,Georgia Tech,3,4.76,52.31,,,8,3,0,0,0,0,0.0,76.0,255.0,,,,,,
William Robinson,2008,OT,San Diego State,7,5.23,43.53,,,8,3,0,0,0,0,0.0,77.0,297.0,19.5,22.0,,,,
Lorne Sam,2008,WR,UTEP,6,4.59,22.0,,,8,3,0,0,0,0,0.0,74.0,220.0,33.0,23.0,122.0,7.11,4.35,
Dantrell Savage,2008,RB,Oklahoma State,3,4.53,45.0,,,8,3,0,0,0,0,0.0,68.0,187.0,32.5,13.0,117.0,,,
Alexis Serna,2008,K,Oregon State,4,4.62,58.46,,,8,3,0,0,0,0,0.0,66.0,170.0,,,,,,
Glenn Sharpe,2008,CB,Miami (FL),2,4.52,28.89,,,8,3,0,0,0,0,0.0,72.0,184.0,37.0,15.0,,,,
Jamie Silva,2008,S,Boston College,4,4.78,0.0,,,8,3,0,0,0,0,0.0,71.0,204.0,31.5,,112.0,,,
Chad Simpson,2008,RB,South Florida,6,4.4,66.67,,,8,3,0,0,0,0,0.0,69.0,216.0,32.5,,124.0,,,
Dorian Smith,2008,DE,Oregon State,4,5.06,6.15,,,8,3,0,0,0,0,0.0,73.0,264.0,27.5,24.0,105.0,7.52,4.73,
Paul Smith,2008,QB,Tulsa,6,4.95,18.75,,,8,3,0,0,0,0,0.0,73.0,208.0,26.5,,111.0,7.02,4.29,
Taj Smith,2008,WR,Syracuse,4,4.59,22.0,,,8,3,0,0,0,0,0.0,72.0,187.0,35.0,,119.0,7.15,4.5,
Pedro Sosa,2008,OT,Rutgers,4,5.29,36.47,,,8,3,0,0,0,0,0.0,76.0,300.0,,19.0,,,,
Matt Spanos,2008,C,USC,2,5.47,17.33,,,8,3,0,0,0,0,0.0,77.0,317.0,22.5,,104.0,7.9,4.92,
Carl Stewart,2008,FB,Auburn,2,4.66,52.31,,,8,3,0,0,0,0,0.0,73.0,230.0,39.0,30.0,134.0,7.12,4.5,
Darrell Strong,2008,TE,Pittsburgh,3,4.78,36.67,,,8,3,0,0,0,0,0.0,76.0,268.0,25.0,17.0,110.0,6.86,4.36,
Brandon Sumrall,2008,CB,Southern Miss,10,4.6,11.11,,,8,3,0,0,0,0,0.0,70.0,195.0,30.5,,123.0,6.76,4.1,
Adam Tafralis,2008,QB,San Jose State,7,4.78,40.0,,,8,3,0,0,0,0,0.0,73.0,221.0,32.0,,108.0,7.14,4.33,
Darnell Terrell,2008,CB,Missouri,4,4.46,42.22,,,8,3,0,0,0,0,0.0,74.0,203.0,34.0,15.0,125.0,,,
Owen Tolson,2008,P,Army,5,5.05,0.0,,,8,3,0,0,0,0,0.0,74.0,210.0,,,,,,
Marcus Walker,2008,CB,Oklahoma,2,4.46,42.22,,,8,3,0,0,0,0,0.0,70.0,191.0,35.5,,122.0,6.8,4.07,
Nehemiah Warrick,2008,S,Michigan State,3,4.51,53.33,,,8,3,0,0,0,0,0.0,73.0,211.0,29.5,16.0,119.0,6.98,4.09,
Nick Watkins,2008,OLB,Clemson,1,4.77,35.38,,,8,3,0,0,0,0,0.0,72.0,223.0,25.0,17.0,108.0,7.97,4.72,
Joe West,2008,WR,UTEP,6,4.52,36.0,,,8,3,0,0,0,0,0.0,73.0,213.0,32.0,20.0,113.0,6.96,4.33,
D.J. Wolfe,2008,S,Oklahoma,2,4.61,31.11,,,8,3,0,0,0,0,0.0,71.0,207.0,28.0,,112.0,7.02,4.32,
Wesley Woodyard,2008,OLB,Kentucky,4,4.51,75.38,,,8,3,0,0,0,0,0.0,72.0,227.0,30.0,,118.0,7.15,4.25,
Kyle Wright,2008,QB,Miami (FL),2,4.85,31.25,,,8,3,0,0,0,0,0.0,75.0,218.0,25.5,,105.0,7.34,4.32,
Eric Young,2008,OG,Eastern Michigan,8,5.18,49.33,,,8,3,0,0,0,0,0.0,76.0,310.0,,,,,,
Jonathan Zenon,2008,CB,LSU,1,4.48,37.78,,,8,3,0,0,0,0,0.0,72.0,191.0,33.0,,,,,
Kevin Akins,2009,OLB,Boston College,4,4.73,41.54,,,8,3,0,0,0,0,0.0,74.0,218.0,31.5,15.0,117.0,6.78,4.15,
Roger Allen,2009,OG,Missouri Western State,4,5.25,40.0,,,8,3,0,0,0,0,0.0,75.0,326.0,,,,,,
Chris Baker,2009,DT,Kansas State,4,4.94,51.25,,,8,3,0,0,0,0,0.0,74.0,326.0,35.5,24.0,106.0,8.06,4.9,
Darry Beckwith,2009,ILB,LSU,1,4.63,56.92,,,8,3,0,0,0,0,0.0,72.0,242.0,26.5,23.0,110.0,7.39,4.5,
Joel Bell,2009,OT,Furman,9,5.11,57.65,,,8,3,0,0,0,0,0.0,79.0,315.0,30.0,27.0,109.0,7.55,4.57,
Kahlil Bell,2009,RB,UCLA,5,4.74,10.0,,,8,3,0,0,0,0,0.0,71.0,212.0,34.5,15.0,114.0,6.87,4.2,
Michael Bennett,2009,DE,Texas A&M,2,4.86,36.92,,,8,3,0,0,0,0,0.0,75.0,274.0,31.0,24.0,110.0,,,
Demonte' Bolden,2009,DT,Tennessee,2,4.95,50.0,,,8,3,0,0,0,0,0.0,75.0,285.0,31.5,,109.0,7.5,4.78,
Jason Boltus,2009,QB,Hartwick,10,4.82,35.0,,,8,3,0,0,0,0,0.0,75.0,225.0,31.5,26.0,111.0,7.0,4.47,
Alex Boone,2009,OT,Ohio State,1,5.16,51.76,,,8,3,0,0,0,0,0.0,79.0,328.0,27.5,33.0,103.0,7.83,4.69,
Marquez Branson,2009,FB,Central Arkansas,9,4.55,69.23,,,8,3,0,0,0,0,0.0,74.0,247.0,35.0,22.0,109.0,,,
Justin Brantly,2009,P,Texas A&M,2,4.83,26.15,,,8,3,0,0,0,0,0.0,75.0,249.0,,,,,,
Travis Bright,2009,OG,BYU,5,5.26,38.67,,,8,3,0,0,0,0,0.0,76.0,321.0,35.5,34.0,108.0,7.75,4.72,
Jared Bronson,2009,TE,Central Washington,10,4.7,50.0,,,8,3,0,0,0,0,0.0,76.0,253.0,32.5,,116.0,7.15,4.33,
Nathan Brown,2009,QB,Central Arkansas,9,4.86,30.0,,,8,3,0,0,0,0,0.0,73.0,219.0,30.5,,106.0,7.43,4.44,
Rob Bruggeman,2009,C,Iowa,3,5.05,73.33,,,8,3,0,0,0,0,0.0,76.0,293.0,,30.0,,,,
Gerald Cadogan,2009,OT,Penn State,2,4.99,71.76,,,8,3,0,0,0,0,0.0,77.0,309.0,25.0,26.0,95.0,8.05,4.8,
Ian Campbell,2009,DE,Kansas State,4,4.99,16.92,,,8,3,0,0,0,0,0.0,76.0,265.0,,,109.0,6.93,4.28,
Hunter Cantwell,2009,QB,Louisville,4,5.22,0.0,,,8,3,0,0,0,0,0.0,76.0,235.0,26.0,,99.0,7.4,4.59,
Rudy Carpenter,2009,QB,Arizona State,3,4.89,26.25,,,8,3,0,0,0,0,0.0,74.0,218.0,29.0,11.0,100.0,7.25,4.47,
Jonathan Casillas,2009,OLB,Wisconsin,3,4.5,76.92,,,8,3,0,0,0,0,0.0,73.0,228.0,,24.0,,,,
Jeremy Childs,2009,WR,Boise State,7,4.47,46.0,,,8,3,0,0,0,0,0.0,72.0,200.0,33.5,,115.0,6.9,4.26,
Britton Colquitt,2009,P,Tennessee,2,4.89,16.92,,,8,3,0,0,0,0,0.0,75.0,205.0,,,,,,
Jason Cook,2009,FB,Ole Miss,3,4.71,44.62,,,8,3,0,0,0,0,0.0,71.0,244.0,,21.0,,,,
Emanuel Cook,2009,S,South Carolina,3,4.57,40.0,,,8,3,0,0,0,0,0.0,70.0,197.0,35.0,18.0,116.0,,,
Jon Cooper,2009,C,Oklahoma,2,5.09,68.0,,,8,3,0,0,0,0,0.0,74.0,291.0,29.5,31.0,105.0,7.46,4.6,
Quan Cosby,2009,WR,Texas,2,4.5,40.0,,,8,3,0,0,0,0,0.0,69.0,196.0,,,,7.28,4.47,
Chase Daniel,2009,QB,Missouri,4,4.79,38.75,,,8,3,0,0,0,0,0.0,72.0,218.0,33.0,,,7.28,4.31,
Rulon Davis,2009,DE,California,4,5.0,15.38,,,8,3,0,0,0,0,0.0,77.0,281.0,30.0,20.0,111.0,,,
C.J. Davis,2009,OG,Pittsburgh,3,5.51,5.33,,,8,3,0,0,0,0,0.0,74.0,308.0,25.5,21.0,88.0,8.09,4.93,
Pannel Egboh,2009,DE,Stanford,3,4.86,36.92,,,8,3,0,0,0,0,0.0,78.0,276.0,31.5,26.0,116.0,7.24,4.4,
Dannell Ellerbe,2009,ILB,Georgia,1,4.63,56.92,,,8,3,0,0,0,0,0.0,73.0,236.0,35.0,,118.0,7.0,4.23,
Maurice Evans,2009,DE,Penn State,2,4.78,49.23,,,8,3,0,0,0,0,0.0,73.0,274.0,29.0,17.0,107.0,7.32,4.57,
Marlon Favorite,2009,DT,LSU,1,5.09,32.5,,,8,3,0,0,0,0,0.0,73.0,314.0,,26.0,,,,
Ray Feinga,2009,OG,BYU,5,5.32,30.67,,,8,3,0,0,0,0,0.0,76.0,337.0,,30.0,,,,
Anthony Felder,2009,ILB,California,4,4.69,47.69,,,8,3,0,0,0,0,0.0,74.0,233.0,,28.0,116.0,,,
Robby Felix,2009,C,UTEP,6,5.2,53.33,,,8,3,0,0,0,0,0.0,75.0,302.0,29.0,33.0,97.0,7.96,4.73,
Alex Fletcher,2009,C,Stanford,3,5.39,28.0,,,8,3,0,0,0,0,0.0,74.0,297.0,28.0,30.0,96.0,7.78,4.65,
Matt Fodge,2009,P,Oklahoma State,3,4.93,10.77,,,8,3,0,0,0,0,0.0,72.0,193.0,,,,,,
Arian Foster,2009,RB,Tennessee,2,4.69,18.33,,,8,3,0,0,0,0,0.0,73.0,226.0,,23.0,,,,
Ramon Foster,2009,OT,Tennessee,2,5.57,3.53,,,8,3,0,0,0,0,0.0,77.0,328.0,26.0,20.0,92.0,7.96,4.98,
Graham Gano,2009,K,Florida State,2,,,,,8,3,0,0,0,0,0.0,72.0,194.0,,,,,,
Juan Garcia,2009,OG,Washington,2,5.28,36.0,,,8,3,0,0,0,0,0.0,74.0,307.0,25.0,34.0,93.0,8.0,4.87,
Dan Gay,2009,OG,Baylor,3,5.48,9.33,,,8,3,0,0,0,0,0.0,76.0,308.0,22.5,18.0,86.0,8.67,5.42,
Adrian Grady,2009,DT,Louisville,4,5.18,21.25,,,8,3,0,0,0,0,0.0,73.0,298.0,32.0,31.0,105.0,7.68,4.72,
Sean Griffin,2009,LS,Michigan,1,5.08,0.0,,,8,3,0,0,0,0,0.0,73.0,242.0,,14.0,,,,
Cullen Harper,2009,QB,Clemson,1,4.86,30.0,,,8,3,0,0,0,0,0.0,75.0,225.0,30.0,19.0,105.0,7.43,4.49,
Graham Harrell,2009,QB,Texas Tech,4,4.95,18.75,,,8,3,0,0,0,0,0.0,74.0,223.0,29.5,,98.0,7.45,4.56,
Sunny Harris,2009,DT,Michigan State,3,4.88,58.75,,,8,3,0,0,0,0,0.0,76.0,298.0,25.5,28.0,106.0,8.18,4.87,
Brett Helms,2009,C,LSU,1,5.39,28.0,,,8,3,0,0,0,0,0.0,74.0,286.0,,25.0,,,,
Sammie Hill,2009,DT,Colorado,3,5.12,28.75,,,8,3,0,0,0,0,0.0,76.0,329.0,28.0,27.0,109.0,7.89,4.97,
P.J. Hill,2009,RB,Wisconsin,3,4.63,28.33,,,8,3,0,0,0,0,0.0,70.0,222.0,,,,,,
Chase Holbrook,2009,QB,New Mexico State,7,5.12,0.0,,,8,3,0,0,0,0,0.0,76.0,242.0,27.0,,108.0,7.93,4.65,
Lendy Holmes,2009,S,Oklahoma,2,4.65,22.22,,,8,3,0,0,0,0,0.0,72.0,206.0,32.0,16.0,112.0,7.28,4.32,
Brian Hoyer,2009,QB,Michigan State,3,5.02,10.0,,,8,3,0,0,0,0,0.0,74.0,215.0,32.0,,109.0,7.1,4.42,
Greg Isdaner,2009,OG,West Virginia,4,5.28,36.0,,,8,3,0,0,0,0,0.0,75.0,325.0,27.0,24.0,92.0,7.96,5.07,
Mortty Ivy,2009,ILB,West Virginia,4,4.78,33.85,,,8,3,0,0,0,0,0.0,73.0,248.0,25.5,18.0,104.0,7.35,4.75,
Tim Jamison,2009,DE,Michigan,1,4.95,23.08,,,8,3,0,0,0,0,0.0,74.0,256.0,30.0,21.0,107.0,7.56,4.6,
Taurus Johnson,2009,WR,South Florida,6,4.49,42.0,,,8,3,0,0,0,0,0.0,72.0,206.0,35.5,18.0,121.0,7.37,4.24,
Bruce Johnson,2009,CB,Miami (FL),2,4.42,51.11,,,8,3,0,0,0,0,0.0,69.0,170.0,34.5,6.0,125.0,6.71,4.05,
D.J. Johnson,2009,CB,Jackson State,10,4.5,33.33,,,8,3,0,0,0,0,0.0,73.0,197.0,32.0,7.0,116.0,7.0,4.3,
Ian Johnson,2009,RB,Boise State,7,4.41,65.0,,,8,3,0,0,0,0,0.0,71.0,212.0,33.0,26.0,116.0,6.93,4.18,
Jeremiah Johnson,2009,RB,Oregon,2,4.57,38.33,,,8,3,0,0,0,0,0.0,69.0,209.0,35.0,20.0,115.0,,,
Aaron Kelly,2009,WR,Clemson,1,4.49,42.0,,,8,3,0,0,0,0,0.0,76.0,204.0,38.0,11.0,119.0,7.25,4.45,
Andy Kemp,2009,OG,Wisconsin,3,5.35,26.67,,,8,3,0,0,0,0,0.0,77.0,313.0,25.5,23.0,91.0,7.86,4.86,
Anthony Kimble,2009,RB,Stanford,3,4.54,43.33,,,8,3,0,0,0,0,0.0,72.0,216.0,36.0,17.0,122.0,7.08,4.4,
Mitch King,2009,DT,Iowa,3,4.81,67.5,,,8,3,0,0,0,0,0.0,73.0,280.0,33.5,23.0,109.0,7.6,4.58,
Cornelius Lewis,2009,OT,Tennessee State,2,5.22,44.71,,,8,3,0,0,0,0,0.0,75.0,332.0,24.5,29.0,90.0,,,
Kyle Link,2009,OT,McNeese State,10,5.45,17.65,,,8,3,0,0,0,0,0.0,77.0,305.0,,19.0,,,,
Marlon Lucky,2009,RB,Nebraska,3,4.5,50.0,,,8,3,0,0,0,0,0.0,71.0,216.0,33.5,18.0,114.0,7.1,,
Marcus Mailei,2009,FB,Weber State,10,4.87,20.0,,,8,3,0,0,0,0,0.0,72.0,248.0,35.0,22.0,113.0,7.36,4.33,
Brennan Marion,2009,WR,Tulsa,6,4.52,36.0,,,8,3,0,0,0,0,0.0,71.0,187.0,,,,,,
Orion Martin,2009,DE,Virginia Tech,3,4.7,61.54,,,8,3,0,0,0,0,0.0,74.0,262.0,32.0,24.0,108.0,7.9,4.63,
Jose Martinez,2009,K,UTEP,6,4.96,6.15,,,8,3,0,0,0,0,0.0,69.0,197.0,,,,,,
Tim Masthay,2009,P,Kentucky,4,4.8,30.77,,,8,3,0,0,0,0,0.0,73.0,198.0,,8.0,,,,
Josh Mauga,2009,ILB,Nevada,7,4.61,60.0,,,8,3,0,0,0,0,0.0,73.0,243.0,,,,,,
Marcus McClinton,2009,S,Kentucky,4,4.49,57.78,,,8,3,0,0,0,0,0.0,72.0,210.0,37.0,16.0,120.0,7.45,4.22,
Ryan McKee,2009,OT,Southern Miss,10,5.03,67.06,,,8,3,0,0,0,0,0.0,78.0,296.0,,,,,,
Andrew Means,2009,WR,Indiana,4,4.36,68.0,,,8,3,0,0,0,0,0.0,73.0,214.0,34.5,12.0,116.0,6.85,4.21,
Mo Miller,2009,OG,Michigan State,3,5.38,22.67,,,8,3,0,0,0,0,0.0,75.0,327.0,28.5,21.0,97.0,8.42,5.03,
Khalif Mitchell,2009,DT,East Carolina,6,5.04,38.75,,,8,3,0,0,0,0,0.0,77.0,318.0,30.0,30.0,109.0,7.45,4.71,
Rob Myers,2009,FB,Utah State,7,4.58,64.62,,,8,3,0,0,0,0,0.0,75.0,243.0,,,,,,
Jordan Norwood,2009,WR,Penn State,2,4.58,24.0,,,8,3,0,0,0,0,0.0,71.0,179.0,38.0,,119.0,6.8,4.2,
Kevin Ogletree,2009,WR,Virginia,4,4.36,68.0,,,8,3,0,0,0,0,0.0,72.0,196.0,36.0,,122.0,6.67,4.08,
Branden Ore,2009,RB,West Liberty,10,4.61,31.67,,,8,3,0,0,0,0,0.0,71.0,214.0,36.0,21.0,112.0,7.35,4.44,
Greg Orton,2009,WR,Purdue,4,4.61,18.0,,,8,3,0,0,0,0,0.0,75.0,207.0,38.0,22.0,125.0,6.9,4.33,
Wopamo Osaisai,2009,CB,Stanford,3,4.44,46.67,,,8,3,0,0,0,0,0.0,70.0,197.0,,14.0,,,,
Ryan Palmer,2009,CB,Texas,2,4.54,24.44,,,8,3,0,0,0,0,0.0,68.0,190.0,36.5,16.0,121.0,7.12,4.29,
Anthony Parker,2009,OG,Tennessee,2,5.08,62.67,,,8,3,0,0,0,0,0.0,74.0,297.0,,24.0,,,,
Augustus Parrish,2009,OT,Kent State,8,5.29,36.47,,,8,3,0,0,0,0,0.0,76.0,302.0,,21.0,78.0,,,
Darius Passmore,2009,WR,Marshall,8,4.46,48.0,,,8,3,0,0,0,0,0.0,72.0,188.0,33.5,,,,,
Derek Pegues,2009,S,Mississippi State,3,4.54,46.67,,,8,3,0,0,0,0,0.0,70.0,199.0,36.0,23.0,119.0,7.08,4.3,
Zach Potter,2009,DE,Nebraska,3,4.9,30.77,,,8,3,0,0,0,0,0.0,79.0,279.0,31.0,20.0,106.0,7.75,4.48,
Mike Reilly,2009,QB,Central Washington,10,4.74,45.0,,,8,3,0,0,0,0,0.0,75.0,214.0,30.5,,109.0,6.76,4.11,
David Richmond,2009,WR,San Jose State,7,4.59,22.0,,,8,3,0,0,0,0,0.0,74.0,197.0,36.5,,,,4.42,
Lee Robinson,2009,OLB,Alcorn State,10,4.71,44.62,,,8,3,0,0,0,0,0.0,74.0,249.0,32.5,24.0,113.0,7.57,4.67,
Louie Sakoda,2009,K,Utah,3,4.82,27.69,,,8,3,0,0,0,0,0.0,68.0,176.0,,,,,,
Lydell Sargeant,2009,CB,Penn State,2,4.48,37.78,,,8,3,0,0,0,0,0.0,69.0,190.0,35.0,15.0,117.0,7.0,4.21,
Kory Sheets,2009,RB,Purdue,4,4.39,68.33,,,8,3,0,0,0,0,0.0,71.0,208.0,37.0,15.0,121.0,7.18,4.39,
Brannan Southerland,2009,FB,Georgia,1,4.69,47.69,,,8,3,0,0,0,0,0.0,72.0,242.0,38.0,28.0,120.0,7.4,4.4,
Kory Sperry,2009,TE,Colorado State,7,4.69,51.67,,,8,3,0,0,0,0,0.0,77.0,238.0,33.5,20.0,122.0,7.0,4.24,
C.J. Spillman,2009,S,Marshall,8,4.45,66.67,,,8,3,0,0,0,0,0.0,72.0,197.0,41.5,,122.0,7.05,4.33,
Tyrell Sutton,2009,RB,Northwestern,5,4.64,26.67,,,8,3,0,0,0,0,0.0,68.0,211.0,33.0,,114.0,6.94,4.32,
Sam Swank,2009,K,Wake Forest,4,4.95,7.69,,,8,3,0,0,0,0,0.0,72.0,193.0,,,,,,
Nate Swift,2009,WR,Nebraska,3,4.63,14.0,,,8,3,0,0,0,0,0.0,73.0,203.0,35.5,12.0,110.0,6.78,4.24,
Jose Valdez,2009,OT,Arkansas,3,5.16,51.76,,,8,3,0,0,0,0,0.0,76.0,315.0,29.5,15.0,100.0,7.93,4.93,
Brandon Walker,2009,OG,Notre Dame,2,5.09,61.33,,,8,3,0,0,0,0,0.0,75.0,306.0,34.0,26.0,109.0,,5.07,
Derek Walker,2009,DE,Illinois,4,4.98,18.46,,,8,3,0,0,0,0,0.0,76.0,268.0,37.5,24.0,115.0,7.31,4.41,
Jason Watkins,2009,OT,Florida,2,5.51,10.59,,,8,3,0,0,0,0,0.0,78.0,318.0,24.5,18.0,90.0,7.89,5.03,
Otis Wiley,2009,S,Michigan State,3,4.64,24.44,,,8,3,0,0,0,0,0.0,73.0,213.0,,,,,,
Jaison Williams,2009,WR,Oregon,2,4.47,46.0,,,8,3,0,0,0,0,0.0,76.0,237.0,35.5,14.0,118.0,7.37,4.56,
Worrell Williams,2009,ILB,California,4,4.75,38.46,,,8,3,0,0,0,0,0.0,71.0,240.0,35.0,23.0,111.0,,,
Edwin Williams,2009,C,Maryland,4,5.4,26.67,,,8,3,0,0,0,0,0.0,74.0,308.0,28.5,22.0,99.0,8.15,4.98,
Drew Willy,2009,QB,Buffalo,8,4.9,25.0,,,8,3,0,0,0,0,0.0,75.0,215.0,30.5,,109.0,7.18,4.45,
John Parker Wilson,2009,QB,Alabama,1,4.75,43.75,,,8,3,0,0,0,0,0.0,73.0,219.0,29.5,,105.0,7.53,4.59,
Morris Wooten,2009,ILB,Arizona State,3,5.0,0.0,,,8,3,0,0,0,0,0.0,72.0,231.0,,15.0,117.0,,,
Jahi Word-Daniels,2009,CB,Georgia Tech,3,4.59,13.33,,,8,3,0,0,0,0,0.0,72.0,197.0,35.5,24.0,122.0,,,
Seyi Ajirotutu,2010,WR,Fresno State,7,4.6,20.0,,,8,3,0,0,0,0,0.0,75.0,204.0,36.0,14.0,115.0,7.22,4.39,
Rahim Alem,2010,DE,LSU,1,4.75,53.85,,,8,3,0,0,0,0,0.0,75.0,251.0,30.5,,106.0,7.54,4.8,
Charles Alexander,2010,DT,LSU,1,5.4,0.0,,,8,3,0,0,0,0,0.0,76.0,300.0,,,,,,
Danario Alexander,2010,WR,Missouri,4,4.62,16.0,,,8,3,0,0,0,0,0.0,77.0,215.0,,,,,,
Jonathon Amaya,2010,S,Nevada,7,4.43,71.11,,,8,3,0,0,0,0,0.0,73.0,203.0,28.0,8.0,118.0,,,
Lucien Antoine,2010,S,Oklahoma State,3,4.62,28.89,,,8,3,0,0,0,0,0.0,72.0,215.0,32.0,28.0,120.0,7.38,4.47,
Alric Arnett,2010,WR,West Virginia,4,4.52,36.0,,,8,3,0,0,0,0,0.0,74.0,188.0,40.0,,122.0,7.03,4.43,
Brandon Banks,2010,WR,Kansas State,4,4.37,66.0,,,8,3,0,0,0,0,0.0,67.0,149.0,31.0,,113.0,6.88,4.29,
Kevin Basped,2010,DE,Nevada,7,4.75,53.85,,,8,3,0,0,0,0,0.0,76.0,258.0,29.0,26.0,104.0,7.54,4.88,
Jason Beauchamp,2010,ILB,UNLV,10,4.89,16.92,,,8,3,0,0,0,0,0.0,75.0,244.0,39.5,21.0,120.0,7.1,,
Chris Bell,2010,WR,Norfolk State,10,4.5,40.0,,,8,3,0,0,0,0,0.0,74.0,211.0,35.0,15.0,117.0,6.76,4.35,
Joique Bell,2010,RB,Wayne State (MI),10,4.68,20.0,,,8,3,0,0,0,0,0.0,71.0,220.0,36.5,,120.0,6.84,4.17,
Ciron Black,2010,OG,LSU,1,5.53,2.67,,,8,3,0,0,0,0,0.0,76.0,327.0,25.5,23.0,91.0,8.52,5.13,
LeGarrette Blount,2010,RB,Oregon,2,4.7,16.67,,,8,3,0,0,0,0,0.0,72.0,241.0,35.0,18.0,117.0,6.85,4.49,
Nyan Boateng,2010,WR,California,4,4.66,8.0,,,8,3,0,0,0,0,0.0,73.0,204.0,36.0,14.0,112.0,7.35,4.69,
Kyle Bosworth,2010,OLB,UCLA,5,4.69,47.69,,,8,3,0,0,0,0,0.0,73.0,236.0,32.5,25.0,117.0,6.67,4.11,
Dorian Brooks,2010,OG,James Madison,8,5.15,53.33,,,8,3,0,0,0,0,0.0,74.0,306.0,23.0,26.0,100.0,7.73,4.66,
Chris Brown,2010,RB,Oklahoma,2,4.55,41.67,,,8,3,0,0,0,0,0.0,70.0,210.0,36.0,17.0,115.0,,,
Cornelius Brown,2010,CB,UTEP,6,4.59,13.33,,,8,3,0,0,0,0,0.0,71.0,198.0,31.5,11.0,118.0,6.87,4.24,
Jarrett Brown,2010,QB,West Virginia,4,4.5,75.0,,,8,3,0,0,0,0,0.0,75.0,224.0,34.5,,114.0,7.24,4.39,
Jeff Byers,2010,C,USC,2,5.04,74.67,,,8,3,0,0,0,0,0.0,75.0,301.0,,33.0,,,,
Lee Campbell,2010,ILB,Minnesota,4,4.88,18.46,,,8,3,0,0,0,0,0.0,74.0,247.0,34.0,17.0,108.0,7.27,4.4,
Brandon Carter,2010,OG,Texas Tech,4,5.34,28.0,,,8,3,0,0,0,0,0.0,78.0,329.0,24.5,22.0,102.0,7.82,4.94,
Chris Chancellor,2010,CB,Clemson,1,4.49,35.56,,,8,3,0,0,0,0,0.0,69.0,177.0,34.0,14.0,115.0,6.85,4.07,
Barry Church,2010,S,Toledo,8,4.69,13.33,,,8,3,0,0,0,0,0.0,73.0,222.0,36.0,19.0,121.0,6.65,4.17,
Daryll Clark,2010,QB,Penn State,2,4.72,47.5,,,8,3,0,0,0,0,0.0,74.0,235.0,,21.0,,,,
Justin Cole,2010,OLB,San Jose State,7,4.76,36.92,,,8,3,0,0,0,0,0.0,75.0,242.0,34.5,22.0,117.0,7.13,4.42,
Harry Coleman,2010,S,LSU,1,4.56,42.22,,,8,3,0,0,0,0,0.0,73.0,211.0,33.0,13.0,115.0,7.24,4.42,
Antonio Coleman,2010,OLB,Auburn,2,4.76,36.92,,,8,3,0,0,0,0,0.0,73.0,255.0,,18.0,113.0,,,
Andre Dixon,2010,RB,Connecticut,6,4.56,40.0,,,8,3,0,0,0,0,0.0,73.0,205.0,40.0,,117.0,6.99,4.19,
Junior Galette,2010,OLB,Temple,6,4.77,35.38,,,8,3,0,0,0,0,0.0,74.0,257.0,33.5,25.0,113.0,7.04,4.16,
Riar Geer,2010,FB,Colorado,3,5.0,0.0,,,8,3,0,0,0,0,0.0,75.0,256.0,33.0,13.0,106.0,7.13,4.29,
Marshay Green,2010,CB,Ole Miss,3,4.52,28.89,,,8,3,0,0,0,0,0.0,69.0,180.0,35.5,,124.0,6.66,4.11,
Kurtis Gregory,2010,OG,Missouri,4,5.31,32.0,,,8,3,0,0,0,0,0.0,76.0,305.0,25.5,26.0,91.0,7.62,4.93,
Clint Gresham,2010,LS,TCU,3,5.08,0.0,,,8,3,0,0,0,0,0.0,75.0,236.0,,,,,,
Max Hall,2010,QB,BYU,5,4.84,32.5,,,8,3,0,0,0,0,0.0,73.0,209.0,32.0,,102.0,7.07,4.35,
Chris Hawkins,2010,CB,LSU,1,4.43,48.89,,,8,3,0,0,0,0,0.0,72.0,187.0,35.0,16.0,118.0,6.91,4.46,
Tim Hiller,2010,QB,Western Michigan,8,4.97,16.25,,,8,3,0,0,0,0,0.0,76.0,229.0,32.5,18.0,118.0,7.1,4.54,
Shay Hodge,2010,WR,Ole Miss,3,4.62,16.0,,,8,3,0,0,0,0,0.0,73.0,209.0,33.5,11.0,117.0,6.9,4.32,
Carl Ihenacho,2010,OLB,San Jose State,7,4.86,21.54,,,8,3,0,0,0,0,0.0,74.0,255.0,,20.0,,,,
Brian Jackson,2010,CB,Oklahoma,2,4.65,0.0,,,8,3,0,0,0,0,0.0,73.0,202.0,35.5,20.0,120.0,6.76,4.22,
Rashawn Jackson,2010,FB,Virginia,4,4.75,38.46,,,8,3,0,0,0,0,0.0,73.0,239.0,34.5,,117.0,,,
Brandon James,2010,RB,Florida,2,4.47,55.0,,,8,3,0,0,0,0,0.0,66.0,176.0,,14.0,,,,
Javarris James,2010,RB,Miami (FL),2,4.58,36.67,,,8,3,0,0,0,0,0.0,72.0,212.0,36.0,21.0,115.0,,,
A.J. Jefferson,2010,CB,Fresno State,7,4.42,51.11,,,8,3,0,0,0,0,0.0,72.0,193.0,44.0,7.0,126.0,6.72,4.0,
Micah Johnson,2010,ILB,Kentucky,4,4.99,1.54,,,8,3,0,0,0,0,0.0,73.0,258.0,29.0,31.0,,,,
Stafon Johnson,2010,RB,USC,2,4.62,30.0,,,8,3,0,0,0,0,0.0,71.0,214.0,35.5,13.0,118.0,,,
Kyle Jolly,2010,OT,North Carolina,3,5.36,28.24,,,8,3,0,0,0,0,0.0,78.0,311.0,21.5,20.0,89.0,7.89,4.87,
Donald Jones,2010,WR,Youngstown State,10,4.46,48.0,,,8,3,0,0,0,0,0.0,72.0,214.0,41.0,20.0,119.0,6.9,4.2,
Kevin Jurovich,2010,WR,San Jose State,7,4.45,50.0,,,8,3,0,0,0,0,0.0,71.0,188.0,,14.0,,,,
Matt Kopa,2010,OT,Stanford,3,5.14,54.12,,,8,3,0,0,0,0,0.0,78.0,300.0,,,,,,
Keaton Kristick,2010,OLB,Oregon State,4,4.7,46.15,,,8,3,0,0,0,0,0.0,75.0,234.0,34.0,16.0,120.0,6.96,4.21,
Brandon Lang,2010,DE,Troy,8,5.0,15.38,,,8,3,0,0,0,0,0.0,76.0,266.0,28.5,20.0,104.0,,4.68,
Simoni Lawrence,2010,OLB,Minnesota,4,4.59,63.08,,,8,3,0,0,0,0,0.0,72.0,232.0,40.0,21.0,123.0,7.3,4.43,
Boris Lee,2010,ILB,Troy,8,4.94,9.23,,,8,3,0,0,0,0,0.0,72.0,238.0,32.5,27.0,112.0,,,
Thaddeus Lewis,2010,QB,Duke,4,4.84,32.5,,,8,3,0,0,0,0,0.0,72.0,215.0,28.0,,107.0,,,
Scott Long,2010,WR,Louisville,4,4.46,48.0,,,8,3,0,0,0,0,0.0,74.0,216.0,41.5,20.0,123.0,6.45,4.09,
Robert Malone,2010,P,Fresno State,7,4.84,24.62,,,8,3,0,0,0,0,0.0,74.0,235.0,,19.0,,,,
Darius Marshall,2010,RB,Marshall,8,4.59,35.0,,,8,3,0,0,0,0,0.0,69.0,190.0,35.5,14.0,109.0,,4.39,
Jeron Mastrud,2010,TE,Kansas State,4,4.82,30.0,,,8,3,0,0,0,0,0.0,77.0,256.0,,,,,,
Sam Maxwell,2010,OLB,Kentucky,4,4.98,3.08,,,8,3,0,0,0,0,0.0,74.0,246.0,33.0,,108.0,7.37,4.52,
Kyle McCarthy,2010,S,Notre Dame,2,4.58,37.78,,,8,3,0,0,0,0,0.0,72.0,205.0,34.0,24.0,117.0,6.74,4.13,
Albert McClellan,2010,ILB,Marshall,8,4.75,38.46,,,8,3,0,0,0,0,0.0,73.0,247.0,36.5,26.0,119.0,7.24,4.21,
Chris McGaha,2010,WR,Arizona State,3,4.52,36.0,,,8,3,0,0,0,0,0.0,73.0,201.0,40.0,19.0,122.0,,4.21,
Mike McLaughlin,2010,ILB,Boston College,4,4.84,24.62,,,8,3,0,0,0,0,0.0,72.0,242.0,38.5,29.0,114.0,6.85,4.11,
Shawnbrey McNeal,2010,RB,SMU,6,4.53,45.0,,,8,3,0,0,0,0,0.0,69.0,194.0,36.0,14.0,117.0,,,
Greg Middleton,2010,DE,Indiana,4,4.96,21.54,,,8,3,0,0,0,0,0.0,75.0,268.0,38.0,,116.0,7.65,4.69,
Lonyae Miller,2010,RB,Fresno State,7,4.43,61.67,,,8,3,0,0,0,0,0.0,71.0,221.0,36.5,26.0,120.0,7.2,4.54,
Brandon Minor,2010,RB,Michigan,1,4.59,35.0,,,8,3,0,0,0,0,0.0,72.0,214.0,,,,,,
Aleric Mullins,2010,DT,North Carolina,3,4.95,50.0,,,8,3,0,0,0,0,0.0,73.0,321.0,,,,,,
Vince Oghobaase,2010,DT,Duke,4,5.46,0.0,,,8,3,0,0,0,0,0.0,77.0,303.0,26.0,27.0,90.0,7.84,,
Preston Parker,2010,WR,Florida State,2,4.59,22.0,,,8,3,0,0,0,0,0.0,71.0,199.0,35.0,16.0,117.0,,4.16,
Alex Parsons,2010,OG,USC,2,5.12,57.33,,,8,3,0,0,0,0,0.0,76.0,309.0,27.0,23.0,99.0,,,
Pat Paschall,2010,RB,North Dakota State,9,4.65,25.0,,,8,3,0,0,0,0,0.0,72.0,209.0,38.5,15.0,118.0,7.02,4.33,
Colin Peek,2010,TE,Alabama,1,4.93,11.67,,,8,3,0,0,0,0,0.0,77.0,254.0,,19.0,,,,
Cole Pemberton,2010,OT,Colorado State,7,5.37,27.06,,,8,3,0,0,0,0,0.0,79.0,315.0,22.5,18.0,96.0,7.65,4.77,
David Pender,2010,CB,Purdue,4,4.37,62.22,,,8,3,0,0,0,0,0.0,72.0,180.0,39.0,8.0,124.0,,,
Jared Perry,2010,WR,Missouri,4,4.51,38.0,,,8,3,0,0,0,0,0.0,73.0,178.0,33.5,11.0,121.0,6.75,4.39,
Aaron Pettrey,2010,K,Ohio State,1,4.94,9.23,,,8,3,0,0,0,0,0.0,73.0,202.0,,,,,,
Josh Pinkard,2010,S,USC,2,4.58,37.78,,,8,3,0,0,0,0,0.0,73.0,214.0,,,,,,
Nick Polk,2010,S,Indiana,4,4.55,44.44,,,8,3,0,0,0,0,0.0,71.0,211.0,38.0,14.0,121.0,,,
Scott Ravanesi,2010,P,Southern Illinois,10,4.85,23.08,,,8,3,0,0,0,0,0.0,72.0,191.0,,,,,,
Dace Richardson,2010,OG,Iowa,3,5.76,0.0,,,8,3,0,0,0,0,0.0,77.0,320.0,23.5,19.0,87.0,8.58,5.38,
Dennis Rogan,2010,S,Tennessee,2,4.73,4.44,,,8,3,0,0,0,0,0.0,69.0,185.0,38.0,,118.0,,4.1,
Devin Ross,2010,CB,Arizona,4,4.64,2.22,,,8,3,0,0,0,0,0.0,70.0,183.0,40.0,16.0,119.0,7.07,,
Jay Ross,2010,DT,East Carolina,6,5.1,31.25,,,8,3,0,0,0,0,0.0,75.0,313.0,32.0,30.0,100.0,7.83,4.64,
Malcolm Sheppard,2010,DT,Arkansas,3,5.11,30.0,,,8,3,0,0,0,0,0.0,74.0,285.0,28.0,19.0,100.0,7.81,4.78,
Riley Skinner,2010,QB,Wake Forest,4,5.05,6.25,,,8,3,0,0,0,0,0.0,72.0,214.0,30.0,,101.0,7.04,4.29,
Jevan Snead,2010,QB,Ole Miss,3,5.04,7.5,,,8,3,0,0,0,0,0.0,75.0,219.0,33.0,,106.0,7.08,4.33,
Darian Stewart,2010,S,South Carolina,3,4.53,48.89,,,8,3,0,0,0,0,0.0,71.0,213.0,37.0,12.0,122.0,,4.32,
Brett Swenson,2010,K,Michigan State,3,,,,,8,3,0,0,0,0,0.0,68.0,178.0,,12.0,,,,
Mike Tepper,2010,OG,California,4,5.31,32.0,,,8,3,0,0,0,0,0.0,77.0,324.0,26.5,28.0,94.0,7.95,5.25,
Leigh Tiffin,2010,K,Alabama,1,,,,,8,3,0,0,0,0,0.0,73.0,209.0,,,,,,
Manase Tonga,2010,FB,BYU,5,4.84,24.62,,,8,3,0,0,0,0,0.0,71.0,245.0,32.0,19.0,105.0,7.44,4.69,
Keith Toston,2010,RB,Oklahoma State,3,4.66,23.33,,,8,3,0,0,0,0,0.0,72.0,213.0,32.0,22.0,110.0,,4.67,
Verran Tucker,2010,WR,California,4,4.65,10.0,,,8,3,0,0,0,0,0.0,74.0,200.0,,,,,,
Adam Ulatoski,2010,OG,Texas,2,5.52,4.0,,,8,3,0,0,0,0,0.0,77.0,300.0,26.0,24.0,94.0,7.98,4.99,
Stephan Virgil,2010,CB,Virginia Tech,3,4.69,0.0,,,8,3,0,0,0,0,0.0,71.0,183.0,34.0,12.0,113.0,7.11,4.35,
Donovan Warren,2010,S,Michigan,1,4.62,28.89,,,8,3,0,0,0,0,0.0,71.0,193.0,,12.0,113.0,,,
Lorenzo Washington,2010,DT,Alabama,1,5.21,17.5,,,8,3,0,0,0,0,0.0,76.0,291.0,30.0,25.0,107.0,7.4,4.68,
Tony Washington,2010,OT,Appalachian State,8,5.25,41.18,,,8,3,0,0,0,0,0.0,78.0,311.0,29.5,33.0,114.0,7.52,4.84,
Chastin West,2010,WR,Fresno State,7,4.59,22.0,,,8,3,0,0,0,0,0.0,72.0,212.0,33.5,15.0,113.0,,,
Blair White,2010,WR,Michigan State,3,4.49,42.0,,,8,3,0,0,0,0,0.0,74.0,209.0,33.5,18.0,115.0,6.69,4.03,
Jeremy Williams,2010,WR,Tulane,6,4.59,22.0,,,8,3,0,0,0,0,0.0,72.0,206.0,36.0,14.0,117.0,6.73,,
Keiland Williams,2010,RB,LSU,1,4.52,46.67,,,8,3,0,0,0,0,0.0,71.0,233.0,,,,,,
Stephen Williams,2010,WR,Toledo,8,4.5,40.0,,,8,3,0,0,0,0,0.0,76.0,210.0,36.5,15.0,125.0,6.81,4.11,
Kion Wilson,2010,ILB,South Florida,6,4.87,20.0,,,8,3,0,0,0,0,0.0,72.0,239.0,36.5,27.0,123.0,,4.53,
Lindsey Witten,2010,DE,Connecticut,6,4.7,61.54,,,8,3,0,0,0,0,0.0,76.0,250.0,36.5,23.0,115.0,7.32,4.62,
Ryan Wolfe,2010,WR,UNLV,10,4.65,10.0,,,8,3,0,0,0,0,0.0,73.0,205.0,,13.0,,,,
Justin Woodall,2010,S,Alabama,1,4.64,24.44,,,8,3,0,0,0,0,0.0,73.0,223.0,34.0,13.0,118.0,6.88,4.17,
Darvin Adams,2011,WR,Auburn,2,4.56,28.0,,,8,3,0,0,0,0,0.0,74.0,190.0,,,,,,
Danny Aiken,2011,LS,Virginia,4,5.0,0.0,,,8,3,0,0,0,0,0.0,76.0,244.0,,11.0,,,,
Ladi Ajiboye,2011,DT,South Carolina,3,5.3,6.25,,,8,3,0,0,0,0,0.0,73.0,297.0,24.0,23.0,91.0,7.72,4.71,
Armando Allen,2011,RB,Notre Dame,2,4.59,35.0,,,8,3,0,0,0,0,0.0,68.0,199.0,,23.0,,,,
Pierre Allen,2011,DE,Nebraska,3,4.78,49.23,,,8,3,0,0,0,0,0.0,75.0,273.0,,,,,,
Matt Asiata,2011,RB,Utah,3,4.77,5.0,,,8,3,0,0,0,0,0.0,71.0,229.0,30.0,22.0,104.0,7.09,4.37,
Dan Bailey,2011,K,Oklahoma State,3,4.92,12.31,,,8,3,0,0,0,0,0.0,72.0,193.0,,,,,,
Brandon Bair,2011,DE,Oregon,2,4.92,27.69,,,8,3,0,0,0,0,0.0,78.0,276.0,28.0,26.0,114.0,7.07,4.37,
Ryan Bartholomew,2011,C,Syracuse,4,4.93,89.33,,,8,3,0,0,0,0,0.0,73.0,302.0,26.5,34.0,92.0,7.62,4.62,
Nick Bellore,2011,ILB,Central Michigan,8,4.84,24.62,,,8,3,0,0,0,0,0.0,73.0,245.0,32.5,23.0,109.0,6.98,4.0,
Damien Berry,2011,RB,Miami (FL),2,4.58,36.67,,,8,3,0,0,0,0,0.0,70.0,211.0,33.5,23.0,120.0,7.0,4.12,
Armon Binns,2011,WR,Cincinnati,4,4.5,40.0,,,8,3,0,0,0,0,0.0,75.0,209.0,31.5,13.0,118.0,6.86,4.31,
Justin Boren,2011,OG,Ohio State,1,5.4,20.0,,,8,3,0,0,0,0,0.0,75.0,309.0,,28.0,,7.57,4.75,
Niles Brinkley,2011,CB,Wisconsin,3,4.54,24.44,,,8,3,0,0,0,0,0.0,69.0,193.0,33.5,15.0,120.0,7.23,,
DeAndre Brown,2011,WR,Southern Miss,10,4.59,22.0,,,8,3,0,0,0,0,0.0,78.0,233.0,29.0,20.0,117.0,6.93,4.33,
Kendric Burney,2011,CB,North Carolina,3,4.71,0.0,,,8,3,0,0,0,0,0.0,69.0,186.0,32.5,14.0,112.0,,,
Mario Butler,2011,CB,Georgia Tech,3,4.65,0.0,,,8,3,0,0,0,0,0.0,72.0,182.0,30.5,,120.0,7.09,4.37,
Jeff Van Camp,2011,QB,Florida Atlantic,2,4.83,33.75,,,8,3,0,0,0,0,0.0,77.0,218.0,31.0,,114.0,6.87,4.16,
Ugo Chinasa,2011,DE,Oklahoma State,3,4.63,72.31,,,8,3,0,0,0,0,0.0,77.0,264.0,28.0,22.0,117.0,7.07,4.39,
Garrett Chisolm,2011,OG,South Carolina,3,5.36,25.33,,,8,3,0,0,0,0,0.0,77.0,312.0,,,,,,
John Clay,2011,RB,Wisconsin,3,4.83,0.0,,,8,3,0,0,0,0,0.0,72.0,230.0,29.0,,111.0,,,
Ryan Colburn,2011,QB,Fresno State,7,5.12,0.0,,,8,3,0,0,0,0,0.0,75.0,233.0,,,,6.84,4.28,
Graig Cooper,2011,RB,Miami (FL),2,4.6,33.33,,,8,3,0,0,0,0,0.0,70.0,205.0,,18.0,114.0,6.66,4.03,
Vance Cuff,2011,CB,Georgia,1,4.53,26.67,,,8,3,0,0,0,0,0.0,70.0,178.0,36.0,,120.0,6.91,4.09,
Wayne Daniels,2011,OLB,TCU,3,5.03,0.0,,,8,3,0,0,0,0,0.0,72.0,260.0,25.0,,106.0,7.81,4.68,
Josh Davis,2011,OT,Georgia,1,5.5,11.76,,,8,3,0,0,0,0,0.0,79.0,313.0,24.0,,91.0,7.98,5.07,
Mark Dell,2011,WR,Michigan State,3,4.54,32.0,,,8,3,0,0,0,0,0.0,72.0,193.0,,14.0,,,,
Noel Devine,2011,RB,West Virginia,4,4.43,61.67,,,8,3,0,0,0,0,0.0,67.0,179.0,,24.0,,,,
Pat Devlin,2011,QB,Pittsburgh,3,4.81,36.25,,,8,3,0,0,0,0,0.0,75.0,225.0,33.0,,116.0,7.08,4.32,
Demarcus Dobbs,2011,DE,Georgia,1,4.87,35.38,,,8,3,0,0,0,0,0.0,74.0,281.0,31.0,,107.0,7.22,4.37,
Ray Dominguez,2011,OG,Arkansas,3,5.45,13.33,,,8,3,0,0,0,0,0.0,76.0,334.0,27.5,21.0,90.0,7.74,4.9,
Ryan Donahue,2011,P,Iowa,3,4.9,15.38,,,8,3,0,0,0,0,0.0,74.0,193.0,,,,,,
Shaun Draughn,2011,RB,North Carolina,3,4.73,11.67,,,8,3,0,0,0,0,0.0,71.0,213.0,34.0,21.0,118.0,7.15,4.2,
Darren Evans,2011,RB,Virginia Tech,3,4.56,40.0,,,8,3,0,0,0,0,0.0,72.0,227.0,35.0,26.0,111.0,6.96,4.46,
Mario Fannin,2011,RB,Auburn,2,4.37,71.67,,,8,3,0,0,0,0,0.0,70.0,231.0,37.5,21.0,115.0,6.99,4.21,
Kai Forbath,2011,K,UCLA,5,4.78,33.85,,,8,3,0,0,0,0,0.0,71.0,197.0,,,,,,
Reid Forrest,2011,P,Washington State,4,4.69,47.69,,,8,3,0,0,0,0,0.0,72.0,189.0,,,,,,
Charlie Gantt,2011,TE,Michigan State,3,4.85,25.0,,,8,3,0,0,0,0,0.0,76.0,252.0,30.5,27.0,112.0,7.15,4.4,
Cameron Graham,2011,TE,Louisville,4,5.0,0.0,,,8,3,0,0,0,0,0.0,75.0,244.0,31.0,18.0,105.0,7.19,4.51,
Adam Grant,2011,OT,Arizona,4,5.54,7.06,,,8,3,0,0,0,0,0.0,78.0,325.0,26.5,25.0,99.0,8.25,5.0,
John Graves,2011,DT,Virginia Tech,3,5.09,32.5,,,8,3,0,0,0,0,0.0,75.0,286.0,28.5,29.0,114.0,7.49,4.49,
Tori Gurley,2011,WR,South Carolina,3,4.53,34.0,,,8,3,0,0,0,0,0.0,76.0,216.0,33.5,15.0,118.0,7.05,4.25,
Jamel Hamler,2011,WR,Fresno State,7,4.59,22.0,,,8,3,0,0,0,0,0.0,73.0,193.0,32.0,4.0,112.0,7.16,4.18,
Chas Henry,2011,P,Florida,2,4.85,23.08,,,8,3,0,0,0,0,0.0,75.0,219.0,,,,,,
Ricky Henry,2011,OG,Nebraska,3,5.68,0.0,,,8,3,0,0,0,0,0.0,75.0,308.0,24.0,20.0,90.0,7.98,4.68,
Mark Herzlich,2011,OLB,Boston College,4,4.91,13.85,,,8,3,0,0,0,0,0.0,76.0,244.0,32.5,29.0,112.0,7.32,4.46,
Will Hill,2011,S,Florida,2,4.64,24.44,,,8,3,0,0,0,0,0.0,73.0,202.0,31.0,,123.0,,4.19,
Kyle Hix,2011,OT,Texas,2,5.44,18.82,,,8,3,0,0,0,0,0.0,79.0,319.0,32.0,24.0,104.0,7.77,4.78,
Andre Holmes,2011,WR,Hillsdale,10,4.51,38.0,,,8,3,0,0,0,0,0.0,76.0,210.0,35.0,11.0,130.0,6.69,4.31,
Kevin Hughes,2011,OT,SE Louisiana,10,5.31,34.12,,,8,3,0,0,0,0,0.0,76.0,302.0,29.5,22.0,95.0,8.29,4.97,
Jeremiha Hunter,2011,OLB,Iowa,3,4.77,35.38,,,8,3,0,0,0,0,0.0,72.0,239.0,31.5,20.0,116.0,,,
Zach Hurd,2011,OG,Connecticut,6,5.28,36.0,,,8,3,0,0,0,0,0.0,79.0,316.0,28.0,,101.0,7.73,4.77,
Henry Hynoski,2011,FB,Pittsburgh,3,5.06,0.0,,,8,3,0,0,0,0,0.0,72.0,257.0,30.5,24.0,111.0,,,
Josh Jasper,2011,K,LSU,1,5.06,0.0,,,8,3,0,0,0,0,0.0,70.0,174.0,,,,,,
Lestar Jean,2011,WR,Florida Atlantic,2,4.61,18.0,,,8,3,0,0,0,0,0.0,75.0,215.0,37.5,14.0,113.0,7.45,4.43,
Carl Johnson,2011,OG,Florida,2,5.4,20.0,,,8,3,0,0,0,0,0.0,77.0,361.0,25.5,25.0,96.0,,5.03,
Jeron Johnson,2011,S,Boise State,7,4.51,53.33,,,8,3,0,0,0,0,0.0,70.0,212.0,,23.0,,,,
Jerrod Johnson,2011,QB,Texas A&M,2,4.75,43.75,,,8,3,0,0,0,0,0.0,77.0,251.0,29.0,,119.0,7.28,4.31,
Elijah Joseph,2011,ILB,Temple,6,4.8,30.77,,,8,3,0,0,0,0,0.0,73.0,243.0,,,,,,
Jarriel King,2011,OT,South Carolina,3,5.03,67.06,,,8,3,0,0,0,0,0.0,77.0,317.0,30.0,23.0,114.0,7.6,4.77,
Rich Lapham,2011,OT,Boston College,4,5.34,30.59,,,8,3,0,0,0,0,0.0,80.0,315.0,,,,,,
Joe Lefeged,2011,S,Rutgers,4,4.42,73.33,,,8,3,0,0,0,0,0.0,72.0,210.0,36.5,18.0,122.0,6.82,4.13,
Orie Lemon,2011,ILB,Oklahoma State,3,4.87,20.0,,,8,3,0,0,0,0,0.0,73.0,242.0,30.0,27.0,113.0,7.45,4.4,
Alex Linnenkohl,2011,C,Oregon State,4,5.36,32.0,,,8,3,0,0,0,0,0.0,74.0,304.0,26.5,24.0,89.0,7.67,4.62,
Derrick Locke,2011,RB,Kentucky,4,4.37,71.67,,,8,3,0,0,0,0,0.0,68.0,188.0,37.5,16.0,118.0,6.98,4.15,
Ricardo Lockette,2011,WR,Fort Valley State,10,4.34,72.0,,,8,3,0,0,0,0,0.0,74.0,211.0,35.5,,127.0,7.15,4.19,
Scott Lutrus,2011,OLB,Connecticut,6,4.68,49.23,,,8,3,0,0,0,0,0.0,74.0,241.0,38.0,,121.0,6.89,4.09,
Jeff Maehl,2011,WR,Oregon,2,4.56,28.0,,,8,3,0,0,0,0,0.0,73.0,190.0,33.5,,115.0,6.42,3.94,
DeAndre McDaniel,2011,S,Clemson,1,4.63,26.67,,,8,3,0,0,0,0,0.0,72.0,217.0,35.0,,116.0,,,
Andrew McGee,2011,CB,Oklahoma State,3,4.71,0.0,,,8,3,0,0,0,0,0.0,71.0,195.0,34.0,,117.0,,,
Joseph Morgan,2011,WR,Michigan State,3,4.38,64.0,,,8,3,0,0,0,0,0.0,72.0,189.0,35.5,10.0,123.0,6.91,4.25,
Adrian Moten,2011,OLB,Maryland,4,4.53,72.31,,,8,3,0,0,0,0,0.0,74.0,228.0,31.0,18.0,114.0,7.05,4.21,
O.J. Murdock,2011,WR,Fort Hays State,10,4.5,40.0,,,8,3,0,0,0,0,0.0,70.0,197.0,34.5,15.0,116.0,,4.37,
Jamar Newsome,2011,WR,UCF,4,4.46,48.0,,,8,3,0,0,0,0,0.0,72.0,200.0,38.5,13.0,129.0,6.83,4.22,
Kris O'Dowd,2011,C,USC,2,5.12,64.0,,,8,3,0,0,0,0,0.0,76.0,304.0,32.5,31.0,105.0,7.67,4.59,
Schuylar Oordt,2011,TE,New Mexico,7,4.63,61.67,,,8,3,0,0,0,0,0.0,78.0,261.0,36.0,18.0,119.0,6.83,4.25,
Martin Parker,2011,DT,Richmond,9,4.95,50.0,,,8,3,0,0,0,0,0.0,74.0,303.0,29.0,22.0,104.0,7.56,4.57,
Zack Pianalto,2011,TE,North Carolina,3,4.78,36.67,,,8,3,0,0,0,0,0.0,75.0,256.0,32.0,22.0,108.0,6.85,4.41,
Josh Portis,2011,QB,California (PA),4,4.59,63.75,,,8,3,0,0,0,0,0.0,75.0,211.0,40.0,,126.0,6.84,4.12,
Allen Reisner,2011,FB,Iowa,3,4.9,15.38,,,8,3,0,0,0,0,0.0,74.0,248.0,28.0,14.0,108.0,7.31,4.59,
Jake Rogers,2011,K,Cincinnati,4,5.06,0.0,,,8,3,0,0,0,0,0.0,74.0,213.0,,,,,,
Kevin Rutland,2011,CB,Missouri,4,4.58,15.56,,,8,3,0,0,0,0,0.0,72.0,190.0,35.5,12.0,118.0,6.92,4.15,
Brandon Saine,2011,RB,Ohio State,1,4.4,66.67,,,8,3,0,0,0,0,0.0,71.0,220.0,34.5,22.0,113.0,6.98,4.25,
Jock Sanders,2011,WR,West Virginia,4,4.5,40.0,,,8,3,0,0,0,0,0.0,66.0,181.0,34.5,19.0,121.0,6.78,4.13,
Dane Sanzenbacher,2011,WR,Ohio State,1,4.56,28.0,,,8,3,0,0,0,0,0.0,71.0,182.0,33.5,,118.0,6.46,3.97,
Weslye Saunders,2011,TE,South Carolina,3,4.93,11.67,,,8,3,0,0,0,0,0.0,77.0,270.0,33.5,19.0,116.0,,,
Sealver Siliga,2011,DT,Utah,3,5.38,0.0,,,8,3,0,0,0,0,0.0,74.0,305.0,29.0,29.0,100.0,7.7,4.75,
David Sims,2011,S,Iowa State,4,4.5,55.56,,,8,3,0,0,0,0,0.0,69.0,200.0,37.5,24.0,120.0,,4.28,
Derrell Smith,2011,ILB,Syracuse,4,4.76,36.92,,,8,3,0,0,0,0,0.0,72.0,243.0,,,,,,
Keith Smith,2011,WR,San Jose State,7,4.65,10.0,,,8,3,0,0,0,0,0.0,74.0,214.0,,,,,,
Willie Smith,2011,OT,East Carolina,6,5.4,23.53,,,8,3,0,0,0,0,0.0,77.0,310.0,30.5,,106.0,7.95,4.83,
Owen Spencer,2011,WR,NC State,4,4.51,38.0,,,8,3,0,0,0,0,0.0,74.0,195.0,37.5,6.0,125.0,6.86,4.18,
Jerrard Tarrant,2011,S,Georgia Tech,3,4.57,40.0,,,8,3,0,0,0,0,0.0,72.0,204.0,33.0,14.0,114.0,6.92,4.21,
Vai Taua,2011,RB,Nevada,7,4.65,25.0,,,8,3,0,0,0,0,0.0,69.0,213.0,34.5,20.0,112.0,6.89,4.18,
Adrian Taylor,2011,DT,Oklahoma,2,5.22,16.25,,,8,3,0,0,0,0,0.0,75.0,311.0,,34.0,,,,
Zane Taylor,2011,C,Utah,3,5.52,10.67,,,8,3,0,0,0,0,0.0,74.0,309.0,25.5,33.0,104.0,8.15,4.77,
Isaiah Thompson,2011,OG,Houston,6,6.0,0.0,,,8,3,0,0,0,0,0.0,75.0,300.0,25.0,23.0,82.0,9.04,5.56,
Cedric Thornton,2011,DT,Southern Arkansas,10,5.25,12.5,,,8,3,0,0,0,0,0.0,75.0,309.0,27.0,23.0,101.0,7.7,4.71,
Terrence Toliver,2011,WR,LSU,1,4.52,36.0,,,8,3,0,0,0,0,0.0,75.0,212.0,32.0,,122.0,6.48,4.03,
Scott Tolzien,2011,QB,Wisconsin,3,4.92,22.5,,,8,3,0,0,0,0,0.0,74.0,212.0,29.5,,116.0,6.84,4.12,
Devon Torrence,2011,CB,Ohio State,1,4.68,0.0,,,8,3,0,0,0,0,0.0,72.0,199.0,33.0,,111.0,6.95,4.09,
Terrance Turner,2011,WR,Indiana,4,4.53,34.0,,,8,3,0,0,0,0,0.0,74.0,220.0,41.0,16.0,128.0,6.77,4.15,
Colby Whitlock,2011,DT,Texas Tech,4,5.27,10.0,,,8,3,0,0,0,0,0.0,74.0,302.0,30.5,25.0,105.0,7.73,4.75,
Deunta Williams,2011,S,North Carolina,3,4.53,48.89,,,8,3,0,0,0,0,0.0,74.0,205.0,,,,,,
Marshall Williams,2011,WR,Wake Forest,4,4.56,28.0,,,8,3,0,0,0,0,0.0,73.0,188.0,35.5,9.0,123.0,6.61,4.09,
Nate Williams,2011,S,Washington,2,4.68,15.56,,,8,3,0,0,0,0,0.0,72.0,211.0,30.5,17.0,114.0,6.98,4.15,
Ian Williams,2011,DT,Notre Dame,2,5.21,17.5,,,8,3,0,0,0,0,0.0,73.0,319.0,28.5,31.0,98.0,,4.78,
Zack Williams,2011,C,Washington State,4,5.18,56.0,,,8,3,0,0,0,0,0.0,75.0,309.0,30.0,28.0,103.0,7.54,4.62,
Ryan Winterswyk,2011,DE,Boise State,7,4.96,21.54,,,8,3,0,0,0,0,0.0,76.0,268.0,30.0,18.0,111.0,7.01,4.37,
Jimmy Young,2011,WR,TCU,3,4.5,40.0,,,8,3,0,0,0,0,0.0,72.0,204.0,37.0,19.0,115.0,7.08,4.18,
Chas Alecxih,2012,DT,Pittsburgh,3,5.31,5.0,,,8,3,0,0,0,0,0.0,76.0,296.0,25.5,19.0,99.0,7.74,4.62,
Ryan Baker,2012,OLB,LSU,1,4.8,30.77,,,8,3,0,0,0,0,0.0,71.0,232.0,34.0,30.0,113.0,7.21,4.35,
Mike Ball,2012,RB,Nevada,7,4.54,43.33,,,8,3,0,0,0,0,0.0,68.0,206.0,36.0,21.0,112.0,7.1,4.23,
Tim Benford,2012,WR,Tennessee Tech,2,4.51,38.0,,,8,3,0,0,0,0,0.0,71.0,205.0,,15.0,,,,
Jamie Blatnick,2012,DE,Oklahoma State,3,4.81,44.62,,,8,3,0,0,0,0,0.0,75.0,263.0,32.5,28.0,112.0,7.22,4.2,
Brandon Bolden,2012,RB,Ole Miss,3,4.55,41.67,,,8,3,0,0,0,0,0.0,71.0,222.0,38.0,21.0,119.0,6.96,4.44,
Jarrett Boykin,2012,WR,Virginia Tech,3,4.62,16.0,,,8,3,0,0,0,0,0.0,74.0,217.0,36.0,11.0,123.0,7.12,4.28,
Mike Brewster,2012,C,Ohio State,1,5.22,50.67,,,8,3,0,0,0,0,0.0,76.0,312.0,25.0,29.0,96.0,7.73,4.6,
Charles Brown,2012,CB,North Carolina,3,4.53,26.67,,,8,3,0,0,0,0,0.0,69.0,202.0,35.5,18.0,114.0,6.94,4.06,
James Brown,2012,OG,Troy,8,5.19,48.0,,,8,3,0,0,0,0,0.0,75.0,306.0,25.5,24.0,102.0,7.7,4.78,
Vontaze Burfict,2012,ILB,Arizona State,3,5.0,0.0,,,8,3,0,0,0,0,0.0,73.0,248.0,30.0,,104.0,,,
Drew Butler,2012,P,Georgia,1,5.04,0.0,,,8,3,0,0,0,0,0.0,73.0,203.0,,,,,,
Sean Cattouse,2012,S,California,4,4.74,2.22,,,8,3,0,0,0,0,0.0,74.0,211.0,34.0,,114.0,6.99,4.15,
Josh Cooper,2012,WR,Oklahoma State,3,4.65,10.0,,,8,3,0,0,0,0,0.0,71.0,190.0,,11.0,,,,
Paul Cornick,2012,OT,North Dakota State,9,5.3,35.29,,,8,3,0,0,0,0,0.0,77.0,310.0,,25.0,,,,
Aaron Corp,2012,QB,Richmond,9,4.61,61.25,,,8,3,0,0,0,0,0.0,75.0,215.0,31.5,,106.0,7.03,4.3,
Lennon Creer,2012,RB,Louisiana Tech,5,4.67,21.67,,,8,3,0,0,0,0,0.0,71.0,219.0,33.5,21.0,110.0,7.26,4.4,
John Cullen,2012,OT,Utah,3,5.28,37.65,,,8,3,0,0,0,0,0.0,76.0,297.0,27.0,23.0,102.0,7.58,4.59,
Austin Davis,2012,QB,Southern Miss,10,4.69,51.25,,,8,3,0,0,0,0,0.0,74.0,219.0,31.0,,109.0,6.73,4.11,
Taylor Dever,2012,OT,Notre Dame,2,5.4,23.53,,,8,3,0,0,0,0,0.0,77.0,298.0,28.0,18.0,100.0,7.49,4.9,
Derek Dimke,2012,K,Illinois,4,5.02,0.0,,,8,3,0,0,0,0,0.0,71.0,178.0,,,,,,
Patrick Edwards,2012,WR,Houston,6,4.57,26.0,,,8,3,0,0,0,0,0.0,69.0,172.0,,,,,,
Loni Fangupo,2012,DT,BYU,5,5.12,28.75,,,8,3,0,0,0,0,0.0,73.0,323.0,31.5,36.0,99.0,7.94,4.62,
Antonio Fenelus,2012,CB,Wisconsin,3,4.57,17.78,,,8,3,0,0,0,0,0.0,68.0,190.0,32.0,20.0,109.0,6.8,4.2,
Marcus Forston,2012,DT,Miami (FL),2,5.05,37.5,,,8,3,0,0,0,0,0.0,73.0,301.0,28.0,35.0,105.0,7.64,4.79,
Justin Francis,2012,DE,Rutgers,4,4.9,30.77,,,8,3,0,0,0,0,0.0,74.0,268.0,32.0,23.0,109.0,7.05,4.35,
Jeff Fuller,2012,WR,Texas A&M,2,4.53,34.0,,,8,3,0,0,0,0,0.0,76.0,223.0,,17.0,,,,
Chris Galippo,2012,ILB,USC,2,4.73,41.54,,,8,3,0,0,0,0,0.0,73.0,241.0,29.5,19.0,107.0,6.9,4.1,
Garth Gerhart,2012,C,Arizona State,3,5.38,29.33,,,8,3,0,0,0,0,0.0,73.0,305.0,30.5,25.0,96.0,7.63,4.65,
Jonas Gray,2012,RB,Notre Dame,2,4.58,36.67,,,8,3,0,0,0,0,0.0,70.0,223.0,,20.0,,,,
Dominique Hamilton,2012,DT,Missouri,4,5.45,0.0,,,8,3,0,0,0,0,0.0,77.0,313.0,,31.0,,7.82,4.78,
Jewel Hampton,2012,RB,Southern Illinois,10,4.56,40.0,,,8,3,0,0,0,0,0.0,69.0,218.0,,26.0,,,,
Darius Hanks,2012,WR,Alabama,1,4.52,36.0,,,8,3,0,0,0,0,0.0,72.0,184.0,34.0,11.0,117.0,,,
Cory Harkey,2012,TE,UCLA,5,5.06,0.0,,,8,3,0,0,0,0,0.0,76.0,260.0,26.5,13.0,109.0,7.4,4.69,
Jacory Harris,2012,QB,Miami (FL),2,4.65,56.25,,,8,3,0,0,0,0,0.0,75.0,203.0,37.0,,113.0,7.1,4.4,
Cliff Harris,2012,CB,Oregon,2,4.61,8.89,,,8,3,0,0,0,0,0.0,71.0,175.0,36.0,14.0,118.0,6.79,4.19,
DaJohn Harris,2012,DT,USC,2,4.97,47.5,,,8,3,0,0,0,0,0.0,75.0,306.0,,,,,,
Josh Harris,2012,LS,Auburn,2,4.82,27.69,,,8,3,0,0,0,0,0.0,73.0,252.0,,15.0,,,,
Delano Howell,2012,S,Stanford,3,4.61,31.11,,,8,3,0,0,0,0,0.0,71.0,210.0,33.0,21.0,120.0,6.97,4.15,
Emil Igwenagu,2012,FB,Massachusetts,10,4.7,46.15,,,8,3,0,0,0,0,0.0,73.0,249.0,34.5,19.0,121.0,7.32,4.4,
Duke Ihenacho,2012,S,San Jose State,7,4.67,17.78,,,8,3,0,0,0,0,0.0,72.0,213.0,35.0,20.0,122.0,6.78,4.22,
Janzen Jackson,2012,S,McNeese State,10,4.6,33.33,,,8,3,0,0,0,0,0.0,71.0,188.0,36.5,9.0,125.0,6.9,4.15,
Jerrell Jackson,2012,WR,Missouri,4,4.5,40.0,,,8,3,0,0,0,0,0.0,72.0,196.0,41.0,22.0,127.0,6.82,4.11,
Jamaar Jarrett,2012,DE,Arizona State,3,4.96,21.54,,,8,3,0,0,0,0,0.0,77.0,265.0,30.0,21.0,114.0,,4.34,
Jordan Jefferson,2012,QB,LSU,1,4.58,65.0,,,8,3,0,0,0,0,0.0,76.0,223.0,36.5,14.0,116.0,6.81,4.06,
Leonard Johnson,2012,CB,Iowa State,4,4.62,6.67,,,8,3,0,0,0,0,0.0,70.0,196.0,32.0,15.0,120.0,6.96,4.15,
Rishaw Johnson,2012,OG,California (PA),4,5.12,57.33,,,8,3,0,0,0,0,0.0,75.0,313.0,31.5,22.0,108.0,7.87,4.53,
Steven Johnson,2012,OLB,Kansas,10,4.71,44.62,,,8,3,0,0,0,0,0.0,72.0,239.0,36.0,16.0,113.0,7.32,4.38,
Jeremy Jones,2012,CB,Wayne State (MI),10,4.56,20.0,,,8,3,0,0,0,0,0.0,69.0,197.0,31.5,20.0,116.0,7.14,4.18,
Dwight Jones,2012,WR,North Carolina,3,4.51,38.0,,,8,3,0,0,0,0,0.0,75.0,230.0,33.0,14.0,109.0,,,
Coryell Judie,2012,CB,Texas A&M,2,4.45,44.44,,,8,3,0,0,0,0,0.0,72.0,194.0,37.0,,126.0,7.33,4.25,
Jermaine Kearse,2012,WR,Washington,2,4.5,40.0,,,8,3,0,0,0,0,0.0,73.0,209.0,34.0,14.0,119.0,7.03,4.12,
Case Keenum,2012,QB,Houston,6,4.72,47.5,,,8,3,0,0,0,0,0.0,73.0,208.0,32.5,,103.0,,,
Ronald Leary,2012,OG,Memphis,6,5.23,42.67,,,8,3,0,0,0,0,0.0,75.0,315.0,29.0,30.0,104.0,7.87,4.91,
Brandon Lindsey,2012,OLB,Pittsburgh,3,4.85,23.08,,,8,3,0,0,0,0,0.0,74.0,254.0,33.0,23.0,117.0,7.36,4.28,
Shawn Loiseau,2012,ILB,Merrimack,10,4.74,40.0,,,8,3,0,0,0,0,0.0,72.0,244.0,32.5,19.0,109.0,,,
D'Anton Lynn,2012,CB,Penn State,2,4.71,0.0,,,8,3,0,0,0,0,0.0,72.0,206.0,31.5,17.0,111.0,,,
Kyle Martens,2012,P,Rice,6,4.92,12.31,,,8,3,0,0,0,0,0.0,77.0,226.0,,,,,,
Marquis Maze,2012,WR,Alabama,1,4.51,38.0,,,8,3,0,0,0,0,0.0,68.0,186.0,33.5,,112.0,,,
Antoine McClain,2012,OG,Clemson,1,5.48,9.33,,,8,3,0,0,0,0,0.0,77.0,329.0,27.0,19.0,91.0,8.13,4.82,
Kelcie McCray,2012,S,Arkansas State,3,4.48,60.0,,,8,3,0,0,0,0,0.0,74.0,202.0,30.5,12.0,122.0,7.0,4.29,
Vaughn Meatoga,2012,DT,Hawaii,7,4.93,52.5,,,8,3,0,0,0,0,0.0,73.0,294.0,30.0,27.0,108.0,7.1,4.21,
Davin Meggett,2012,RB,Maryland,4,4.5,50.0,,,8,3,0,0,0,0,0.0,68.0,211.0,35.0,23.0,118.0,7.14,4.32,
Chase Minnifield,2012,CB,Virginia,4,4.63,4.44,,,8,3,0,0,0,0,0.0,70.0,183.0,,7.0,,,,
Rennie Moore,2012,DT,Clemson,1,5.0,43.75,,,8,3,0,0,0,0,0.0,75.0,268.0,30.5,21.0,109.0,,4.53,
Kashif Moore,2012,WR,Connecticut,6,4.36,68.0,,,8,3,0,0,0,0,0.0,69.0,180.0,43.5,19.0,126.0,6.82,4.05,
Kellen Moore,2012,QB,Boise State,7,4.82,35.0,,,8,3,0,0,0,0,0.0,72.0,197.0,27.0,,99.0,7.41,4.56,
Derek Moye,2012,WR,Penn State,2,4.46,48.0,,,8,3,0,0,0,0,0.0,76.0,209.0,33.5,10.0,115.0,,4.23,
Tyler Nielsen,2012,OLB,Iowa,3,4.63,56.92,,,8,3,0,0,0,0,0.0,75.0,238.0,,21.0,,7.27,4.31,
Lucas Nix,2012,OG,Pittsburgh,3,5.36,25.33,,,8,3,0,0,0,0,0.0,77.0,317.0,29.5,,102.0,7.81,4.9,
Josh Oglesby,2012,OT,Virginia Tech,3,5.75,0.0,,,8,3,0,0,0,0,0.0,79.0,338.0,28.5,22.0,,,,
Chris Owusu,2012,WR,Stanford,3,4.36,68.0,,,8,3,0,0,0,0,0.0,72.0,196.0,40.5,19.0,129.0,6.85,4.11,
Eric Page,2012,WR,Toledo,8,4.5,40.0,,,8,3,0,0,0,0,0.0,69.0,186.0,30.0,15.0,112.0,6.95,3.98,
Donte Paige-Moss,2012,DE,North Carolina,3,4.67,66.15,,,8,3,0,0,0,0,0.0,75.0,268.0,,26.0,,,,
Micah Pellerin,2012,CB,Kansas State,4,4.52,28.89,,,8,3,0,0,0,0,0.0,72.0,194.0,33.0,14.0,116.0,,,
DeAngelo Peterson,2012,TE,LSU,1,4.69,51.67,,,8,3,0,0,0,0,0.0,75.0,243.0,36.0,18.0,121.0,7.19,,
Eddie Pleasant,2012,S,Oregon,2,4.53,48.89,,,8,3,0,0,0,0,0.0,70.0,211.0,33.5,22.0,116.0,7.12,4.28,
Chris Polk,2012,RB,Washington,2,4.52,46.67,,,8,3,0,0,0,0,0.0,70.0,215.0,31.5,,111.0,7.13,4.21,
Tauren Poole,2012,RB,Tennessee,2,4.48,53.33,,,8,3,0,0,0,0,0.0,70.0,205.0,34.0,24.0,118.0,7.36,4.19,
Tydreke Powell,2012,DT,North Carolina,3,5.28,8.75,,,8,3,0,0,0,0,0.0,74.0,311.0,28.5,29.0,99.0,7.31,4.62,
Chaz Powell,2012,CB,Penn State,2,4.42,51.11,,,8,3,0,0,0,0,0.0,72.0,203.0,33.0,17.0,121.0,6.84,4.16,
Shawn Powell,2012,P,Florida State,2,5.06,0.0,,,8,3,0,0,0,0,0.0,76.0,248.0,,,,,,
DeAndre Presley,2012,CB,Appalachian State,8,4.53,26.67,,,8,3,0,0,0,0,0.0,70.0,185.0,32.0,8.0,114.0,7.19,4.28,
Nick Provo,2012,TE,Syracuse,4,4.76,40.0,,,8,3,0,0,0,0,0.0,75.0,237.0,,,,,,
Cyhl Quarles,2012,S,Wake Forest,4,4.54,46.67,,,8,3,0,0,0,0,0.0,73.0,213.0,32.5,19.0,119.0,7.21,4.32,
Antwuan Reed,2012,CB,Pittsburgh,3,4.58,15.56,,,8,3,0,0,0,0,0.0,70.0,188.0,36.5,14.0,124.0,,4.2,
Beau Reliford,2012,TE,Florida State,2,4.84,26.67,,,8,3,0,0,0,0,0.0,77.0,256.0,,,,,,
Matt Reynolds,2012,OT,BYU,5,5.27,38.82,,,8,3,0,0,0,0,0.0,76.0,302.0,,25.0,,,,
Sean Richardson,2012,S,Vanderbilt,4,4.43,71.11,,,8,3,0,0,0,0,0.0,74.0,216.0,38.5,22.0,128.0,7.01,4.44,
Gerell Robinson,2012,WR,Arizona State,3,4.54,32.0,,,8,3,0,0,0,0,0.0,75.0,227.0,35.5,,113.0,,4.15,
Trenton Robinson,2012,S,Michigan State,3,4.46,64.44,,,8,3,0,0,0,0,0.0,70.0,195.0,35.0,15.0,125.0,,4.15,
James Rodgers,2012,WR,Oregon State,4,4.61,18.0,,,8,3,0,0,0,0,0.0,67.0,184.0,37.0,19.0,115.0,,4.23,
Brett Roy,2012,DT,Nevada,7,5.0,43.75,,,8,3,0,0,0,0,0.0,75.0,275.0,30.5,32.0,108.0,7.31,4.62,
Quentin Saulsberry,2012,C,Mississippi State,3,5.28,42.67,,,8,3,0,0,0,0,0.0,74.0,304.0,22.0,26.0,90.0,8.19,4.99,
Darrell Scott,2012,RB,South Florida,6,4.68,20.0,,,8,3,0,0,0,0,0.0,72.0,231.0,31.5,,,,,
Derrick Shelby,2012,DE,Utah,3,4.87,35.38,,,8,3,0,0,0,0,0.0,75.0,266.0,35.5,26.0,116.0,7.09,4.5,
Jacquies Smith,2012,DE,Missouri,4,4.75,53.85,,,8,3,0,0,0,0,0.0,75.0,253.0,31.5,21.0,110.0,7.25,4.31,
Brian Stahovich,2012,P,San Diego State,7,4.78,33.85,,,8,3,0,0,0,0,0.0,72.0,211.0,,,,,,
Ryan Steed,2012,CB,Furman,9,4.64,2.22,,,8,3,0,0,0,0,0.0,70.0,195.0,34.0,12.0,121.0,6.94,4.22,
Dave Teggart,2012,K,Connecticut,6,5.25,0.0,,,8,3,0,0,0,0,0.0,72.0,201.0,,,,,,
Darron Thomas,2012,QB,Oregon,2,4.77,41.25,,,8,3,0,0,0,0,0.0,75.0,220.0,36.0,14.0,121.0,7.17,4.28,
Johnny Thomas,2012,S,Oklahoma State,3,4.57,40.0,,,8,3,0,0,0,0,0.0,70.0,206.0,35.5,20.0,123.0,7.01,4.25,
Christian Tupou,2012,DT,USC,2,5.38,0.0,,,8,3,0,0,0,0,0.0,74.0,289.0,24.0,30.0,92.0,8.07,4.87,
Marc Tyler,2012,RB,USC,2,4.7,16.67,,,8,3,0,0,0,0,0.0,71.0,219.0,30.5,19.0,110.0,,,
Dustin Waldron,2012,OT,Portland State,10,5.23,43.53,,,8,3,0,0,0,0,0.0,77.0,305.0,26.0,29.0,103.0,7.93,4.75,
Fozzy Whittaker,2012,RB,Texas,2,4.49,51.67,,,8,3,0,0,0,0,0.0,69.0,193.0,,20.0,,,,
Carson Wiggs,2012,K,Purdue,4,4.91,13.85,,,8,3,0,0,0,0,0.0,73.0,221.0,,,,,,
Patrick Witt,2012,QB,Yale,10,5.06,5.0,,,8,3,0,0,0,0,0.0,75.0,225.0,31.5,,101.0,7.14,4.37,
Desmond Wynn,2012,OG,Rutgers,4,4.98,76.0,,,8,3,0,0,0,0,0.0,77.0,303.0,32.5,28.0,,,,
Markus Zusevics,2012,OT,Iowa,3,5.08,61.18,,,8,3,0,0,0,0,0.0,77.0,303.0,,,,,,
Johnny Adams,2013,CB,Michigan State,3,4.48,37.78,,,8,3,0,0,0,0,0.0,70.0,185.0,,16.0,,,,
Ryan Allen,2013,P,Louisiana Tech,5,4.98,3.08,,,8,3,0,0,0,0,0.0,73.0,229.0,,,,,,
Zach Allen,2013,OG,NC State,4,5.43,16.0,,,8,3,0,0,0,0,0.0,74.0,332.0,,32.0,,,,
C.J. Anderson,2013,RB,California,4,4.6,33.33,,,8,3,0,0,0,0,0.0,68.0,224.0,32.0,17.0,119.0,7.15,4.12,
Alvin Bailey,2013,OG,Arkansas,3,4.95,80.0,,,8,3,0,0,0,0,0.0,75.0,312.0,,27.0,,,,
Chris Barker,2013,OG,Nevada,7,5.25,40.0,,,8,3,0,0,0,0,0.0,75.0,305.0,27.5,29.0,99.0,8.09,4.77,
T.J. Barnes,2013,DT,Georgia Tech,3,5.3,6.25,,,8,3,0,0,0,0,0.0,78.0,369.0,22.0,25.0,97.0,8.26,4.96,
Nick Becton,2013,OT,Virginia Tech,3,5.2,47.06,,,8,3,0,0,0,0,0.0,77.0,323.0,29.5,19.0,109.0,7.77,4.57,
Zach Boren,2013,FB,Ohio State,1,5.0,0.0,,,8,3,0,0,0,0,0.0,71.0,238.0,32.0,25.0,109.0,7.28,4.44,
Tyler Bray,2013,QB,Tennessee,2,5.05,6.25,,,8,3,0,0,0,0,0.0,78.0,232.0,,,100.0,7.2,4.51,
Dylan Breeding,2013,P,Arkansas,3,4.74,40.0,,,8,3,0,0,0,0,0.0,73.0,213.0,29.0,11.0,110.0,,,
Braden Brown,2013,OT,BYU,5,5.2,47.06,,,8,3,0,0,0,0,0.0,77.0,310.0,28.0,26.0,100.0,7.43,4.7,
Marlon Brown,2013,WR,Georgia,1,4.63,14.0,,,8,3,0,0,0,0,0.0,76.0,213.0,,,,,,
Adrian Bushell,2013,CB,Louisville,4,4.58,15.56,,,8,3,0,0,0,0,0.0,69.0,186.0,33.0,17.0,116.0,6.92,4.25,
Colby Cameron,2013,QB,Louisiana Tech,5,4.78,40.0,,,8,3,0,0,0,0,0.0,74.0,212.0,30.5,,112.0,6.98,4.28,
Anthony Cantele,2013,K,Kansas State,4,4.76,36.92,,,8,3,0,0,0,0,0.0,70.0,180.0,,,,,,
Braxston Cave,2013,C,Notre Dame,2,5.33,36.0,,,8,3,0,0,0,0,0.0,75.0,303.0,25.5,,98.0,7.81,4.71,
Emmett Cleary,2013,OT,Boston College,4,5.21,45.88,,,8,3,0,0,0,0,0.0,79.0,316.0,28.5,24.0,108.0,7.81,4.7,
Bobby Cowan,2013,P,Idaho,10,5.13,0.0,,,8,3,0,0,0,0,0.0,76.0,219.0,,,,,,
Marcus Davis,2013,WR,Virginia Tech,3,4.56,28.0,,,8,3,0,0,0,0,0.0,75.0,233.0,39.5,19.0,120.0,7.15,,
Jordan Devey,2013,OT,Memphis,6,5.25,41.18,,,8,3,0,0,0,0,0.0,79.0,317.0,24.0,21.0,98.0,7.91,4.77,
Alex Dunnachie,2013,P,Hawaii,7,4.97,4.62,,,8,3,0,0,0,0,0.0,75.0,217.0,,,,,,
Chris Faulk,2013,OT,LSU,1,5.08,61.18,,,8,3,0,0,0,0,0.0,77.0,331.0,,25.0,,,,
Joseph Fauria,2013,TE,UCLA,5,4.82,30.0,,,8,3,0,0,0,0,0.0,79.0,259.0,,17.0,,,,
Manese Foketi,2013,OG,Texas A&M,2,5.54,1.33,,,8,3,0,0,0,0,0.0,77.0,318.0,23.5,25.0,102.0,8.11,5.06,
Michael Ford,2013,RB,LSU,1,4.5,50.0,,,8,3,0,0,0,0,0.0,69.0,210.0,38.5,25.0,130.0,6.87,4.25,
Matt Furstenburg,2013,TE,Maryland,4,4.62,63.33,,,8,3,0,0,0,0,0.0,76.0,242.0,35.5,18.0,115.0,7.09,4.35,
Rogers Gaines,2013,OT,Tennessee State,2,5.24,42.35,,,8,3,0,0,0,0,0.0,78.0,334.0,23.0,28.0,,,5.24,
Kwame Geathers,2013,DT,Georgia,1,5.44,0.0,,,8,3,0,0,0,0,0.0,77.0,342.0,26.5,,96.0,8.11,5.27,
Tyrone Goard,2013,WR,Eastern Kentucky,10,4.5,40.0,,,8,3,0,0,0,0,0.0,76.0,205.0,36.0,10.0,123.0,6.9,4.39,
Ray Graham,2013,RB,Pittsburgh,3,4.8,0.0,,,8,3,0,0,0,0,0.0,69.0,199.0,32.5,18.0,112.0,7.17,4.21,
MarQueis Gray,2013,QB,Minnesota,4,4.65,56.25,,,8,3,0,0,0,0,0.0,75.0,240.0,30.0,15.0,111.0,7.25,4.3,
Cory Grissom,2013,DT,South Florida,6,5.31,5.0,,,8,3,0,0,0,0,0.0,73.0,306.0,27.5,22.0,97.0,7.79,4.81,
D.J. Harper,2013,RB,Boise State,7,4.52,46.67,,,8,3,0,0,0,0,0.0,69.0,211.0,33.5,23.0,120.0,7.07,4.35,
Montel Harris,2013,RB,Temple,6,4.68,20.0,,,8,3,0,0,0,0,0.0,68.0,208.0,32.5,19.0,113.0,6.95,4.18,
Mark Harrison,2013,WR,Rutgers,4,4.46,48.0,,,8,3,0,0,0,0,0.0,75.0,231.0,38.5,17.0,129.0,6.99,4.33,
Aaron Hester,2013,CB,UCLA,5,4.62,6.67,,,8,3,0,0,0,0,0.0,74.0,198.0,29.0,,112.0,7.26,4.33,
Josh Hubner,2013,P,Arizona State,3,5.06,0.0,,,8,3,0,0,0,0,0.0,76.0,232.0,,13.0,,,,
Luke Ingram,2013,LS,Hawaii,7,5.05,0.0,,,8,3,0,0,0,0,0.0,77.0,258.0,,24.0,106.0,,,
Mark Jackson,2013,OG,Glenville State,10,5.65,0.0,,,8,3,0,0,0,0,0.0,77.0,328.0,20.5,20.0,91.0,8.07,5.03,
Stefphon Jefferson,2013,RB,Nevada,7,4.68,20.0,,,8,3,0,0,0,0,0.0,70.0,213.0,31.0,15.0,117.0,6.97,4.44,
Tony Jefferson,2013,S,Oklahoma,2,4.75,0.0,,,8,3,0,0,0,0,0.0,71.0,213.0,,16.0,,,,
Darius Johnson,2013,WR,SMU,6,4.6,20.0,,,8,3,0,0,0,0,0.0,69.0,179.0,32.0,6.0,109.0,,4.53,
Josh Johnson,2013,CB,Purdue,4,4.65,0.0,,,8,3,0,0,0,0,0.0,69.0,199.0,35.0,16.0,114.0,6.99,4.25,
Keelan Johnson,2013,S,Arizona State,3,4.54,46.67,,,8,3,0,0,0,0,0.0,72.0,209.0,36.5,12.0,125.0,6.77,4.07,
Oscar Johnson,2013,OT,Louisiana Tech,5,5.49,12.94,,,8,3,0,0,0,0,0.0,77.0,331.0,22.0,,88.0,8.06,5.06,
Jamaal Johnson-Webb,2013,OG,Alabama A&M,1,5.37,24.0,,,8,3,0,0,0,0,0.0,77.0,313.0,23.0,17.0,92.0,8.12,4.74,
Abry Jones,2013,DT,Georgia,1,5.06,36.25,,,8,3,0,0,0,0,0.0,75.0,313.0,26.5,30.0,101.0,,,
Brandon Kaufman,2013,WR,Eastern Washington,10,4.67,6.0,,,8,3,0,0,0,0,0.0,77.0,216.0,33.5,9.0,115.0,7.11,4.44,
Collin Klein,2013,QB,Kansas State,4,4.78,40.0,,,8,3,0,0,0,0,0.0,77.0,226.0,29.0,,111.0,7.17,4.4,
Jake Knott,2013,OLB,Iowa State,4,4.84,24.62,,,8,3,0,0,0,0,0.0,74.0,243.0,,,,,,
Scott Kovanda,2013,P,Ball State,8,4.84,24.62,,,8,3,0,0,0,0,0.0,74.0,207.0,,,,,,
Alec Lemon,2013,WR,Syracuse,4,4.59,22.0,,,8,3,0,0,0,0,0.0,73.0,202.0,32.0,7.0,112.0,7.04,4.29,
Robert Lester,2013,S,Alabama,1,4.66,20.0,,,8,3,0,0,0,0,0.0,73.0,220.0,33.5,,117.0,,,
Zach Line,2013,FB,SMU,6,4.77,35.38,,,8,3,0,0,0,0,0.0,72.0,232.0,30.5,26.0,111.0,,,
P.J. Lonergan,2013,C,LSU,1,5.38,29.33,,,8,3,0,0,0,0,0.0,75.0,304.0,,25.0,,,,
John Lotulelei,2013,OLB,UNLV,10,4.84,24.62,,,8,3,0,0,0,0,0.0,71.0,233.0,35.5,25.0,117.0,6.91,4.3,
Philip Lutzenkirchen,2013,TE,Auburn,2,4.94,10.0,,,8,3,0,0,0,0,0.0,75.0,258.0,30.5,21.0,112.0,7.15,4.35,
Joe Madsen,2013,C,West Virginia,4,5.2,53.33,,,8,3,0,0,0,0,0.0,75.0,310.0,25.0,25.0,98.0,7.6,4.83,
Lamar Mady,2013,OG,Youngstown State,10,5.48,9.33,,,8,3,0,0,0,0,0.0,74.0,317.0,23.0,35.0,95.0,8.07,4.82,
Brandon Magee,2013,OLB,Arizona State,3,4.74,40.0,,,8,3,0,0,0,0,0.0,71.0,223.0,,,114.0,,,
Brett Maher,2013,K,Nebraska,3,4.89,16.92,,,8,3,0,0,0,0,0.0,72.0,186.0,,,,,,
Luke Marquardt,2013,OT,Azusa Pacific,10,5.34,30.59,,,8,3,0,0,0,0,0.0,80.0,315.0,,31.0,,,,
Miguel Maysonet,2013,RB,Stony Brook,10,4.54,43.33,,,8,3,0,0,0,0,0.0,69.0,209.0,,20.0,,7.21,4.43,
Onterio McCalebb,2013,RB,Auburn,2,4.34,76.67,,,8,3,0,0,0,0,0.0,70.0,168.0,34.0,,121.0,,,
Lerentee McCray,2013,OLB,Florida,2,4.74,40.0,,,8,3,0,0,0,0,0.0,74.0,250.0,,,,,,
Brad McDougald,2013,S,Illinois,4,4.51,53.33,,,8,3,0,0,0,0,0.0,72.0,215.0,34.5,19.0,122.0,7.07,4.44,
Rontez Miles,2013,S,California (PA),4,4.62,28.89,,,8,3,0,0,0,0,0.0,72.0,203.0,36.5,,123.0,6.97,4.27,
Stephane Milhim,2013,OG,Massachusetts,10,5.14,54.67,,,8,3,0,0,0,0,0.0,76.0,314.0,28.5,,104.0,,4.87,
T.J. Moe,2013,WR,Missouri,4,4.74,0.0,,,8,3,0,0,0,0,0.0,71.0,204.0,36.0,26.0,120.0,6.53,3.96,
Xavier Nixon,2013,OT,Florida,2,5.23,43.53,,,8,3,0,0,0,0,0.0,78.0,321.0,,,,,,
Ryan Otten,2013,TE,San Jose State,7,4.69,51.67,,,8,3,0,0,0,0,0.0,77.0,230.0,,,,,,
Chris Pantale,2013,TE,Boston College,4,4.99,1.67,,,8,3,0,0,0,0,0.0,77.0,254.0,33.5,17.0,110.0,7.48,4.5,
Keith Pough,2013,ILB,Howard,10,4.87,20.0,,,8,3,0,0,0,0,0.0,74.0,239.0,33.0,17.0,118.0,7.28,4.47,
Lonnie Pryor,2013,FB,Florida State,2,4.7,46.15,,,8,3,0,0,0,0,0.0,71.0,227.0,30.0,17.0,114.0,7.28,4.55,
Kevin Reddick,2013,ILB,North Carolina,3,4.72,43.08,,,8,3,0,0,0,0,0.0,73.0,243.0,,23.0,113.0,,,
Greg Reid,2013,CB,Florida State,2,4.46,42.22,,,8,3,0,0,0,0,0.0,68.0,190.0,,10.0,,,,
Nickell Robey,2013,CB,USC,2,4.53,26.67,,,8,3,0,0,0,0,0.0,67.0,169.0,37.5,10.0,127.0,6.74,4.09,
Da'Rick Rogers,2013,WR,Tennessee Tech,2,4.5,40.0,,,8,3,0,0,0,0,0.0,74.0,217.0,39.5,10.0,132.0,6.71,4.06,
Robbie Rouse,2013,RB,Fresno State,7,4.8,0.0,,,8,3,0,0,0,0,0.0,66.0,190.0,34.0,15.0,114.0,6.97,4.25,
Etienne Sabino,2013,OLB,Ohio State,1,4.75,38.46,,,8,3,0,0,0,0,0.0,74.0,247.0,,24.0,114.0,,,
Lanear Sampson,2013,WR,Baylor,3,4.46,48.0,,,8,3,0,0,0,0,0.0,71.0,204.0,33.5,20.0,119.0,7.1,4.38,
Matt Scott,2013,QB,Arizona,4,4.69,51.25,,,8,3,0,0,0,0,0.0,74.0,213.0,31.0,,118.0,6.69,3.99,
Quinn Sharp,2013,P,Oklahoma State,3,4.86,21.54,,,8,3,0,0,0,0,0.0,73.0,189.0,,,,,,
Rodney Smith,2013,WR,Florida State,2,4.51,38.0,,,8,3,0,0,0,0,0.0,76.0,225.0,34.5,,120.0,7.03,4.07,
Ryan Spadola,2013,WR,Lehigh,10,4.48,44.0,,,8,3,0,0,0,0,0.0,73.0,204.0,33.5,15.0,119.0,6.72,4.07,
Damion Square,2013,DE,Alabama,1,5.23,0.0,,,8,3,0,0,0,0,0.0,74.0,293.0,,,,,,
Matt Stankiewitch,2013,C,Penn State,2,5.43,22.67,,,8,3,0,0,0,0,0.0,75.0,302.0,24.0,27.0,92.0,7.9,4.96,
Jawanza Starling,2013,S,USC,2,4.64,24.44,,,8,3,0,0,0,0,0.0,73.0,202.0,36.0,17.0,122.0,6.68,4.34,
Jonathan Stewart,2013,ILB,Texas A&M,2,4.68,49.23,,,8,3,0,0,0,0,0.0,76.0,242.0,31.0,19.0,118.0,7.44,4.53,
Walter Stewart,2013,DE,Cincinnati,4,4.69,63.08,,,8,3,0,0,0,0,0.0,76.0,246.0,,,,,,
Jake Stoneburner,2013,TE,Ohio State,1,4.65,58.33,,,8,3,0,0,0,0,0.0,75.0,252.0,34.5,18.0,116.0,7.12,4.27,
Dax Swanson,2013,CB,SMU,6,4.56,20.0,,,8,3,0,0,0,0,0.0,70.0,186.0,33.0,15.0,122.0,,,
Rod Sweeting,2013,CB,Georgia Tech,3,4.42,51.11,,,8,3,0,0,0,0,0.0,71.0,189.0,37.0,11.0,124.0,,,
Bruce Taylor,2013,ILB,Virginia Tech,3,5.01,0.0,,,8,3,0,0,0,0,0.0,73.0,237.0,30.5,19.0,115.0,7.21,4.39,
Mike Taylor,2013,OLB,Wisconsin,3,4.75,38.46,,,8,3,0,0,0,0,0.0,73.0,234.0,,,,,,
Chase Thomas,2013,OLB,Stanford,3,4.91,13.85,,,8,3,0,0,0,0,0.0,75.0,244.0,32.0,18.0,113.0,7.17,4.31,
Kenbrell Thompkins,2013,WR,Cincinnati,4,4.54,32.0,,,8,3,0,0,0,0,0.0,73.0,193.0,33.5,8.0,121.0,6.88,4.21,
Matthew Tucker,2013,RB,TCU,3,4.55,41.67,,,8,3,0,0,0,0,0.0,72.0,221.0,35.5,17.0,118.0,,,
James Vandenberg,2013,QB,Iowa,3,4.92,22.5,,,8,3,0,0,0,0,0.0,75.0,226.0,32.0,,116.0,6.95,4.52,
Conner Vernon,2013,WR,Duke,4,4.68,4.0,,,8,3,0,0,0,0,0.0,72.0,196.0,32.5,,125.0,6.93,4.22,
Jason Weaver,2013,OT,Southern Miss,10,5.44,18.82,,,8,3,0,0,0,0,0.0,76.0,313.0,21.0,23.0,94.0,8.23,5.07,
John Wetzel,2013,OT,Boston College,4,5.46,16.47,,,8,3,0,0,0,0,0.0,79.0,315.0,25.0,22.0,105.0,7.9,4.81,
Nathan Williams,2013,OLB,Ohio State,1,4.88,18.46,,,8,3,0,0,0,0,0.0,75.0,241.0,35.0,24.0,113.0,6.99,4.44,
Brad Wing,2013,P,LSU,1,4.86,21.54,,,8,3,0,0,0,0,0.0,74.0,205.0,,,,,,
George Winn,2013,RB,Cincinnati,4,4.75,8.33,,,8,3,0,0,0,0,0.0,70.0,218.0,34.5,22.0,119.0,,,
Cierre Wood,2013,RB,Notre Dame,2,4.56,40.0,,,8,3,0,0,0,0,0.0,71.0,213.0,37.5,16.0,124.0,,,
Tom Wort,2013,ILB,Oklahoma,2,4.78,33.85,,,8,3,0,0,0,0,0.0,72.0,235.0,31.5,21.0,111.0,7.41,4.51,
Antonio Andrews,2014,RB,Western Kentucky,5,4.82,0.0,,,8,3,0,0,0,0,0.0,70.0,225.0,29.5,20.0,106.0,7.24,4.49,
Matt Armstrong,2014,C,Grand Valley State,10,5.18,56.0,,,8,3,0,0,0,0,0.0,74.0,302.0,,,,,,
George Atkinson,2014,RB,Notre Dame,2,4.48,53.33,,,8,3,0,0,0,0,0.0,73.0,218.0,38.0,19.0,121.0,7.07,4.46,
Dion Bailey,2014,S,USC,2,4.66,20.0,,,8,3,0,0,0,0,0.0,72.0,201.0,34.0,,113.0,6.97,4.15,
Deion Belue,2014,CB,Alabama,1,4.48,37.78,,,8,3,0,0,0,0,0.0,71.0,182.0,,11.0,,,,
Kapri Bibbs,2014,RB,Colorado State,7,4.67,21.67,,,8,3,0,0,0,0,0.0,69.0,212.0,29.0,24.0,106.0,,,
Conor Boffeli,2014,OG,Iowa,3,5.3,33.33,,,8,3,0,0,0,0,0.0,76.0,298.0,25.0,21.0,101.0,7.44,4.61,
Chris Boswell,2014,K,Rice,6,4.93,10.77,,,8,3,0,0,0,0,0.0,74.0,185.0,,,,,,
Chris Boyd,2014,WR,Vanderbilt,4,4.73,0.0,,,8,3,0,0,0,0,0.0,76.0,206.0,,12.0,,,,
Jonathan Brown,2014,OLB,Illinois,4,5.03,0.0,,,8,3,0,0,0,0,0.0,72.0,238.0,31.0,16.0,108.0,7.77,4.56,
Corey Brown,2014,WR,Ohio State,1,4.51,38.0,,,8,3,0,0,0,0,0.0,71.0,178.0,33.0,,116.0,7.16,4.22,
Max Bullough,2014,ILB,Michigan State,3,4.78,33.85,,,8,3,0,0,0,0,0.0,75.0,249.0,31.0,30.0,112.0,7.22,4.3,
Isaiah Burse,2014,WR,Fresno State,7,4.58,24.0,,,8,3,0,0,0,0,0.0,70.0,188.0,31.0,16.0,115.0,6.74,3.94,
Trey Burton,2014,WR,Florida,2,4.62,16.0,,,8,3,0,0,0,0,0.0,74.0,224.0,30.0,,112.0,7.14,4.32,
Steven Clark,2014,P,Auburn,2,5.18,0.0,,,8,3,0,0,0,0,0.0,77.0,231.0,,,,,,
Brandon Coleman,2014,WR,Rutgers,4,4.56,28.0,,,8,3,0,0,0,0,0.0,78.0,225.0,32.5,21.0,,7.33,4.51,
Deandre Coleman,2014,DT,California,4,5.12,28.75,,,8,3,0,0,0,0,0.0,77.0,314.0,,24.0,,,,
Kain Colter,2014,WR,Northwestern,5,4.71,0.0,,,8,3,0,0,0,0,0.0,70.0,198.0,,,,,,
Damian Copeland,2014,WR,Louisville,4,4.5,40.0,,,8,3,0,0,0,0,0.0,71.0,184.0,40.0,12.0,120.0,6.53,3.9,
J.C. Copeland,2014,FB,LSU,1,4.95,7.69,,,8,3,0,0,0,0,0.0,71.0,271.0,28.5,23.0,111.0,7.68,4.58,
Tim Cornett,2014,RB,UNLV,10,4.48,53.33,,,8,3,0,0,0,0,0.0,72.0,209.0,34.5,,125.0,7.01,4.26,
Isaiah Crowell,2014,RB,Arkansas,3,4.57,38.33,,,8,3,0,0,0,0,0.0,71.0,224.0,38.0,23.0,117.0,,,
Chris Davis,2014,CB,Auburn,2,4.54,24.44,,,8,3,0,0,0,0,0.0,70.0,202.0,,15.0,,,,
Mike Davis,2014,WR,Texas,2,4.52,36.0,,,8,3,0,0,0,0,0.0,72.0,197.0,,10.0,,,,
A.D. Denham,2014,TE,Kansas,10,4.69,51.67,,,8,3,0,0,0,0,0.0,76.0,235.0,32.5,,,,,
Joe Don Duncan,2014,TE,Dixie State,10,4.79,35.0,,,8,3,0,0,0,0,0.0,75.0,268.0,,35.0,,,,
Kasim Edebali,2014,OLB,Boston College,4,4.79,32.31,,,8,3,0,0,0,0,0.0,74.0,253.0,34.5,19.0,115.0,7.2,4.35,
Matt Feiler,2014,OT,Bloomsburg,10,5.37,27.06,,,8,3,0,0,0,0,0.0,78.0,330.0,26.5,36.0,103.0,8.13,4.86,
Anthony Fera,2014,K,Texas,2,4.85,23.08,,,8,3,0,0,0,0,0.0,73.0,211.0,,,,,,
Tim Flanders,2014,RB,SMU,6,4.75,8.33,,,8,3,0,0,0,0,0.0,69.0,207.0,32.0,20.0,113.0,7.07,,
David Fluellen,2014,RB,Toledo,8,4.72,13.33,,,8,3,0,0,0,0,0.0,71.0,224.0,36.5,,120.0,6.9,,
Bennie Fowler,2014,WR,Michigan State,3,4.52,36.0,,,8,3,0,0,0,0,0.0,73.0,217.0,36.0,,126.0,7.06,4.18,
Austin Franklin,2014,WR,New Mexico State,7,4.56,28.0,,,8,3,0,0,0,0,0.0,71.0,189.0,36.0,7.0,124.0,7.07,4.33,
James Gayle,2014,DE,Virginia Tech,3,4.7,61.54,,,8,3,0,0,0,0,0.0,76.0,259.0,37.0,26.0,122.0,7.19,4.27,
Xavier Grimble,2014,TE,USC,2,4.76,40.0,,,8,3,0,0,0,0,0.0,76.0,257.0,26.5,,113.0,,,
Ryan Groy,2014,OG,Wisconsin,3,5.19,48.0,,,8,3,0,0,0,0,0.0,77.0,316.0,26.5,26.0,108.0,7.49,4.47,
Victor Hampton,2014,CB,South Carolina,3,4.69,0.0,,,8,3,0,0,0,0,0.0,69.0,197.0,33.5,20.0,118.0,7.01,4.2,
Jonotthan Harrison,2014,C,Florida,2,5.15,60.0,,,8,3,0,0,0,0,0.0,75.0,304.0,27.0,27.0,113.0,7.97,4.86,
Marcus Heit,2014,LS,Kansas State,4,4.91,13.85,,,8,3,0,0,0,0,0.0,75.0,258.0,29.0,,115.0,,,
Ryan Hewitt,2014,FB,Stanford,3,4.87,20.0,,,8,3,0,0,0,0,0.0,76.0,246.0,33.0,,109.0,7.04,4.35,
Cody Hoffman,2014,WR,BYU,5,4.65,10.0,,,8,3,0,0,0,0,0.0,76.0,223.0,27.5,13.0,108.0,6.89,4.2,
Tom Hornsey,2014,P,Memphis,6,5.05,0.0,,,8,3,0,0,0,0,0.0,75.0,221.0,,,,,,
Adrian Hubbard,2014,OLB,Alabama,1,4.69,47.69,,,8,3,0,0,0,0,0.0,78.0,257.0,38.5,,117.0,,,
Allen Hurns,2014,WR,Miami (FL),2,4.55,30.0,,,8,3,0,0,0,0,0.0,73.0,198.0,31.0,14.0,120.0,7.23,4.5,
James Hurst,2014,OT,North Carolina,3,5.59,1.18,,,8,3,0,0,0,0,0.0,77.0,296.0,,,,,,
Kerry Hyder,2014,DT,Texas Tech,4,5.1,31.25,,,8,3,0,0,0,0,0.0,74.0,290.0,29.5,20.0,108.0,7.23,4.33,
Gabe Ikard,2014,C,Oklahoma,2,5.13,62.67,,,8,3,0,0,0,0,0.0,76.0,304.0,26.0,22.0,103.0,7.3,4.37,
Nic Jacobs,2014,TE,McNeese State,10,4.89,18.33,,,8,3,0,0,0,0,0.0,77.0,269.0,,15.0,,,,
Jackson Jeffcoat,2014,DE,Texas,2,4.63,72.31,,,8,3,0,0,0,0,0.0,75.0,247.0,36.0,18.0,123.0,6.97,4.18,
Marcel Jensen,2014,TE,Fresno State,7,4.85,25.0,,,8,3,0,0,0,0,0.0,78.0,259.0,35.0,24.0,115.0,7.38,4.6,
Anthony Johnson,2014,DT,LSU,1,5.24,13.75,,,8,3,0,0,0,0,0.0,74.0,308.0,24.5,20.0,102.0,7.93,4.83,
Christian Jones,2014,OLB,Florida State,2,4.68,49.23,,,8,3,0,0,0,0,0.0,75.0,240.0,33.5,,115.0,,,
Howard Jones,2014,OLB,Shepherd,10,4.6,61.54,,,8,3,0,0,0,0,0.0,74.0,235.0,40.5,21.0,124.0,7.16,4.41,
Reggie Jordan,2014,FB,Missouri Western State,4,4.77,35.38,,,8,3,0,0,0,0,0.0,75.0,240.0,30.0,24.0,116.0,7.22,4.3,
Henry Josey,2014,RB,Missouri,4,4.43,61.67,,,8,3,0,0,0,0,0.0,68.0,194.0,34.5,20.0,118.0,7.07,4.13,
"James Wilder, Jr.",2014,RB,Florida State,2,4.65,25.0,,,8,3,0,0,0,0,0.0,75.0,232.0,35.0,18.0,121.0,6.92,4.24,
Zach Kerr,2014,DT,Tennessee,2,5.06,36.25,,,8,3,0,0,0,0,0.0,73.0,326.0,28.5,28.0,99.0,7.93,4.71,
Kenny Ladler,2014,S,Vanderbilt,4,4.7,11.11,,,8,3,0,0,0,0,0.0,72.0,207.0,36.5,24.0,127.0,,,
Tyler Larsen,2014,C,Utah State,7,5.17,57.33,,,8,3,0,0,0,0,0.0,76.0,313.0,23.5,36.0,102.0,8.22,4.7,
A.C. Leonard,2014,TE,Tennessee State,2,4.5,83.33,,,8,3,0,0,0,0,0.0,74.0,252.0,34.0,20.0,128.0,,,
Richie Leone,2014,P,Houston,6,5.1,0.0,,,8,3,0,0,0,0,0.0,75.0,211.0,,,,,,
Isaiah Lewis,2014,S,Michigan State,3,4.6,33.33,,,8,3,0,0,0,0,0.0,70.0,211.0,36.5,15.0,122.0,7.05,4.47,
Boseko Lokombo,2014,OLB,Oregon,2,4.66,52.31,,,8,3,0,0,0,0,0.0,74.0,225.0,,,122.0,7.15,4.3,
Craig Loston,2014,S,LSU,1,4.65,22.22,,,8,3,0,0,0,0,0.0,73.0,217.0,32.5,12.0,119.0,7.15,4.35,
Cornelius Lucas,2014,OT,Kansas State,4,5.29,36.47,,,8,3,0,0,0,0,0.0,80.0,316.0,,,,,,
Marcus Lucas,2014,WR,Missouri,4,4.6,20.0,,,8,3,0,0,0,0,0.0,76.0,218.0,36.0,20.0,124.0,7.07,4.25,
Colt Lyerla,2014,TE,Oregon,2,4.61,65.0,,,8,3,0,0,0,0,0.0,76.0,242.0,39.0,15.0,128.0,,,
Jordan Lynch,2014,QB,Northern Illinois,8,4.76,42.5,,,8,3,0,0,0,0,0.0,72.0,217.0,29.5,,109.0,6.55,4.2,
Cody Mandell,2014,P,Alabama,1,4.89,16.92,,,8,3,0,0,0,0,0.0,74.0,216.0,27.0,,109.0,,,
Eathyn Manumaleuna,2014,DT,BYU,5,5.16,23.75,,,8,3,0,0,0,0,0.0,74.0,296.0,28.0,29.0,101.0,7.78,4.61,
Jeff Mathews,2014,QB,Cornell,10,5.26,0.0,,,8,3,0,0,0,0,0.0,76.0,223.0,25.5,,105.0,7.14,4.36,
Josh Mauro,2014,DE,Stanford,3,5.21,0.0,,,8,3,0,0,0,0,0.0,78.0,271.0,32.0,21.0,116.0,7.43,4.51,
Tevin Mims,2014,DE,South Florida,6,4.95,23.08,,,8,3,0,0,0,0,0.0,76.0,260.0,27.5,17.0,109.0,,,
James Morris,2014,ILB,Iowa,3,4.8,30.77,,,8,3,0,0,0,0,0.0,73.0,241.0,34.5,18.0,117.0,6.94,4.36,
Stephen Morris,2014,QB,Miami (FL),2,4.63,58.75,,,8,3,0,0,0,0,0.0,74.0,213.0,30.0,,111.0,7.36,4.49,
Adam Muema,2014,RB,San Diego State,7,4.56,40.0,,,8,3,0,0,0,0,0.0,70.0,202.0,,,,,,
Jake Murphy,2014,TE,Utah,3,4.79,35.0,,,8,3,0,0,0,0,0.0,76.0,249.0,33.0,24.0,114.0,7.18,4.27,
Jordan Najvar,2014,TE,Baylor,3,4.93,11.67,,,8,3,0,0,0,0,0.0,78.0,256.0,32.5,18.0,112.0,7.14,4.47,
Tenny Palepoi,2014,DT,Utah,3,5.1,31.25,,,8,3,0,0,0,0,0.0,73.0,298.0,30.5,31.0,111.0,7.67,4.53,
Matt Patchan,2014,OT,Boston College,4,4.97,74.12,,,8,3,0,0,0,0,0.0,78.0,302.0,33.5,22.0,,,,
Jacob Pedersen,2014,TE,Wisconsin,3,4.82,30.0,,,8,3,0,0,0,0,0.0,75.0,238.0,28.5,,111.0,7.55,4.4,
LaDarius Perkins,2014,RB,Mississippi State,3,4.46,56.67,,,8,3,0,0,0,0,0.0,67.0,195.0,35.5,23.0,124.0,7.08,4.3,
Loucheiz Purifoy,2014,CB,Florida,2,4.61,8.89,,,8,3,0,0,0,0,0.0,71.0,190.0,35.5,6.0,120.0,,,
Kelcy Quarles,2014,DT,South Carolina,3,5.03,40.0,,,8,3,0,0,0,0,0.0,76.0,297.0,23.5,27.0,102.0,,,
Silas Redd,2014,RB,USC,2,4.7,16.67,,,8,3,0,0,0,0,0.0,70.0,212.0,37.0,18.0,122.0,,,
Bryn Renner,2014,QB,North Carolina,3,4.87,28.75,,,8,3,0,0,0,0,0.0,75.0,228.0,25.5,,108.0,7.22,4.3,
Rashaad Reynolds,2014,CB,Oregon State,4,4.51,31.11,,,8,3,0,0,0,0,0.0,70.0,189.0,37.5,20.0,123.0,6.72,4.0,
Antonio Richardson,2014,OT,Tennessee,2,5.3,35.29,,,8,3,0,0,0,0,0.0,78.0,336.0,24.5,36.0,,,,
Marcus Roberson,2014,CB,Florida,2,4.61,8.89,,,8,3,0,0,0,0,0.0,72.0,191.0,37.5,8.0,120.0,6.84,4.08,
Cairo Santos,2014,K,Tulane,6,4.76,36.92,,,8,3,0,0,0,0,0.0,68.0,164.0,,,,,,
Connor Shaw,2014,QB,South Carolina,3,4.66,55.0,,,8,3,0,0,0,0,0.0,72.0,206.0,34.0,,116.0,7.07,4.33,
Shayne Skov,2014,ILB,Stanford,3,5.09,0.0,,,8,3,0,0,0,0,0.0,74.0,245.0,,,,,,
Jerome Smith,2014,RB,Syracuse,4,4.84,0.0,,,8,3,0,0,0,0,0.0,71.0,220.0,36.0,14.0,118.0,7.53,4.6,
Willie Snead,2014,WR,Ball State,8,4.62,16.0,,,8,3,0,0,0,0,0.0,71.0,195.0,33.5,11.0,113.0,7.19,4.39,
Daniel Sorensen,2014,S,BYU,5,4.67,17.78,,,8,3,0,0,0,0,0.0,73.0,205.0,32.0,13.0,114.0,6.47,3.95,
Anthony Steen,2014,OG,Alabama,1,5.33,29.33,,,8,3,0,0,0,0,0.0,75.0,314.0,,,,,,
Josh Stewart,2014,WR,Oklahoma State,3,4.69,2.0,,,8,3,0,0,0,0,0.0,70.0,178.0,35.0,11.0,117.0,7.1,4.33,
James Stone,2014,C,Tennessee,2,5.17,57.33,,,8,3,0,0,0,0,0.0,76.0,306.0,27.5,22.0,105.0,8.16,4.63,
Robert Thomas,2014,DT,Arkansas,3,5.26,11.25,,,8,3,0,0,0,0,0.0,73.0,327.0,,32.0,,,,
D.J. Tialavea,2014,TE,Utah State,7,4.95,8.33,,,8,3,0,0,0,0,0.0,75.0,267.0,,,,,,
George Uko,2014,DT,USC,2,4.99,45.0,,,8,3,0,0,0,0,0.0,75.0,284.0,29.5,18.0,110.0,,,
Uani' Unga,2014,ILB,BYU,5,4.82,27.69,,,8,3,0,0,0,0,0.0,73.0,231.0,,,,,,
Dustin Vaughan,2014,QB,West Texas A&M,10,4.95,18.75,,,8,3,0,0,0,0,0.0,77.0,235.0,29.0,,108.0,7.25,4.43,
Todd Washington,2014,CB,SE Louisiana,10,4.57,17.78,,,8,3,0,0,0,0,0.0,71.0,196.0,,13.0,,,,
L'Damian Washington,2014,WR,Missouri,4,4.46,48.0,,,8,3,0,0,0,0,0.0,76.0,195.0,32.0,8.0,115.0,7.19,4.35,
Ethan Westbrooks,2014,DE,West Texas A&M,10,4.9,30.77,,,8,3,0,0,0,0,0.0,75.0,267.0,29.0,19.0,110.0,7.3,4.67,
Chris Whaley,2014,DT,Texas,2,5.02,41.25,,,8,3,0,0,0,0,0.0,75.0,269.0,,,,,,
Damien Williams,2014,RB,Oklahoma,2,4.45,58.33,,,8,3,0,0,0,0,0.0,71.0,222.0,35.5,16.0,121.0,7.37,4.25,
Albert Wilson,2014,WR,Georgia State,1,4.43,54.0,,,8,3,0,0,0,0,0.0,69.0,202.0,37.5,10.0,123.0,7.0,4.21,
Kerry Wynn,2014,DE,Richmond,9,4.97,20.0,,,8,3,0,0,0,0,0.0,77.0,266.0,34.0,31.0,113.0,,,
Dres Anderson,2015,WR,Utah,3,4.54,32.0,,64.88,8,3,0,0,0,0,0.0,73.0,187.0,,13.0,,,,
Tavaris Barnes,2015,DE,Clemson,1,4.8,46.15,,,8,3,0,0,0,0,0.0,76.0,282.0,,22.0,,,,
Will Baumann,2015,P,Boise State,7,5.14,0.0,,,8,3,0,0,0,0,0.0,78.0,187.0,,,,,,
Bryan Bennett,2015,QB,SE Louisiana,10,4.81,36.25,,,8,3,0,0,0,0,0.0,74.0,211.0,37.0,,125.0,7.13,4.2,
E.J. Bibbs,2015,TE,Iowa State,4,4.88,20.0,,57.3,8,3,0,0,0,0,0.0,74.0,258.0,,20.0,,,,
Al Bond,2015,OG,Memphis,6,5.57,0.0,,,8,3,0,0,0,0,0.0,76.0,303.0,23.5,22.0,90.0,7.9,4.65,
Detrick Bonner,2015,S,Virginia Tech,3,4.56,42.22,,,8,3,0,0,0,0,0.0,72.0,207.0,,15.0,,,,
Anthony Boone,2015,QB,Duke,4,5.03,8.75,,55.58,8,3,0,0,0,0,0.0,72.0,231.0,26.5,,100.0,7.47,4.62,
Brett Boyko,2015,OG,UNLV,10,5.6,0.0,,,8,3,0,0,0,0,0.0,79.0,301.0,25.0,,103.0,7.91,4.75,
Brandon Bridge,2015,QB,South Alabama,10,4.72,47.5,,54.59,8,3,0,0,0,0,0.0,76.0,229.0,33.0,,110.0,7.18,4.37,
Kyle Brindza,2015,K,Notre Dame,2,5.17,0.0,,,8,3,0,0,0,0,0.0,73.0,236.0,,14.0,,,,
Dominique Brown,2015,RB,Louisville,4,4.63,28.33,,47.55,8,3,0,0,0,0,0.0,74.0,234.0,,17.0,,,,
Malcolm Brown,2015,RB,Texas,2,4.62,30.0,,55.5,8,3,0,0,0,0,0.0,71.0,224.0,34.5,19.0,117.0,6.86,4.15,
Shane Carden,2015,QB,East Carolina,6,4.94,20.0,,100.0,8,3,0,0,0,0,0.0,74.0,218.0,29.5,,104.0,7.17,4.45,
B.J. Catalon,2015,RB,TCU,3,4.57,38.33,,94.16,8,3,0,0,0,0,0.0,67.0,186.0,36.0,,114.0,6.9,4.15,
Donald Celiscar,2015,CB,Western Michigan,8,4.62,6.67,,,8,3,0,0,0,0,0.0,71.0,194.0,,,120.0,,,
Kyle Christy,2015,P,Florida,2,4.93,10.77,,,8,3,0,0,0,0,0.0,74.0,202.0,,,,,,
Cameron Clear,2015,OT,Texas A&M,2,4.98,72.94,,,8,3,0,0,0,0,0.0,77.0,277.0,32.0,,108.0,7.52,4.48,
Takoby Cofield,2015,OT,Duke,4,5.19,48.24,,,8,3,0,0,0,0,0.0,76.0,310.0,30.0,23.0,101.0,8.09,4.79,
Justin Coleman,2015,CB,Tennessee,2,4.53,26.67,,,8,3,0,0,0,0,0.0,71.0,185.0,37.5,20.0,124.0,6.61,3.98,
La'el Collins,2015,OT,LSU,1,5.1,58.82,,,8,3,0,0,0,0,0.0,76.0,305.0,27.0,21.0,108.0,7.7,4.63,
Justin Cox,2015,CB,Mississippi State,3,4.36,64.44,,,8,3,0,0,0,0,0.0,73.0,191.0,38.0,15.0,129.0,7.05,4.07,
Corey Crawford,2015,DE,Clemson,1,5.01,13.85,,,8,3,0,0,0,0,0.0,77.0,299.0,33.0,,110.0,7.64,4.65,
Rob Crisp,2015,OT,Boise State,7,5.26,40.0,,,8,3,0,0,0,0,0.0,79.0,301.0,32.5,26.0,107.0,8.07,4.6,
John Crockett,2015,RB,North Dakota State,9,4.62,30.0,,,8,3,0,0,0,0,0.0,72.0,217.0,40.0,15.0,125.0,7.15,4.25,
Yannick Cudjoe-Virgil,2015,OLB,Maryland,4,4.8,30.77,,,8,3,0,0,0,0,0.0,74.0,248.0,,25.0,,,,
DaVaris Daniels,2015,WR,Notre Dame,2,4.62,16.0,,,8,3,0,0,0,0,0.0,73.0,201.0,37.0,13.0,122.0,,,
Devante Davis,2015,WR,UNLV,10,4.57,26.0,,74.62,8,3,0,0,0,0,0.0,75.0,220.0,35.5,16.0,115.0,7.25,4.12,
Aaron Davis,2015,OLB,Colorado State,7,4.95,7.69,,,8,3,0,0,0,0,0.0,72.0,225.0,29.0,16.0,107.0,7.38,4.37,
Titus Davis,2015,WR,Central Michigan,8,4.51,38.0,,100.0,8,3,0,0,0,0,0.0,73.0,196.0,32.5,,119.0,7.14,4.28,
Ryan Delaire,2015,DE,Towson,10,4.97,20.0,,,8,3,0,0,0,0,0.0,76.0,254.0,,23.0,,,,
Trey DePriest,2015,ILB,Alabama,1,4.93,10.77,,,8,3,0,0,0,0,0.0,72.0,254.0,,,,,,
AJ Derby,2015,TE,Arkansas,3,4.72,46.67,,,8,3,0,0,0,0,0.0,76.0,255.0,,15.0,,,,
Reese Dismukes,2015,C,Auburn,2,5.31,38.67,,,8,3,0,0,0,0,0.0,75.0,296.0,27.5,23.0,107.0,8.14,4.7,
Kurtis Drummond,2015,S,Michigan State,3,4.65,22.22,,,8,3,0,0,0,0,0.0,73.0,208.0,39.5,,119.0,7.09,4.33,
Michael Dyer,2015,RB,Louisville,4,4.58,36.67,,63.34,8,3,0,0,0,0,0.0,68.0,218.0,34.0,26.0,120.0,,,
Jahwan Edwards,2015,RB,Ball State,8,4.8,0.0,,100.0,8,3,0,0,0,0,0.0,69.0,220.0,35.5,16.0,117.0,7.63,4.5,
Durell Eskridge,2015,S,Syracuse,4,4.56,42.22,,,8,3,0,0,0,0,0.0,75.0,208.0,31.0,,117.0,7.09,4.26,
Cody Fajardo,2015,QB,Nevada,7,4.63,58.75,,58.08,8,3,0,0,0,0,0.0,73.0,223.0,32.5,,118.0,6.95,4.1,
Sam Ficken,2015,K,Penn State,2,5.06,0.0,,,8,3,0,0,0,0,0.0,73.0,191.0,,,,,,
B.J. Finney,2015,C,Kansas State,4,5.25,46.67,,,8,3,0,0,0,0,0.0,76.0,318.0,24.0,20.0,99.0,,4.76,
Alani Fua,2015,OLB,BYU,5,4.73,41.54,,,8,3,0,0,0,0,0.0,77.0,238.0,34.5,18.0,118.0,6.83,4.15,
Jacoby Glenn,2015,CB,UCF,4,4.64,2.22,,,8,3,0,0,0,0,0.0,72.0,179.0,34.0,,123.0,6.97,4.26,
Antwan Goodley,2015,WR,Baylor,3,4.44,52.0,,86.31,8,3,0,0,0,0,0.0,70.0,209.0,,,,,,
Ladarius Gunter,2015,S,Miami (FL),2,4.62,28.89,,,8,3,0,0,0,0,0.0,73.0,202.0,33.5,12.0,108.0,7.18,4.41,
Chris Hackett,2015,S,TCU,3,4.81,0.0,,,8,3,0,0,0,0,0.0,72.0,195.0,32.0,,110.0,7.12,4.2,
Rannell Hall,2015,WR,UCF,4,4.6,20.0,,45.75,8,3,0,0,0,0,0.0,72.0,198.0,41.0,16.0,132.0,6.86,4.15,
Connor Halliday,2015,QB,Washington State,4,4.87,28.75,,100.0,8,3,0,0,0,0,0.0,75.0,204.0,,,,,,
Chad Hamilton,2015,C,Coastal Carolina,8,4.97,84.0,,,8,3,0,0,0,0,0.0,74.0,292.0,,,,,,
Josh Harper,2015,WR,Fresno State,7,4.64,12.0,,77.79,8,3,0,0,0,0,0.0,73.0,191.0,32.0,13.0,108.0,7.15,4.36,
Anthony Harris,2015,S,Virginia,4,4.56,42.22,,,8,3,0,0,0,0,0.0,73.0,183.0,,,,,,
Dee Hart,2015,RB,Colorado State,7,4.8,0.0,,100.0,8,3,0,0,0,0,0.0,67.0,199.0,33.0,,113.0,7.2,4.38,
Braylon Heard,2015,RB,Kentucky,4,4.63,28.33,,35.83,8,3,0,0,0,0,0.0,70.0,198.0,30.5,19.0,116.0,7.19,4.4,
Sean Hickey,2015,OT,Syracuse,4,5.39,24.71,,,8,3,0,0,0,0,0.0,77.0,309.0,,35.0,,,,
Troy Hill,2015,CB,Oregon,2,4.55,22.22,,,8,3,0,0,0,0,0.0,70.0,180.0,32.5,,120.0,6.81,4.21,
Zack Hodges,2015,OLB,Harvard,10,4.68,49.23,,,8,3,0,0,0,0,0.0,74.0,250.0,33.5,,125.0,,4.65,
Mike Hull,2015,OLB,Penn State,2,4.68,49.23,,,8,3,0,0,0,0,0.0,72.0,237.0,,31.0,,6.99,4.15,
Anthony Jefferson,2015,S,UCLA,5,4.72,6.67,,,8,3,0,0,0,0,0.0,73.0,198.0,33.5,15.0,116.0,7.18,4.15,
Gus Johnson,2015,RB,Stephen F. Austin,10,4.7,16.67,,,8,3,0,0,0,0,0.0,70.0,215.0,36.5,26.0,120.0,7.09,4.13,
Will Johnson,2015,P,Texas State,2,5.02,0.0,,,8,3,0,0,0,0,0.0,74.0,206.0,,,,,,
Christion Jones,2015,WR,Alabama,1,4.63,14.0,,24.5,8,3,0,0,0,0,0.0,70.0,182.0,32.5,8.0,119.0,6.91,4.19,
Taiwan Jones,2015,ILB,Michigan State,3,4.95,7.69,,,8,3,0,0,0,0,0.0,75.0,245.0,32.0,19.0,115.0,7.25,4.33,
Josh Lambo,2015,K,Texas A&M,2,5.16,0.0,,,8,3,0,0,0,0,0.0,72.0,216.0,,,,,,
Dez Lewis,2015,WR,Central Arkansas,9,4.58,24.0,,,8,3,0,0,0,0,0.0,76.0,214.0,33.5,16.0,119.0,7.11,4.28,
Deon Long,2015,WR,Maryland,4,4.51,38.0,,43.45,8,3,0,0,0,0,0.0,72.0,192.0,34.0,12.0,120.0,6.98,4.27,
Kyle Loomis,2015,P,Portland State,10,5.08,0.0,,,8,3,0,0,0,0,0.0,74.0,221.0,,,,,,
Derrick Lott,2015,DT,Tenn-Chattanooga,10,4.99,45.0,,,8,3,0,0,0,0,0.0,76.0,314.0,26.5,30.0,106.0,7.3,4.44,
Jerry Lovelocke,2015,QB,Prairie View,10,4.99,13.75,,,8,3,0,0,0,0,0.0,76.0,248.0,31.5,,113.0,7.3,4.51,
Donatella Luckett,2015,WR,Harding,10,4.4,60.0,,,8,3,0,0,0,0,0.0,72.0,211.0,34.0,17.0,118.0,7.51,4.5,
Terrence Magee,2015,RB,LSU,1,4.62,30.0,,37.08,8,3,0,0,0,0,0.0,68.0,213.0,37.0,22.0,115.0,7.52,4.37,
Greg Mancz,2015,C,Toledo,8,5.08,69.33,,,8,3,0,0,0,0,0.0,76.0,301.0,,,,,,
Justin Manton,2015,K,La-Monroe,10,4.93,10.77,,,8,3,0,0,0,0,0.0,75.0,196.0,,,,,,
Dean Marlowe,2015,S,James Madison,8,4.58,37.78,,,8,3,0,0,0,0,0.0,73.0,203.0,33.5,16.0,114.0,7.0,4.18,
Nick Marshall,2015,CB,Auburn,2,4.54,24.44,,,8,3,0,0,0,0,0.0,73.0,207.0,37.5,12.0,124.0,6.96,4.15,
Josue Matias,2015,OG,Florida State,2,5.52,4.0,,,8,3,0,0,0,0,0.0,77.0,309.0,17.5,,84.0,8.19,5.12,
Joey Mbu,2015,DT,Houston,6,5.54,0.0,,,8,3,0,0,0,0,0.0,75.0,313.0,22.5,,97.0,8.2,5.01,
Ellis McCarthy,2015,DT,UCLA,5,5.21,17.5,,,8,3,0,0,0,0,0.0,77.0,338.0,32.0,24.0,109.0,8.16,5.07,
Tevin McDonald,2015,S,Eastern Washington,10,4.63,26.67,,,8,3,0,0,0,0,0.0,71.0,195.0,33.0,19.0,112.0,7.01,4.26,
Darrian Miller,2015,OT,Kentucky,4,5.51,10.59,,,8,3,0,0,0,0,0.0,77.0,307.0,25.0,,97.0,7.91,4.87,
Leon Orr,2015,DT,Florida,2,5.16,23.75,,,8,3,0,0,0,0,0.0,77.0,323.0,28.0,,100.0,8.26,4.9,
Trevor Pardula,2015,P,Kansas,10,5.12,0.0,,,8,3,0,0,0,0,0.0,76.0,227.0,,,,,,
Garry Peters,2015,CB,Clemson,1,4.61,8.89,,,8,3,0,0,0,0,0.0,72.0,191.0,32.5,7.0,119.0,6.8,4.0,
Cody Prewitt,2015,S,Ole Miss,3,4.6,33.33,,,8,3,0,0,0,0,0.0,74.0,208.0,35.0,11.0,125.0,7.12,4.23,
Thomas Rawls,2015,RB,Central Michigan,8,4.65,25.0,,100.0,8,3,0,0,0,0,0.0,69.0,215.0,35.5,15.0,116.0,,,
Cedric Reed,2015,DE,Texas,2,4.89,32.31,,,8,3,0,0,0,0,0.0,77.0,269.0,,22.0,,,,
Bobby Richardson,2015,DT,Indiana,4,5.16,23.75,,,8,3,0,0,0,0,0.0,75.0,283.0,32.5,,106.0,7.57,4.41,
Jared Roberts,2015,K,Colorado State,7,5.02,0.0,,,8,3,0,0,0,0,0.0,72.0,210.0,,,,,,
Spencer Roth,2015,P,Baylor,3,5.06,0.0,,,8,3,0,0,0,0,0.0,76.0,227.0,,,,,,
Ezell Ruffin,2015,WR,San Diego State,7,4.68,4.0,,59.29,8,3,0,0,0,0,0.0,72.0,218.0,27.5,17.0,110.0,7.35,4.58,
Wes Saxton,2015,TE,South Alabama,10,4.65,58.33,,14.68,8,3,0,0,0,0,0.0,75.0,248.0,36.0,,119.0,7.29,4.49,
Ross Scheuerman,2015,WR,Lafayette,10,4.62,16.0,,,8,3,0,0,0,0,0.0,72.0,204.0,33.0,15.0,121.0,7.08,4.11,
Adam Shead,2015,OG,Oklahoma,2,5.74,0.0,,,8,3,0,0,0,0,0.0,76.0,338.0,,26.0,,,,
Jean Sifrin,2015,TE,Massachusetts,10,4.84,26.67,,70.7,8,3,0,0,0,0,0.0,77.0,245.0,33.0,,114.0,7.5,4.6,
Blake Sims,2015,QB,Alabama,1,4.57,66.25,,63.81,8,3,0,0,0,0,0.0,71.0,218.0,30.5,,115.0,,,
J.T. Surratt,2015,DT,South Carolina,3,5.19,20.0,,,8,3,0,0,0,0,0.0,73.0,304.0,30.0,29.0,106.0,7.78,4.71,
J.R. Tavai,2015,OLB,USC,2,4.91,13.85,,,8,3,0,0,0,0,0.0,74.0,249.0,30.5,20.0,112.0,,,
Eric Tomlinson,2015,TE,UTEP,6,4.98,3.33,,20.64,8,3,0,0,0,0,0.0,78.0,263.0,30.5,19.0,110.0,7.46,4.54,
Lynden Trail,2015,DE,Norfolk State,10,4.91,29.23,,,8,3,0,0,0,0,0.0,79.0,269.0,32.5,24.0,117.0,7.32,4.48,
Louis Trinca-Pasat,2015,DT,Iowa,3,4.96,48.75,,,8,3,0,0,0,0,0.0,73.0,290.0,32.0,,105.0,7.4,4.3,
Tyler Varga,2015,FB,Yale,10,4.69,47.69,,,8,3,0,0,0,0,0.0,71.0,222.0,,23.0,,,,
Zack Wagenmann,2015,DE,Montana,9,4.81,44.62,,,8,3,0,0,0,0,0.0,75.0,247.0,37.5,14.0,109.0,7.07,4.26,
Tony Washington,2015,OLB,Oregon,2,4.99,1.54,,,8,3,0,0,0,0,0.0,76.0,247.0,32.5,17.0,110.0,7.2,4.31,
DeAndrew White,2015,WR,Alabama,1,4.44,52.0,,40.22,8,3,0,0,0,0,0.0,71.0,193.0,34.5,,118.0,6.97,4.18,
Jermaine Whitehead,2015,S,Auburn,2,4.59,35.56,,,8,3,0,0,0,0,0.0,71.0,197.0,37.0,15.0,128.0,6.95,4.11,
Trey Williams,2015,RB,Texas A&M,2,4.49,51.67,,50.0,8,3,0,0,0,0,0.0,67.0,195.0,33.5,18.0,119.0,6.84,4.12,
Julian Wilson,2015,CB,Oklahoma,2,4.58,15.56,,,8,3,0,0,0,0,0.0,74.0,205.0,36.0,,125.0,6.94,4.22,
Cam Worthy,2015,WR,East Carolina,6,4.59,22.0,,75.32,8,3,0,0,0,0,0.0,74.0,211.0,,12.0,,,,
Zach Zenner,2015,FB,South Dakota State,9,4.6,61.54,,,8,3,0,0,0,0,0.0,71.0,223.0,41.0,25.0,121.0,7.08,4.14,
Mehdi Abdesmad,2016,DE,Boston College,4,5.1,0.0,,,8,3,0,0,0,0,0.0,78.0,284.0,29.5,25.0,108.0,7.55,4.62,
Vernon Adams,2016,QB,Oregon,2,4.83,33.75,,87.28,8,3,0,0,0,0,0.0,71.0,200.0,29.5,,114.0,6.82,4.2,
Bralon Addison,2016,WR,Oregon,2,4.66,8.0,,83.15,8,3,0,0,0,0,0.0,69.0,197.0,34.5,13.0,116.0,6.95,4.14,
Dominique Alexander,2016,ILB,Oklahoma,2,4.64,55.38,,,8,3,0,0,0,0,0.0,72.0,232.0,28.5,17.0,104.0,,,
Jack Allen,2016,C,Michigan State,3,5.29,41.33,,,8,3,0,0,0,0,0.0,73.0,294.0,26.5,23.0,101.0,7.9,4.73,
Geronimo Allison,2016,WR,Illinois,4,4.67,6.0,,60.15,8,3,0,0,0,0,0.0,75.0,196.0,33.0,,127.0,7.4,4.28,
Stephen Anderson,2016,TE,California,4,4.59,68.33,,34.68,8,3,0,0,0,0,0.0,74.0,230.0,38.0,16.0,119.0,,,
Sterling Bailey,2016,DE,Georgia,1,5.23,0.0,,,8,3,0,0,0,0,0.0,76.0,285.0,30.0,20.0,111.0,7.46,4.73,
Peyton Barber,2016,RB,Auburn,2,4.64,26.67,,97.15,8,3,0,0,0,0,0.0,70.0,228.0,32.5,20.0,111.0,7.0,4.21,
Jimmy Bean,2016,DE,Oklahoma State,3,4.87,35.38,,,8,3,0,0,0,0,0.0,77.0,264.0,,20.0,,,,
Briean Boddy-Calhoun,2016,CB,Minnesota,4,4.47,40.0,,,8,3,0,0,0,0,0.0,69.0,193.0,35.0,10.0,123.0,7.16,4.22,
Trevone Boykin,2016,QB,TCU,3,4.77,41.25,,89.52,8,3,0,0,0,0,0.0,72.0,212.0,32.0,,110.0,,4.4,
Ben Braunecker,2016,TE,Harvard,10,4.73,45.0,,,8,3,0,0,0,0,0.0,75.0,250.0,35.5,20.0,121.0,6.9,4.2,
Jake Brendel,2016,C,UCLA,5,5.01,78.67,,,8,3,0,0,0,0,0.0,75.0,303.0,28.0,25.0,108.0,7.31,4.27,
Beniquez Brown,2016,OLB,Mississippi State,3,4.77,35.38,,,8,3,0,0,0,0,0.0,73.0,229.0,31.0,18.0,110.0,7.07,4.28,
Chris Brown,2016,WR,Notre Dame,2,4.48,44.0,,41.53,8,3,0,0,0,0,0.0,74.0,194.0,,,,,,
Lamarcus Brutus,2016,S,Florida State,2,4.76,0.0,,,8,3,0,0,0,0,0.0,72.0,206.0,33.0,14.0,114.0,7.08,4.33,
Devon Cajuste,2016,WR,Stanford,3,4.62,16.0,,34.25,8,3,0,0,0,0,0.0,76.0,234.0,36.0,12.0,123.0,6.49,4.2,
Taveze Calhoun,2016,CB,Mississippi State,3,4.58,15.56,,,8,3,0,0,0,0,0.0,72.0,192.0,33.5,14.0,,,,
Tra Carson,2016,RB,Texas A&M,2,4.63,28.33,,72.37,8,3,0,0,0,0,0.0,71.0,227.0,,19.0,,,,
Tevin Carter,2016,S,Utah,3,4.48,60.0,,,8,3,0,0,0,0,0.0,73.0,218.0,,19.0,,,,
Jeremy Cash,2016,S,Duke,4,4.56,42.22,,,8,3,0,0,0,0,0.0,72.0,212.0,,,,,,
Joseph Cheek,2016,OG,Texas A&M,2,5.27,37.33,,,8,3,0,0,0,0,0.0,78.0,295.0,,20.0,,,,
Marshaun Coprich,2016,RB,Illinois State,4,4.47,55.0,,,8,3,0,0,0,0,0.0,68.0,207.0,34.0,17.0,112.0,7.26,4.58,
James Cowser,2016,DE,Southern Utah,10,4.82,43.08,,,8,3,0,0,0,0,0.0,75.0,248.0,31.5,21.0,111.0,6.8,4.31,
Brad Craddock,2016,K,Maryland,4,4.88,18.46,,,8,3,0,0,0,0,0.0,72.0,186.0,,,,,,
Ken Crawley,2016,CB,Colorado,3,4.43,48.89,,,8,3,0,0,0,0,0.0,72.0,187.0,36.5,,119.0,,,
Lachlan Edwards,2016,P,Sam Houston State,10,4.98,3.08,,,8,3,0,0,0,0,0.0,76.0,209.0,,,,,,
Deandre Elliott,2016,CB,Colorado State,7,4.55,22.22,,,8,3,0,0,0,0,0.0,73.0,188.0,41.0,,125.0,6.93,3.94,
Ka'Imi Fairbairn,2016,K,UCLA,5,4.96,6.15,,,8,3,0,0,0,0,0.0,71.0,183.0,,,,,,
Jason Fanaika,2016,DE,Utah,3,4.92,27.69,,,8,3,0,0,0,0,0.0,74.0,271.0,35.5,23.0,113.0,7.06,4.39,
Josh Ferguson,2016,RB,Illinois,4,4.48,53.33,,59.34,8,3,0,0,0,0,0.0,69.0,198.0,34.5,21.0,120.0,,,
D.J. Foster,2016,WR,Arizona State,3,4.57,26.0,,62.88,8,3,0,0,0,0,0.0,70.0,193.0,35.5,14.0,117.0,6.75,4.07,
Kris Frost,2016,OLB,Auburn,2,4.97,4.62,,,8,3,0,0,0,0,0.0,74.0,240.0,29.0,,113.0,,,
Keyarris Garrett,2016,WR,Tulsa,6,4.53,34.0,,100.0,8,3,0,0,0,0,0.0,75.0,220.0,36.5,14.0,128.0,7.3,4.33,
Darrell Greene,2016,OG,San Diego State,7,5.2,46.67,,,8,3,0,0,0,0,0.0,75.0,321.0,21.5,28.0,98.0,8.07,4.98,
David Grinnage,2016,TE,NC State,4,4.9,16.67,,48.85,8,3,0,0,0,0,0.0,77.0,248.0,29.5,,106.0,,,
Glenn Gronkowski,2016,FB,Kansas State,4,4.71,44.62,,,8,3,0,0,0,0,0.0,74.0,239.0,33.0,17.0,120.0,7.1,4.45,
Tom Hackett,2016,P,Utah,3,4.86,21.54,,,8,3,0,0,0,0,0.0,70.0,198.0,,,,,,
De'Vante Harris,2016,CB,Texas A&M,2,4.56,20.0,,,8,3,0,0,0,0,0.0,71.0,176.0,38.5,,124.0,6.82,4.06,
Joel Heath,2016,DT,Michigan State,3,5.02,41.25,,,8,3,0,0,0,0,0.0,77.0,293.0,33.0,26.0,113.0,7.44,4.52,
Quayvon Hicks,2016,FB,Georgia,1,4.82,27.69,,,8,3,0,0,0,0,0.0,73.0,259.0,,,,,,
Johnny Holton,2016,WR,Cincinnati,4,4.54,32.0,,56.14,8,3,0,0,0,0,0.0,73.0,190.0,31.5,8.0,123.0,,,
Cleveland Wallace III,2016,CB,San Jose State,7,4.68,0.0,,,8,3,0,0,0,0,0.0,71.0,188.0,35.5,,123.0,,,
Branden Jackson,2016,DE,Texas Tech,4,5.06,6.15,,,8,3,0,0,0,0,0.0,76.0,273.0,31.5,20.0,113.0,7.4,4.77,
Dominick Jackson,2016,OT,Alabama,1,5.38,25.88,,,8,3,0,0,0,0,0.0,77.0,313.0,26.0,20.0,97.0,,,
C.J. Johnson,2016,ILB,Ole Miss,3,4.81,29.23,,,8,3,0,0,0,0,0.0,73.0,234.0,,,,,4.52,
Devon Johnson,2016,RB,Marshall,8,4.64,26.67,,76.87,8,3,0,0,0,0,0.0,72.0,238.0,,,,,,
Tyler Johnstone,2016,OT,Oregon,2,5.21,45.88,,,8,3,0,0,0,0,0.0,77.0,301.0,30.5,24.0,104.0,7.31,4.6,
Cayleb Jones,2016,WR,Arizona,4,4.65,10.0,,61.98,8,3,0,0,0,0,0.0,75.0,209.0,33.5,9.0,,6.99,4.14,
Jonathan Jones,2016,CB,Auburn,2,4.33,71.11,,,8,3,0,0,0,0,0.0,69.0,186.0,36.0,19.0,123.0,7.25,4.25,
Ufomba Kamalu,2016,DE,Miami (FL),2,5.01,13.85,,,8,3,0,0,0,0,0.0,77.0,295.0,25.0,26.0,106.0,7.32,4.58,
Nila Kasitati,2016,OG,Oklahoma,2,5.32,30.67,,,8,3,0,0,0,0,0.0,75.0,317.0,27.5,12.0,107.0,8.3,4.83,
Raphael Kirby,2016,ILB,Miami (FL),2,4.72,43.08,,,8,3,0,0,0,0,0.0,72.0,236.0,,27.0,,,,
Denver Kirkland,2016,OT,Arkansas,3,5.55,5.88,,,8,3,0,0,0,0,0.0,76.0,335.0,22.5,19.0,94.0,8.72,5.06,
Marshall Koehn,2016,K,Iowa,3,4.61,60.0,,,8,3,0,0,0,0,0.0,73.0,197.0,,,,,,
Darius Latham,2016,DT,Indiana,4,5.32,3.75,,,8,3,0,0,0,0,0.0,76.0,311.0,29.0,,100.0,7.76,4.63,
Nile Lawrence-Stample,2016,DL,Florida State,2,5.24,7.5,,,8,3,0,0,0,0,0.0,73.0,320.0,,,,,,
Roger Lewis,2016,WR,Bowling Green,10,4.57,26.0,,100.0,8,3,0,0,0,0,0.0,72.0,201.0,33.5,8.0,116.0,,,
Cory Littleton,2016,OLB,Washington,2,4.73,41.54,,,8,3,0,0,0,0,0.0,75.0,238.0,29.5,,114.0,7.11,4.32,
Jordan Lomax,2016,S,Iowa,3,4.75,0.0,,,8,3,0,0,0,0,0.0,70.0,202.0,36.0,8.0,120.0,7.18,4.15,
Steve Longa,2016,ILB,Rutgers,4,4.78,33.85,,,8,3,0,0,0,0,0.0,73.0,241.0,32.0,19.0,116.0,7.5,4.56,
John Lunsford,2016,K,Liberty,5,4.74,40.0,,,8,3,0,0,0,0,0.0,73.0,214.0,,,,,,
Tre Madden,2016,RB,USC,2,4.53,45.0,,54.65,8,3,0,0,0,0,0.0,72.0,223.0,,24.0,,,,
Luther Maddy,2016,DT,Virginia Tech,3,4.96,48.75,,,8,3,0,0,0,0,0.0,72.0,287.0,,29.0,,,,
Curt Maggitt,2016,OLB,Tennessee,2,4.73,41.54,,,8,3,0,0,0,0,0.0,75.0,247.0,,,,,,
Ryan Malleck,2016,TE,Virginia Tech,3,4.77,38.33,,20.17,8,3,0,0,0,0,0.0,76.0,247.0,34.5,18.0,121.0,7.0,4.33,
Byron Marshall,2016,WR,Oregon,2,4.42,56.0,,32.38,8,3,0,0,0,0,0.0,69.0,201.0,,17.0,,,,
Jalin Marshall,2016,WR,Ohio State,1,4.6,20.0,,54.3,8,3,0,0,0,0,0.0,70.0,200.0,37.5,16.0,125.0,6.8,4.13,
Tyler Marz,2016,OT,Wisconsin,3,5.54,7.06,,,8,3,0,0,0,0,0.0,79.0,316.0,27.5,19.0,99.0,8.38,4.97,
Chris Mayes,2016,DL,Georgia,1,5.34,0.0,,,8,3,0,0,0,0,0.0,75.0,338.0,23.5,33.0,104.0,,5.13,
Jake McGee,2016,TE,Florida,2,4.83,28.33,,23.39,8,3,0,0,0,0,0.0,77.0,250.0,,17.0,,,,
Mekale McKay,2016,WR,Cincinnati,4,4.55,30.0,,45.81,8,3,0,0,0,0,0.0,76.0,207.0,35.0,12.0,123.0,7.08,4.63,
Cassanova McKinzy,2016,ILB,Auburn,2,4.83,26.15,,,8,3,0,0,0,0,0.0,73.0,248.0,,21.0,,,,
Will Monday,2016,P,Duke,4,5.1,0.0,,,8,3,0,0,0,0,0.0,76.0,212.0,,,,,,
Stephane Nembot,2016,OT,Colorado,3,5.39,24.71,,,8,3,0,0,0,0,0.0,79.0,322.0,26.5,32.0,103.0,8.55,5.15,
Giorgio Newberry,2016,DE,Florida State,2,4.94,24.62,,,8,3,0,0,0,0,0.0,77.0,285.0,30.0,20.0,114.0,7.53,4.78,
Jared Norris,2016,ILB,Utah,3,4.8,30.77,,,8,3,0,0,0,0,0.0,73.0,241.0,29.5,19.0,114.0,,4.52,
Marquez North,2016,WR,Tennessee,2,4.48,44.0,,11.5,8,3,0,0,0,0,0.0,74.0,223.0,35.0,17.0,123.0,6.9,4.13,
Nick O'Toole,2016,P,West Virginia,4,5.05,0.0,,,8,3,0,0,0,0,0.0,75.0,219.0,,,,,,
Shawn Oakman,2016,DE,Baylor,3,4.96,21.54,,,8,3,0,0,0,0,0.0,80.0,287.0,32.0,23.0,123.0,7.53,4.56,
Jaden Oberkrom,2016,K,TCU,3,4.96,6.15,,,8,3,0,0,0,0,0.0,74.0,186.0,,,,,,
Victor Ochi,2016,DE,Stony Brook,10,4.86,36.92,,,8,3,0,0,0,0,0.0,73.0,246.0,32.0,,119.0,7.24,4.4,
Romeo Okwara,2016,DE,Notre Dame,2,4.9,30.77,,,8,3,0,0,0,0,0.0,77.0,265.0,33.0,23.0,120.0,7.38,4.53,
Drew Ott,2016,DE,Iowa,3,4.88,33.85,,,8,3,0,0,0,0,0.0,76.0,273.0,,,,,,
Montese Overton,2016,OLB,East Carolina,6,4.61,60.0,,,8,3,0,0,0,0,0.0,74.0,223.0,34.0,18.0,123.0,7.15,4.47,
Gionni Paul,2016,ILB,Utah,3,5.05,0.0,,,8,3,0,0,0,0,0.0,70.0,231.0,31.0,22.0,113.0,,,
Kevin Peterson,2016,CB,Oklahoma State,3,4.58,15.56,,,8,3,0,0,0,0,0.0,70.0,181.0,35.5,14.0,121.0,6.94,4.31,
D.J. Pettway,2016,DE,Alabama,1,4.99,16.92,,,8,3,0,0,0,0,0.0,74.0,265.0,28.0,17.0,108.0,7.74,4.69,
Tyvis Powell,2016,S,Ohio State,1,4.46,64.44,,,8,3,0,0,0,0,0.0,75.0,211.0,34.5,15.0,120.0,7.03,4.25,
Jimmy Pruitt,2016,CB,San Jose State,7,4.73,0.0,,,8,3,0,0,0,0,0.0,72.0,198.0,32.0,19.0,117.0,,,
Alex Redmond,2016,OG,UCLA,5,5.3,33.33,,,8,3,0,0,0,0,0.0,77.0,294.0,28.0,30.0,111.0,7.75,4.9,
Dominique Robertson,2016,OT,West Georgia,10,5.36,28.24,,,8,3,0,0,0,0,0.0,77.0,324.0,28.5,30.0,100.0,8.42,4.83,
Alonzo Russell,2016,WR,Toledo,8,4.54,32.0,,66.78,8,3,0,0,0,0,0.0,76.0,206.0,29.5,12.0,112.0,7.18,4.33,
Rashawn Scott,2016,WR,Miami (FL),2,4.54,32.0,,57.25,8,3,0,0,0,0,0.0,73.0,199.0,32.5,17.0,116.0,,,
Hunter Sharp,2016,WR,Utah State,7,4.58,24.0,,76.75,8,3,0,0,0,0,0.0,71.0,198.0,32.5,12.0,116.0,7.12,4.19,
Elijah Shumate,2016,S,Notre Dame,2,4.58,37.78,,,8,3,0,0,0,0,0.0,72.0,216.0,33.0,18.0,119.0,,4.51,
Devaunte Sigler,2016,DT,Jacksonville State,10,5.15,25.0,,,8,3,0,0,0,0,0.0,75.0,298.0,25.0,23.0,,7.9,4.97,
Matt Skura,2016,C,Duke,4,5.39,28.0,,,8,3,0,0,0,0,0.0,75.0,305.0,24.0,27.0,103.0,7.89,4.76,
Pearce Slater,2016,OT,San Diego State,7,5.42,21.18,,,8,3,0,0,0,0,0.0,79.0,329.0,23.0,17.0,92.0,8.36,5.12,
Terrance Smith,2016,ILB,Florida State,2,4.77,35.38,,,8,3,0,0,0,0,0.0,75.0,235.0,34.5,19.0,120.0,,,
Nelson Spruce,2016,WR,Colorado,3,4.69,2.0,,72.88,8,3,0,0,0,0,0.0,73.0,206.0,35.0,12.0,114.0,7.09,4.2,
A.J. Stamps,2016,S,Kentucky,4,4.79,0.0,,,8,3,0,0,0,0,0.0,71.0,193.0,33.0,15.0,115.0,7.17,4.25,
Joel Stave,2016,QB,Wisconsin,3,4.8,37.5,,44.62,8,3,0,0,0,0,0.0,77.0,236.0,33.5,,115.0,7.29,4.33,
Eric Striker,2016,OLB,Oklahoma,2,4.8,30.77,,,8,3,0,0,0,0,0.0,71.0,227.0,30.0,23.0,116.0,7.3,4.46,
Lawrence Thomas,2016,DT,Michigan State,3,4.98,46.25,,,8,3,0,0,0,0,0.0,75.0,286.0,35.0,,113.0,,,
Ron Thompson,2016,DE,Syracuse,4,4.92,27.69,,,8,3,0,0,0,0,0.0,75.0,253.0,,18.0,,7.46,4.5,
Shadrach Thornton,2016,RB,NC State,4,4.75,8.33,,69.13,8,3,0,0,0,0,0.0,72.0,217.0,31.0,12.0,116.0,6.85,4.21,
Landon Turner,2016,OG,North Carolina,3,5.58,0.0,,,8,3,0,0,0,0,0.0,76.0,330.0,19.0,30.0,88.0,,,
Soma Vainuku,2016,FB,USC,2,4.68,49.23,,,8,3,0,0,0,0,0.0,71.0,246.0,32.0,26.0,108.0,,,
Brandon Wilds,2016,RB,South Carolina,3,4.54,43.33,,50.78,8,3,0,0,0,0,0.0,73.0,220.0,36.5,21.0,118.0,7.08,4.33,
Bryce Williams,2016,TE,East Carolina,6,4.94,10.0,,53.92,8,3,0,0,0,0,0.0,78.0,257.0,29.5,19.0,111.0,7.19,4.53,
Duke Williams,2016,WR,Auburn,2,4.72,0.0,,,8,3,0,0,0,0,0.0,74.0,229.0,30.0,14.0,121.0,7.43,4.47,
De'Runnya Wilson,2016,WR,Mississippi State,3,4.85,0.0,,82.83,8,3,0,0,0,0,0.0,77.0,224.0,28.0,,113.0,,,
Josh Woodrum,2016,QB,Liberty,5,4.8,37.5,,,8,3,0,0,0,0,0.0,75.0,231.0,31.0,,116.0,6.74,4.31,
Antwaun Woods,2016,DL,USC,2,5.18,15.0,,,8,3,0,0,0,0,0.0,72.0,318.0,,,,,,
Connor Wujciak,2016,DT,Boston College,4,4.91,55.0,,,8,3,0,0,0,0,0.0,74.0,291.0,34.5,22.0,117.0,7.32,4.27,
Avery Young,2016,OT,Auburn,2,5.39,24.71,,,8,3,0,0,0,0,0.0,77.0,328.0,,,,8.22,4.91,
Quincy Adeboyejo,2017,WR,Ole Miss,3,4.42,56.0,,28.12,8,3,0,0,0,0,0.0,75.0,197.0,34.5,8.0,123.0,6.73,4.14,
Erik Austell,2017,OG,Charleston Southern,10,5.23,42.67,,,8,3,0,0,0,0,0.0,75.0,301.0,27.5,24.0,107.0,8.13,4.9,
Toby Baker,2017,P,Arkansas,3,,,,,8,3,0,0,0,0,0.0,75.0,210.0,,,,,,
Ben Boulware,2017,ILB,Clemson,1,,,,,8,3,0,0,0,0,0.0,72.0,238.0,29.5,20.0,111.0,7.02,4.43,
Kendrick Bourne,2017,WR,Eastern Washington,10,4.68,4.0,,,8,3,0,0,0,0,0.0,73.0,203.0,34.0,9.0,125.0,6.73,4.21,
Tashawn Bower,2017,OLB,LSU,1,4.82,27.69,,,8,3,0,0,0,0,0.0,77.0,250.0,31.5,20.0,121.0,7.2,4.37,
Ben Braden,2017,OG,Michigan,1,5.04,68.0,,,8,3,0,0,0,0,0.0,78.0,329.0,28.0,25.0,102.0,7.85,4.9,
Billy Brown,2017,TE,Shepherd,10,4.7,50.0,,,8,3,0,0,0,0,0.0,75.0,254.0,29.0,23.0,118.0,,,
Fadol Brown,2017,DE,Ole Miss,3,4.94,24.62,,,8,3,0,0,0,0,0.0,76.0,273.0,34.0,19.0,115.0,7.24,4.44,
Pharaoh Brown,2017,TE,Oregon,2,,,,49.5,8,3,0,0,0,0,0.0,78.0,255.0,34.0,24.0,,,,
Daniel Brunskill,2017,OT,San Diego State,7,,,,,8,3,0,0,0,0,0.0,77.0,273.0,28.0,17.0,106.0,7.9,4.84,
Collin Buchanan,2017,OT,Miami (OH),8,,,,,8,3,0,0,0,0,0.0,77.0,316.0,25.0,23.0,97.0,,,
Riley Bullough,2017,ILB,Michigan State,3,,,,,8,3,0,0,0,0,0.0,74.0,226.0,31.5,20.0,116.0,,,
K.D. Cannon,2017,WR,Baylor,3,4.41,58.0,,,8,3,0,0,0,0,0.0,71.0,182.0,37.0,13.0,119.0,,,
Cethan Carter,2017,TE,Nebraska,3,4.68,53.33,,23.22,8,3,0,0,0,0,0.0,75.0,241.0,,19.0,,,,
Jamal Carter,2017,S,Miami (FL),2,4.64,24.44,,,8,3,0,0,0,0,0.0,73.0,218.0,35.0,19.0,122.0,,,
Corey Clement,2017,RB,Wisconsin,3,4.68,20.0,,100.0,8,3,0,0,0,0,0.0,70.0,220.0,28.5,19.0,115.0,,,
Chunky Clements,2017,DT,Illinois,4,,,,,8,3,0,0,0,0,0.0,74.0,301.0,,23.0,,,,
Aviante Collins,2017,OG,TCU,3,4.81,98.67,,,8,3,0,0,0,0,0.0,76.0,295.0,,34.0,,,,
Ethan Cooper,2017,OG,Indiana (PA),4,5.36,25.33,,,8,3,0,0,0,0,0.0,74.0,322.0,24.5,26.0,99.0,8.02,4.88,
Darrell Daniels,2017,TE,Washington,2,4.55,75.0,,32.2,8,3,0,0,0,0,0.0,75.0,247.0,32.0,17.0,116.0,7.09,4.47,
Justin Davis,2017,RB,USC,2,,,,44.63,8,3,0,0,0,0,0.0,73.0,208.0,,21.0,,,,
Kevin Davis,2017,ILB,Colorado State,7,4.91,13.85,,,8,3,0,0,0,0,0.0,74.0,235.0,30.5,11.0,110.0,7.18,4.38,
Keionta Davis,2017,DE,Tenn-Chattanooga,10,,,,,8,3,0,0,0,0,0.0,75.0,271.0,,,,,,
Jessamen Dunker,2017,OG,Tennessee State,2,4.98,76.0,,,8,3,0,0,0,0,0.0,76.0,318.0,28.5,23.0,108.0,,,
Travin Dural,2017,WR,LSU,1,4.57,26.0,,28.72,8,3,0,0,0,0,0.0,73.0,202.0,30.5,,116.0,7.29,4.55,
Ken Ekanem,2017,DE,Virginia Tech,3,4.88,33.85,,,8,3,0,0,0,0,0.0,75.0,257.0,30.5,,115.0,7.38,4.58,
Brooks Ellis,2017,ILB,Arkansas,3,4.79,32.31,,,8,3,0,0,0,0,0.0,74.0,240.0,29.5,18.0,115.0,6.8,4.25,
Amba Etta-Tawo,2017,WR,Syracuse,4,4.49,42.0,,100.0,8,3,0,0,0,0,0.0,73.0,208.0,31.0,14.0,126.0,6.95,4.32,
Jerod Evans,2017,QB,Virginia Tech,3,4.8,37.5,,72.52,8,3,0,0,0,0,0.0,75.0,232.0,26.5,,112.0,,4.41,
Devonte Fields,2017,OLB,Louisville,4,4.72,43.08,,,8,3,0,0,0,0,0.0,74.0,236.0,34.0,,124.0,7.4,4.5,
Avery Gennesy,2017,OG,Texas A&M,2,5.35,26.67,,,8,3,0,0,0,0,0.0,75.0,318.0,20.0,24.0,91.0,8.08,5.0,
Connor Harris,2017,ILB,Lindenwood,10,4.73,41.54,,,8,3,0,0,0,0,0.0,71.0,242.0,33.0,18.0,114.0,7.13,4.31,
Keon Hatcher,2017,WR,Arkansas,3,4.64,12.0,,59.09,8,3,0,0,0,0,0.0,73.0,212.0,,16.0,,,,
DeAngelo Henderson,2017,RB,Coastal Carolina,8,4.48,53.33,,,8,3,0,0,0,0,0.0,67.0,208.0,34.0,20.0,120.0,,,
Cole Hikutini,2017,TE,Louisville,4,,,,59.4,8,3,0,0,0,0,0.0,76.0,247.0,,20.0,,,,
Bug Howard,2017,WR,North Carolina,3,4.58,24.0,,71.07,8,3,0,0,0,0,0.0,76.0,221.0,37.5,,119.0,6.95,4.14,
Hayden Hunt,2017,P,Colorado State,7,,,,,8,3,0,0,0,0,0.0,72.0,212.0,,,,,,
Rushel Shell III,2017,RB,West Virginia,4,4.74,10.0,,52.88,8,3,0,0,0,0,0.0,70.0,227.0,32.5,21.0,,,,
Jadar Johnson,2017,S,Clemson,1,4.6,33.33,,,8,3,0,0,0,0,0.0,72.0,206.0,33.0,19.0,119.0,6.9,4.2,
Cameron Johnston,2017,P,Ohio State,1,4.92,12.31,,,8,3,0,0,0,0,0.0,71.0,194.0,,,,,,
Jarron Jones,2017,DT,Notre Dame,2,5.33,2.5,,,8,3,0,0,0,0,0.0,78.0,316.0,20.5,22.0,,,,
Victor Bolden Jr.,2017,WR,Oregon State,4,4.54,32.0,,70.85,8,3,0,0,0,0,0.0,68.0,178.0,32.0,9.0,117.0,6.83,4.22,
Bryan Cox Jr.,2017,DE,Florida,2,4.89,32.31,,,8,3,0,0,0,0,0.0,75.0,265.0,26.5,16.0,109.0,7.36,4.46,
Greg Ward Jr.,2017,WR,Houston,6,,,,100.0,8,3,0,0,0,0,0.0,71.0,186.0,,10.0,,,,
Keith Kelsey,2017,ILB,Louisville,4,4.92,12.31,,,8,3,0,0,0,0,0.0,72.0,233.0,29.5,23.0,112.0,7.28,4.56,
Trevor Knight,2017,QB,Texas A&M,2,4.54,70.0,,56.1,8,3,0,0,0,0,0.0,73.0,219.0,35.5,,125.0,7.04,4.14,
Ashton Lampkin,2017,CB,Oklahoma State,3,4.52,28.89,,,8,3,0,0,0,0,0.0,72.0,189.0,34.5,19.0,120.0,,,
Jerome Lane,2017,WR,Akron,10,4.6,20.0,,77.77,8,3,0,0,0,0,0.0,74.0,226.0,35.0,16.0,125.0,6.87,4.12,
Harvey Langi,2017,ILB,BYU,5,,,,,8,3,0,0,0,0,0.0,74.0,251.0,33.0,23.0,118.0,7.0,4.32,
Javarius Leamon,2017,OT,South Carolina State,3,,,,,8,3,0,0,0,0,0.0,79.0,332.0,23.5,22.0,,,,
Cameron Lee,2017,OG,Illinois State,4,5.44,14.67,,,8,3,0,0,0,0,0.0,77.0,312.0,25.5,18.0,100.0,8.02,4.75,
Mitch Leidner,2017,QB,Minnesota,4,4.93,21.25,,42.4,8,3,0,0,0,0,0.0,75.0,226.0,34.5,,123.0,6.96,4.25,
William Likely,2017,CB,Maryland,4,,,,,8,3,0,0,0,0,0.0,67.0,180.0,,15.0,,,,
Sefo Liufau,2017,QB,Colorado,3,5.08,2.5,,49.78,8,3,0,0,0,0,0.0,75.0,232.0,27.0,,105.0,7.32,4.45,
Keevan Lucas,2017,WR,Tulsa,6,4.55,30.0,,100.0,8,3,0,0,0,0,0.0,69.0,192.0,32.5,11.0,119.0,7.23,4.43,
Damien Mama,2017,OG,USC,2,5.84,0.0,,,8,3,0,0,0,0,0.0,75.0,334.0,24.5,,96.0,8.51,5.38,
Gabe Marks,2017,WR,Washington State,4,4.56,28.0,,96.15,8,3,0,0,0,0,0.0,71.0,189.0,29.5,11.0,117.0,7.01,4.2,
Joe Mathis,2017,DE,Washington,2,,,,,8,3,0,0,0,0,0.0,74.0,266.0,,24.0,,,,
Arthur Maulet,2017,CB,Memphis,6,4.62,6.67,,,8,3,0,0,0,0,0.0,70.0,189.0,34.5,18.0,120.0,,,
Drew Morgan,2017,WR,Arkansas,3,4.74,0.0,,44.67,8,3,0,0,0,0,0.0,72.0,190.0,30.0,10.0,112.0,6.85,4.12,
Hardy Nickerson,2017,ILB,Illinois,4,4.78,33.85,,,8,3,0,0,0,0,0.0,72.0,232.0,33.0,18.0,116.0,,4.38,
Speedy Noil,2017,WR,Texas A&M,2,,,,30.97,8,3,0,0,0,0,0.0,71.0,199.0,43.5,18.0,133.0,,,
Bradley Northnagel,2017,LS,California,4,5.3,0.0,,,8,3,0,0,0,0,0.0,74.0,243.0,25.5,,99.0,,,
Noble Nwachukwu,2017,DE,West Virginia,4,4.83,41.54,,,8,3,0,0,0,0,0.0,73.0,268.0,30.5,27.0,110.0,,,
Dare Ogunbowale,2017,RB,Wisconsin,3,4.65,25.0,,35.31,8,3,0,0,0,0,0.0,71.0,213.0,35.0,14.0,120.0,6.99,4.34,
Tyler Orlosky,2017,C,West Virginia,4,,,,,8,3,0,0,0,0,0.0,75.0,298.0,,24.0,,,,
Scott Orndoff,2017,TE,Pittsburgh,3,4.84,26.67,,60.77,8,3,0,0,0,0,0.0,77.0,253.0,27.0,17.0,112.0,7.37,4.45,
Zach Pascal,2017,WR,Old Dominion,10,4.55,30.0,,94.55,8,3,0,0,0,0,0.0,74.0,219.0,36.0,14.0,126.0,7.11,4.29,
Carroll Phillips,2017,OLB,Illinois,4,4.64,55.38,,,8,3,0,0,0,0,0.0,75.0,242.0,30.0,23.0,123.0,7.06,4.37,
Hayden Plinke,2017,TE,UTEP,6,4.97,5.0,,47.52,8,3,0,0,0,0,0.0,76.0,264.0,28.0,18.0,109.0,7.55,4.59,
James Quick,2017,WR,Louisville,4,4.6,20.0,,73.57,8,3,0,0,0,0,0.0,72.0,186.0,31.0,11.0,115.0,7.0,4.39,
Michael Rector,2017,WR,Stanford,3,4.42,56.0,,47.09,8,3,0,0,0,0,0.0,72.0,193.0,36.5,,129.0,6.77,4.19,
Devine Redding,2017,RB,Indiana,4,4.76,6.67,,72.51,8,3,0,0,0,0,0.0,68.0,205.0,30.5,16.0,116.0,7.18,4.46,
Austin Rehkow,2017,P,Idaho,10,,,,,8,3,0,0,0,0,0.0,75.0,214.0,,,,,,
Jalen Robinette,2017,WR,Air Force,5,4.62,16.0,,85.08,8,3,0,0,0,0,0.0,75.0,220.0,31.5,13.0,120.0,6.77,4.46,
Ezra Robinson,2017,CB,Tennessee State,2,4.47,40.0,,,8,3,0,0,0,0,0.0,71.0,189.0,34.0,13.0,130.0,,,
Darreus Rogers,2017,WR,USC,2,,,,43.6,8,3,0,0,0,0,0.0,73.0,216.0,26.5,8.0,112.0,7.22,4.54,
Fred Ross,2017,WR,Mississippi State,3,4.51,38.0,,98.48,8,3,0,0,0,0,0.0,73.0,213.0,35.0,10.0,113.0,6.99,4.28,
Travis Rudolph,2017,WR,Florida State,2,4.65,10.0,,55.0,8,3,0,0,0,0,0.0,72.0,189.0,31.5,12.0,114.0,6.93,4.46,
Cooper Rush,2017,QB,Central Michigan,8,4.93,21.25,,69.19,8,3,0,0,0,0,0.0,75.0,228.0,27.0,,105.0,7.23,4.47,
Seth Russell,2017,QB,Baylor,3,,,,54.52,8,3,0,0,0,0,0.0,75.0,213.0,,,,,,
Artavis Scott,2017,WR,Clemson,1,4.61,18.0,,49.25,8,3,0,0,0,0,0.0,70.0,193.0,31.0,13.0,116.0,7.19,4.49,
Ricky Seals-Jones,2017,WR,Texas A&M,2,4.69,2.0,,28.97,8,3,0,0,0,0,0.0,77.0,243.0,28.0,17.0,121.0,7.46,4.33,
Sojourn Shelton,2017,CB,Wisconsin,3,4.51,31.11,,,8,3,0,0,0,0,0.0,69.0,177.0,35.0,10.0,120.0,6.92,4.02,
Garrett Sickels,2017,DE,Penn State,2,4.9,30.77,,,8,3,0,0,0,0,0.0,75.0,261.0,28.0,20.0,105.0,7.21,4.41,
Dan Skipper,2017,OT,Arkansas,3,5.42,21.18,,,8,3,0,0,0,0,0.0,82.0,309.0,26.0,,97.0,7.61,5.01,
De'Veon Smith,2017,RB,Michigan,1,,,,77.4,8,3,0,0,0,0,0.0,71.0,223.0,29.0,22.0,108.0,7.3,4.56,
Jamari Staples,2017,WR,Louisville,4,4.51,38.0,,48.27,8,3,0,0,0,0,0.0,75.0,195.0,36.0,,130.0,,,
Freddie Stevenson,2017,FB,Florida State,2,4.75,38.46,,,8,3,0,0,0,0,0.0,72.0,234.0,28.0,24.0,111.0,7.65,4.45,
Channing Stribling,2017,CB,Michigan,1,4.6,11.11,,,8,3,0,0,0,0,0.0,73.0,188.0,31.5,5.0,114.0,6.94,4.56,
Nate Theaker,2017,OG,Wayne State (MI),10,5.41,18.67,,,8,3,0,0,0,0,0.0,77.0,315.0,27.0,23.0,105.0,7.97,4.89,
Jahad Thomas,2017,RB,Temple,6,4.62,30.0,,100.0,8,3,0,0,0,0,0.0,70.0,190.0,32.0,11.0,116.0,,,
Noel Thomas,2017,WR,Connecticut,6,4.63,14.0,,,8,3,0,0,0,0,0.0,72.0,205.0,32.5,9.0,118.0,,,
Jon Toth,2017,C,Kentucky,4,5.51,12.0,,,8,3,0,0,0,0,0.0,77.0,307.0,25.5,21.0,100.0,8.09,4.84,
Damarius Travis,2017,S,Minnesota,4,,,,,8,3,0,0,0,0,0.0,73.0,206.0,32.5,13.0,115.0,7.08,4.28,
Jerry Ugokwe,2017,OT,William & Mary,10,5.61,0.0,,,8,3,0,0,0,0,0.0,79.0,321.0,26.0,18.0,103.0,8.35,5.17,
Conrad Ukropina,2017,K,Stanford,3,,,,,8,3,0,0,0,0,0.0,72.0,190.0,,,,,,
Justin Vogel,2017,P,Miami (FL),2,4.7,46.15,,,8,3,0,0,0,0,0.0,76.0,219.0,34.0,,,,,
Charles Walker,2017,DT,Oklahoma,2,4.96,48.75,,,8,3,0,0,0,0,0.0,74.0,310.0,28.0,25.0,107.0,7.89,4.96,
Chad Wheeler,2017,OT,USC,2,5.48,14.12,,,8,3,0,0,0,0,0.0,79.0,306.0,20.5,15.0,105.0,,5.01,
Kermit Whitfield,2017,WR,Florida State,2,4.44,52.0,,33.52,8,3,0,0,0,0,0.0,68.0,185.0,32.5,8.0,120.0,7.17,4.37,
Stanley Williams,2017,RB,Kentucky,4,4.51,48.33,,80.3,8,3,0,0,0,0,0.0,67.0,190.0,36.0,18.0,121.0,6.86,4.18,
Jesus Wilson,2017,WR,Florida State,2,4.57,26.0,,49.57,8,3,0,0,0,0,0.0,69.0,189.0,,10.0,119.0,,4.57,
Josh Adams,2018,RB,Notre Dame,2,,,,99.69,8,3,0,0,0,0,0.0,74.0,213.0,,18.0,,,,
Ola Adeniyi,2018,EDGE,Toledo,8,4.83,41.54,,,8,3,0,0,0,0,0.0,74.0,248.0,31.5,26.0,,7.21,4.28,
Austin Allen,2018,QB,Arkansas,3,4.81,36.25,,56.83,8,3,0,0,0,0,0.0,72.0,210.0,29.5,,112.0,7.18,4.48,
John Atkins,2018,DT,Georgia,1,5.38,0.0,,,8,3,0,0,0,0,0.0,76.0,321.0,24.0,,89.0,7.95,4.75,
Mike Badgley,2018,K,Miami (FL),2,4.94,9.23,,,8,3,0,0,0,0,0.0,70.0,183.0,,,111.0,,,
J.T. Barrett,2018,QB,Ohio State,1,4.7,50.0,,70.1,8,3,0,0,0,0,0.0,73.0,224.0,30.0,,108.0,7.38,4.44,
Marcus Baugh,2018,TE,Ohio State,1,4.81,31.67,,29.98,8,3,0,0,0,0,0.0,75.0,247.0,33.0,,117.0,7.28,4.51,
Davin Bellamy,2018,EDGE,Georgia,1,,,,,8,3,0,0,0,0,0.0,77.0,255.0,,15.0,,,,
Kurt Benkert,2018,QB,Virginia,4,4.95,18.75,,87.28,8,3,0,0,0,0,0.0,75.0,218.0,31.0,16.0,112.0,7.15,4.33,
Quin Blanding,2018,S,Virginia,4,4.63,26.67,,,8,3,0,0,0,0,0.0,74.0,215.0,31.5,,122.0,,,
David Bright,2018,OT,Stanford,3,,,,,8,3,0,0,0,0,0.0,77.0,307.0,,,,,,
Drew Brown,2018,K,Nebraska,3,,,,,8,3,0,0,0,0,0.0,70.0,208.0,,,,,,
Tony Brown,2018,CB,Alabama,1,4.35,66.67,,,8,3,0,0,0,0,0.0,72.0,198.0,31.5,14.0,126.0,6.78,4.11,
Deontay Burnett,2018,WR,USC,2,,,,65.17,8,3,0,0,0,0,0.0,72.0,186.0,,,,,,
Jason Cabinda,2018,ILB,Penn State,2,,,,,8,3,0,0,0,0,0.0,73.0,239.0,,19.0,,,,
Chris Campbell,2018,CB,Penn State,2,,,,,8,3,0,0,0,0,0.0,73.0,194.0,,14.0,,,,
Tanner Carew,2018,LS,Oregon,2,5.0,0.0,,,8,3,0,0,0,0,0.0,73.0,243.0,30.0,18.0,111.0,7.26,4.28,
Andre Chachere,2018,CB,San Jose State,7,4.49,35.56,,,8,3,0,0,0,0,0.0,72.0,200.0,38.0,13.0,123.0,6.78,4.07,
Sean Chandler,2018,S,Temple,6,4.65,22.22,,,8,3,0,0,0,0,0.0,72.0,190.0,34.5,16.0,119.0,,4.62,
Simmie Cobbs,2018,WR,Indiana,4,4.64,12.0,,81.23,8,3,0,0,0,0,0.0,75.0,220.0,30.0,11.0,113.0,6.7,4.32,
Lavon Coleman,2018,RB,Washington,2,4.65,25.0,,37.48,8,3,0,0,0,0,0.0,71.0,215.0,33.0,23.0,120.0,,,
Justin Crawford,2018,RB,West Virginia,4,4.64,26.67,,76.57,8,3,0,0,0,0,0.0,71.0,199.0,33.5,11.0,122.0,,,
Trevor Daniel,2018,P,Tennessee,2,4.98,3.08,,,8,3,0,0,0,0,0.0,73.0,230.0,32.5,23.0,119.0,,,
Joseph Davidson,2018,P,Bowling Green,10,,,,,8,3,0,0,0,0,0.0,79.0,232.0,,,,,,
Dee Delaney,2018,CB,Miami (FL),2,4.46,42.22,,,8,3,0,0,0,0,0.0,73.0,194.0,32.5,13.0,120.0,6.95,4.25,
Nick Deluca,2018,OLB,North Dakota State,9,4.85,23.08,,,8,3,0,0,0,0,0.0,75.0,251.0,29.5,18.0,112.0,7.09,4.23,
Matt Dickerson,2018,DE,UCLA,5,5.06,6.15,,,8,3,0,0,0,0,0.0,76.0,292.0,31.0,26.0,,,,
Garret Dooley,2018,EDGE,Wisconsin,3,4.8,46.15,,,8,3,0,0,0,0,0.0,75.0,248.0,33.0,21.0,121.0,,4.28,
Donnie Ernsberger,2018,RB,Western Michigan,8,4.78,3.33,,0.0,8,3,0,0,0,0,0.0,75.0,241.0,31.0,15.0,114.0,7.09,4.34,
Brandon Facyson,2018,CB,Virginia Tech,3,4.53,26.67,,,8,3,0,0,0,0,0.0,74.0,197.0,,16.0,,,,
Rashard Fant,2018,CB,Indiana,4,,,,,8,3,0,0,0,0,0.0,70.0,175.0,,,,,,
Foley Fatukasi,2018,DT,Connecticut,6,5.29,7.5,,,8,3,0,0,0,0,0.0,76.0,318.0,30.0,33.0,112.0,7.44,4.53,
Riley Ferguson,2018,QB,Memphis,6,4.98,15.0,,94.26,8,3,0,0,0,0,0.0,75.0,212.0,29.0,,110.0,6.96,4.4,
Quinton Flowers,2018,QB,South Florida,6,4.63,58.75,,61.25,8,3,0,0,0,0,0.0,70.0,214.0,,,112.0,6.81,4.57,
Dimitri Flowers,2018,RB,Oklahoma,2,4.83,0.0,,17.26,8,3,0,0,0,0,0.0,74.0,248.0,30.5,17.0,109.0,7.45,4.53,
Robert Foster,2018,WR,Alabama,1,4.41,58.0,,21.06,8,3,0,0,0,0,0.0,74.0,196.0,31.0,,116.0,6.9,4.2,
Jarvion Franklin,2018,RB,Western Michigan,8,4.63,28.33,,100.0,8,3,0,0,0,0,0.0,71.0,239.0,30.0,18.0,109.0,6.93,4.31,
Nick Gates,2018,OT,Nebraska,3,5.46,16.47,,,8,3,0,0,0,0,0.0,77.0,307.0,24.0,20.0,94.0,7.61,4.68,
Davon Grayson,2018,WR,East Carolina,6,4.51,38.0,,85.25,8,3,0,0,0,0,0.0,73.0,199.0,34.5,19.0,124.0,,,
Grant Haley,2018,CB,Penn State,2,4.44,46.67,,,8,3,0,0,0,0,0.0,69.0,190.0,34.0,15.0,119.0,6.51,3.94,
Dashawn Hand,2018,DE,Alabama,1,4.83,41.54,,,8,3,0,0,0,0,0.0,76.0,297.0,31.5,28.0,111.0,7.98,4.62,
Desmond Harrison,2018,OT,West Georgia,10,4.9,82.35,,,8,3,0,0,0,0,0.0,78.0,292.0,,,,,,
Taylor Hearn,2018,OG,Clemson,1,5.45,13.33,,,8,3,0,0,0,0,0.0,76.0,320.0,24.0,18.0,96.0,7.84,4.8,
James Hearns,2018,EDGE,Louisville,4,4.89,32.31,,,8,3,0,0,0,0,0.0,75.0,239.0,,22.0,,,,
Quadree Henderson,2018,WR,Pittsburgh,3,4.5,40.0,,27.25,8,3,0,0,0,0,0.0,68.0,192.0,32.5,12.0,120.0,6.89,4.28,
Zaycoven Henderson,2018,DT,Texas A&M,2,5.16,23.75,,,8,3,0,0,0,0,0.0,72.0,298.0,29.5,20.0,105.0,7.33,4.58,
Kyle Hicks,2018,RB,TCU,3,4.63,28.33,,47.73,8,3,0,0,0,0,0.0,70.0,204.0,36.5,13.0,122.0,,,
Holton Hill,2018,CB,Texas,2,4.49,35.56,,,8,3,0,0,0,0,0.0,75.0,200.0,31.0,14.0,120.0,6.83,4.15,
Jeff Holland,2018,EDGE,Auburn,2,4.79,47.69,,,8,3,0,0,0,0,0.0,74.0,249.0,,,116.0,,,
Godwin Igwebuike,2018,S,Northwestern,5,4.44,68.89,,,8,3,0,0,0,0,0.0,72.0,205.0,35.5,19.0,128.0,6.56,4.12,
Darren Carrington II,2018,WR,Utah,3,,,,90.34,8,3,0,0,0,0,0.0,74.0,199.0,36.0,,120.0,,,
Darius Jackson,2018,EDGE,Jacksonville State,10,4.87,35.38,,,8,3,0,0,0,0,0.0,75.0,242.0,26.5,21.0,113.0,7.52,,
J.C. Jackson,2018,CB,Maryland,4,4.46,42.22,,,8,3,0,0,0,0,0.0,71.0,193.0,35.5,14.0,120.0,,,
Danny Johnson,2018,CB,Southern,10,4.44,46.67,,,8,3,0,0,0,0,0.0,70.0,185.0,35.0,15.0,123.0,,,
Chris Jones,2018,CB,Nebraska,3,4.57,17.78,,,8,3,0,0,0,0,0.0,72.0,195.0,,14.0,,,,
Jaryd Jones-Smith,2018,OT,Pittsburgh,3,5.22,44.71,,,8,3,0,0,0,0,0.0,78.0,317.0,27.0,16.0,109.0,8.1,4.94,
Michael Joseph,2018,CB,Dubuque,10,,,,,8,3,0,0,0,0,0.0,73.0,181.0,34.0,17.0,,6.89,4.2,
Joshua Kalu,2018,S,Nebraska,3,4.58,37.78,,,8,3,0,0,0,0,0.0,73.0,195.0,41.5,17.0,134.0,,,
Kameron Kelly,2018,S,San Diego State,7,4.66,20.0,,,8,3,0,0,0,0,0.0,74.0,200.0,33.0,9.0,120.0,6.94,4.28,
Jamarcus King,2018,CB,South Carolina,3,4.7,0.0,,,8,3,0,0,0,0,0.0,73.0,186.0,,,,,,
Chris Lacy,2018,WR,Oklahoma State,3,4.51,38.0,,20.62,8,3,0,0,0,0,0.0,75.0,205.0,33.5,11.0,120.0,,,
Allen Lazard,2018,WR,Iowa State,4,4.55,30.0,,74.37,8,3,0,0,0,0,0.0,77.0,227.0,38.0,17.0,122.0,,,
Chase Litton,2018,QB,Marshall,8,4.9,25.0,,80.64,8,3,0,0,0,0,0.0,77.0,230.0,29.5,,106.0,7.49,4.53,
Lowell Lotulelei,2018,DT,Utah,3,,,,,8,3,0,0,0,0,0.0,74.0,315.0,,28.0,,,,
K.J. Malone,2018,OG,LSU,1,5.34,28.0,,,8,3,0,0,0,0,0.0,76.0,303.0,29.5,15.0,103.0,,,
Tavares Martin,2018,WR,Washington State,4,4.8,0.0,,92.41,8,3,0,0,0,0,0.0,73.0,177.0,31.5,,,,,
Hercules Mata'afa,2018,EDGE,Washington State,4,4.76,52.31,,,8,3,0,0,0,0,0.0,73.0,254.0,31.5,26.0,108.0,7.24,4.37,
Mike McCray,2018,ILB,Michigan,1,4.76,36.92,,,8,3,0,0,0,0,0.0,76.0,243.0,31.5,16.0,119.0,7.09,4.25,
Kc McDermott,2018,OG,Miami (FL),2,5.35,26.67,,,8,3,0,0,0,0,0.0,78.0,311.0,23.5,26.0,97.0,7.72,4.82,
Tarvarus McFadden,2018,CB,Florida State,2,4.67,0.0,,,8,3,0,0,0,0,0.0,74.0,198.0,38.5,,121.0,,,
Quenton Meeks,2018,DB,Stanford,3,,,,,8,3,0,0,0,0,0.0,74.0,205.0,39.0,11.0,128.0,6.72,4.23,
Steven Mitchell,2018,WR,USC,2,4.56,28.0,,63.68,8,3,0,0,0,0,0.0,70.0,189.0,32.5,13.0,121.0,6.75,4.4,
Jmon Moore,2018,WR,Missouri,4,4.6,20.0,,,8,3,0,0,0,0,0.0,75.0,207.0,38.0,21.0,120.0,6.56,4.04,
Skai Moore,2018,OLB,South Carolina,3,4.73,41.54,,,8,3,0,0,0,0,0.0,74.0,226.0,36.0,,117.0,,,
Ryan Nall,2018,RB,Oregon State,4,4.58,36.67,,75.76,8,3,0,0,0,0,0.0,74.0,232.0,33.0,15.0,122.0,6.95,4.16,
Timon Parris,2018,OT,Stony Brook,10,,,,,8,3,0,0,0,0,0.0,78.0,312.0,,27.0,,,,
Kamryn Pettway,2018,RB,Auburn,2,4.74,10.0,,56.87,8,3,0,0,0,0,0.0,72.0,233.0,33.5,22.0,116.0,,,
Skyler Phillips,2018,OG,Idaho State,10,5.1,60.0,,,8,3,0,0,0,0,0.0,75.0,318.0,29.0,,104.0,7.95,4.69,
Cam Phillips,2018,WR,Virginia Tech,3,,,,67.5,8,3,0,0,0,0,0.0,72.0,201.0,,,,,,
Eddy Pineiro,2018,K,Florida,2,,,,,8,3,0,0,0,0,0.0,72.0,185.0,,,,,,
Byron Pringle,2018,WR,Kansas State,4,4.46,48.0,,59.64,8,3,0,0,0,0,0.0,73.0,203.0,33.5,15.0,120.0,6.87,4.4,
Jacob Pugh,2018,OLB,Florida State,2,4.65,53.85,,,8,3,0,0,0,0,0.0,76.0,246.0,38.5,,122.0,,,
Max Redfield,2018,S,Indiana (PA),4,4.69,13.33,,,8,3,0,0,0,0,0.0,73.0,205.0,,15.0,,,,
Demario Richard,2018,RB,Arizona State,3,4.7,16.67,,100.0,8,3,0,0,0,0,0.0,69.0,218.0,29.5,12.0,115.0,,,
Stephen Roberts,2018,S,Auburn,2,4.53,48.89,,,8,3,0,0,0,0,0.0,71.0,189.0,34.0,,121.0,,,
Korey Robertson,2018,WR,Southern Miss,10,4.56,28.0,,100.0,8,3,0,0,0,0,0.0,73.0,212.0,34.0,13.0,123.0,,,
Javon Rolland-Jones,2018,EDGE,Arkansas State,3,4.88,33.85,,,8,3,0,0,0,0,0.0,74.0,253.0,,23.0,,,,
Olubunmi Rotimi,2018,DE,Old Dominion,10,,,,,8,3,0,0,0,0,0.0,76.0,273.0,32.0,21.0,113.0,7.46,4.7,
Dominick Sanders,2018,S,Georgia,1,,,,,8,3,0,0,0,0,0.0,72.0,193.0,,14.0,,,,
Tegray Scales,2018,ILB,Indiana,4,4.77,35.38,,,8,3,0,0,0,0,0.0,72.0,230.0,,27.0,,,,
Coleman Shelton,2018,C,Washington,2,5.24,48.0,,,8,3,0,0,0,0,0.0,75.0,292.0,26.5,,110.0,7.62,4.59,
Nic Shimonek,2018,QB,Texas Tech,4,4.88,27.5,,93.96,8,3,0,0,0,0,0.0,75.0,220.0,28.5,,101.0,7.28,4.32,
Trequan Smith,2018,WR,UCF,4,4.49,42.0,,,8,3,0,0,0,0,0.0,74.0,203.0,37.5,12.0,130.0,6.97,4.5,
Van Smith,2018,S,Clemson,1,4.61,31.11,,,8,3,0,0,0,0,0.0,71.0,185.0,29.5,,,,,
Taylor Stallworth,2018,DT,South Carolina,3,5.28,8.75,,,8,3,0,0,0,0,0.0,74.0,312.0,23.5,18.0,101.0,7.95,4.75,
Chandon Sullivan,2018,CB,Georgia State,1,4.6,11.11,,,8,3,0,0,0,0,0.0,71.0,195.0,40.5,15.0,134.0,,4.36,
Matthew Thomas,2018,OLB,Florida State,2,4.58,64.62,,,8,3,0,0,0,0,0.0,75.0,232.0,41.5,,131.0,6.85,4.28,
Roc Thomas,2018,RB,Jacksonville State,10,4.56,40.0,,,8,3,0,0,0,0,0.0,70.0,198.0,35.5,16.0,125.0,,,
Trenton Thompson,2018,DT,Georgia,1,5.06,36.25,,,8,3,0,0,0,0,0.0,76.0,288.0,32.5,,111.0,7.68,4.56,
Henre Toliver,2018,CB,Arkansas,3,4.63,4.44,,,8,3,0,0,0,0,0.0,73.0,185.0,32.5,6.0,117.0,7.01,4.15,
Kevin Toliver,2018,CB,LSU,1,,,,,8,3,0,0,0,0,0.0,75.0,204.0,33.0,10.0,120.0,,,
Brett Toth,2018,OT,Army,5,,,,,8,3,0,0,0,0,0.0,78.0,291.0,,,,,,
Shane Tripucka,2018,P,Texas A&M,2,,,,,8,3,0,0,0,0,0.0,75.0,211.0,,,,,,
Salesi Uhatafe,2018,OG,Utah,3,5.4,20.0,,,8,3,0,0,0,0,0.0,77.0,310.0,28.0,,109.0,7.7,4.9,
Dmontre Wade,2018,CB,Murray State,10,4.57,17.78,,,8,3,0,0,0,0,0.0,72.0,200.0,35.5,15.0,120.0,,4.4,
Akrum Wadley,2018,RB,Iowa,3,4.54,43.33,,83.09,8,3,0,0,0,0,0.0,70.0,194.0,32.0,12.0,,,,
Trey Walker,2018,S,Louisiana,8,4.51,53.33,,,8,3,0,0,0,0,0.0,74.0,200.0,33.0,14.0,119.0,7.0,4.28,
Levi Wallace,2018,CB,Alabama,1,4.63,4.44,,,8,3,0,0,0,0,0.0,72.0,183.0,33.0,,,,,
Chris Warren,2018,RB,Texas,2,4.69,18.33,,38.5,8,3,0,0,0,0,0.0,74.0,247.0,33.0,25.0,121.0,6.98,4.18,
Jester Weah,2018,WR,Pittsburgh,3,4.43,54.0,,65.77,8,3,0,0,0,0,0.0,74.0,211.0,38.0,15.0,129.0,7.24,4.41,
Toby Weathersby,2018,OT,LSU,1,5.34,30.59,,,8,3,0,0,0,0,0.0,76.0,317.0,24.5,28.0,106.0,8.55,5.38,
Damon Webb,2018,S,Ohio State,1,4.62,28.89,,,8,3,0,0,0,0,0.0,71.0,195.0,,17.0,,,,
David Wells,2018,TE,San Diego State,7,4.75,41.67,,28.54,8,3,0,0,0,0,0.0,78.0,256.0,33.0,20.0,116.0,7.5,4.59,
Sean Welsh,2018,C,Iowa,3,5.43,22.67,,,8,3,0,0,0,0,0.0,75.0,306.0,25.0,20.0,103.0,7.9,4.81,
Karaun White,2018,WR,West Virginia,4,4.52,36.0,,,8,3,0,0,0,0,0.0,73.0,206.0,33.5,24.0,118.0,7.16,4.57,
Jojo Wicker,2018,DE,Arizona State,3,5.16,0.0,,,8,3,0,0,0,0,0.0,75.0,296.0,30.0,25.0,105.0,,,
Jake Wieneke,2018,WR,South Dakota State,9,4.67,6.0,,,8,3,0,0,0,0,0.0,76.0,221.0,34.0,9.0,114.0,7.24,4.37,
Darrel Williams,2018,RB,LSU,1,4.72,13.33,,71.27,8,3,0,0,0,0,0.0,72.0,225.0,32.0,22.0,109.0,,4.21,
Eddy Wilson,2018,DT,Purdue,4,5.37,0.0,,,8,3,0,0,0,0,0.0,76.0,301.0,,26.0,96.0,,,
Jeff Wilson,2018,RB,North Texas,10,,,,,8,3,0,0,0,0,0.0,71.0,210.0,,15.0,,,,
Anthony Winbush,2018,EDGE,Ball State,8,,,,,8,3,0,0,0,0,0.0,73.0,249.0,,25.0,110.0,,,
Ryan Winslow,2018,P,Pittsburgh,3,,,,,8,3,0,0,0,0,0.0,77.0,217.0,,,,,,
Chris Worley,2018,ILB,Ohio State,1,4.86,21.54,,,8,3,0,0,0,0,0.0,74.0,238.0,29.5,15.0,,,,
Paul Adams,2019,OT,Missouri,4,5.18,49.41,,,8,3,0,0,0,0,0.0,78.0,317.0,27.0,16.0,103.0,7.68,4.74,
Azeez Al-Shaair,2019,LB,Florida Atlantic,2,,,,,8,3,0,0,0,0,0.0,73.0,234.0,,16.0,,,,
Otaro Alaka,2019,LB,Texas A&M,2,4.82,6.0,,,8,3,0,0,0,0,0.0,75.0,239.0,36.0,20.0,131.0,,,
Bryson Allen-Williams,2019,LB,South Carolina,3,4.88,0.0,,,8,3,0,0,0,0,0.0,73.0,236.0,,14.0,,7.4,,
Jeff Allison,2019,LB,Fresno State,7,4.82,6.0,,,8,3,0,0,0,0,0.0,71.0,228.0,31.0,12.0,115.0,7.2,4.45,
Zack Bailey,2019,OL,South Carolina,3,,,,,8,3,0,0,0,0,0.0,77.0,299.0,28.0,24.0,103.0,,,
Derrick Baity,2019,CB,Kentucky,4,,,,,8,3,0,0,0,0,0.0,74.0,197.0,38.5,10.0,127.0,7.06,4.31,
Alex Barnes,2019,RB,Kansas State,4,4.59,35.0,,100.0,8,3,0,0,0,0,0.0,72.0,226.0,38.5,34.0,126.0,6.95,4.1,
Alex Bars,2019,OL,Notre Dame,2,,,,,8,3,0,0,0,0,0.0,78.0,312.0,,,,,,
Ryan Bates,2019,OL,Penn State,2,5.09,54.12,,,8,3,0,0,0,0,0.0,76.0,306.0,27.0,28.0,102.0,7.45,4.53,
John Battle,2019,S,LSU,1,4.67,17.78,,,8,3,0,0,0,0,0.0,72.0,201.0,29.5,,120.0,7.09,4.33,
Mike Bell,2019,S,Fresno State,7,4.83,0.0,,,8,3,0,0,0,0,0.0,75.0,210.0,30.0,10.0,118.0,7.1,4.46,
Beau Benzschawel,2019,OL,Wisconsin,3,5.24,36.47,,,8,3,0,0,0,0,0.0,78.0,309.0,,20.0,,,,
Kendall Blanton,2019,TE,Missouri,4,4.95,8.33,,17.39,8,3,0,0,0,0,0.0,78.0,262.0,31.0,22.0,113.0,7.37,4.42,
Tyre Brady,2019,WR,Marshall,8,,,,94.25,8,3,0,0,0,0,0.0,75.0,211.0,32.0,12.0,117.0,,4.25,
Nick Brossette,2019,RB,LSU,1,4.72,13.33,,94.49,8,3,0,0,0,0,0.0,71.0,209.0,35.5,15.0,118.0,7.38,4.44,
Blace Brown,2019,CB,Troy,8,4.75,0.0,,,8,3,0,0,0,0,0.0,72.0,194.0,,14.0,126.0,7.33,4.22,
Keenen Brown,2019,TE,Texas State,2,4.75,41.67,,75.86,8,3,0,0,0,0,0.0,74.0,250.0,33.0,17.0,117.0,7.27,4.51,
Jake Browning,2019,QB,Washington,2,4.74,45.0,,61.43,8,3,0,0,0,0,0.0,74.0,211.0,29.0,,112.0,7.19,4.44,
Emmanuel Butler,2019,WR,Northern Arizona,10,,,,,8,3,0,0,0,0,0.0,75.0,217.0,36.0,11.0,115.0,,4.22,
Deion Calhoun,2019,OL,Mississippi State,3,5.07,56.47,,,8,3,0,0,0,0,0.0,74.0,310.0,28.5,26.0,105.0,7.46,4.62,
Malik Carney,2019,EDGE,North Carolina,3,4.73,56.92,,,8,3,0,0,0,0,0.0,74.0,251.0,33.0,25.0,113.0,7.4,,
Hamp Cheevers,2019,CB,Boston College,4,4.52,28.89,,,8,3,0,0,0,0,0.0,69.0,169.0,39.0,8.0,122.0,6.96,4.25,
Te'von Coney,2019,LB,Notre Dame,2,,,,,8,3,0,0,0,0,0.0,73.0,234.0,,,,,,
C.J. Conrad,2019,TE,Kentucky,4,,,,29.2,8,3,0,0,0,0,0.0,76.0,249.0,,,,,,
Jonathan Crawford,2019,S,Indiana,4,,,,,8,3,0,0,0,0,0.0,73.0,205.0,31.5,16.0,115.0,,,
Jamal Custis,2019,WR,Syracuse,4,4.5,40.0,,70.77,8,3,0,0,0,0,0.0,76.0,214.0,34.5,,124.0,,,
Davante Davis,2019,CB,Texas,2,4.57,17.78,,,8,3,0,0,0,0,0.0,74.0,202.0,37.0,14.0,125.0,6.76,4.15,
Felton Davis,2019,WR,Michigan State,3,,,,100.0,8,3,0,0,0,0,0.0,75.0,211.0,,21.0,,,,
Jamal Davis,2019,EDGE,Akron,10,4.6,76.92,,,8,3,0,0,0,0,0.0,75.0,243.0,39.0,19.0,122.0,7.0,4.44,
Ryan Davis,2019,WR,Auburn,2,,,,44.46,8,3,0,0,0,0,0.0,70.0,189.0,35.0,12.0,124.0,7.09,4.23,
Lukas Denis,2019,S,Boston College,4,4.64,24.44,,,8,3,0,0,0,0,0.0,71.0,190.0,33.5,16.0,116.0,6.89,4.09,
D'Cota Dixon,2019,S,Wisconsin,3,4.81,0.0,,,8,3,0,0,0,0,0.0,70.0,204.0,33.5,20.0,119.0,,,
Johnnie Dixon,2019,WR,Ohio State,1,4.41,58.0,,68.93,8,3,0,0,0,0,0.0,70.0,201.0,37.5,16.0,120.0,,4.43,
Tyrel Dodson,2019,LB,Texas A&M,2,4.6,50.0,,,8,3,0,0,0,0,0.0,72.0,237.0,,24.0,118.0,,,
Greg Dortch,2019,WR,Wake Forest,4,,,,100.0,8,3,0,0,0,0,0.0,67.0,173.0,,,,,,
Keelan Doss,2019,WR,UC Davis,10,,,,,8,3,0,0,0,0,0.0,74.0,211.0,,8.0,,,,
Ashton Dulin,2019,WR,Malone University (Ohio),10,4.43,54.0,,,8,3,0,0,0,0,0.0,73.0,215.0,38.0,13.0,121.0,7.0,4.22,
Jovon Durante,2019,WR,Florida Atlantic,2,4.55,30.0,,76.34,8,3,0,0,0,0,0.0,71.0,160.0,31.5,,120.0,7.0,4.31,
T.J. Edwards,2019,LB,Wisconsin,3,,,,,8,3,0,0,0,0,0.0,72.0,230.0,,16.0,,,,
Jazz Ferguson,2019,WR,Northwestern State (LA),5,4.45,50.0,,,8,3,0,0,0,0,0.0,77.0,227.0,37.0,8.0,123.0,7.25,4.59,
Mark Fields,2019,CB,Clemson,1,4.37,62.22,,,8,3,0,0,0,0,0.0,70.0,192.0,,18.0,,,,
Nick Fitzgerald,2019,QB,Mississippi State,3,4.64,57.5,,49.43,8,3,0,0,0,0,0.0,77.0,226.0,29.5,,115.0,,,
Jack Fox,2019,P,Rice,6,4.73,41.54,,,8,3,0,0,0,0,0.0,74.0,213.0,27.5,,114.0,,,
Malik Gant,2019,S,Marshall,8,4.63,26.67,,,8,3,0,0,0,0,0.0,72.0,209.0,34.5,17.0,114.0,7.45,4.3,
Joe Giles-Harris,2019,LB,Duke,4,4.75,20.0,,,8,3,0,0,0,0,0.0,74.0,234.0,29.5,17.0,111.0,,,
Kevin Givens,2019,DL,Penn State,2,5.08,27.5,,,8,3,0,0,0,0,0.0,73.0,285.0,31.0,32.0,115.0,7.63,4.62,
Dan Godsil,2019,LS,Indiana,4,5.0,0.0,,,8,3,0,0,0,0,0.0,76.0,241.0,34.5,16.0,118.0,7.56,4.55,
Carl Granderson,2019,EDGE,Wyoming,7,4.79,47.69,,,8,3,0,0,0,0,0.0,77.0,254.0,35.0,,119.0,7.44,4.41,
Donnell Greene,2019,OT,Minnesota,4,,,,,8,3,0,0,0,0,0.0,77.0,335.0,,,,,,
Ethan Greenidge,2019,OL,Villanova,9,,,,,8,3,0,0,0,0,0.0,76.0,327.0,,,,,,
Porter Gustin,2019,EDGE,USC,2,4.69,63.08,,,8,3,0,0,0,0,0.0,76.0,255.0,35.5,31.0,119.0,,,
Emanuel Hall,2019,WR,Missouri,4,4.39,62.0,,100.0,8,3,0,0,0,0,0.0,74.0,201.0,43.5,15.0,141.0,,,
Nate Hall,2019,LB,Northwestern,5,,,,,8,3,0,0,0,0,0.0,74.0,225.0,,,,,,
Terez Hall,2019,LB,Missouri,4,,,,,8,3,0,0,0,0,0.0,73.0,230.0,,20.0,,,,
Terrill Hanks,2019,LB,New Mexico State,7,4.98,0.0,,,8,3,0,0,0,0,0.0,74.0,242.0,35.5,21.0,118.0,,,
Chase Hansen,2019,LB,Utah,3,,,,,8,3,0,0,0,0,0.0,75.0,222.0,,,,,,
Montre Hartage,2019,CB,Northwestern,5,4.68,0.0,,,8,3,0,0,0,0,0.0,71.0,190.0,34.5,9.0,123.0,6.95,4.08,
Daniel Helm,2019,TE,Duke,4,4.89,18.33,,26.0,8,3,0,0,0,0,0.0,76.0,249.0,,14.0,,,,
Nate Herbig,2019,OL,Stanford,3,5.41,16.47,,,8,3,0,0,0,0,0.0,75.0,335.0,24.0,29.0,90.0,8.15,5.04,
Karan Higdon,2019,RB,Michigan,1,4.49,51.67,,100.0,8,3,0,0,0,0,0.0,69.0,206.0,34.0,21.0,123.0,,,
Alijah Holder,2019,CB,Stanford,3,4.6,11.11,,,8,3,0,0,0,0,0.0,73.0,191.0,36.0,9.0,121.0,6.7,4.15,
Elijah Holyfield,2019,RB,Georgia,1,4.78,3.33,,62.61,8,3,0,0,0,0,0.0,70.0,217.0,29.5,26.0,118.0,,,
Albert Huggins,2019,DL,Clemson,1,5.12,22.5,,,8,3,0,0,0,0,0.0,75.0,305.0,25.5,35.0,101.0,7.84,4.84,
Lil'Jordan Humphrey,2019,WR,Texas,2,4.75,0.0,,100.0,8,3,0,0,0,0,0.0,76.0,210.0,33.5,13.0,119.0,7.09,4.29,
Mitch Hyatt,2019,OT,Clemson,1,,,,,8,3,0,0,0,0,0.0,77.0,303.0,25.5,28.0,102.0,7.72,4.52,
Alec Ingold,2019,FB,Wisconsin,3,4.89,16.92,,,8,3,0,0,0,0,0.0,73.0,242.0,34.0,16.0,116.0,7.35,4.32,
Martez Ivey,2019,OL,Florida,2,,,,,8,3,0,0,0,0,0.0,77.0,315.0,,,,,,
Tyree Jackson,2019,QB,Buffalo,8,4.59,63.75,,81.13,8,3,0,0,0,0,0.0,79.0,249.0,34.5,,120.0,7.09,4.28,
Andre James,2019,OT,UCLA,5,5.32,32.94,,,8,3,0,0,0,0,0.0,76.0,299.0,29.0,21.0,105.0,8.0,4.84,
Cece Jefferson,2019,EDGE,Florida,2,5.02,12.31,,,8,3,0,0,0,0,0.0,73.0,266.0,30.5,17.0,108.0,7.5,4.53,
Devon Johnson,2019,OT,Ferris State,10,5.16,51.76,,,8,3,0,0,0,0,0.0,79.0,338.0,27.5,26.0,89.0,8.34,5.28,
Anthony Johnson,2019,WR,Buffalo,8,,,,100.0,8,3,0,0,0,0,0.0,74.0,209.0,32.5,18.0,122.0,7.12,,
Fred Johnson,2019,OL,Florida,2,,,,,8,3,0,0,0,0,0.0,79.0,326.0,,,,,,
Gary Johnson,2019,LB,Texas,2,4.43,84.0,,,8,3,0,0,0,0,0.0,72.0,226.0,33.5,16.0,121.0,7.15,4.57,
Jordan Jones,2019,LB,Kentucky,4,4.62,46.0,,,8,3,0,0,0,0,0.0,74.0,234.0,32.5,23.0,123.0,,4.37,
Tyler Jones,2019,OT,NC State,4,,,,,8,3,0,0,0,0,0.0,75.0,306.0,31.5,23.0,111.0,7.75,4.82,
Kendall Joseph,2019,LB,Clemson,1,,,,,8,3,0,0,0,0,0.0,72.0,233.0,,25.0,,,,
Brandon Knight,2019,OT,Indiana,4,,,,,8,3,0,0,0,0,0.0,76.0,314.0,,,,,,
Tre Lamar,2019,LB,Clemson,1,,,,,8,3,0,0,0,0,0.0,75.0,253.0,,,,,,
Jonathan Ledbetter,2019,DL,Georgia,1,5.14,20.0,,,8,3,0,0,0,0,0.0,76.0,280.0,26.5,22.0,108.0,,,
Damarkus Lodge,2019,WR,Ole Miss,3,4.55,30.0,,77.98,8,3,0,0,0,0,0.0,74.0,202.0,33.5,11.0,119.0,7.06,4.53,
Mark McLaurin,2019,S,Mississippi State,3,4.77,0.0,,,8,3,0,0,0,0,0.0,73.0,212.0,36.0,12.0,,,4.46,
Jakobi Meyers,2019,WR,NC State,4,4.63,14.0,,85.2,8,3,0,0,0,0,0.0,74.0,203.0,37.0,13.0,118.0,7.07,4.23,
Jalin Moore,2019,RB,Appalachian State,8,,,,,8,3,0,0,0,0,0.0,70.0,212.0,,27.0,,,,
Stanley Morgan,2019,WR,Nebraska,3,4.53,34.0,,92.17,8,3,0,0,0,0,0.0,72.0,202.0,38.5,14.0,125.0,6.78,4.13,
Nyqwan Murray,2019,WR,Florida State,2,4.63,14.0,,54.02,8,3,0,0,0,0,0.0,70.0,191.0,34.0,8.0,113.0,7.2,4.4,
Yosh Nijman,2019,OT,Virginia Tech,3,,,,,8,3,0,0,0,0,0.0,79.0,324.0,,27.0,114.0,8.07,4.5,
Iosua Opeta,2019,OL,Weber State,10,5.02,62.35,,,8,3,0,0,0,0,0.0,76.0,301.0,33.0,39.0,112.0,8.06,4.94,
Jamal Peters,2019,CB,Mississippi State,3,4.63,4.44,,,8,3,0,0,0,0,0.0,74.0,218.0,,,,,,
Ryan Pope,2019,OT,San Diego State,7,,,,,8,3,0,0,0,0,0.0,79.0,320.0,,25.0,,,,
Ryan Pulley,2019,CB,Arkansas,3,4.61,8.89,,,8,3,0,0,0,0,0.0,71.0,209.0,31.0,11.0,111.0,,,
Wyatt Ray,2019,EDGE,Boston College,4,4.83,41.54,,,8,3,0,0,0,0,0.0,75.0,257.0,34.0,25.0,118.0,7.34,4.31,
Dax Raymond,2019,TE,Utah State,7,4.73,45.0,,37.78,8,3,0,0,0,0,0.0,77.0,255.0,32.0,15.0,109.0,7.15,4.39,
Tyler Roemer,2019,OT,San Diego State,7,5.21,45.88,,,8,3,0,0,0,0,0.0,78.0,312.0,30.5,18.0,108.0,7.75,4.76,
Brett Rypien,2019,QB,Boise State,7,4.91,23.75,,91.68,8,3,0,0,0,0,0.0,74.0,210.0,33.0,,116.0,7.1,4.29,
Lj Scott,2019,RB,Michigan State,3,,,,33.89,8,3,0,0,0,0,0.0,72.0,227.0,33.0,21.0,120.0,7.27,4.34,
Kyle Shurmur,2019,QB,Vanderbilt,4,4.91,23.75,,80.59,8,3,0,0,0,0,0.0,76.0,230.0,29.5,,106.0,7.51,4.53,
David Sills,2019,WR,West Virginia,4,4.57,26.0,,,8,3,0,0,0,0,0.0,75.0,211.0,37.5,14.0,117.0,6.97,4.28,
Jaylen Smith,2019,WR,Louisville,4,4.47,46.0,,34.91,8,3,0,0,0,0,0.0,74.0,219.0,34.5,14.0,122.0,7.55,4.48,
Saivion Smith,2019,CB,Alabama,1,,,,,8,3,0,0,0,0,0.0,73.0,199.0,33.0,11.0,121.0,7.09,4.37,
William Sweet,2019,OT,North Carolina,3,5.27,38.82,,,8,3,0,0,0,0,0.0,78.0,313.0,30.5,23.0,111.0,8.01,5.0,
Jordan Ta'amu,2019,QB,Ole Miss,3,4.77,41.25,,88.69,8,3,0,0,0,0,0.0,75.0,221.0,27.5,,109.0,7.06,4.36,
Trevon Tate,2019,OL,Memphis,6,,,,,8,3,0,0,0,0,0.0,74.0,293.0,,22.0,,,,
Derrek Thomas,2019,CB,Baylor,3,4.44,46.67,,,8,3,0,0,0,0,0.0,75.0,189.0,39.5,8.0,131.0,,,
Cody Thompson,2019,WR,Toledo,8,4.57,26.0,,78.67,8,3,0,0,0,0,0.0,73.0,205.0,38.5,19.0,119.0,6.87,4.03,
Cole Tracy,2019,K,LSU,1,,,,,8,3,0,0,0,0,0.0,70.0,184.0,,,,,,
Jamarius Way,2019,WR,South Alabama,10,4.63,14.0,,100.0,8,3,0,0,0,0,0.0,75.0,215.0,32.5,16.0,119.0,,4.66,
Alex Wesley,2019,WR,Northern Colorado,10,4.45,50.0,,,8,3,0,0,0,0,0.0,72.0,190.0,38.5,13.0,125.0,7.4,4.44,
Antoine Wesley,2019,WR,Texas Tech,4,,,,100.0,8,3,0,0,0,0,0.0,76.0,206.0,37.0,6.0,117.0,7.07,4.26,
Darius West,2019,S,Kentucky,4,4.39,80.0,,,8,3,0,0,0,0,0.0,71.0,208.0,33.5,19.0,113.0,,,
James Williams,2019,RB,Washington State,4,4.58,36.67,,73.51,8,3,0,0,0,0,0.0,69.0,197.0,36.5,,118.0,7.01,4.25,
Gerald Willis,2019,DL,Miami (FL),2,,,,,8,3,0,0,0,0,0.0,74.0,302.0,,,,,,
Andrew Wingard,2019,S,Wyoming,7,4.56,42.22,,,8,3,0,0,0,0,0.0,72.0,209.0,36.5,9.0,121.0,7.08,4.2,
Daniel Wise,2019,DL,Kansas,10,5.28,2.5,,,8,3,0,0,0,0,0.0,75.0,281.0,27.5,22.0,112.0,7.53,4.37,
Zedrick Woods,2019,S,Ole Miss,3,4.29,100.0,,,8,3,0,0,0,0,0.0,71.0,205.0,34.5,19.0,122.0,7.0,4.15,
Evan Worthington,2019,S,Colorado,3,4.63,26.67,,,8,3,0,0,0,0,0.0,74.0,212.0,33.5,17.0,121.0,7.07,4.37,
Trey Adams,2020,OL,Washington,2,5.6,0.0,,,8,3,0,0,0,0,0.0,80.0,318.0,24.5,,92.0,,,
Salvon Ahmed,2020,RB,Washington,2,4.62,30.0,,89.2,8,3,0,0,0,0,0.0,71.0,197.0,34.5,,120.0,,,
Jet Anderson,2020,RB,TCU,3,4.61,31.67,,,8,3,0,0,0,0,0.0,70.0,208.0,36.0,19.0,128.0,,4.19,
Grayland Arnold,2020,CB,Baylor,3,4.59,13.33,,,8,3,0,0,0,0,0.0,69.0,186.0,33.0,12.0,120.0,7.01,4.3,
Joe Bachie,2020,LB,Michigan State,3,4.67,36.0,,,8,3,0,0,0,0,0.0,73.0,230.0,33.5,26.0,119.0,6.93,4.34,
Trajan Bandy,2020,CB,Miami,2,4.5,33.33,,,8,3,0,0,0,0,0.0,68.0,180.0,,10.0,,,,
Essang Bassey,2020,CB,Wake Forest,4,4.46,42.22,,,8,3,0,0,0,0,0.0,69.0,191.0,39.5,12.0,128.0,6.95,4.13,
Omar Bayless,2020,WR,Arkansas State,3,4.62,16.0,,100.0,8,3,0,0,0,0,0.0,73.0,212.0,36.0,11.0,123.0,7.35,4.5,
LeVante Bellamy,2020,RB,Western Michigan,8,4.5,50.0,,100.0,8,3,0,0,0,0,0.0,69.0,192.0,39.5,16.0,125.0,,,
Francis Bernard,2020,LB,Utah,3,4.81,8.0,,,8,3,0,0,0,0,0.0,72.0,234.0,32.5,19.0,120.0,,,
Daniel Bituli,2020,LB,Tennessee,2,4.84,2.0,,,8,3,0,0,0,0,0.0,74.0,246.0,32.0,16.0,121.0,,,
Rodrigo Blankenship,2020,K,Georgia,1,,,,,8,3,0,0,0,0,0.0,73.0,190.0,,,,,,
Jacob Breeland,2020,TE,Oregon,2,,,,100.0,8,3,0,0,0,0,0.0,77.0,252.0,,,,,,
Tony Brown,2020,WR,Colorado,3,4.65,10.0,,63.32,8,3,0,0,0,0,0.0,73.0,198.0,33.5,14.0,119.0,7.21,4.27,
Hunter Bryant,2020,TE,Washington,2,4.74,43.33,,63.81,8,3,0,0,0,0,0.0,74.0,248.0,32.5,23.0,115.0,7.08,4.46,
Kelly Bryant,2020,QB,Missouri,4,4.69,51.25,,69.08,8,3,0,0,0,0,0.0,75.0,229.0,35.0,,125.0,7.33,4.51,
Myles Bryant,2020,CB,Washington,2,4.62,6.67,,,8,3,0,0,0,0,0.0,68.0,183.0,31.5,,115.0,6.81,4.02,
Cohl Cabral,2020,OL,Arizona State,3,,,,,8,3,0,0,0,0,0.0,77.0,300.0,,20.0,,,,
Lawrence Cager,2020,WR,Georgia,1,,,,69.62,8,3,0,0,0,0,0.0,77.0,220.0,,,,,,
Marquez Callaway,2020,WR,Tennessee,2,4.55,30.0,,69.27,8,3,0,0,0,0,0.0,73.0,205.0,38.0,,126.0,,,
Shyheim Carter,2020,S,Alabama,1,,,,,8,3,0,0,0,0,0.0,70.0,194.0,,,,,,
Joseph Charlton,2020,P,South Carolina,3,,,,,8,3,0,0,0,0,0.0,76.0,195.0,,,,,,
Nevelle Clarke,2020,CB,UCF,4,,,,,8,3,0,0,0,0,0.0,73.0,190.0,35.0,10.0,126.0,6.88,4.31,
Rodney Clemons,2020,S,SMU,6,4.71,8.89,,,8,3,0,0,0,0,0.0,72.0,209.0,33.5,21.0,118.0,,,
Josiah Coatney,2020,DL,Ole Miss,3,5.21,11.25,,,8,3,0,0,0,0,0.0,75.0,308.0,27.0,22.0,99.0,8.07,4.82,
Nick Coe,2020,LB,Auburn,2,4.89,0.0,,,8,3,0,0,0,0,0.0,77.0,280.0,29.0,21.0,116.0,,,
Kendall Coleman,2020,DL,Syracuse,4,4.95,43.75,,,8,3,0,0,0,0,0.0,75.0,257.0,32.0,,114.0,7.5,4.62,
Trystan Colon-Castillo,2020,OL,Missouri,4,,,,,8,3,0,0,0,0,0.0,75.0,313.0,,11.0,,,,
Darrion Daniels,2020,DL,Nebraska,3,5.18,15.0,,,8,3,0,0,0,0,0.0,75.0,311.0,27.0,21.0,109.0,7.75,4.93,
Kevin Davidson,2020,QB,Princeton,10,5.0,12.5,,,8,3,0,0,0,0,0.0,76.0,224.0,28.0,,109.0,7.13,4.37,
Javaris Davis,2020,CB,Auburn,2,4.39,57.78,,,8,3,0,0,0,0,0.0,68.0,183.0,35.5,11.0,124.0,,,
Quartney Davis,2020,WR,Texas A&M,2,4.54,32.0,,57.38,8,3,0,0,0,0,0.0,73.0,201.0,35.5,,,,,
Michael Divinity,2020,LB,LSU,1,4.85,0.0,,,8,3,0,0,0,0,0.0,74.0,242.0,31.0,14.0,115.0,,,
Rico Dowdle,2020,RB,South Carolina,3,4.54,43.33,,46.68,8,3,0,0,0,0,0.0,71.0,213.0,38.0,,127.0,,,
Yasir Durant,2020,OL,Missouri,4,5.52,3.53,,,8,3,0,0,0,0,0.0,78.0,331.0,25.0,21.0,,,,
Jalen Elliott,2020,S,Notre Dame,2,4.8,0.0,,,8,3,0,0,0,0,0.0,72.0,205.0,34.0,15.0,125.0,6.87,4.3,
Chris Finke,2020,WR,Notre Dame,2,4.57,26.0,,38.39,8,3,0,0,0,0,0.0,69.0,186.0,40.0,7.0,,,,
Aaron Fuller,2020,WR,Washington,2,4.59,22.0,,73.36,8,3,0,0,0,0,0.0,71.0,188.0,34.0,,118.0,7.14,,
Tipa Galeai,2020,LB,Utah State,7,,,,,8,3,0,0,0,0,0.0,77.0,235.0,,,,,,
Cale Garrett,2020,LB,Missouri,4,4.92,0.0,,,8,3,0,0,0,0,0.0,74.0,234.0,32.0,,124.0,6.91,4.13,
Anthony Gordon,2020,QB,Washington State,4,,,,100.0,8,3,0,0,0,0,0.0,74.0,205.0,,,,,,
A.J. Green,2020,CB,Oklahoma State,3,4.62,6.67,,,8,3,0,0,0,0,0.0,73.0,202.0,,13.0,,,,
Javelin Guidry,2020,CB,Utah,3,4.29,80.0,,,8,3,0,0,0,0,0.0,69.0,191.0,,21.0,,,,
Stephen Guidry,2020,WR,Mississippi State,3,4.47,46.0,,43.17,8,3,0,0,0,0,0.0,75.0,201.0,34.0,,125.0,7.31,4.46,
LaDarius Hamilton,2020,DL,North Texas,10,4.89,51.25,,,8,3,0,0,0,0,0.0,74.0,262.0,30.0,27.0,114.0,7.66,4.49,
Scoota Harris,2020,LB,Arkansas,3,4.69,32.0,,,8,3,0,0,0,0,0.0,72.0,234.0,33.0,18.0,111.0,7.38,4.32,
JaMycal Hasty,2020,RB,Baylor,3,4.55,41.67,,47.85,8,3,0,0,0,0,0.0,68.0,205.0,39.0,15.0,123.0,,4.03,
Brian Herrien,2020,RB,Georgia,1,4.62,30.0,,46.57,8,3,0,0,0,0,0.0,71.0,209.0,38.5,18.0,126.0,7.12,4.4,
Lavert Hill,2020,CB,Michigan,1,,,,,8,3,0,0,0,0,0.0,70.0,190.0,,21.0,,,,
Trevon Hill,2020,DL,Miami,2,4.89,51.25,,,8,3,0,0,0,0,0.0,75.0,248.0,28.0,,113.0,,,
Cordel Iwuagwu,2020,OL,TCU,3,5.22,38.82,,,8,3,0,0,0,0,0.0,75.0,309.0,27.0,25.0,94.0,8.03,4.87,
Lamar Jackson,2020,CB,Nebraska,3,4.58,15.56,,,8,3,0,0,0,0,0.0,74.0,208.0,36.5,10.0,122.0,,,
Trishton Jackson,2020,WR,Syracuse,4,4.5,40.0,,100.0,8,3,0,0,0,0,0.0,73.0,197.0,36.0,,117.0,,,
Juwan Johnson,2020,WR,Oregon,2,4.58,24.0,,71.54,8,3,0,0,0,0,0.0,76.0,230.0,33.0,14.0,124.0,6.94,4.37,
Benito Jones,2020,DL,Ole Miss,3,5.26,5.0,,,8,3,0,0,0,0,0.0,73.0,316.0,26.5,,,8.21,5.27,
Tony Jones,2020,RB,Notre Dame,2,4.68,20.0,,58.02,8,3,0,0,0,0,0.0,70.0,220.0,32.5,13.0,119.0,7.18,4.21,
Azur Kamara,2020,LB,Kansas,10,4.59,52.0,,,8,3,0,0,0,0,0.0,75.0,245.0,28.0,13.0,121.0,7.2,4.46,
Javon Leake,2020,RB,Maryland,4,4.65,25.0,,65.88,8,3,0,0,0,0,0.0,72.0,215.0,34.0,,125.0,,,
Benny LeMay,2020,RB,Charlotte,10,4.75,8.33,,99.66,8,3,0,0,0,0,0.0,68.0,221.0,28.5,24.0,112.0,,,
Brian Lewerke,2020,QB,Michigan State,3,4.95,18.75,,66.61,8,3,0,0,0,0,0.0,74.0,213.0,31.0,,113.0,7.14,4.4,
Kalija Lipscomb,2020,WR,Vanderbilt,4,4.57,26.0,,50.42,8,3,0,0,0,0,0.0,72.0,207.0,32.0,16.0,127.0,,,
Austin Mack,2020,WR,Ohio State,1,4.59,22.0,,42.25,8,3,0,0,0,0,0.0,73.0,208.0,31.5,,117.0,,4.42,
Jordan Mack,2020,LB,Virginia,4,,,,,8,3,0,0,0,0,0.0,75.0,241.0,,,,,,
Sean McKeon,2020,TE,Michigan,1,,,,31.68,8,3,0,0,0,0,0.0,77.0,242.0,,18.0,,,,
Chris Miller,2020,S,Baylor,3,4.61,31.11,,,8,3,0,0,0,0,0.0,71.0,190.0,35.5,12.0,133.0,7.09,4.12,
John Molchon,2020,OL,Boise State,7,5.13,49.41,,,8,3,0,0,0,0,0.0,77.0,309.0,34.0,26.0,109.0,7.85,4.73,
JJ Molson,2020,K,UCLA,5,,,,,8,3,0,0,0,0,0.0,71.0,182.0,,,,,,
Steven Montez,2020,QB,Colorado,3,4.68,52.5,,65.09,8,3,0,0,0,0,0.0,76.0,231.0,33.0,,117.0,7.25,4.43,
Thaddeus Moss,2020,TE,LSU,1,,,,32.03,8,3,0,0,0,0,0.0,74.0,250.0,,,,,,
Kyle Murphy,2020,OL,Rhode Island,10,5.3,29.41,,,8,3,0,0,0,0,0.0,75.0,316.0,28.0,19.0,104.0,7.81,4.68,
C.J. O'Grady,2020,TE,Arkansas,3,4.81,31.67,,,8,3,0,0,0,0,0.0,76.0,253.0,34.0,16.0,119.0,7.3,4.34,
Sewo Olonilua,2020,RB,TCU,3,4.66,23.33,,52.83,8,3,0,0,0,0,0.0,75.0,232.0,36.0,25.0,123.0,,4.28,
Dante Olson,2020,LB,Montana,9,4.88,0.0,,,8,3,0,0,0,0,0.0,74.0,237.0,42.0,15.0,124.0,7.0,4.32,
Aaron Parker,2020,WR,Rhode Island,10,4.57,26.0,,,8,3,0,0,0,0,0.0,74.0,209.0,26.5,12.0,112.0,6.94,4.23,
Shea Patterson,2020,QB,Michigan,1,4.71,48.75,,70.93,8,3,0,0,0,0,0.0,73.0,212.0,31.0,,116.0,7.14,4.5,
Alex Pechin,2020,P,Bucknell,10,4.69,47.69,,,8,3,0,0,0,0,0.0,73.0,213.0,34.0,13.0,,,,
Scottie Phillips,2020,RB,Ole Miss,3,4.56,40.0,,59.91,8,3,0,0,0,0,0.0,68.0,209.0,30.0,29.0,114.0,7.4,4.53,
James Pierre,2020,CB,Florida Atlantic,2,4.59,13.33,,,8,3,0,0,0,0,0.0,72.0,183.0,33.5,,123.0,7.02,,
Michael Pinckney,2020,LB,Miami,2,,,,,8,3,0,0,0,0,0.0,71.0,235.0,,,,,,
Jared Pinkney,2020,TE,Vanderbilt,4,4.96,6.67,,34.34,8,3,0,0,0,0,0.0,76.0,257.0,,23.0,,,,
J.R. Reed,2020,S,Georgia,1,4.54,46.67,,,8,3,0,0,0,0,0.0,73.0,202.0,34.0,15.0,130.0,,,
Chauncey Rivers,2020,DL,Mississippi State,3,4.97,41.25,,,8,3,0,0,0,0,0.0,74.0,262.0,30.5,20.0,106.0,7.33,4.7,
Malcolm Roach,2020,DL,Texas,2,4.84,57.5,,,8,3,0,0,0,0,0.0,74.0,297.0,30.0,20.0,114.0,,,
James Robinson,2020,RB,Illinois State,4,4.64,26.67,,,8,3,0,0,0,0,0.0,69.0,219.0,40.0,24.0,125.0,7.03,4.19,
Kendrick Rogers,2020,WR,Texas A&M,2,4.51,38.0,,40.36,8,3,0,0,0,0,0.0,76.0,208.0,35.5,17.0,124.0,7.13,4.48,
Stanford Samuels,2020,CB,Florida State,2,4.65,0.0,,,8,3,0,0,0,0,0.0,73.0,187.0,,,,,,
Qaadir Sheppard,2020,DL,Ole Miss,3,4.83,58.75,,,8,3,0,0,0,0,0.0,75.0,261.0,31.5,28.0,115.0,,,
Arryn Siposs,2020,P,Auburn,2,5.09,0.0,,,8,3,0,0,0,0,0.0,74.0,213.0,,,,,,
Terence Steele,2020,OL,Texas Tech,4,5.03,61.18,,,8,3,0,0,0,0,0.0,78.0,312.0,27.5,27.0,106.0,,5.08,
Darrell Stewart,2020,WR,Michigan State,3,,,,88.84,8,3,0,0,0,0,0.0,72.0,212.0,35.0,15.0,117.0,,,
Charlie Taumoepeau,2020,TE,Portland State,10,4.75,41.67,,,8,3,0,0,0,0,0.0,74.0,240.0,36.5,18.0,121.0,7.0,4.27,
Alex Taylor,2020,OL,South Carolina State,3,5.09,54.12,,,8,3,0,0,0,0,0.0,80.0,308.0,25.0,21.0,116.0,7.77,4.79,
J.J. Taylor,2020,RB,Arizona,4,4.61,31.67,,53.53,8,3,0,0,0,0,0.0,65.0,185.0,34.5,19.0,118.0,7.0,4.15,
Patrick Taylor,2020,RB,Memphis,6,4.57,38.33,,71.57,8,3,0,0,0,0,0.0,73.0,217.0,34.0,15.0,123.0,,4.34,
Jeff Thomas,2020,WR,Miami,2,4.45,50.0,,39.62,8,3,0,0,0,0,0.0,69.0,170.0,36.5,,125.0,,,
Calvin Throckmorton,2020,OL,Oregon,2,5.57,0.0,,,8,3,0,0,0,0,0.0,77.0,317.0,27.0,23.0,97.0,8.07,4.98,
Tommy Townsend,2020,P,Florida,2,4.75,38.46,,,8,3,0,0,0,0,0.0,73.0,191.0,,,,,,
Michael Turk,2020,P,Arizona State,3,4.79,32.31,,,8,3,0,0,0,0,0.0,72.0,226.0,34.5,25.0,108.0,,4.72,
Ben Victor,2020,WR,Ohio State,1,4.6,20.0,,,8,3,0,0,0,0,0.0,76.0,198.0,35.0,9.0,128.0,7.1,,
Mike Warren,2020,RB,Cincinnati,4,,,,,8,3,0,0,0,0,0.0,69.0,226.0,,16.0,,,,
Cody White,2020,WR,Michigan State,3,4.66,8.0,,71.96,8,3,0,0,0,0,0.0,75.0,217.0,35.5,,120.0,7.19,4.52,
Mitchell Wilcox,2020,TE,South Florida,6,4.88,20.0,,23.23,8,3,0,0,0,0,0.0,75.0,247.0,31.0,,112.0,7.37,4.43,
Darryl Williams,2020,OL,Mississippi State,3,5.23,37.65,,,8,3,0,0,0,0,0.0,74.0,304.0,25.5,23.0,102.0,7.88,4.76,
Raequan Williams,2020,DL,Michigan State,3,5.04,32.5,,,8,3,0,0,0,0,0.0,76.0,308.0,25.5,17.0,101.0,7.72,4.78,
Steven Wirtel,2020,LS,Iowa State,4,4.76,36.92,,,8,3,0,0,0,0,0.0,76.0,235.0,26.0,,120.0,7.12,4.28,
Dom Wood-Anderson,2020,TE,Tennessee,2,4.92,13.33,,,8,3,0,0,0,0,0.0,76.0,261.0,35.0,,119.0,,,
David Woodward,2020,LB,Utah State,7,4.79,12.0,,,8,3,0,0,0,0,0.0,74.0,230.0,33.5,16.0,114.0,7.34,4.37,
